y,ID
-14.747869,0
-27.47535,1
-18.220057,2
-18.504292,3
-30.445665,4
-28.096188,5
2.8620613,6
-12.072109,7
-10.669575,8
-14.24929,9
-17.12108,10
-19.534195,11
-15.644781,12
10.822452,13
-2.3408792,14
14.569319,15
-4.2064404,16
-40.718266,17
-13.596426,18
-2.6315353,19
-2.4826114,20
22.176592,21
17.7837,22
8.089931,23
25.632004,24
-13.72623,25
18.241167,26
-6.141567,27
25.503447,28
-7.396984,29
-19.311514,30
-0.838907,31
11.129731,32
-21.042522,33
5.534022,34
17.086245,35
13.162855,36
0.7380949,37
0.80532014,38
-18.751028,39
24.99402,40
0.30289403,41
15.120636,42
-10.448336,43
-22.56301,44
-10.379085,45
5.568588,46
-2.717959,47
-10.636018,48
-16.74016,49
-13.113732,50
9.425559,51
5.2327995,52
10.821618,53
17.693066,54
-13.451916,55
-12.569368,56
-7.85807,57
-19.11314,58
-35.922695,59
-1.3907105,60
-14.333892,61
15.83921,62
9.762709,63
-13.629632,64
-12.490488,65
-4.743486,66
12.096138,67
7.5200295,68
-7.03225,69
-15.155093,70
2.1787047,71
-14.967519,72
7.537578,73
13.390428,74
-9.721965,75
-3.1543095,76
3.758773,77
-18.556906,78
13.362427,79
0.2004197,80
19.303375,81
8.351228,82
11.513099,83
26.913351,84
-0.71522677,85
-17.418797,86
-23.076618,87
-2.1736598,88
26.33608,89
-8.230399,90
-13.40498,91
5.9185414,92
-12.160106,93
16.32577,94
-15.07213,95
-3.832971,96
-14.576511,97
-22.104836,98
19.323914,99
-17.814497,100
12.041164,101
-19.41391,102
-8.3990965,103
12.216793,104
-4.398412,105
-19.575315,106
-14.96358,107
-21.830034,108
-24.896664,109
10.411283,110
-34.132996,111
-13.524128,112
-15.070397,113
-35.543,114
-22.684824,115
-41.86491,116
8.38947,117
-8.082803,118
-27.24757,119
-29.655603,120
16.577936,121
-13.460696,122
-4.6837068,123
8.977377,124
8.097691,125
-28.062805,126
-12.08917,127
-17.239159,128
0.59676474,129
10.129128,130
-19.152649,131
1.81921,132
-25.869724,133
18.560356,134
2.623381,135
13.77165,136
15.259149,137
-25.311155,138
0.23463279,139
-12.481541,140
-18.501305,141
-16.282284,142
-13.509562,143
-18.04721,144
4.3296003,145
12.463862,146
-13.213534,147
8.507342,148
-5.4439697,149
-23.88477,150
16.83424,151
-29.10971,152
-0.30897942,153
18.07917,154
0.62089306,155
-17.141603,156
10.202089,157
-1.4270712,158
-2.7833655,159
18.69738,160
-11.403795,161
-17.903328,162
-14.562424,163
-11.322309,164
-23.94749,165
-19.384108,166
-27.850172,167
-16.381838,168
15.461977,169
-23.591724,170
9.383936,171
10.288287,172
12.527759,173
-24.695879,174
10.480171,175
13.193561,176
14.077777,177
-27.087372,178
-8.870182,179
-4.488474,180
-22.702185,181
23.825907,182
-8.068996,183
1.7913045,184
16.441908,185
-24.041164,186
20.389105,187
-49.4285,188
18.707594,189
-16.353287,190
-34.334026,191
18.449703,192
17.60943,193
0.54415095,194
-14.299934,195
13.012633,196
6.6193485,197
-20.590244,198
2.5460649,199
-17.009968,200
-11.926665,201
16.835764,202
9.487884,203
19.035189,204
14.184201,205
-17.921717,206
-28.447548,207
-19.978424,208
-5.547793,209
-23.10011,210
-13.51721,211
-7.742989,212
10.326274,213
-10.407012,214
-7.1094403,215
5.544904,216
-32.874443,217
25.601175,218
-26.152493,219
-33.38337,220
-19.348606,221
-26.637033,222
-19.552454,223
-5.846082,224
10.269586,225
-5.2974954,226
-28.966291,227
11.266375,228
-16.369114,229
-18.572899,230
-5.653335,231
7.7934947,232
10.529476,233
-19.227753,234
-9.14955,235
-24.810493,236
-32.79049,237
12.981514,238
8.016597,239
-15.440436,240
1.2007011,241
-13.465574,242
-28.264359,243
-41.276318,244
-25.64315,245
-21.449064,246
-17.967821,247
19.202007,248
5.453765,249
-8.866608,250
-24.877459,251
-27.035257,252
-17.501116,253
-3.753186,254
-13.099273,255
8.381055,256
-24.006618,257
-7.22735,258
4.850584,259
-6.688155,260
15.588947,261
-10.933105,262
-37.202858,263
-13.815762,264
-32.152016,265
-22.139723,266
-15.943978,267
5.3299437,268
-1.7642792,269
-26.965347,270
0.4141374,271
-24.475199,272
5.960935,273
-27.91173,274
-20.780937,275
6.956024,276
-16.098095,277
-18.877441,278
6.113345,279
-24.578674,280
-4.981495,281
-8.071389,282
3.144164,283
-14.933361,284
22.849648,285
2.3296802,286
13.235237,287
13.867414,288
-9.817553,289
-25.788206,290
13.85951,291
-19.282673,292
18.019217,293
-0.38901857,294
-16.203915,295
4.3687778,296
4.836326,297
24.668383,298
9.854683,299
-37.517673,300
5.1457434,301
-12.808564,302
-23.101131,303
-10.713275,304
-28.895594,305
-36.979992,306
3.899813,307
-32.13523,308
18.210445,309
-11.236017,310
20.721325,311
-1.9980502,312
-4.7160296,313
-12.663496,314
-26.250935,315
-18.895967,316
7.2039766,317
8.978507,318
9.374457,319
-0.77587914,320
7.8948784,321
15.858528,322
-33.88541,323
-20.300446,324
22.753986,325
-25.052168,326
15.858459,327
3.4016206,328
8.872733,329
-13.152974,330
8.277097,331
0.35609716,332
3.4831755,333
3.38688,334
-7.412062,335
-22.164557,336
11.390022,337
20.463785,338
-40.494133,339
-11.2760315,340
9.70207,341
-14.193344,342
-17.760357,343
-17.57438,344
-12.753392,345
-7.183415,346
-40.91203,347
-18.061283,348
20.599586,349
8.280721,350
-18.489178,351
8.994642,352
-14.776165,353
-10.928115,354
-24.449274,355
-5.7568574,356
-2.3851,357
-16.813398,358
16.213264,359
-1.5667354,360
-2.0930748,361
15.1529875,362
-17.79103,363
11.249725,364
-6.2466607,365
-21.495653,366
-27.762535,367
-21.78877,368
-13.385721,369
9.312739,370
5.2017703,371
6.789308,372
5.4906087,373
13.417437,374
21.084435,375
-19.955261,376
7.5694785,377
-15.27471,378
17.837292,379
10.965596,380
-12.33704,381
8.543472,382
-18.164803,383
-28.980667,384
-27.012625,385
-22.17256,386
-1.870175,387
10.229465,388
-15.734851,389
6.207597,390
-3.7739775,391
20.023176,392
-5.194741,393
-22.118176,394
-6.591032,395
-24.932419,396
-1.1351582,397
8.841941,398
-7.343489,399
-11.569072,400
15.275369,401
2.9914887,402
-10.643653,403
-7.0496287,404
-27.939758,405
13.178968,406
-25.90554,407
-43.544342,408
-25.854347,409
16.965906,410
-11.103291,411
12.134564,412
-7.145764,413
-6.9459615,414
12.937399,415
30.001486,416
-24.863424,417
1.918311,418
4.1652956,419
-0.36424524,420
21.493593,421
0.58687323,422
0.756715,423
10.429148,424
7.2024713,425
-26.1144,426
-6.018322,427
-0.9147025,428
25.465956,429
-16.752172,430
-19.969006,431
-20.2288,432
-14.500263,433
-23.696667,434
2.234288,435
12.72353,436
14.950192,437
-16.663689,438
-17.886627,439
12.734863,440
11.084307,441
-25.516737,442
-10.940358,443
-11.702579,444
-10.602965,445
-36.39068,446
-28.85256,447
-5.1552157,448
-35.396023,449
3.6315331,450
18.457335,451
12.1663,452
4.186506,453
3.1765146,454
-10.573422,455
12.802372,456
-9.834604,457
-26.43569,458
-29.32645,459
-38.404385,460
11.938313,461
13.616745,462
-27.3491,463
-8.6422825,464
6.095715,465
-9.414159,466
-8.859779,467
-17.79359,468
9.151466,469
-45.033154,470
-3.220919,471
9.714577,472
-34.020344,473
6.558068,474
-31.139791,475
15.262263,476
-1.4031265,477
-11.491027,478
17.710808,479
15.756183,480
13.580085,481
-15.919991,482
-19.133402,483
15.788194,484
-16.172165,485
18.52478,486
-10.583288,487
0.5030331,488
22.852215,489
11.06217,490
9.520299,491
-34.71502,492
-24.805468,493
-20.731966,494
-15.092344,495
-1.2338892,496
-13.71666,497
-40.416786,498
-28.855188,499
19.138973,500
5.6860924,501
14.5604315,502
22.650782,503
-23.714218,504
9.592553,505
9.873411,506
2.9573836,507
-8.583894,508
0.5108932,509
-13.549458,510
-15.409734,511
-36.54558,512
-3.965708,513
-25.928432,514
14.909063,515
4.278893,516
-7.3339257,517
-13.280448,518
1.3673068,519
-17.159842,520
-32.58927,521
13.932217,522
14.678633,523
9.582543,524
-8.834419,525
3.6946206,526
5.9370074,527
12.654997,528
26.187452,529
20.290464,530
9.207137,531
-35.242016,532
7.9896135,533
-10.946916,534
-19.00039,535
13.890403,536
-24.178623,537
20.228193,538
-4.659595,539
-6.4322944,540
-28.551317,541
15.321566,542
-27.887909,543
-20.469296,544
-24.86646,545
-15.698464,546
-16.468994,547
24.240181,548
-11.702104,549
6.2587624,550
-23.686663,551
-0.69443303,552
18.264925,553
-26.372904,554
20.650934,555
-6.305028,556
-0.08562348,557
10.022478,558
-19.077076,559
21.675087,560
9.28049,561
5.4603777,562
15.852383,563
-15.764954,564
-28.45081,565
12.263525,566
-1.8233792,567
-10.286534,568
-6.5438395,569
-3.4006274,570
-32.306744,571
-25.924284,572
-33.002556,573
9.078232,574
-11.960604,575
14.940616,576
-14.133775,577
-13.379896,578
12.85437,579
-11.02161,580
-5.014638,581
18.604052,582
0.2959677,583
-29.69027,584
-11.473933,585
-29.628498,586
-11.641479,587
-35.36394,588
-43.86139,589
-13.068511,590
17.799267,591
-20.075163,592
0.4301943,593
10.355637,594
-10.092152,595
-10.443674,596
-5.700538,597
-20.061804,598
17.592085,599
-22.423473,600
3.752709,601
-21.700796,602
-7.650361,603
10.805036,604
-13.740142,605
-14.465057,606
-20.59366,607
-13.659758,608
8.084159,609
-26.098309,610
2.4973552,611
8.7069645,612
9.323546,613
8.953314,614
-13.201902,615
7.999558,616
-21.692797,617
-7.1768017,618
7.602442,619
-36.920643,620
8.574916,621
-21.097858,622
15.6540575,623
16.590965,624
-31.74161,625
13.718691,626
-14.595646,627
10.357829,628
-18.896292,629
22.564009,630
25.411379,631
-34.275776,632
-0.15641655,633
14.427303,634
-11.87924,635
-6.958772,636
13.437546,637
-34.85715,638
25.044788,639
9.240642,640
6.374061,641
-13.612323,642
5.4577427,643
8.894225,644
9.078352,645
-44.70569,646
11.959109,647
5.559612,648
14.656124,649
-0.7116917,650
16.331024,651
21.427038,652
22.957031,653
-37.66533,654
-34.137543,655
-23.393291,656
4.609224,657
-14.73332,658
19.096142,659
-0.1365543,660
1.635526,661
-15.392349,662
31.692854,663
-12.561778,664
5.024826,665
-19.10938,666
-26.18141,667
1.8223447,668
-14.167628,669
15.296739,670
23.670538,671
10.426235,672
10.713903,673
-16.902515,674
8.103216,675
-11.164871,676
20.034159,677
-4.4368315,678
3.0735874,679
-18.28968,680
-8.123529,681
-22.213663,682
13.181318,683
-6.899107,684
-24.45268,685
22.186428,686
13.903597,687
-12.835439,688
21.546442,689
19.659367,690
-21.788073,691
9.7956295,692
19.549917,693
3.1754172,694
-16.860046,695
17.74368,696
-17.352438,697
-37.741837,698
21.812141,699
-15.563924,700
-22.99676,701
8.39183,702
-27.561588,703
9.869142,704
7.352739,705
10.715312,706
-26.143055,707
7.208531,708
-24.076246,709
-11.069675,710
-15.152493,711
-14.161224,712
-19.71965,713
13.7628765,714
15.693972,715
11.987637,716
1.7246516,717
-34.422813,718
-50.016113,719
-8.090134,720
16.007597,721
-29.390396,722
5.0963655,723
16.340881,724
-18.180986,725
-13.819822,726
11.500232,727
-27.899513,728
19.30822,729
-1.4618708,730
2.1994998,731
-30.09155,732
22.031248,733
7.363013,734
-8.663698,735
-19.502476,736
3.0732188,737
-14.618847,738
21.208748,739
-1.0017562,740
-9.388423,741
-12.692467,742
-24.268652,743
-13.250053,744
-12.904686,745
-15.130244,746
0.19927856,747
-24.619802,748
6.606544,749
-30.363985,750
-16.507,751
15.353474,752
19.237198,753
-26.155401,754
16.150469,755
-23.731382,756
-8.604342,757
15.73355,758
-27.868008,759
8.176013,760
4.9760537,761
-13.712331,762
-3.965597,763
-18.082504,764
-12.736939,765
-27.263033,766
3.1376178,767
-28.469397,768
14.084113,769
10.447908,770
-16.608227,771
5.229919,772
9.861046,773
21.20364,774
-25.44664,775
16.46098,776
-19.861685,777
5.812682,778
-20.523844,779
-25.280926,780
1.0490358,781
-6.2611074,782
7.8094606,783
25.758434,784
8.6030445,785
27.02727,786
16.497393,787
-25.52125,788
19.106056,789
-19.029877,790
21.205902,791
-21.442087,792
16.009207,793
8.505749,794
19.311607,795
-9.270764,796
-21.670353,797
9.583826,798
-17.066166,799
25.754097,800
-31.395876,801
-36.088745,802
-39.068928,803
-18.652834,804
-24.046959,805
-20.203117,806
-11.961009,807
-18.661848,808
-30.916164,809
9.344943,810
-6.515868,811
-6.2220216,812
-18.988523,813
-12.305408,814
20.142805,815
-9.201285,816
-27.31639,817
6.6761794,818
-2.813687,819
-21.02476,820
-2.4894726,821
-6.471819,822
-0.9410164,823
-28.497742,824
-22.737495,825
-8.091581,826
-13.700168,827
-11.968315,828
-22.188404,829
-11.925102,830
23.45144,831
11.295167,832
-9.700264,833
9.810322,834
-9.995792,835
-17.068926,836
-7.1087203,837
16.085579,838
3.4056213,839
4.3257217,840
20.001406,841
-26.45997,842
-13.254379,843
-28.179987,844
13.256863,845
-32.490112,846
21.590149,847
-25.541243,848
-8.825263,849
-18.932775,850
21.688698,851
21.76412,852
-11.200086,853
-19.478125,854
-13.207176,855
-9.79874,856
-36.37158,857
-16.935936,858
18.30347,859
9.797347,860
15.683928,861
-23.1325,862
-16.312796,863
-25.593401,864
-21.815636,865
-9.605473,866
15.055942,867
-31.371141,868
-4.3434196,869
-7.230823,870
12.135454,871
-10.006217,872
-9.922141,873
-16.9064,874
10.530244,875
-28.993889,876
-12.198503,877
-8.427579,878
-27.332836,879
21.079002,880
7.518212,881
2.5065098,882
7.5035715,883
-31.710228,884
-12.766512,885
9.986927,886
-22.863373,887
17.149149,888
-14.746336,889
14.078308,890
6.464239,891
-14.394019,892
14.448765,893
14.982095,894
-22.015207,895
5.646966,896
-37.769295,897
-30.104822,898
-11.523388,899
-7.656164,900
-27.02589,901
-5.3512354,902
5.2512703,903
-24.685703,904
11.590433,905
9.854735,906
-29.675247,907
-18.872778,908
17.82648,909
14.190513,910
4.0969806,911
-8.865921,912
-30.180634,913
5.942219,914
3.0295997,915
-11.285153,916
-12.806126,917
22.059284,918
-25.68978,919
20.98837,920
-21.093197,921
0.5956395,922
-10.355642,923
8.103814,924
-14.413768,925
-16.557926,926
9.898951,927
0.081603095,928
9.38229,929
-19.531767,930
19.090876,931
21.423492,932
8.44774,933
-26.80956,934
14.884904,935
-15.147037,936
21.205772,937
11.746069,938
-20.918882,939
-12.069724,940
2.6409874,941
9.683019,942
-13.422695,943
18.612877,944
9.905252,945
7.159889,946
-23.842789,947
-14.761932,948
-10.06062,949
-27.478258,950
-27.117432,951
-22.36625,952
-10.0304165,953
-5.751779,954
-19.18787,955
-13.417304,956
-27.995836,957
17.500622,958
-7.524555,959
-38.59242,960
3.3985226,961
-12.7617035,962
-38.627304,963
3.5656931,964
1.2038169,965
19.447557,966
-8.842401,967
21.955631,968
14.596394,969
4.243857,970
-26.450882,971
21.832209,972
2.3454747,973
9.653932,974
-18.282616,975
5.468224,976
-27.318878,977
-5.140433,978
-15.2746525,979
-23.250893,980
-21.528067,981
-1.3519813,982
-29.33011,983
-21.764044,984
-7.899674,985
0.7345128,986
18.48561,987
4.131101,988
10.203195,989
-16.904915,990
-18.592583,991
14.938601,992
-22.575497,993
-30.239115,994
-28.956669,995
-27.767014,996
-19.984875,997
12.203991,998
-5.4400177,999
-17.871193,1000
-24.30081,1001
8.905206,1002
-0.006533125,1003
-20.186152,1004
12.26956,1005
-20.67368,1006
-23.136852,1007
-25.458311,1008
-23.863867,1009
1.6254054,1010
3.698757,1011
-8.1932335,1012
5.3771014,1013
-7.8869667,1014
22.117632,1015
-22.89833,1016
-16.896479,1017
5.530212,1018
-10.253984,1019
-7.8947473,1020
-8.179403,1021
13.543409,1022
-21.363327,1023
-1.287947,1024
7.3372426,1025
21.119669,1026
-16.088684,1027
-22.711353,1028
-6.3096757,1029
13.612643,1030
9.915741,1031
6.937289,1032
14.677145,1033
6.0572133,1034
16.643732,1035
-5.414949,1036
-24.51667,1037
-30.109028,1038
14.371946,1039
14.81552,1040
14.247839,1041
-26.48385,1042
-11.891414,1043
4.4123726,1044
9.357378,1045
18.388268,1046
6.428531,1047
2.9131825,1048
17.629368,1049
-19.799725,1050
-28.885702,1051
2.147428,1052
-30.360828,1053
-3.0750206,1054
-15.846757,1055
17.758833,1056
6.795208,1057
-14.744257,1058
9.367056,1059
0.14745271,1060
-3.6521008,1061
-24.108776,1062
-7.3415923,1063
3.9752426,1064
21.784975,1065
-12.113213,1066
4.9722724,1067
-19.651752,1068
-4.238048,1069
-15.492707,1070
6.6390896,1071
14.205019,1072
14.235177,1073
13.820212,1074
-20.969027,1075
9.146696,1076
-26.950523,1077
-17.133596,1078
-17.747803,1079
19.235298,1080
-7.415724,1081
-3.7600677,1082
-22.94481,1083
-33.703934,1084
-14.678835,1085
-20.08035,1086
17.935328,1087
16.466177,1088
-15.827474,1089
-22.705065,1090
-20.832802,1091
4.9774756,1092
7.3467455,1093
15.97603,1094
-37.777855,1095
4.8461313,1096
-9.53915,1097
13.062003,1098
8.446282,1099
-28.318245,1100
-26.030851,1101
-16.505957,1102
4.386019,1103
6.8226924,1104
-18.615204,1105
-8.387373,1106
-2.65573,1107
-7.338938,1108
7.1080923,1109
-12.740708,1110
-19.062845,1111
8.638605,1112
20.83491,1113
-19.265877,1114
6.3210025,1115
10.640621,1116
7.421749,1117
3.6460216,1118
6.992354,1119
-6.2214317,1120
-22.841497,1121
-7.750497,1122
-13.832735,1123
-20.91658,1124
14.609312,1125
-22.305204,1126
14.082988,1127
9.922524,1128
19.642134,1129
-2.3334112,1130
-29.379297,1131
-18.902842,1132
7.298869,1133
-11.630055,1134
-35.726562,1135
0.5800146,1136
-21.5898,1137
6.2312984,1138
-8.407408,1139
-12.295335,1140
-1.3381251,1141
-16.736856,1142
25.357084,1143
20.978828,1144
-5.9485707,1145
3.217403,1146
-30.735836,1147
-37.6033,1148
18.96932,1149
-8.58702,1150
-15.413433,1151
9.034173,1152
-3.3904939,1153
2.220787,1154
-0.64598083,1155
11.040361,1156
-34.91372,1157
-25.425016,1158
-21.413391,1159
18.25308,1160
-27.102386,1161
-21.947596,1162
-31.262691,1163
-27.222473,1164
-9.090259,1165
14.210374,1166
19.657412,1167
10.720614,1168
-24.491436,1169
-16.603947,1170
-25.09893,1171
11.420676,1172
-14.712383,1173
16.261604,1174
-13.273417,1175
1.1398937,1176
14.396717,1177
-14.942742,1178
-22.959774,1179
-10.268754,1180
-10.84245,1181
-36.854534,1182
-17.211948,1183
-17.321983,1184
22.6123,1185
8.950793,1186
-9.966161,1187
-18.894915,1188
-27.955925,1189
-17.898457,1190
-30.145212,1191
15.667496,1192
2.6608865,1193
-13.695246,1194
-22.287273,1195
8.481064,1196
-20.795855,1197
-14.075032,1198
27.462948,1199
12.322492,1200
-22.508507,1201
4.0323744,1202
17.616184,1203
-5.249842,1204
20.211634,1205
6.0484905,1206
-16.999989,1207
3.779531,1208
-21.505735,1209
-18.664389,1210
10.614137,1211
5.8419056,1212
-18.435026,1213
-22.355669,1214
-23.094645,1215
-7.9876056,1216
-19.88743,1217
-19.093618,1218
-27.345308,1219
-11.560207,1220
7.393619,1221
-22.707409,1222
-2.227378,1223
13.146054,1224
-22.785364,1225
16.231684,1226
-24.768265,1227
11.781946,1228
-22.97208,1229
-18.90234,1230
16.084566,1231
-4.3043213,1232
2.8101475,1233
22.11681,1234
-24.91362,1235
7.152574,1236
-16.784687,1237
16.788736,1238
-29.215328,1239
2.273754,1240
-32.229034,1241
-14.361201,1242
26.259857,1243
-11.110107,1244
-16.146141,1245
-3.481696,1246
-37.440258,1247
19.836905,1248
-27.063581,1249
-24.157959,1250
-17.91727,1251
-18.128181,1252
4.4085135,1253
19.86615,1254
21.281456,1255
27.65539,1256
5.4587708,1257
-7.1775384,1258
4.067509,1259
-18.329258,1260
-25.880262,1261
14.675434,1262
8.393604,1263
0.40679765,1264
-35.152042,1265
-21.197075,1266
-19.409801,1267
-11.405029,1268
-26.275055,1269
-20.402172,1270
-25.312685,1271
-11.189205,1272
-21.790527,1273
-20.590506,1274
-18.36254,1275
-20.97766,1276
-12.534639,1277
6.9030423,1278
-25.874105,1279
-20.944656,1280
-23.704252,1281
19.251366,1282
-37.950314,1283
15.068611,1284
-27.76225,1285
3.0025482,1286
-40.003353,1287
0.9684011,1288
-38.098915,1289
-17.396069,1290
-14.230216,1291
3.711723,1292
-31.134632,1293
10.067558,1294
7.30917,1295
-43.33289,1296
-17.489727,1297
-40.996105,1298
14.407201,1299
-12.304745,1300
-18.184124,1301
-11.424878,1302
-15.926536,1303
-16.09162,1304
-16.200247,1305
0.13448378,1306
-6.966782,1307
10.423334,1308
19.722588,1309
-19.873377,1310
-19.76847,1311
-29.614557,1312
-4.735526,1313
19.40177,1314
-26.379526,1315
-21.636467,1316
8.627983,1317
-19.765053,1318
-26.43419,1319
-8.75936,1320
-33.38414,1321
-27.764227,1322
-25.175983,1323
-7.0677075,1324
-14.8631,1325
9.814037,1326
-15.547946,1327
-23.10079,1328
-24.494274,1329
8.191469,1330
-21.000923,1331
5.574554,1332
-11.237234,1333
6.8647904,1334
18.718548,1335
5.67,1336
-22.71645,1337
8.705084,1338
-32.394913,1339
-4.2193832,1340
-13.655955,1341
-17.533627,1342
16.263264,1343
4.1990414,1344
10.83071,1345
14.565817,1346
15.0117035,1347
-1.1996346,1348
-31.572163,1349
-3.400463,1350
17.148373,1351
18.009592,1352
-0.8939717,1353
-31.162266,1354
2.5497923,1355
3.9989393,1356
14.101493,1357
3.3330553,1358
0.8793654,1359
-13.4309435,1360
13.841315,1361
-20.987358,1362
-21.429186,1363
-20.37433,1364
-26.287704,1365
12.432909,1366
-24.793432,1367
19.107405,1368
14.564744,1369
-34.823376,1370
-9.88209,1371
-8.353085,1372
5.531351,1373
9.046481,1374
-23.465235,1375
-35.018257,1376
4.4716663,1377
8.049452,1378
-42.081005,1379
-38.530525,1380
14.1263,1381
11.255963,1382
5.9805098,1383
-19.080872,1384
-22.19399,1385
16.688526,1386
-32.383114,1387
-18.347538,1388
11.504682,1389
-11.706159,1390
23.141426,1391
-19.71013,1392
-7.912644,1393
-17.530428,1394
-25.918085,1395
-25.429152,1396
4.094351,1397
-42.017605,1398
-28.61475,1399
10.379133,1400
19.698833,1401
-21.457417,1402
3.5143313,1403
26.879047,1404
-24.09368,1405
-5.878612,1406
-10.904623,1407
19.690351,1408
-2.2945337,1409
-6.2280555,1410
-23.226442,1411
-3.8202083,1412
-11.202263,1413
11.411765,1414
-10.0611,1415
16.492779,1416
-31.559328,1417
13.661243,1418
-0.2218076,1419
6.186143,1420
-22.39938,1421
2.3132942,1422
-23.22046,1423
10.127782,1424
-13.048861,1425
-26.351418,1426
-23.461529,1427
-13.90318,1428
2.687978,1429
-11.522435,1430
-25.385935,1431
-7.483581,1432
-25.850136,1433
-11.483609,1434
-15.100902,1435
-3.353139,1436
-19.909323,1437
18.75596,1438
11.497556,1439
13.619751,1440
-22.222027,1441
-19.452246,1442
5.942622,1443
-21.735325,1444
6.115223,1445
-31.978706,1446
-6.6294622,1447
-28.228914,1448
-18.496796,1449
-0.086739354,1450
-29.914522,1451
-28.97218,1452
10.007519,1453
-40.01041,1454
-18.016354,1455
-23.69738,1456
-22.68436,1457
11.963393,1458
12.331729,1459
4.7943387,1460
-18.310555,1461
-36.594234,1462
-6.2284307,1463
10.622942,1464
9.940229,1465
4.784039,1466
-22.53423,1467
0.94350064,1468
-24.410778,1469
1.5797848,1470
-12.934157,1471
-19.418098,1472
7.2168937,1473
-0.00014237827,1474
-26.076939,1475
-10.195453,1476
17.899776,1477
-3.7337055,1478
-1.6551976,1479
-11.70504,1480
-23.13336,1481
-10.825451,1482
5.4159803,1483
-0.5237775,1484
-20.151878,1485
12.36589,1486
3.4654438,1487
-14.673881,1488
-20.731586,1489
-32.739956,1490
-33.377674,1491
-17.825006,1492
8.043909,1493
0.4465193,1494
-5.944188,1495
8.343753,1496
-23.690231,1497
-4.6792383,1498
-17.54334,1499
10.152223,1500
-14.967309,1501
16.43619,1502
-16.791414,1503
13.84277,1504
-11.890881,1505
-18.698875,1506
6.813984,1507
-4.7207336,1508
12.229505,1509
-22.903555,1510
-19.626411,1511
17.678259,1512
-16.824127,1513
-26.79432,1514
-13.920262,1515
8.959394,1516
-24.410028,1517
-21.392118,1518
2.2506337,1519
-8.714852,1520
-41.032093,1521
-12.36832,1522
8.30566,1523
16.101255,1524
-23.320501,1525
-21.970987,1526
-17.537893,1527
14.882436,1528
6.6679506,1529
-20.844717,1530
-6.5903544,1531
-23.586515,1532
19.066717,1533
15.072368,1534
-25.521147,1535
14.3843775,1536
-14.451124,1537
-19.043911,1538
8.323779,1539
5.5801334,1540
-13.277312,1541
-9.523243,1542
14.94254,1543
-19.259394,1544
28.617237,1545
-24.199566,1546
13.802225,1547
9.419602,1548
-23.066772,1549
-4.841752,1550
14.99551,1551
-27.522764,1552
16.18516,1553
-12.075939,1554
-35.55958,1555
-7.760924,1556
19.794426,1557
-12.668521,1558
-13.632181,1559
-30.88092,1560
22.836838,1561
-31.79928,1562
5.6635175,1563
-22.247013,1564
12.387588,1565
18.663158,1566
13.434225,1567
11.811611,1568
-27.809313,1569
2.0946107,1570
-8.450288,1571
7.9734507,1572
-11.361582,1573
-26.897215,1574
7.1978836,1575
-37.04578,1576
-25.793146,1577
-18.577799,1578
5.688091,1579
-26.4248,1580
4.979824,1581
13.400083,1582
10.579404,1583
9.062092,1584
-6.4673696,1585
29.68494,1586
22.935017,1587
-25.67698,1588
-12.297061,1589
6.2384796,1590
9.245601,1591
-25.655157,1592
5.808347,1593
-22.400024,1594
-19.66187,1595
4.9162993,1596
-11.414892,1597
13.76601,1598
-3.572448,1599
-9.09587,1600
-19.507215,1601
-28.93298,1602
25.593508,1603
-34.071224,1604
-13.275492,1605
-16.067541,1606
24.923029,1607
26.708448,1608
5.0494566,1609
-22.649641,1610
-5.8291287,1611
14.567081,1612
7.4255877,1613
-19.217737,1614
16.655556,1615
-8.218439,1616
-19.975187,1617
-5.2069654,1618
2.1453922,1619
8.751277,1620
-9.536074,1621
9.099438,1622
13.4682,1623
-26.465305,1624
-28.131126,1625
-2.6494105,1626
18.735052,1627
-7.7329507,1628
-7.532308,1629
-3.8019526,1630
7.7477303,1631
10.050362,1632
-6.806043,1633
-13.858017,1634
21.474602,1635
12.454562,1636
-24.823118,1637
-17.881704,1638
-39.33368,1639
-11.737376,1640
-33.359535,1641
20.182247,1642
1.9235243,1643
-31.557623,1644
-21.680302,1645
22.45473,1646
-8.391546,1647
5.4844112,1648
7.636859,1649
13.497236,1650
-28.040543,1651
8.127494,1652
19.323328,1653
-6.3440924,1654
-1.1865251,1655
-9.609031,1656
-31.853123,1657
-12.789734,1658
-6.28292,1659
13.395459,1660
12.704776,1661
10.707389,1662
7.230559,1663
-18.969366,1664
-28.56862,1665
9.297955,1666
-14.161408,1667
-15.902435,1668
9.959698,1669
6.88191,1670
9.945769,1671
-14.618462,1672
-13.116394,1673
-19.20469,1674
2.8366542,1675
-6.389872,1676
-25.53253,1677
23.053951,1678
22.3219,1679
2.5410652,1680
10.192675,1681
-30.384338,1682
12.253194,1683
8.582257,1684
-21.89224,1685
27.033329,1686
11.751725,1687
9.59402,1688
11.786338,1689
4.50061,1690
21.356833,1691
-7.5829144,1692
-7.2648177,1693
-28.319353,1694
-35.31576,1695
14.393176,1696
-23.763308,1697
6.949615,1698
-26.158316,1699
-12.072225,1700
-38.14987,1701
-27.411705,1702
4.299676,1703
-16.864649,1704
16.407177,1705
-14.097604,1706
12.466493,1707
-12.781968,1708
24.5985,1709
-24.917356,1710
-5.5100656,1711
18.677391,1712
-9.32514,1713
-26.485867,1714
-16.302477,1715
20.401985,1716
9.41085,1717
11.407568,1718
8.205603,1719
7.5984263,1720
9.816616,1721
5.2221375,1722
4.838514,1723
-23.25825,1724
13.570565,1725
-19.06965,1726
-8.437925,1727
3.2139277,1728
-32.204952,1729
7.736003,1730
26.25226,1731
8.040371,1732
12.626191,1733
0.93138695,1734
-17.595177,1735
-4.702651,1736
-3.234313,1737
-24.070753,1738
-38.031277,1739
-7.63665,1740
-20.749447,1741
3.6708238,1742
20.650888,1743
-1.1231608,1744
-12.168121,1745
10.489638,1746
4.964607,1747
-25.870752,1748
-16.73403,1749
-33.715134,1750
-24.056606,1751
-26.115698,1752
10.292922,1753
13.153676,1754
30.372986,1755
14.935429,1756
21.174854,1757
-16.490643,1758
12.232319,1759
-11.888756,1760
17.903063,1761
-27.724659,1762
-13.3933325,1763
-27.08414,1764
6.707802,1765
1.0454396,1766
-16.14988,1767
12.865107,1768
16.474333,1769
8.955547,1770
14.209371,1771
-13.981319,1772
2.538738,1773
-5.0319386,1774
-9.589688,1775
19.897968,1776
6.210868,1777
-24.861542,1778
3.815114,1779
14.25597,1780
-9.664778,1781
-13.601122,1782
4.555,1783
-28.943138,1784
-11.178131,1785
-19.845613,1786
-2.5798666,1787
-21.454382,1788
-13.637181,1789
1.9951619,1790
8.321708,1791
16.06766,1792
18.928093,1793
-16.082191,1794
-3.2864022,1795
-14.406525,1796
14.009218,1797
11.593447,1798
-27.69308,1799
5.989314,1800
-7.6247635,1801
12.5371685,1802
-30.558138,1803
-16.924324,1804
-29.008335,1805
-2.7582526,1806
-12.305621,1807
9.042445,1808
-18.96009,1809
1.4978555,1810
-5.5295925,1811
-18.56544,1812
5.181348,1813
10.945858,1814
-1.6940675,1815
31.056347,1816
-17.283764,1817
2.6664217,1818
-1.6752707,1819
-17.53613,1820
0.8594928,1821
-29.572111,1822
6.57486,1823
18.35578,1824
-15.123785,1825
-29.988781,1826
-16.667892,1827
-11.308162,1828
-24.696177,1829
-10.991118,1830
-35.886055,1831
7.233674,1832
-41.660946,1833
-16.587118,1834
-1.7285953,1835
-3.9083138,1836
-18.075521,1837
17.381212,1838
-2.2783406,1839
-21.278248,1840
18.967972,1841
-11.341501,1842
-6.5597725,1843
-13.276205,1844
-28.643274,1845
3.8364933,1846
-12.919287,1847
-4.56966,1848
9.852412,1849
-30.144009,1850
22.243692,1851
-11.902451,1852
-18.387106,1853
10.205566,1854
-20.179453,1855
-25.177351,1856
-17.464022,1857
7.531621,1858
-14.736412,1859
-5.206773,1860
-7.1176195,1861
-12.662071,1862
12.933292,1863
7.252353,1864
-18.188078,1865
-11.587777,1866
8.436635,1867
-23.214119,1868
-14.814183,1869
-5.0165877,1870
2.2202318,1871
25.849125,1872
9.6259365,1873
-12.118521,1874
-11.245792,1875
-35.106003,1876
16.880098,1877
-12.053458,1878
5.9397454,1879
22.818993,1880
-18.73373,1881
-31.342796,1882
-14.380029,1883
7.71702,1884
16.675644,1885
-16.436628,1886
8.351189,1887
-30.393206,1888
-16.377563,1889
18.497774,1890
14.193489,1891
5.970975,1892
9.387586,1893
-16.794134,1894
17.106592,1895
-3.858599,1896
-7.1864514,1897
-1.140473,1898
20.873785,1899
10.498425,1900
-12.407009,1901
-7.4571185,1902
0.29935804,1903
20.999022,1904
-6.2663383,1905
-18.646023,1906
22.538885,1907
12.597856,1908
3.7065108,1909
15.891494,1910
-11.174747,1911
17.62511,1912
10.791105,1913
-27.023573,1914
-16.000288,1915
6.3412766,1916
-24.430622,1917
-34.645508,1918
24.42706,1919
11.005155,1920
21.026447,1921
-8.278445,1922
-21.596445,1923
14.19842,1924
7.035583,1925
-27.343678,1926
-9.738051,1927
-8.411423,1928
-16.886366,1929
-15.49349,1930
15.811261,1931
-17.822117,1932
-20.169907,1933
-33.71036,1934
-12.833299,1935
-25.730694,1936
10.634541,1937
5.8103704,1938
-29.899021,1939
-19.186478,1940
13.119184,1941
-21.005402,1942
-6.6553288,1943
6.054352,1944
-12.8409605,1945
16.395672,1946
29.456516,1947
12.083223,1948
-10.555391,1949
-16.305756,1950
-19.503805,1951
10.516241,1952
-31.575907,1953
24.67006,1954
7.1567993,1955
-29.448925,1956
-5.68055,1957
6.6295433,1958
15.697159,1959
6.0803537,1960
6.616295,1961
2.558835,1962
-16.020273,1963
-15.629498,1964
0.7301221,1965
-13.215681,1966
-25.484982,1967
-17.72459,1968
1.8168141,1969
-9.651189,1970
17.686333,1971
-21.13587,1972
4.2704244,1973
12.897507,1974
12.936222,1975
-32.5887,1976
-14.695877,1977
19.033854,1978
-14.775733,1979
7.530741,1980
3.1283429,1981
-15.74755,1982
12.737377,1983
-21.109104,1984
20.128944,1985
-8.99111,1986
-24.314022,1987
11.776994,1988
13.836698,1989
-32.474606,1990
-21.23355,1991
2.5082352,1992
-26.024603,1993
11.013808,1994
-9.731331,1995
-20.379988,1996
-24.2098,1997
1.2068732,1998
-26.547615,1999
6.059481,2000
-28.618406,2001
-14.137661,2002
-9.961044,2003
10.955787,2004
10.051997,2005
11.893677,2006
-25.969162,2007
3.6964316,2008
-34.906353,2009
-0.44687122,2010
6.2589335,2011
-22.628103,2012
-12.8852415,2013
-1.9729241,2014
11.785925,2015
-3.2582016,2016
-18.666422,2017
-21.368212,2018
12.12538,2019
-25.186134,2020
-27.593584,2021
19.09919,2022
-30.72955,2023
-12.772849,2024
-28.062504,2025
22.539965,2026
21.240818,2027
-26.230595,2028
-28.005285,2029
18.341867,2030
-20.032038,2031
-33.5351,2032
14.396221,2033
-14.888111,2034
9.338875,2035
1.4132789,2036
9.535962,2037
-7.834344,2038
14.114108,2039
-2.6184604,2040
-24.437893,2041
-1.6060435,2042
-1.4694464,2043
9.961119,2044
-33.6414,2045
-13.891777,2046
-23.915148,2047
7.853105,2048
13.6677685,2049
-32.822,2050
-28.639975,2051
-20.2023,2052
7.9612284,2053
-6.35872,2054
8.761946,2055
0.91597533,2056
-5.747386,2057
-9.2341385,2058
-16.215815,2059
-7.2439847,2060
-14.6048975,2061
-16.791533,2062
-9.08311,2063
-35.389748,2064
-24.547722,2065
3.8411903,2066
10.477484,2067
-24.554384,2068
-30.123707,2069
5.413443,2070
-16.635357,2071
11.277614,2072
-10.818991,2073
18.662453,2074
5.1618247,2075
-23.237343,2076
-24.94963,2077
-0.821207,2078
3.792723,2079
-28.519823,2080
-2.9925878,2081
9.555457,2082
12.454467,2083
-26.81663,2084
-14.085435,2085
18.372892,2086
16.365896,2087
14.675437,2088
8.167781,2089
23.06296,2090
-13.398056,2091
-11.052348,2092
-6.376592,2093
17.43723,2094
-27.724068,2095
-20.054716,2096
-11.493455,2097
-3.719366,2098
3.8728502,2099
7.6314373,2100
7.1403694,2101
9.597336,2102
-22.794472,2103
-19.394659,2104
-8.865141,2105
4.021333,2106
7.0130086,2107
2.0760648,2108
20.454062,2109
-19.343094,2110
7.4780083,2111
0.62670636,2112
-22.197308,2113
14.507371,2114
-34.03591,2115
-16.551908,2116
2.9332967,2117
13.332865,2118
3.7267773,2119
-11.66357,2120
23.66548,2121
14.896685,2122
5.8711605,2123
-7.578034,2124
-19.376514,2125
-14.607941,2126
7.812381,2127
-17.351065,2128
-21.761015,2129
15.963577,2130
-13.433819,2131
-24.464235,2132
-27.322393,2133
-21.801418,2134
-32.806114,2135
-2.137403,2136
-1.3867419,2137
-8.528156,2138
-2.65731,2139
-16.05921,2140
17.192596,2141
-32.827354,2142
12.504162,2143
1.9431853,2144
-27.963192,2145
-28.517204,2146
-21.060669,2147
1.088886,2148
-8.964044,2149
-4.886856,2150
8.738015,2151
-11.314159,2152
18.21888,2153
-12.9759035,2154
-15.351202,2155
24.931269,2156
-31.728756,2157
-26.797289,2158
-8.452316,2159
-12.1016035,2160
-21.915258,2161
-22.013006,2162
-15.667763,2163
-11.821982,2164
3.9462302,2165
9.019358,2166
-6.4158773,2167
4.2048063,2168
7.596746,2169
-3.2685199,2170
-33.055294,2171
-24.552425,2172
9.095023,2173
-7.2373643,2174
-21.479662,2175
-0.36667758,2176
-27.15321,2177
6.131742,2178
14.626454,2179
-11.268191,2180
-9.99482,2181
-14.120556,2182
4.0064044,2183
20.999859,2184
1.7206495,2185
11.453941,2186
-2.2664819,2187
32.65976,2188
-14.204321,2189
19.191586,2190
-20.901936,2191
-32.076637,2192
-10.14383,2193
6.3369117,2194
-16.543407,2195
-17.507113,2196
-21.314142,2197
-34.7838,2198
4.8516307,2199
4.036646,2200
-13.095409,2201
-8.347691,2202
1.3324844,2203
5.2720633,2204
8.485532,2205
-6.487498,2206
1.0664274,2207
-13.910355,2208
5.756142,2209
-5.605566,2210
1.1452528,2211
10.556173,2212
-22.347576,2213
-24.637274,2214
-13.569126,2215
16.939022,2216
-0.14492258,2217
-26.104073,2218
-18.364717,2219
-23.612064,2220
-25.820478,2221
3.244141,2222
-33.59195,2223
-27.178854,2224
5.751729,2225
18.03136,2226
-31.956858,2227
6.9054203,2228
-6.777552,2229
1.4207146,2230
-36.26616,2231
-0.9793816,2232
-9.842298,2233
-21.724579,2234
-19.43568,2235
-12.899503,2236
22.723598,2237
9.0409975,2238
20.490723,2239
1.1541454,2240
-27.361319,2241
-9.125097,2242
-35.53834,2243
-15.416736,2244
6.235786,2245
-22.344864,2246
1.6150669,2247
5.7966037,2248
-9.513495,2249
-8.222308,2250
-14.9530525,2251
8.746494,2252
-8.411943,2253
4.4563956,2254
9.416577,2255
-17.077545,2256
1.0257083,2257
-0.048596673,2258
9.476384,2259
7.954569,2260
8.933075,2261
-6.984942,2262
12.2887125,2263
-16.99692,2264
19.477737,2265
7.45425,2266
-28.899937,2267
-0.9097427,2268
-29.084667,2269
5.592973,2270
-14.0055065,2271
-17.563131,2272
-27.785595,2273
-34.266216,2274
14.840317,2275
-27.34054,2276
-21.857405,2277
-1.1827856,2278
-21.99424,2279
-13.496093,2280
15.605908,2281
14.675129,2282
-22.649853,2283
-0.40825683,2284
-14.366708,2285
12.775328,2286
-2.5435684,2287
-10.832277,2288
-29.111883,2289
-32.128643,2290
7.1527696,2291
-28.628635,2292
-16.540926,2293
6.4135895,2294
2.2750957,2295
9.807672,2296
6.049493,2297
7.874536,2298
-14.6601515,2299
1.4817654,2300
-31.357359,2301
3.6906674,2302
-13.395021,2303
-25.46093,2304
-32.260193,2305
-24.857105,2306
22.332373,2307
-20.576735,2308
-42.25566,2309
-20.245945,2310
10.913761,2311
-11.900412,2312
-20.308613,2313
11.298428,2314
10.445706,2315
-22.855206,2316
-25.284908,2317
-16.536118,2318
-19.634521,2319
-1.7782849,2320
-26.51289,2321
-33.39173,2322
-18.566473,2323
-20.129423,2324
-16.387104,2325
2.8374767,2326
-18.201513,2327
15.649677,2328
-19.218912,2329
12.610714,2330
-12.566173,2331
-17.52084,2332
14.72255,2333
7.3831778,2334
2.5255485,2335
-24.234627,2336
-10.194253,2337
-34.027832,2338
10.281827,2339
12.603777,2340
3.400003,2341
-29.253345,2342
18.858564,2343
7.957247,2344
15.364937,2345
3.760377,2346
12.645213,2347
-22.018246,2348
-17.857557,2349
19.375496,2350
23.131351,2351
9.250843,2352
-6.256129,2353
-16.858557,2354
2.0710857,2355
-14.095012,2356
14.507328,2357
8.304584,2358
19.784208,2359
-5.8881507,2360
16.980392,2361
-23.410929,2362
7.709353,2363
22.46468,2364
9.638289,2365
-21.657825,2366
-0.25362232,2367
-9.545487,2368
25.780025,2369
10.718829,2370
-5.3305078,2371
-26.609383,2372
-31.36166,2373
-28.505764,2374
9.161652,2375
20.394695,2376
3.1071815,2377
-29.100132,2378
-34.070194,2379
-30.008188,2380
17.648764,2381
-26.891417,2382
26.591604,2383
6.496409,2384
-36.23662,2385
-21.978514,2386
-37.85048,2387
-37.81497,2388
11.121985,2389
-19.805447,2390
-17.965096,2391
4.778248,2392
-22.591566,2393
-19.951971,2394
0.97547626,2395
8.355293,2396
-35.13664,2397
8.212409,2398
-12.723648,2399
-10.20189,2400
1.30429,2401
4.432382,2402
16.41675,2403
4.3429384,2404
-11.180168,2405
-15.692098,2406
18.176273,2407
11.37542,2408
12.098493,2409
-15.376755,2410
13.573592,2411
-14.317268,2412
-19.670681,2413
-23.683908,2414
-1.9817172,2415
4.2808585,2416
12.33549,2417
15.727323,2418
11.501855,2419
-23.605778,2420
10.09253,2421
8.154875,2422
-21.160784,2423
-29.758022,2424
22.8275,2425
12.524201,2426
-11.268883,2427
18.946936,2428
2.5393841,2429
-20.27058,2430
-14.708995,2431
-24.125395,2432
-7.070315,2433
-25.24061,2434
-40.82556,2435
-18.678057,2436
8.820635,2437
3.7246306,2438
-14.590158,2439
-12.40488,2440
-9.261486,2441
-34.520657,2442
25.443975,2443
-24.660666,2444
13.502214,2445
3.8030882,2446
12.039895,2447
22.712227,2448
-23.694212,2449
-17.986673,2450
-5.8214517,2451
-0.30413702,2452
-12.233237,2453
3.3365257,2454
-9.263288,2455
18.184359,2456
18.273083,2457
-9.264875,2458
14.328836,2459
3.6806176,2460
-7.530246,2461
5.269003,2462
-11.998713,2463
7.7418237,2464
-0.8714573,2465
-24.203672,2466
-12.026995,2467
10.226159,2468
0.13506715,2469
-19.712103,2470
-11.383326,2471
-4.2882953,2472
14.867711,2473
-10.316405,2474
-12.703133,2475
23.557217,2476
-22.62715,2477
20.591888,2478
-26.508364,2479
3.1595237,2480
-40.54049,2481
-15.053162,2482
-17.741941,2483
6.4756026,2484
-22.08199,2485
0.3619878,2486
23.051714,2487
-40.075977,2488
9.062558,2489
5.654919,2490
-8.777203,2491
18.515175,2492
-28.146265,2493
-12.22882,2494
-18.42017,2495
-5.268206,2496
-23.89656,2497
-29.088442,2498
4.631642,2499
-12.81164,2500
-5.8654904,2501
-5.1193495,2502
14.124736,2503
13.665404,2504
0.04289893,2505
10.124447,2506
8.807155,2507
-0.28957608,2508
15.504299,2509
20.119213,2510
-26.95595,2511
-26.085238,2512
-15.462157,2513
28.820477,2514
0.5490112,2515
-1.2918419,2516
6.9288244,2517
23.38762,2518
19.59744,2519
-23.84066,2520
-15.449359,2521
-13.056257,2522
-13.496894,2523
10.168506,2524
-1.6817445,2525
-19.335798,2526
7.8424063,2527
16.788122,2528
-12.32577,2529
-33.79208,2530
-14.089896,2531
-13.989157,2532
-12.812463,2533
10.769548,2534
-14.833954,2535
-5.3883104,2536
-18.226875,2537
9.927609,2538
10.789332,2539
14.953882,2540
-13.732306,2541
-26.035587,2542
-19.993153,2543
-12.021581,2544
-13.122769,2545
-13.946568,2546
-23.511522,2547
-24.163435,2548
1.6591824,2549
6.5023007,2550
5.7412086,2551
-13.187417,2552
-9.885507,2553
11.437173,2554
-29.772661,2555
-8.815832,2556
9.181237,2557
-11.223503,2558
-29.229677,2559
17.005497,2560
-16.053312,2561
-19.870445,2562
-15.19382,2563
1.9990697,2564
-10.283923,2565
-8.444203,2566
2.4245574,2567
9.830223,2568
15.9808855,2569
-11.278973,2570
-1.4668185,2571
-20.591951,2572
-21.832106,2573
9.87485,2574
-27.690187,2575
-34.605404,2576
8.454324,2577
7.57292,2578
-24.435503,2579
24.222183,2580
1.3433981,2581
-1.6403472,2582
-0.85578835,2583
-5.7529,2584
14.442345,2585
-24.529125,2586
12.301462,2587
-20.53632,2588
7.018547,2589
4.7911987,2590
16.937933,2591
-21.00141,2592
-2.299808,2593
-31.91482,2594
-0.4544914,2595
-3.4569175,2596
3.9005268,2597
-9.668923,2598
25.731205,2599
-23.70963,2600
-14.397679,2601
-27.692333,2602
-41.031223,2603
-12.77324,2604
-21.118456,2605
-5.334855,2606
9.408068,2607
9.657281,2608
-18.477095,2609
-28.595919,2610
-22.466196,2611
5.1163187,2612
21.330093,2613
1.1215072,2614
-25.774145,2615
-17.38064,2616
-18.202114,2617
-9.680609,2618
-27.199074,2619
-0.19680126,2620
-2.510559,2621
-30.157434,2622
-27.272308,2623
14.268095,2624
-23.46236,2625
-17.821669,2626
1.2117691,2627
11.06485,2628
-15.757086,2629
-13.689495,2630
-25.840162,2631
-12.763089,2632
-16.817663,2633
5.559456,2634
-15.501513,2635
21.15353,2636
-33.77464,2637
11.936866,2638
-23.12997,2639
-9.461981,2640
-23.501913,2641
-16.625277,2642
-18.04795,2643
-16.716303,2644
-19.10482,2645
9.281097,2646
22.903082,2647
-20.99435,2648
-16.698652,2649
2.3091824,2650
6.60833,2651
3.8812933,2652
-9.219547,2653
20.491417,2654
-20.19539,2655
-40.22754,2656
-14.399715,2657
-17.605867,2658
-7.4751005,2659
-17.445639,2660
7.1130257,2661
-29.42775,2662
-10.291881,2663
-22.584152,2664
-17.882511,2665
-18.846802,2666
5.951914,2667
-20.23952,2668
-33.727192,2669
17.524817,2670
-35.730938,2671
-19.820206,2672
-16.530373,2673
-11.808383,2674
-8.460842,2675
-43.858112,2676
-4.754519,2677
-21.324394,2678
-22.77572,2679
11.485189,2680
-22.952612,2681
2.719711,2682
11.443143,2683
-16.094633,2684
-20.669088,2685
-6.04983,2686
14.598505,2687
3.2327006,2688
7.445734,2689
7.3284554,2690
-33.790607,2691
-13.093073,2692
7.23532,2693
-39.966324,2694
-11.970926,2695
9.403427,2696
-13.163932,2697
5.297772,2698
-24.288399,2699
-23.90799,2700
-28.414108,2701
-27.228416,2702
3.298878,2703
-30.355627,2704
12.054125,2705
19.361792,2706
-24.10528,2707
-17.65392,2708
-30.411022,2709
-7.3572283,2710
15.947308,2711
1.4426335,2712
-10.855103,2713
-32.782913,2714
16.603994,2715
-48.58529,2716
-14.306766,2717
-30.741352,2718
23.788813,2719
17.58413,2720
-12.14081,2721
-2.8490589,2722
13.5149765,2723
10.138685,2724
-12.901442,2725
-32.748615,2726
-14.80725,2727
4.1162996,2728
20.294762,2729
16.105772,2730
-29.976389,2731
-17.477205,2732
-32.438847,2733
4.4225807,2734
-26.743322,2735
16.54808,2736
-12.615189,2737
16.560492,2738
-23.32184,2739
15.935328,2740
-3.633156,2741
-21.733953,2742
-15.773023,2743
20.947128,2744
7.716799,2745
-8.497216,2746
12.061298,2747
10.97186,2748
21.554304,2749
-19.478708,2750
-9.451823,2751
-19.453903,2752
6.5755982,2753
-25.44802,2754
-23.796022,2755
-22.859684,2756
-5.5577483,2757
-22.827612,2758
-5.970559,2759
-24.491922,2760
-17.168282,2761
0.028685024,2762
-19.588692,2763
13.859739,2764
22.02979,2765
26.730173,2766
-6.7050605,2767
-3.3725393,2768
4.682805,2769
-13.179636,2770
6.9353213,2771
-21.113592,2772
-24.914326,2773
-22.698399,2774
0.8123779,2775
16.106958,2776
-26.44325,2777
-22.28179,2778
22.735163,2779
-15.798842,2780
-5.3403783,2781
13.867589,2782
20.665573,2783
-18.034744,2784
10.390121,2785
-5.110621,2786
-1.4510099,2787
-19.42709,2788
21.094603,2789
13.053769,2790
8.095874,2791
12.853059,2792
-19.615082,2793
14.637217,2794
8.102933,2795
-25.253878,2796
-20.376947,2797
-19.309914,2798
6.16185,2799
5.6803575,2800
-15.564264,2801
-12.31846,2802
0.9579805,2803
5.246303,2804
15.398819,2805
27.265297,2806
-12.639949,2807
-21.170748,2808
-36.096104,2809
-15.798613,2810
11.040531,2811
-15.614411,2812
3.8666387,2813
-22.510605,2814
-30.139019,2815
8.857544,2816
9.80615,2817
7.9110456,2818
2.7864468,2819
1.8316636,2820
-8.674715,2821
3.3834438,2822
-16.744062,2823
-21.723202,2824
-8.541446,2825
-21.51177,2826
1.6000515,2827
-4.9261746,2828
-9.706009,2829
-0.17156479,2830
3.5522382,2831
-5.4686956,2832
-8.507538,2833
25.514215,2834
-28.50958,2835
24.183323,2836
10.286039,2837
17.10835,2838
-14.267879,2839
-10.242001,2840
-3.4116545,2841
-10.047321,2842
-20.156986,2843
-23.277603,2844
-11.604559,2845
14.360194,2846
-13.893855,2847
-14.025727,2848
-25.188969,2849
-21.316174,2850
-1.1419029,2851
1.3891429,2852
18.028559,2853
-23.152906,2854
-10.191587,2855
0.43850458,2856
2.6906183,2857
-26.3271,2858
-5.37176,2859
-8.498177,2860
-30.570654,2861
14.582784,2862
-21.930704,2863
11.708916,2864
-1.5698013,2865
11.195113,2866
-16.439276,2867
8.765744,2868
-34.908928,2869
9.971229,2870
-32.02544,2871
-21.270498,2872
-26.632719,2873
10.905237,2874
-20.183975,2875
-14.995302,2876
-19.183714,2877
-20.547583,2878
-16.315853,2879
-24.320635,2880
-2.1042082,2881
-12.029314,2882
-9.404596,2883
-25.350355,2884
-14.787595,2885
17.624535,2886
-19.51476,2887
-26.87004,2888
10.562739,2889
4.5697927,2890
3.715159,2891
16.399343,2892
23.271132,2893
-19.750032,2894
8.132168,2895
11.666613,2896
-25.263079,2897
11.303497,2898
8.459159,2899
-11.320691,2900
-3.9161284,2901
-17.541473,2902
-21.73642,2903
2.755871,2904
16.406197,2905
13.581407,2906
-39.460945,2907
-12.368606,2908
-9.093784,2909
-9.898412,2910
6.2882853,2911
-19.90963,2912
-13.703383,2913
24.006805,2914
14.057948,2915
-15.382726,2916
-0.2110318,2917
5.9129453,2918
-13.264976,2919
22.20067,2920
-9.893104,2921
-24.29884,2922
-16.500292,2923
-16.172302,2924
-24.84611,2925
-22.466936,2926
0.17714678,2927
0.9507457,2928
21.926357,2929
5.304434,2930
-2.7950919,2931
-18.630013,2932
8.151497,2933
-10.992634,2934
-15.735398,2935
-18.447235,2936
20.55235,2937
-3.6197786,2938
17.878809,2939
9.003955,2940
-20.15798,2941
1.5956736,2942
-19.870436,2943
23.478561,2944
-22.343826,2945
18.926706,2946
-8.947773,2947
-25.548912,2948
-1.0588723,2949
26.10698,2950
-11.3729925,2951
23.453785,2952
-33.674274,2953
5.8834963,2954
-11.847198,2955
-20.56122,2956
-30.207552,2957
-32.799957,2958
-21.561195,2959
-15.803879,2960
28.56459,2961
-8.35256,2962
-20.891647,2963
-4.6631155,2964
14.758629,2965
-19.360876,2966
-22.081388,2967
2.143512,2968
-33.361874,2969
-13.769641,2970
-1.6436967,2971
-30.407372,2972
-24.335835,2973
-15.114092,2974
-23.698738,2975
-16.932037,2976
-15.016387,2977
5.582015,2978
-6.858069,2979
-0.7569374,2980
-34.05258,2981
-1.6028439,2982
-15.276444,2983
4.6254506,2984
17.240528,2985
-15.802398,2986
-11.882243,2987
18.912134,2988
-43.75425,2989
-24.854174,2990
7.908143,2991
-41.791504,2992
1.9955662,2993
-21.185684,2994
5.276813,2995
-5.4796495,2996
-8.930583,2997
12.724472,2998
-19.693077,2999
13.328137,3000
-20.786877,3001
23.660187,3002
-14.205829,3003
3.4987845,3004
19.383204,3005
-1.8068371,3006
5.2681546,3007
15.4455185,3008
2.1324785,3009
15.239315,3010
-4.934232,3011
-3.0755193,3012
4.053185,3013
-26.692596,3014
-0.8143824,3015
-25.32327,3016
-35.767826,3017
9.961039,3018
-19.504744,3019
-9.273629,3020
-3.8705838,3021
-13.550086,3022
-28.62304,3023
-6.3452163,3024
-10.501723,3025
8.058186,3026
-30.336226,3027
9.631726,3028
7.3012104,3029
-25.675545,3030
-10.460647,3031
-10.312475,3032
-33.104492,3033
13.490798,3034
26.056992,3035
15.312573,3036
-18.322199,3037
3.7123873,3038
-29.205221,3039
10.88559,3040
-30.271397,3041
15.658788,3042
12.424555,3043
-28.221283,3044
-18.662882,3045
-20.503988,3046
-28.745495,3047
-14.139043,3048
-0.60820943,3049
22.179796,3050
15.333879,3051
-19.81369,3052
10.721815,3053
-14.929205,3054
-29.020382,3055
10.765574,3056
1.2640469,3057
10.871495,3058
-12.19689,3059
14.403937,3060
-33.18559,3061
-0.8869621,3062
21.52952,3063
3.6583636,3064
-12.508396,3065
-18.450249,3066
15.818658,3067
-34.98042,3068
-1.7978728,3069
7.1718926,3070
-26.163507,3071
13.827148,3072
13.874929,3073
6.766631,3074
-30.004704,3075
-10.881833,3076
-20.701303,3077
12.186207,3078
-19.7983,3079
-22.624165,3080
-26.660656,3081
-13.614521,3082
-17.63293,3083
-9.374279,3084
25.474203,3085
-25.254663,3086
-23.951513,3087
3.063038,3088
-31.469652,3089
-6.7600436,3090
-22.728807,3091
-14.214,3092
6.835547,3093
-34.521385,3094
-15.970895,3095
-12.4403105,3096
-17.468836,3097
4.8183646,3098
-5.550354,3099
-13.000562,3100
3.5762744,3101
-16.045424,3102
-19.29843,3103
-23.940088,3104
1.5238271,3105
9.794313,3106
-23.81879,3107
-16.89148,3108
-34.78134,3109
-22.31969,3110
15.456282,3111
-21.51412,3112
12.514506,3113
-26.941463,3114
13.282083,3115
26.034164,3116
-20.947094,3117
14.850716,3118
12.36899,3119
12.935723,3120
-15.289264,3121
-15.888832,3122
-18.243586,3123
-2.9856753,3124
-10.274759,3125
-12.801452,3126
-23.561367,3127
-17.321354,3128
-0.47804648,3129
10.63803,3130
-17.683458,3131
1.7582307,3132
-29.180582,3133
13.279794,3134
-27.09751,3135
8.769372,3136
-5.722207,3137
-10.474899,3138
-23.318209,3139
18.483221,3140
-9.325988,3141
-11.396184,3142
7.256775,3143
2.9523056,3144
-17.166761,3145
2.0240903,3146
22.850998,3147
-11.746251,3148
-14.729065,3149
-9.027546,3150
15.88159,3151
-23.194212,3152
3.7845926,3153
-10.433992,3154
-17.885334,3155
1.4495589,3156
12.337651,3157
-7.9645715,3158
-6.402744,3159
-11.5575695,3160
-28.864796,3161
5.0969787,3162
-33.646698,3163
17.398464,3164
-38.974678,3165
-24.21554,3166
-20.129105,3167
-8.774746,3168
-6.1531053,3169
-12.069412,3170
-31.418219,3171
-40.07257,3172
-35.30179,3173
6.064691,3174
16.665985,3175
-13.678828,3176
-7.500396,3177
16.39906,3178
-24.59039,3179
0.12046208,3180
17.905115,3181
-0.4939592,3182
13.895739,3183
-17.310606,3184
-25.301374,3185
-19.964817,3186
-15.955657,3187
-25.264456,3188
19.873398,3189
-22.111727,3190
12.049511,3191
5.329895,3192
9.105356,3193
7.910354,3194
9.75682,3195
16.903755,3196
2.5216186,3197
6.96876,3198
9.072111,3199
3.3560417,3200
13.420809,3201
7.485668,3202
-7.7477074,3203
10.2171755,3204
-18.583544,3205
10.554526,3206
16.864893,3207
-14.524519,3208
-13.596219,3209
7.515029,3210
18.208088,3211
-14.118286,3212
18.021648,3213
16.48857,3214
-13.866623,3215
-13.9444895,3216
25.440746,3217
-16.712809,3218
-22.295656,3219
-25.624174,3220
7.317783,3221
12.387578,3222
7.662566,3223
-0.45428577,3224
-32.842793,3225
7.177296,3226
6.6792684,3227
18.711473,3228
12.27831,3229
-19.394531,3230
-16.348827,3231
-22.741985,3232
9.882426,3233
10.884418,3234
-24.078735,3235
-14.320325,3236
-24.717278,3237
-38.630257,3238
-0.6879439,3239
6.24849,3240
-22.398056,3241
-21.779291,3242
-12.215237,3243
1.0428699,3244
-12.7870655,3245
-2.3898237,3246
-40.48058,3247
-24.645378,3248
5.8958893,3249
-13.511919,3250
16.225578,3251
-23.445572,3252
-21.546383,3253
3.9246619,3254
-7.146888,3255
1.4751253,3256
-0.14188682,3257
-14.6964445,3258
-33.08109,3259
6.0181766,3260
17.577694,3261
15.240163,3262
20.506021,3263
-6.1346917,3264
-26.285677,3265
-9.093801,3266
14.532273,3267
-20.361414,3268
-2.326344,3269
-25.307919,3270
-12.960844,3271
7.394816,3272
9.4649515,3273
-26.496744,3274
-18.15313,3275
-20.66719,3276
16.553339,3277
-48.129917,3278
-13.773346,3279
21.63509,3280
4.6234083,3281
-20.377266,3282
13.151408,3283
-12.5202675,3284
5.549376,3285
27.559021,3286
-9.893417,3287
19.20205,3288
12.070586,3289
-27.923822,3290
-23.337963,3291
2.2806134,3292
8.263188,3293
-33.817905,3294
8.661738,3295
-16.563004,3296
-34.26926,3297
-14.452629,3298
22.579723,3299
9.847379,3300
-7.0336003,3301
24.266954,3302
1.5436468,3303
-26.81996,3304
-12.967697,3305
-20.342287,3306
15.52721,3307
-6.7366977,3308
1.7344377,3309
7.825936,3310
-5.9988127,3311
-11.104364,3312
-3.244299,3313
-14.193619,3314
18.131004,3315
3.5933383,3316
-30.249413,3317
-8.385219,3318
14.076756,3319
22.026295,3320
3.3084316,3321
-21.128302,3322
10.32495,3323
-11.994724,3324
14.328203,3325
-15.337241,3326
3.5151653,3327
15.476123,3328
-24.246927,3329
-22.762276,3330
8.991609,3331
-8.161956,3332
-16.289684,3333
-44.75804,3334
-13.996989,3335
-9.384245,3336
-12.202145,3337
-16.52766,3338
-26.745628,3339
-11.914395,3340
14.789797,3341
-7.2640586,3342
-12.058522,3343
-21.137629,3344
-16.845444,3345
3.4616156,3346
-7.726345,3347
-17.308065,3348
4.1212173,3349
20.425703,3350
5.5595665,3351
13.580304,3352
13.086061,3353
23.350025,3354
-9.359141,3355
5.5822453,3356
8.641949,3357
-26.394325,3358
12.147205,3359
-20.832407,3360
15.447876,3361
-29.722755,3362
-24.551868,3363
-23.17386,3364
-11.891875,3365
-25.068827,3366
-28.956558,3367
13.66788,3368
-16.742752,3369
13.930998,3370
-20.777615,3371
-15.360215,3372
12.852394,3373
-11.365058,3374
-7.4984694,3375
-23.356422,3376
-15.648298,3377
15.764777,3378
2.4736786,3379
-13.853374,3380
-0.9498563,3381
-0.6376153,3382
-11.426202,3383
-1.1955634,3384
-11.22271,3385
7.297972,3386
-23.5608,3387
-23.460548,3388
10.505405,3389
-13.665573,3390
-39.91777,3391
4.72354,3392
-20.426819,3393
20.476511,3394
-13.911083,3395
-27.128613,3396
20.324415,3397
-21.954908,3398
-1.9927552,3399
-18.0772,3400
0.8961312,3401
9.673414,3402
-22.629719,3403
-11.432647,3404
-22.845797,3405
-16.8902,3406
-35.467392,3407
2.2816885,3408
-12.105718,3409
1.8024915,3410
-19.079863,3411
-22.462765,3412
24.125383,3413
-18.757837,3414
7.5067315,3415
-11.193364,3416
-21.868599,3417
8.858358,3418
-11.188094,3419
16.094574,3420
2.4069335,3421
-34.822376,3422
15.1141,3423
16.193861,3424
-21.591143,3425
-0.70971227,3426
-24.016394,3427
15.058091,3428
13.422028,3429
-1.7632631,3430
14.349806,3431
-12.910132,3432
-31.061857,3433
-27.01197,3434
-37.639786,3435
-17.914148,3436
-17.417677,3437
-21.164423,3438
3.7780664,3439
13.2180395,3440
0.3107796,3441
12.090929,3442
13.048655,3443
-36.011776,3444
-7.5037856,3445
-21.001886,3446
-18.97811,3447
-20.264318,3448
-36.13737,3449
-33.224583,3450
15.905599,3451
-48.219738,3452
9.268937,3453
3.5036807,3454
-22.991192,3455
-13.828995,3456
18.542221,3457
-14.33831,3458
16.543613,3459
9.847959,3460
-21.83566,3461
-3.0124044,3462
13.538495,3463
-30.457478,3464
-30.67951,3465
-2.2103481,3466
7.3438745,3467
-15.295358,3468
-18.323423,3469
1.6891477,3470
14.062198,3471
21.96862,3472
-1.3781501,3473
11.490618,3474
-26.392868,3475
11.238706,3476
16.5467,3477
-15.107142,3478
-24.410307,3479
-35.94301,3480
-14.398379,3481
-21.743553,3482
-21.930672,3483
-3.45073,3484
11.256512,3485
-18.525812,3486
18.463974,3487
-2.6663692,3488
4.408483,3489
-19.087198,3490
-6.1301584,3491
11.47146,3492
-22.165585,3493
5.045384,3494
-19.279655,3495
-6.1762986,3496
15.220274,3497
-29.739655,3498
-15.099945,3499
3.1690588,3500
13.832576,3501
-32.941826,3502
-22.84767,3503
-2.1604252,3504
11.482653,3505
-7.4412475,3506
-16.874802,3507
-24.844986,3508
-19.25202,3509
-24.387524,3510
-45.958214,3511
-2.1303556,3512
-21.813871,3513
-19.726187,3514
21.355406,3515
22.514944,3516
21.463858,3517
-5.149093,3518
3.080356,3519
26.496222,3520
11.504856,3521
-16.891691,3522
13.232993,3523
-26.034025,3524
-5.6214876,3525
2.7977192,3526
2.7745779,3527
14.492896,3528
-11.110242,3529
-5.4371324,3530
2.1689174,3531
9.37968,3532
-15.301647,3533
-4.8578525,3534
11.344853,3535
-27.30723,3536
-21.744585,3537
14.973403,3538
-18.085526,3539
16.865736,3540
-30.021345,3541
0.49677518,3542
-10.646202,3543
20.60336,3544
-25.969168,3545
-12.603934,3546
-29.996851,3547
-4.3550777,3548
-20.42529,3549
-5.619994,3550
-33.24109,3551
12.128233,3552
18.92037,3553
-19.284094,3554
-13.773101,3555
-10.240292,3556
-10.858836,3557
10.911311,3558
7.078401,3559
-32.7521,3560
15.35432,3561
5.284833,3562
-27.821753,3563
3.9459205,3564
-24.611675,3565
2.5497906,3566
-19.961847,3567
19.520985,3568
-12.89723,3569
-15.769764,3570
-22.540041,3571
20.373997,3572
17.32155,3573
-15.912104,3574
-11.12207,3575
-13.486507,3576
-11.269928,3577
-20.413876,3578
-26.762587,3579
-22.959171,3580
-19.418789,3581
7.9984965,3582
13.690132,3583
-15.354727,3584
14.640889,3585
10.213226,3586
-8.502978,3587
-23.236353,3588
15.967141,3589
-45.01365,3590
-27.922525,3591
6.817836,3592
12.3051,3593
9.227095,3594
-26.432386,3595
-20.941128,3596
9.975746,3597
10.542261,3598
10.477827,3599
-3.7552428,3600
3.9437635,3601
-8.065825,3602
-6.0788417,3603
-25.129356,3604
-16.03628,3605
9.210388,3606
-29.671692,3607
12.425606,3608
-25.183105,3609
-10.054176,3610
-19.247116,3611
-13.600962,3612
-1.3266021,3613
-9.941791,3614
-34.644157,3615
-18.171522,3616
-13.798332,3617
-18.812166,3618
8.532421,3619
-18.758783,3620
-10.4121065,3621
11.424003,3622
-15.774511,3623
11.967213,3624
20.76214,3625
19.071445,3626
-29.167242,3627
9.490277,3628
9.766345,3629
-18.170437,3630
-28.016048,3631
-8.979755,3632
11.96445,3633
3.1750844,3634
17.120037,3635
-16.750122,3636
-20.099192,3637
-15.154277,3638
-44.08009,3639
7.553874,3640
-23.646395,3641
-8.506624,3642
-21.764425,3643
10.408023,3644
-18.112478,3645
-17.978252,3646
-14.287727,3647
-12.493983,3648
7.362716,3649
10.246598,3650
1.5855829,3651
10.269844,3652
16.332462,3653
20.724154,3654
-15.932812,3655
2.7389545,3656
9.318432,3657
-19.05445,3658
7.796028,3659
-13.002778,3660
4.9149776,3661
-27.48277,3662
21.015757,3663
-20.63434,3664
-18.431309,3665
-5.46789,3666
-21.510038,3667
16.201048,3668
10.7354965,3669
-30.008837,3670
-23.616718,3671
4.9945703,3672
5.058921,3673
7.6251984,3674
-24.663197,3675
8.680813,3676
-29.520144,3677
-14.437968,3678
-22.681015,3679
0.7733569,3680
3.1739216,3681
-16.27717,3682
9.925065,3683
3.2993429,3684
20.833544,3685
-22.740639,3686
6.8407764,3687
-29.047186,3688
-9.898198,3689
10.682501,3690
-10.107359,3691
-20.260408,3692
12.964057,3693
-22.959112,3694
-22.260136,3695
-12.300984,3696
10.408385,3697
23.225834,3698
-8.399694,3699
2.8381066,3700
-31.823114,3701
0.8741143,3702
11.027972,3703
0.5256391,3704
32.90471,3705
20.843271,3706
-17.573948,3707
-6.8407006,3708
-14.054424,3709
8.916903,3710
-12.728794,3711
-20.631567,3712
9.594201,3713
-36.903877,3714
-17.073294,3715
-30.765371,3716
-23.266855,3717
-18.578314,3718
4.785547,3719
7.3955197,3720
-13.193961,3721
24.77992,3722
15.248758,3723
18.809595,3724
-27.237644,3725
-21.118395,3726
-2.8353143,3727
-5.405187,3728
14.249897,3729
-27.639994,3730
-26.45511,3731
-6.056897,3732
-7.9917336,3733
-41.671112,3734
15.727234,3735
-10.690792,3736
10.563798,3737
-30.475113,3738
13.974855,3739
15.89696,3740
5.60337,3741
11.876924,3742
-17.52011,3743
-18.34167,3744
-17.44016,3745
-6.943665,3746
-16.975325,3747
13.033663,3748
9.542977,3749
-22.646116,3750
15.804497,3751
-36.06594,3752
-23.153635,3753
-15.712612,3754
7.8541822,3755
-14.878891,3756
19.42786,3757
-3.7916207,3758
-14.801459,3759
-33.259766,3760
9.330315,3761
-15.479305,3762
-15.263874,3763
3.2608943,3764
-13.447826,3765
2.0447397,3766
-13.208394,3767
-12.197107,3768
21.661556,3769
-10.339152,3770
-18.983423,3771
2.8077993,3772
-10.861036,3773
10.847585,3774
1.3384515,3775
-25.28638,3776
-24.782251,3777
-3.33157,3778
4.81588,3779
-24.75644,3780
-4.4626226,3781
-21.68238,3782
-8.083619,3783
-23.971525,3784
-16.759747,3785
-22.21445,3786
-3.5756373,3787
3.4887514,3788
-15.869273,3789
-11.141882,3790
18.987522,3791
-6.40205,3792
-36.751926,3793
4.5837774,3794
-19.170673,3795
-4.9301753,3796
-8.807635,3797
-41.60475,3798
-2.0619369,3799
9.055712,3800
-0.026036365,3801
14.404385,3802
23.959606,3803
20.283209,3804
-15.108659,3805
19.08583,3806
-34.093582,3807
0.8909588,3808
-45.840088,3809
-0.73081505,3810
14.469302,3811
10.483142,3812
8.821964,3813
-17.697586,3814
18.688381,3815
8.760565,3816
-36.767166,3817
-21.864508,3818
-9.857917,3819
12.905676,3820
1.0195881,3821
-32.196426,3822
9.534745,3823
-14.788727,3824
13.98875,3825
-20.762663,3826
1.2288634,3827
-25.280128,3828
-12.533327,3829
-9.31144,3830
7.4899526,3831
-32.856625,3832
-27.306534,3833
-21.868856,3834
-14.458379,3835
-7.869759,3836
-8.603132,3837
-27.884186,3838
19.341259,3839
17.928373,3840
-22.604092,3841
-27.821291,3842
-13.301472,3843
-12.298115,3844
-32.7316,3845
-18.058634,3846
16.758553,3847
5.039405,3848
0.0013945192,3849
-23.105745,3850
-5.7903976,3851
9.677708,3852
-30.44892,3853
7.423363,3854
8.330102,3855
12.068329,3856
1.5861701,3857
-15.542526,3858
-2.1872704,3859
12.168841,3860
-17.451605,3861
30.596197,3862
15.785936,3863
-6.601983,3864
-2.3273897,3865
9.65516,3866
-8.970038,3867
-14.785317,3868
-22.795998,3869
-10.172216,3870
-7.55064,3871
22.577906,3872
2.8319678,3873
-30.166822,3874
-5.899884,3875
-25.537037,3876
-11.427626,3877
6.7775054,3878
-14.985793,3879
-23.58,3880
-6.7126427,3881
8.648267,3882
13.961902,3883
11.424515,3884
9.204268,3885
7.3005176,3886
-21.104755,3887
-22.469234,3888
-6.765947,3889
-21.291147,3890
-19.518084,3891
-12.287908,3892
-9.325083,3893
-9.013715,3894
1.5292137,3895
-15.155354,3896
-14.796028,3897
-34.912395,3898
4.437415,3899
-17.59703,3900
6.399373,3901
1.984385,3902
7.054024,3903
2.264783,3904
13.639243,3905
-23.955791,3906
-17.778465,3907
14.315681,3908
-1.633559,3909
-39.486015,3910
-22.636288,3911
-32.96512,3912
10.397598,3913
-9.233208,3914
-10.8706255,3915
-19.211624,3916
-9.635765,3917
-2.3984945,3918
4.8832707,3919
15.4337015,3920
-11.859379,3921
-5.409275,3922
18.306055,3923
-40.01322,3924
15.642888,3925
-18.661753,3926
13.522128,3927
-19.791824,3928
-5.5215783,3929
-31.567001,3930
-18.008833,3931
-24.255745,3932
-39.22682,3933
7.3287315,3934
20.511602,3935
-14.897532,3936
15.08358,3937
-20.859564,3938
21.95099,3939
24.153717,3940
-20.03594,3941
-16.955597,3942
18.18597,3943
8.793563,3944
-15.248188,3945
7.377545,3946
4.9923716,3947
-14.369589,3948
13.048779,3949
28.053864,3950
-40.861504,3951
14.36286,3952
-5.330977,3953
-30.840872,3954
3.7331638,3955
-13.273883,3956
10.345438,3957
-16.536068,3958
-23.773165,3959
-23.214043,3960
-15.595466,3961
-15.927268,3962
-39.417156,3963
1.5473874,3964
16.247808,3965
12.433785,3966
-25.174614,3967
-21.737206,3968
-31.874441,3969
-8.474285,3970
-7.467111,3971
14.697779,3972
-37.35403,3973
-16.900301,3974
-33.321655,3975
-27.25305,3976
5.731692,3977
15.862372,3978
-17.768127,3979
3.480262,3980
14.771861,3981
-38.82344,3982
-10.07995,3983
13.364744,3984
-27.902016,3985
-35.610798,3986
21.239576,3987
-41.39548,3988
-25.933987,3989
-23.89832,3990
-35.709167,3991
-14.155203,3992
-12.820778,3993
-19.739895,3994
-0.2859491,3995
10.1174555,3996
-34.508156,3997
-31.681278,3998
18.161077,3999
-29.40207,4000
12.895155,4001
-3.5216708,4002
-7.127905,4003
4.586343,4004
7.175714,4005
13.938394,4006
-0.6694825,4007
11.677361,4008
13.564798,4009
-8.922584,4010
23.595554,4011
-21.150784,4012
12.264186,4013
-21.628048,4014
-42.67732,4015
-17.303257,4016
-9.481848,4017
17.31862,4018
20.48162,4019
-21.024052,4020
-21.48097,4021
13.539398,4022
-3.0589676,4023
-5.240344,4024
-24.99383,4025
-31.379023,4026
-20.968794,4027
29.459862,4028
-10.5641,4029
4.994457,4030
-20.840363,4031
-36.763557,4032
-30.018942,4033
-13.104951,4034
-18.713135,4035
-14.786606,4036
-43.338055,4037
23.64677,4038
16.273718,4039
9.082416,4040
-36.5287,4041
12.744729,4042
14.194206,4043
-15.120223,4044
-8.287375,4045
-25.12377,4046
-14.152424,4047
-12.522143,4048
6.2510457,4049
6.458863,4050
-19.20053,4051
4.675877,4052
-1.8627552,4053
-22.812046,4054
-20.507885,4055
-27.52489,4056
-9.432944,4057
-3.3587422,4058
-27.469557,4059
-35.389565,4060
28.9168,4061
16.466322,4062
-12.946626,4063
13.615766,4064
16.899221,4065
-28.178965,4066
-22.025484,4067
-21.693295,4068
-11.812434,4069
14.4031105,4070
-33.972088,4071
7.268277,4072
19.096327,4073
-6.9561076,4074
15.200363,4075
-9.04709,4076
-17.968916,4077
-9.745837,4078
-7.244221,4079
6.9621553,4080
4.3478217,4081
16.14707,4082
7.0948896,4083
8.346782,4084
-23.134401,4085
-26.688036,4086
25.217304,4087
-7.357327,4088
25.40532,4089
3.6306412,4090
-28.908743,4091
13.214192,4092
29.508074,4093
-10.493586,4094
12.1346655,4095
-15.603718,4096
-36.251503,4097
8.648577,4098
-35.35644,4099
-14.606829,4100
19.750088,4101
4.4885597,4102
9.200204,4103
-15.157702,4104
12.251882,4105
20.320616,4106
-17.401367,4107
3.6243722,4108
-13.271443,4109
15.143373,4110
-22.860703,4111
16.595428,4112
-21.104837,4113
16.12075,4114
-10.44188,4115
-15.045542,4116
5.038667,4117
-13.376963,4118
-14.165195,4119
19.860931,4120
3.5512307,4121
-21.515821,4122
-30.323536,4123
-18.627579,4124
-42.698605,4125
-17.522152,4126
-7.9465604,4127
5.2019672,4128
-11.81769,4129
-7.4792604,4130
-25.476603,4131
7.8939486,4132
8.002299,4133
2.915871,4134
-18.602182,4135
-22.293903,4136
18.586567,4137
27.471312,4138
-10.285475,4139
16.780943,4140
-14.836123,4141
-13.526588,4142
6.6554875,4143
11.748836,4144
-19.903727,4145
-17.106667,4146
1.6670486,4147
-12.15554,4148
-22.647266,4149
-1.3621695,4150
25.694641,4151
4.096492,4152
18.89873,4153
-28.25857,4154
-23.78537,4155
5.6638613,4156
2.4367323,4157
5.8606014,4158
13.614539,4159
-35.974,4160
-9.356676,4161
-22.796822,4162
8.147885,4163
8.953995,4164
15.593245,4165
10.26916,4166
-13.091606,4167
-37.709396,4168
-12.781226,4169
11.528244,4170
16.856537,4171
-1.2469856,4172
-30.02377,4173
8.957828,4174
3.1243167,4175
-9.698273,4176
16.282427,4177
-28.60285,4178
-3.5610511,4179
-23.317198,4180
-18.144585,4181
-24.793236,4182
-16.599073,4183
-14.786017,4184
-15.15627,4185
9.925908,4186
-26.478224,4187
1.4858983,4188
-3.1824312,4189
-25.952532,4190
6.176299,4191
-8.187501,4192
0.7805023,4193
-13.945544,4194
14.176909,4195
-3.7420268,4196
-25.425482,4197
-24.003685,4198
3.2193034,4199
9.93053,4200
-15.113891,4201
1.2209693,4202
-16.716253,4203
1.790162,4204
-11.864074,4205
6.2931705,4206
10.58505,4207
-14.694761,4208
14.310907,4209
-24.017918,4210
-18.992865,4211
17.238937,4212
-2.073617,4213
24.266119,4214
19.499174,4215
-3.5365615,4216
9.868325,4217
-14.461111,4218
12.918365,4219
-12.051622,4220
-15.667788,4221
15.232553,4222
-10.38234,4223
-10.179634,4224
15.029539,4225
-23.371012,4226
17.859142,4227
-2.0268664,4228
9.068268,4229
8.146487,4230
6.743611,4231
-10.027032,4232
12.13658,4233
-1.7608691,4234
6.6396127,4235
9.188877,4236
-28.858202,4237
-6.7278056,4238
-21.42447,4239
11.075769,4240
-21.885483,4241
-33.809624,4242
8.58727,4243
-27.562458,4244
9.295733,4245
-14.098947,4246
-24.025711,4247
-12.364469,4248
-17.523027,4249
-32.589363,4250
11.119434,4251
-29.119236,4252
-22.42738,4253
-16.717432,4254
-21.38142,4255
16.338764,4256
23.84397,4257
-23.232096,4258
7.4967957,4259
7.7022414,4260
15.037265,4261
0.1782152,4262
-5.6947503,4263
8.44257,4264
-16.350576,4265
6.193988,4266
-23.933449,4267
9.791755,4268
-23.54315,4269
-27.449982,4270
-9.077252,4271
-44.13752,4272
-18.592962,4273
4.8609457,4274
4.9452605,4275
24.875557,4276
-16.88397,4277
-15.287069,4278
25.03851,4279
-18.3411,4280
5.9092245,4281
21.362373,4282
5.5044055,4283
-21.387224,4284
-31.10329,4285
15.386815,4286
-8.898864,4287
-21.166195,4288
7.854972,4289
-15.586001,4290
-38.34877,4291
-24.016365,4292
-8.245555,4293
-12.2029915,4294
-13.33605,4295
5.6061068,4296
-17.149113,4297
-3.5343604,4298
8.569541,4299
-8.09781,4300
8.67771,4301
1.2600105,4302
4.3186336,4303
-21.527224,4304
-21.227594,4305
11.05237,4306
16.166464,4307
-8.33049,4308
8.456465,4309
7.3905663,4310
24.510078,4311
27.592245,4312
-23.470352,4313
5.3094897,4314
-14.7598915,4315
-25.629814,4316
-34.228146,4317
5.587071,4318
-22.630892,4319
-5.504651,4320
-24.338295,4321
7.769325,4322
-19.007149,4323
17.918818,4324
2.5883226,4325
1.8387494,4326
17.91223,4327
-28.005224,4328
31.490734,4329
-43.764156,4330
-16.65943,4331
-20.908344,4332
-5.7300577,4333
14.8742695,4334
-14.087545,4335
-27.45254,4336
7.692063,4337
-4.813553,4338
11.475782,4339
-7.728287,4340
0.5228935,4341
-19.361568,4342
7.7580414,4343
12.509544,4344
20.078041,4345
-13.213395,4346
17.632748,4347
10.720083,4348
17.896078,4349
19.08198,4350
4.772896,4351
-33.84917,4352
3.9834576,4353
9.966691,4354
23.851274,4355
-10.352357,4356
-26.510921,4357
22.338123,4358
-19.681852,4359
-23.452206,4360
15.529541,4361
-24.073997,4362
-0.4464042,4363
14.144079,4364
-23.13182,4365
-4.295595,4366
-25.869759,4367
5.7839203,4368
-6.1775165,4369
9.676779,4370
-29.548744,4371
-24.393677,4372
13.363492,4373
-18.615917,4374
-22.077425,4375
-26.77418,4376
-0.20851149,4377
-24.668015,4378
-20.510769,4379
13.906905,4380
-12.818008,4381
18.1945,4382
5.0601645,4383
-29.296597,4384
24.034315,4385
20.056177,4386
-2.9747417,4387
18.151691,4388
-10.725772,4389
-5.385763,4390
3.0746214,4391
3.6608665,4392
-2.04441,4393
-0.18200855,4394
9.982004,4395
8.159148,4396
-8.645956,4397
-23.31519,4398
13.717054,4399
-19.677204,4400
-12.134428,4401
14.802567,4402
-1.7101828,4403
15.714117,4404
-0.4495133,4405
-25.690079,4406
18.41193,4407
6.0800185,4408
-14.898123,4409
10.940926,4410
-25.668495,4411
8.2182455,4412
10.363767,4413
-30.456184,4414
-21.283298,4415
7.0326495,4416
18.376877,4417
15.851994,4418
-5.630312,4419
-35.51906,4420
-18.55166,4421
-11.772217,4422
3.1941173,4423
19.259014,4424
-16.260908,4425
21.603704,4426
4.591638,4427
10.7319975,4428
-1.6111356,4429
13.157386,4430
-12.214584,4431
-25.024632,4432
-24.872143,4433
9.10243,4434
-35.303177,4435
-36.659317,4436
-22.409431,4437
20.45544,4438
22.876724,4439
25.357311,4440
-14.1164,4441
12.782627,4442
-14.424447,4443
-17.015165,4444
3.1597807,4445
30.111944,4446
-12.349928,4447
16.782225,4448
-23.554419,4449
18.774492,4450
2.0951655,4451
21.909569,4452
13.630192,4453
6.1276364,4454
27.490562,4455
-15.024048,4456
-14.0086,4457
2.9401467,4458
16.567404,4459
0.6277111,4460
17.157803,4461
14.216837,4462
12.194519,4463
17.307772,4464
3.7254162,4465
-23.848104,4466
-9.579255,4467
-10.998593,4468
11.129914,4469
7.6850147,4470
7.276191,4471
-13.844844,4472
2.3821,4473
19.113167,4474
13.320633,4475
18.033373,4476
2.2850478,4477
-26.616499,4478
9.376386,4479
12.046101,4480
-17.48459,4481
8.2076435,4482
11.322614,4483
-12.219354,4484
-0.54490304,4485
0.9064451,4486
-4.301608,4487
-12.029414,4488
-27.642998,4489
-13.344097,4490
-22.87795,4491
15.849138,4492
-18.432259,4493
-18.24639,4494
-7.818029,4495
-28.312578,4496
9.858082,4497
16.505526,4498
-30.04048,4499
2.022309,4500
4.5897064,4501
17.282133,4502
-10.085758,4503
-21.563248,4504
8.623268,4505
-25.92484,4506
5.2365837,4507
-29.767868,4508
-32.18343,4509
-4.254413,4510
-10.848889,4511
0.87136406,4512
-33.948906,4513
4.3968267,4514
13.267115,4515
22.1987,4516
10.907993,4517
25.616257,4518
-25.230652,4519
22.064486,4520
-9.54499,4521
-6.8001103,4522
10.487707,4523
-27.186638,4524
16.127047,4525
24.979664,4526
-0.54643667,4527
8.109038,4528
-20.746056,4529
20.148834,4530
9.4123,4531
7.944838,4532
2.3902097,4533
-14.942859,4534
-29.019033,4535
-20.969793,4536
9.895901,4537
4.3739367,4538
-38.78455,4539
-31.739704,4540
-18.508863,4541
-22.04123,4542
-10.797901,4543
3.026139,4544
-20.523819,4545
-17.906498,4546
3.2914517,4547
-0.533518,4548
17.920877,4549
-0.59169996,4550
9.056349,4551
-28.746195,4552
-6.203429,4553
4.078542,4554
-14.8273325,4555
-34.792595,4556
-42.509644,4557
-15.408588,4558
18.960623,4559
-25.103163,4560
-18.683655,4561
-26.547659,4562
-2.1970916,4563
-12.31867,4564
14.641994,4565
3.1803012,4566
17.959597,4567
-15.574837,4568
18.320679,4569
-14.682039,4570
-22.9876,4571
-3.141075,4572
3.422525,4573
6.002395,4574
-25.51823,4575
15.975516,4576
19.29947,4577
8.212237,4578
-20.338419,4579
11.725746,4580
-10.558201,4581
-27.959667,4582
14.269795,4583
-17.534824,4584
16.540226,4585
-24.306149,4586
-18.550095,4587
14.377957,4588
-21.105947,4589
-8.086866,4590
-19.816845,4591
-27.471554,4592
-20.291658,4593
1.5678531,4594
1.3417536,4595
6.2576523,4596
2.9081151,4597
-26.501076,4598
8.064036,4599
9.717282,4600
-9.151668,4601
-18.775372,4602
-9.862358,4603
-16.86416,4604
-14.936187,4605
-10.458485,4606
-18.021736,4607
8.897829,4608
-29.933975,4609
5.2856746,4610
2.0176568,4611
18.748648,4612
7.8226285,4613
2.4282572,4614
-27.983236,4615
-27.627447,4616
4.579834,4617
-0.8497194,4618
0.086847104,4619
4.103183,4620
-34.132526,4621
-12.423252,4622
-17.179766,4623
10.655858,4624
-13.245578,4625
17.14884,4626
-31.162464,4627
15.068745,4628
11.7617235,4629
17.972265,4630
3.5959704,4631
10.610844,4632
18.061428,4633
-0.2386644,4634
-9.820521,4635
11.312453,4636
5.7565703,4637
-0.2830971,4638
-25.383581,4639
-33.69771,4640
11.457143,4641
-24.033257,4642
-6.0810513,4643
-27.856956,4644
-4.921939,4645
-29.8928,4646
-30.240839,4647
-10.822531,4648
10.30002,4649
-16.659359,4650
-39.586422,4651
-26.072622,4652
-5.6964116,4653
19.084423,4654
3.9308698,4655
-16.921225,4656
-29.476843,4657
-11.387516,4658
-29.179892,4659
-25.330416,4660
-15.638854,4661
-34.46348,4662
5.2144394,4663
-7.890747,4664
1.9887234,4665
1.2004292,4666
-37.990005,4667
-32.648247,4668
-13.9543085,4669
-24.78046,4670
8.272677,4671
-15.750633,4672
8.972356,4673
0.76209116,4674
11.125669,4675
18.55168,4676
-26.607052,4677
7.0505724,4678
-33.234062,4679
-19.04757,4680
-32.151325,4681
-35.44567,4682
-5.556421,4683
-30.25493,4684
10.831374,4685
-5.507021,4686
14.994116,4687
-29.984652,4688
-25.740627,4689
11.13741,4690
6.4579787,4691
-5.5731206,4692
5.710764,4693
17.704138,4694
-11.967871,4695
-21.690746,4696
-15.47715,4697
8.427019,4698
4.3492594,4699
9.845653,4700
4.8703027,4701
18.45441,4702
3.378165,4703
-24.81987,4704
-37.32294,4705
6.5438294,4706
-32.871834,4707
-0.88381755,4708
-11.615283,4709
2.5677428,4710
-32.532833,4711
-18.528593,4712
-21.41151,4713
5.430862,4714
-24.434671,4715
5.2503395,4716
-0.73971635,4717
-39.02635,4718
9.105905,4719
-24.90088,4720
-13.744675,4721
3.3478246,4722
3.04454,4723
-24.436821,4724
10.560783,4725
-33.582798,4726
-20.776741,4727
-30.632078,4728
25.127584,4729
6.8956547,4730
-14.781597,4731
25.27072,4732
8.879571,4733
17.41233,4734
6.630733,4735
3.373359,4736
-9.361511,4737
-27.908363,4738
6.422772,4739
-25.435226,4740
-37.565125,4741
17.50905,4742
-18.433392,4743
28.988764,4744
1.6603886,4745
-4.8086653,4746
-5.9258394,4747
-7.818231,4748
-26.523233,4749
-5.306479,4750
8.571449,4751
-21.258781,4752
16.691992,4753
18.630713,4754
-19.708845,4755
11.723919,4756
12.668845,4757
8.9394865,4758
-27.410189,4759
24.609241,4760
-8.360532,4761
6.540256,4762
-9.259983,4763
24.85094,4764
-27.241001,4765
13.54662,4766
5.3819075,4767
12.459848,4768
14.009726,4769
10.565804,4770
-26.386345,4771
-20.83414,4772
-37.469254,4773
-17.011078,4774
-4.384174,4775
-24.28942,4776
4.8789916,4777
18.220545,4778
10.838288,4779
-34.517757,4780
-12.119471,4781
-15.653844,4782
-1.330853,4783
-43.8985,4784
-23.19339,4785
-10.799518,4786
-2.9190454,4787
-13.317998,4788
-35.617165,4789
-0.058733124,4790
-3.144195,4791
-19.190897,4792
0.24553502,4793
-5.8617945,4794
19.085213,4795
15.909286,4796
20.87721,4797
6.9615064,4798
6.4683213,4799
21.339436,4800
-26.009272,4801
10.753393,4802
-27.863832,4803
-26.405518,4804
26.045715,4805
14.675442,4806
16.850203,4807
6.9655957,4808
0.05867076,4809
4.2660303,4810
0.54784805,4811
5.702396,4812
11.290483,4813
6.9199553,4814
-5.6831255,4815
-17.539383,4816
-20.11651,4817
-25.899485,4818
8.127592,4819
15.370103,4820
-11.196848,4821
-20.487043,4822
-6.084956,4823
-6.4275074,4824
20.069082,4825
12.864492,4826
6.7582774,4827
-25.032133,4828
24.286211,4829
-2.8698547,4830
20.427286,4831
-20.355343,4832
10.284874,4833
-23.682459,4834
-17.987324,4835
-11.71524,4836
-32.021957,4837
-18.860924,4838
-19.199091,4839
-18.847345,4840
-28.067797,4841
8.684923,4842
-14.084856,4843
-39.066616,4844
5.7134094,4845
-25.395262,4846
-18.643187,4847
4.4219036,4848
-21.941025,4849
-17.142324,4850
-9.523479,4851
17.355213,4852
15.685717,4853
-1.2663457,4854
8.146048,4855
-20.22686,4856
-16.268074,4857
-28.137556,4858
-24.963324,4859
-22.402624,4860
2.3575215,4861
-13.416285,4862
-31.534445,4863
-1.1408243,4864
-9.186477,4865
-20.680984,4866
-19.50942,4867
-14.757383,4868
-5.3902855,4869
11.955773,4870
9.835972,4871
16.341991,4872
-19.026855,4873
12.200293,4874
-25.53564,4875
6.6728406,4876
8.205201,4877
-4.529696,4878
-19.697645,4879
-18.627113,4880
-21.355167,4881
4.017644,4882
-5.6483574,4883
-33.75945,4884
-27.691746,4885
-2.3085768,4886
21.789547,4887
-10.883275,4888
-18.564297,4889
6.3011074,4890
-20.600296,4891
-38.09468,4892
-22.086384,4893
-8.071635,4894
-22.253288,4895
-9.921594,4896
-12.648076,4897
-11.580005,4898
7.874367,4899
14.063297,4900
-30.435093,4901
-21.155487,4902
19.229635,4903
-12.312867,4904
-33.04148,4905
5.221799,4906
-23.606428,4907
-24.56955,4908
14.615484,4909
-15.970041,4910
11.277286,4911
-17.483833,4912
-25.857422,4913
3.3099182,4914
7.150154,4915
15.308498,4916
-28.396694,4917
-15.808197,4918
-30.427713,4919
-26.29212,4920
-18.375977,4921
-22.750647,4922
-1.4361361,4923
-36.34526,4924
-14.521382,4925
7.2150555,4926
-4.9372177,4927
16.052784,4928
-16.277344,4929
14.712531,4930
12.734323,4931
12.237041,4932
-12.183437,4933
0.9334615,4934
-20.15949,4935
-14.206243,4936
21.322546,4937
-17.600388,4938
-36.111694,4939
-7.109225,4940
-19.268606,4941
1.8836457,4942
10.099665,4943
-5.1924767,4944
-0.5439421,4945
16.084831,4946
-10.071738,4947
12.8541,4948
5.46499,4949
-0.7168498,4950
-1.8475008,4951
7.295823,4952
13.922206,4953
1.7572814,4954
9.107204,4955
10.351807,4956
21.105795,4957
4.332975,4958
15.4690485,4959
16.929218,4960
-14.974247,4961
-10.562531,4962
2.6752555,4963
-31.89207,4964
-18.967716,4965
22.918726,4966
-20.47847,4967
24.443176,4968
-9.478891,4969
-14.339309,4970
-16.851622,4971
13.143301,4972
-12.917802,4973
9.942162,4974
-19.903913,4975
-0.7639826,4976
14.8536215,4977
-2.1126153,4978
14.434251,4979
15.074681,4980
8.893944,4981
-13.934842,4982
-15.815359,4983
8.225351,4984
-20.310547,4985
2.3114848,4986
-9.392482,4987
13.54831,4988
-8.282978,4989
-11.062389,4990
-15.315825,4991
-18.044146,4992
-27.240345,4993
-1.6524885,4994
-18.880398,4995
16.493517,4996
3.9840128,4997
-12.761636,4998
-20.615229,4999
15.727742,5000
-9.19028,5001
-22.88421,5002
-20.487278,5003
6.153177,5004
-19.051035,5005
-8.8014555,5006
-20.899666,5007
-10.207467,5008
16.232042,5009
-9.6738615,5010
10.40803,5011
-23.434381,5012
-32.4556,5013
-8.622302,5014
-3.6499934,5015
21.751274,5016
-17.226524,5017
12.862454,5018
-23.71378,5019
5.247456,5020
4.765127,5021
13.587655,5022
18.902035,5023
-15.235796,5024
-8.400911,5025
-14.511775,5026
-22.331095,5027
-20.152355,5028
18.319763,5029
2.653996,5030
-24.038437,5031
16.261805,5032
-36.176746,5033
-20.536198,5034
12.2221985,5035
-6.941742,5036
-26.832693,5037
-16.99387,5038
-14.387793,5039
-1.995662,5040
-30.625204,5041
9.040932,5042
-18.98669,5043
16.575745,5044
6.713143,5045
-3.1729045,5046
8.56813,5047
15.06213,5048
-18.35498,5049
-14.559586,5050
11.367606,5051
-25.080912,5052
12.324418,5053
-24.0094,5054
-38.15809,5055
8.8762455,5056
-27.038929,5057
14.8386755,5058
-25.596842,5059
7.580073,5060
-6.1128054,5061
-13.408062,5062
9.210813,5063
-29.07866,5064
20.454453,5065
-19.29539,5066
-17.092289,5067
-29.851017,5068
1.0674876,5069
16.30362,5070
8.380836,5071
-12.985089,5072
-8.702201,5073
12.034873,5074
16.031105,5075
-14.12765,5076
15.785559,5077
-2.5688074,5078
-14.010382,5079
15.681585,5080
17.196861,5081
-3.3829336,5082
-36.556202,5083
-19.778044,5084
12.996682,5085
-33.50178,5086
4.213117,5087
15.533142,5088
17.676828,5089
8.108716,5090
6.810373,5091
-14.015385,5092
8.222371,5093
-22.576344,5094
-19.67066,5095
15.771891,5096
-6.27157,5097
5.042752,5098
-28.45014,5099
-34.168472,5100
-31.078058,5101
-14.949712,5102
10.919837,5103
11.699727,5104
13.049677,5105
-15.792754,5106
-5.4094644,5107
-9.971833,5108
-34.41478,5109
14.670524,5110
5.7521305,5111
0.79090804,5112
-0.6009389,5113
6.331175,5114
-24.009466,5115
15.273856,5116
-12.109724,5117
7.0682454,5118
-2.8598974,5119
20.55516,5120
-28.636364,5121
-13.887259,5122
-37.697193,5123
17.347246,5124
-18.697126,5125
-25.312973,5126
-13.937878,5127
9.0536175,5128
-25.218168,5129
-30.441772,5130
-40.676826,5131
-34.227024,5132
-21.614334,5133
19.020704,5134
-22.5605,5135
-16.038845,5136
8.826335,5137
6.6480346,5138
-29.331297,5139
-30.045588,5140
-11.679968,5141
14.336814,5142
20.715073,5143
-4.250506,5144
6.702911,5145
2.4189682,5146
-21.09045,5147
-26.836588,5148
-19.06136,5149
-10.486702,5150
-19.799208,5151
18.28788,5152
-16.648838,5153
-28.09701,5154
-15.93667,5155
-8.310348,5156
-3.3864834,5157
-27.97057,5158
8.173536,5159
-19.977137,5160
11.161621,5161
-25.408327,5162
2.4823534,5163
-22.732267,5164
-14.572413,5165
10.049685,5166
-10.92845,5167
-30.717052,5168
5.414923,5169
-9.476953,5170
5.3891525,5171
9.1764,5172
-17.301384,5173
-30.99274,5174
17.116398,5175
-30.963537,5176
17.891865,5177
3.108628,5178
-36.83726,5179
12.029111,5180
-25.712498,5181
9.045459,5182
-9.246698,5183
5.991452,5184
6.309983,5185
15.188035,5186
3.2746322,5187
-3.6948195,5188
23.350698,5189
11.529731,5190
-21.369574,5191
6.6887565,5192
-15.4149475,5193
-38.932568,5194
-17.69728,5195
-13.505835,5196
8.100585,5197
0.45909497,5198
-20.972874,5199
-16.547869,5200
12.2844925,5201
15.403135,5202
-17.969154,5203
-22.144032,5204
8.509123,5205
-23.788448,5206
-23.074045,5207
4.946164,5208
-12.298982,5209
-15.751135,5210
-10.355263,5211
3.641084,5212
16.357683,5213
7.6185513,5214
8.174167,5215
-20.614574,5216
10.817048,5217
-2.127069,5218
-7.3329134,5219
-34.837418,5220
-31.257383,5221
-31.607851,5222
-29.145447,5223
-2.6960986,5224
-22.43791,5225
2.3243365,5226
4.4483366,5227
-12.577968,5228
14.698661,5229
-32.31803,5230
-12.875653,5231
-17.44988,5232
-24.087309,5233
-29.347326,5234
-18.164225,5235
6.6483116,5236
-8.226168,5237
7.6380243,5238
13.81316,5239
1.6303685,5240
6.4183006,5241
9.734496,5242
-10.62886,5243
7.2044706,5244
-12.954589,5245
-28.418962,5246
-18.51799,5247
-13.698945,5248
-13.437664,5249
20.076847,5250
-28.581423,5251
-21.457146,5252
27.021835,5253
8.854114,5254
11.021759,5255
-20.399712,5256
24.544556,5257
-20.33511,5258
16.704208,5259
-23.70836,5260
20.36102,5261
-8.461274,5262
-13.157035,5263
15.521921,5264
21.54103,5265
-12.135074,5266
-22.890932,5267
5.0063543,5268
-7.139762,5269
-42.799164,5270
10.643616,5271
16.306446,5272
17.286425,5273
12.459641,5274
3.2404044,5275
-13.961381,5276
-25.881859,5277
-29.461113,5278
-17.737368,5279
-21.419874,5280
-19.508398,5281
8.938134,5282
5.049938,5283
-0.6433649,5284
0.42579457,5285
21.47069,5286
-7.17423,5287
11.766615,5288
12.301792,5289
10.265732,5290
-31.882483,5291
-12.74816,5292
-6.865642,5293
-25.670929,5294
-24.804375,5295
10.012851,5296
13.333963,5297
-11.622083,5298
-25.336552,5299
-25.587177,5300
-3.6621964,5301
-28.464188,5302
17.431396,5303
-13.11039,5304
-21.371233,5305
-17.502365,5306
20.812174,5307
0.60879374,5308
-19.845514,5309
-18.22148,5310
17.813852,5311
13.669519,5312
-26.57815,5313
15.955907,5314
13.948468,5315
-12.123343,5316
-4.7973785,5317
3.7426457,5318
3.9747696,5319
-20.449503,5320
18.938883,5321
-9.456591,5322
6.988765,5323
-17.399601,5324
11.913321,5325
16.10489,5326
-10.602863,5327
9.835559,5328
-23.208527,5329
14.13104,5330
6.2839317,5331
-10.202436,5332
-14.026924,5333
-26.198221,5334
-14.882489,5335
-16.50732,5336
5.568517,5337
2.2418926,5338
-16.858934,5339
-17.030355,5340
-7.5455465,5341
-13.271635,5342
-2.5119677,5343
9.016062,5344
-14.787789,5345
-17.301794,5346
-15.672203,5347
12.171546,5348
-28.978827,5349
9.947909,5350
-20.61349,5351
-29.273033,5352
11.477403,5353
-14.703002,5354
-2.49557,5355
27.401688,5356
7.130504,5357
17.98309,5358
1.1361914,5359
-16.216139,5360
-1.887745,5361
-25.323156,5362
-29.523787,5363
18.802967,5364
20.798754,5365
5.1868763,5366
9.239989,5367
6.319462,5368
-18.243544,5369
-15.512486,5370
-26.37542,5371
-18.445581,5372
-12.290734,5373
-47.51951,5374
-19.07695,5375
-15.585277,5376
-12.080489,5377
-26.79623,5378
2.9688287,5379
1.8664067,5380
7.086384,5381
-20.066233,5382
11.408784,5383
-2.9101422,5384
-18.865202,5385
-18.326523,5386
10.610734,5387
-18.96966,5388
-21.807219,5389
-36.520275,5390
22.024267,5391
18.468325,5392
-8.436507,5393
-19.629396,5394
15.188495,5395
9.871943,5396
17.344357,5397
18.954716,5398
-9.248706,5399
-0.34451443,5400
-10.4232435,5401
15.51988,5402
-32.385483,5403
6.1778803,5404
-17.39008,5405
11.085007,5406
-16.844555,5407
7.3537555,5408
-19.40915,5409
-14.020537,5410
-26.380003,5411
-17.06409,5412
6.3079677,5413
-17.890701,5414
7.585432,5415
-26.277283,5416
11.076148,5417
15.4320965,5418
10.256826,5419
-32.298515,5420
14.068558,5421
10.09868,5422
-0.23205248,5423
27.815033,5424
-1.6858836,5425
28.22698,5426
0.22158618,5427
-28.423315,5428
-25.429945,5429
4.6490693,5430
3.5446465,5431
-24.40885,5432
-32.170654,5433
-6.44011,5434
-33.4201,5435
2.3198037,5436
-35.504566,5437
-11.635405,5438
19.827457,5439
-32.442486,5440
6.960199,5441
-21.086956,5442
-19.765314,5443
-22.41018,5444
-15.223541,5445
22.704409,5446
-8.607373,5447
-23.751753,5448
22.372473,5449
26.260656,5450
-8.950694,5451
7.734141,5452
2.400701,5453
14.017037,5454
4.9360476,5455
-22.028564,5456
-2.2799234,5457
12.710156,5458
3.8898757,5459
2.6457338,5460
-22.954882,5461
-28.448122,5462
12.4154625,5463
6.7607036,5464
10.594183,5465
-18.339209,5466
-30.179388,5467
4.7408605,5468
-23.85681,5469
11.065113,5470
16.548897,5471
-23.456114,5472
8.595108,5473
-15.049529,5474
-13.227811,5475
18.098553,5476
5.788385,5477
-16.497547,5478
1.8271631,5479
-7.2567625,5480
-11.050771,5481
-14.996138,5482
-35.18595,5483
-26.107859,5484
21.878155,5485
-9.601152,5486
-22.31919,5487
-16.433737,5488
31.355923,5489
-17.126314,5490
8.610041,5491
-23.249783,5492
13.396891,5493
2.022819,5494
-16.378235,5495
-9.006644,5496
-22.62166,5497
-12.528005,5498
17.34581,5499
-23.39613,5500
-24.53546,5501
9.379896,5502
-29.651646,5503
2.6445043,5504
-16.071396,5505
21.166035,5506
-6.884295,5507
-23.399874,5508
1.7500802,5509
-22.966032,5510
-20.372581,5511
-23.549725,5512
9.160411,5513
2.5127125,5514
11.430856,5515
-16.925201,5516
12.385679,5517
1.0183762,5518
23.925484,5519
1.8826672,5520
-13.843897,5521
4.040594,5522
-8.999131,5523
16.221151,5524
15.701692,5525
-16.122091,5526
-12.799517,5527
-15.118424,5528
1.1347646,5529
-16.05083,5530
9.054465,5531
-39.25231,5532
-2.1301453,5533
-12.802236,5534
-23.970427,5535
-33.321304,5536
-3.667622,5537
4.625323,5538
13.197704,5539
-9.046194,5540
21.24835,5541
28.292324,5542
11.734295,5543
9.330516,5544
12.745314,5545
3.936692,5546
1.8547794,5547
7.5576754,5548
-28.738285,5549
-21.467123,5550
-3.4453242,5551
-11.735817,5552
8.384208,5553
21.070093,5554
-14.692385,5555
17.930717,5556
13.970078,5557
20.692137,5558
-18.977758,5559
-19.741245,5560
-12.094674,5561
19.428282,5562
14.296981,5563
-13.325838,5564
-23.087343,5565
-27.769672,5566
-11.280437,5567
17.189507,5568
19.011839,5569
-2.5570066,5570
-20.397568,5571
-29.660233,5572
5.802488,5573
-10.481304,5574
12.1854105,5575
5.4342794,5576
3.5849736,5577
10.055568,5578
-44.425846,5579
7.812584,5580
2.2990792,5581
7.8983316,5582
16.787169,5583
10.608611,5584
-6.439284,5585
-37.3739,5586
-18.250395,5587
-25.162586,5588
7.937841,5589
-19.127523,5590
-26.89353,5591
-22.087717,5592
0.6913472,5593
10.770634,5594
30.350685,5595
-4.182895,5596
-22.641232,5597
-16.576054,5598
-8.900666,5599
-26.92709,5600
-14.486087,5601
-24.130161,5602
3.5098455,5603
-15.331193,5604
-25.411911,5605
-17.210491,5606
-28.007498,5607
12.609966,5608
-14.327037,5609
9.806937,5610
5.287356,5611
-2.5730357,5612
-33.82419,5613
21.037167,5614
11.665994,5615
13.581944,5616
-22.475018,5617
-17.93513,5618
8.663049,5619
-9.028044,5620
-28.694624,5621
-34.542095,5622
-22.339354,5623
-17.164507,5624
14.204072,5625
-0.6489979,5626
-12.738005,5627
4.632498,5628
3.6802034,5629
-9.530153,5630
-11.024276,5631
-29.86541,5632
-29.697227,5633
2.760439,5634
-18.332718,5635
-22.821178,5636
6.4863653,5637
-35.0601,5638
-11.530362,5639
-23.031208,5640
3.1686432,5641
-22.340635,5642
20.548191,5643
19.468662,5644
-22.193476,5645
7.973014,5646
4.9887376,5647
5.2688265,5648
-20.40712,5649
-15.042526,5650
-26.938324,5651
-31.438103,5652
-27.387676,5653
19.336216,5654
-5.8793263,5655
-30.435286,5656
16.374643,5657
12.0940075,5658
16.047777,5659
13.597522,5660
9.587645,5661
-17.164263,5662
-3.0010302,5663
-12.927732,5664
-14.838248,5665
16.573778,5666
-25.250715,5667
22.470879,5668
-26.330338,5669
-16.877018,5670
8.948528,5671
4.888167,5672
4.21922,5673
-30.817581,5674
-10.068538,5675
-25.635866,5676
-15.472585,5677
-13.35175,5678
-23.244328,5679
-3.1426282,5680
-16.996626,5681
-34.326553,5682
2.7800996,5683
-41.265404,5684
-17.978905,5685
-19.843628,5686
0.18059757,5687
23.072367,5688
-33.128426,5689
13.639295,5690
13.750689,5691
18.92875,5692
-20.442652,5693
-16.588226,5694
13.195916,5695
8.791598,5696
12.186237,5697
13.297174,5698
-6.8855853,5699
-44.72293,5700
-25.964714,5701
-15.536255,5702
5.8933144,5703
22.561146,5704
-1.6891549,5705
-21.396599,5706
-4.8341465,5707
14.169101,5708
-21.748026,5709
-20.915796,5710
14.557406,5711
-5.0366535,5712
4.2728133,5713
-39.262627,5714
7.2171288,5715
-8.780196,5716
6.289373,5717
-14.503113,5718
-18.233095,5719
-12.824797,5720
7.0032954,5721
22.262707,5722
-28.336397,5723
13.074042,5724
14.776935,5725
-4.697822,5726
6.3516235,5727
19.102888,5728
-7.272455,5729
-3.1564274,5730
-15.529207,5731
1.8353199,5732
15.743034,5733
6.035101,5734
6.3739486,5735
-4.8908477,5736
18.210764,5737
4.739844,5738
12.259077,5739
-7.6643634,5740
8.503742,5741
8.914935,5742
4.2198186,5743
1.1603078,5744
8.003331,5745
-23.954046,5746
11.557286,5747
-26.318583,5748
14.069633,5749
12.788873,5750
2.1096656,5751
-14.896465,5752
-2.1960022,5753
7.958559,5754
-16.21233,5755
17.20809,5756
14.087171,5757
-6.3092394,5758
-22.71285,5759
12.737711,5760
-29.543589,5761
2.1396496,5762
-4.9148526,5763
-28.731073,5764
-14.4032545,5765
-36.347527,5766
-14.658393,5767
-10.764928,5768
-12.930187,5769
-23.461716,5770
-35.75371,5771
-29.241194,5772
-1.2258716,5773
-6.1485662,5774
-33.82644,5775
-10.973467,5776
-23.99105,5777
-10.186992,5778
4.437715,5779
-14.704739,5780
19.37979,5781
16.007456,5782
-16.615211,5783
3.7527964,5784
-29.401266,5785
-12.993214,5786
-43.33587,5787
13.752296,5788
-18.3803,5789
19.247427,5790
18.347727,5791
-24.093754,5792
20.02889,5793
-16.244463,5794
-19.083616,5795
18.163084,5796
2.2560363,5797
6.6659765,5798
8.337348,5799
-16.592598,5800
-18.910608,5801
-8.372959,5802
-22.648064,5803
-40.32483,5804
7.488469,5805
12.48814,5806
-20.359615,5807
23.856997,5808
14.924552,5809
16.684258,5810
-15.567948,5811
-8.715126,5812
-5.8884287,5813
-28.256893,5814
-25.7774,5815
-19.084091,5816
-20.972942,5817
22.009678,5818
-29.465935,5819
7.193952,5820
16.58969,5821
-27.46491,5822
-28.986181,5823
9.364011,5824
-15.11572,5825
-0.04967594,5826
18.001451,5827
-34.30052,5828
-19.86259,5829
8.882468,5830
11.204271,5831
-25.85289,5832
12.925118,5833
-31.285702,5834
-31.881735,5835
-17.731787,5836
7.8788934,5837
-27.000296,5838
-26.576021,5839
6.0548043,5840
11.998605,5841
11.091723,5842
17.675377,5843
-41.323204,5844
0.2691674,5845
-22.429762,5846
13.392674,5847
-35.609398,5848
-10.624459,5849
-15.964799,5850
-25.036106,5851
-21.291033,5852
19.180323,5853
-9.31508,5854
0.07067768,5855
-31.39335,5856
7.48285,5857
21.32095,5858
-33.042957,5859
-1.1881083,5860
10.855661,5861
-0.32814795,5862
6.7662973,5863
-15.237815,5864
-16.587692,5865
-15.715045,5866
-21.313223,5867
-20.46523,5868
-22.741632,5869
-23.4619,5870
-19.287775,5871
-27.23445,5872
-24.706394,5873
-24.626123,5874
-30.283052,5875
-15.5789795,5876
-10.896939,5877
4.2985044,5878
23.304193,5879
-24.267694,5880
9.865295,5881
6.534286,5882
19.89489,5883
-17.527328,5884
-2.69437,5885
-5.9452443,5886
-35.33109,5887
17.23807,5888
16.160774,5889
17.567596,5890
11.082311,5891
1.6260084,5892
-30.061115,5893
10.800279,5894
12.781645,5895
1.8861029,5896
-26.036234,5897
-16.11391,5898
13.164304,5899
-15.042972,5900
4.368009,5901
18.652405,5902
4.989133,5903
-20.612411,5904
3.892609,5905
5.286214,5906
6.9189453,5907
15.367131,5908
16.639128,5909
10.253646,5910
23.551575,5911
20.411495,5912
7.799247,5913
-22.593454,5914
13.718142,5915
-15.295676,5916
-12.568395,5917
25.821161,5918
-9.265528,5919
1.2372998,5920
3.0748632,5921
-30.411016,5922
8.871681,5923
-3.415764,5924
-18.133347,5925
4.52198,5926
-19.016516,5927
-7.155443,5928
-20.747292,5929
-12.461447,5930
-17.27458,5931
23.52684,5932
-41.179996,5933
-22.964039,5934
-19.4272,5935
20.56137,5936
-21.564293,5937
-8.7489805,5938
-9.362742,5939
-23.391117,5940
-0.6203862,5941
15.732336,5942
19.682674,5943
8.282395,5944
-23.0656,5945
-7.8136,5946
-17.158218,5947
-5.6584287,5948
-21.30203,5949
3.7261012,5950
-6.392457,5951
-4.233142,5952
-13.9981365,5953
-17.958433,5954
-8.484852,5955
13.327482,5956
-4.7961884,5957
-19.642694,5958
15.4318075,5959
-31.331953,5960
11.6655035,5961
-14.031092,5962
5.433756,5963
0.43784896,5964
-22.10409,5965
16.461597,5966
-6.551406,5967
-19.987955,5968
-16.12519,5969
-8.93698,5970
-17.756105,5971
7.2771087,5972
5.1187577,5973
1.442712,5974
-11.070861,5975
6.7909956,5976
0.025535353,5977
-13.515269,5978
17.658203,5979
7.4284105,5980
13.275016,5981
-15.20798,5982
8.264008,5983
9.070179,5984
12.359793,5985
19.108845,5986
9.542228,5987
9.124961,5988
-17.273602,5989
-18.526907,5990
5.898214,5991
-16.795889,5992
9.014129,5993
-12.767782,5994
-14.596451,5995
-26.709826,5996
-3.1144073,5997
-8.520957,5998
15.194338,5999
-7.829012,6000
-7.152741,6001
-16.416838,6002
-31.0535,6003
-25.867416,6004
-7.3543267,6005
-1.9766366,6006
7.9175935,6007
30.942553,6008
1.6011461,6009
15.258636,6010
-9.6959095,6011
-13.065869,6012
-32.835766,6013
-30.155977,6014
-34.869038,6015
-13.736871,6016
11.784286,6017
-34.913746,6018
-13.983624,6019
-41.84773,6020
-7.3094735,6021
-29.8945,6022
-8.852228,6023
-29.25937,6024
-25.181875,6025
-32.804214,6026
18.002316,6027
17.673788,6028
-8.866144,6029
3.9773412,6030
11.458458,6031
19.83247,6032
-6.689213,6033
-18.670332,6034
23.774492,6035
6.441175,6036
-30.056087,6037
16.23082,6038
16.297861,6039
-11.731666,6040
-31.118034,6041
3.4711425,6042
-9.069291,6043
-2.6527126,6044
-9.837076,6045
5.5088773,6046
10.230953,6047
-11.372789,6048
14.598794,6049
4.346602,6050
6.9064107,6051
-0.23847193,6052
-28.905178,6053
14.459455,6054
6.5770874,6055
-10.989834,6056
3.377374,6057
-23.392912,6058
-25.726168,6059
-17.989258,6060
-8.8891325,6061
2.6018388,6062
4.1755257,6063
23.137657,6064
-18.727001,6065
15.195656,6066
-9.228877,6067
-16.610537,6068
-21.19013,6069
-25.238087,6070
-29.875774,6071
5.0970373,6072
20.507542,6073
5.2926407,6074
-29.18566,6075
-9.468824,6076
-22.2341,6077
14.751118,6078
-2.5245945,6079
-1.1832756,6080
4.7465453,6081
12.18237,6082
-30.096834,6083
-25.42778,6084
11.362548,6085
0.14281881,6086
-9.824634,6087
24.927588,6088
3.3514552,6089
-2.7755396,6090
-14.257577,6091
8.42391,6092
-28.580776,6093
20.148092,6094
-12.652041,6095
10.502231,6096
6.124136,6097
2.2902594,6098
16.95399,6099
5.5992036,6100
19.071808,6101
1.3504972,6102
-26.88728,6103
-8.093222,6104
-27.791248,6105
-25.655449,6106
20.766193,6107
-1.6586795,6108
6.3641896,6109
-7.0558333,6110
-18.635736,6111
3.8407311,6112
-15.114429,6113
14.977501,6114
-9.323182,6115
-1.865537,6116
-12.1985445,6117
-20.89055,6118
13.34746,6119
15.55441,6120
-16.332592,6121
7.0601635,6122
-2.022733,6123
-24.707329,6124
-20.444502,6125
-6.1473637,6126
-22.707201,6127
-16.668558,6128
-24.898727,6129
3.0208535,6130
16.952406,6131
-13.316664,6132
-42.745052,6133
4.4207964,6134
16.768867,6135
-16.88425,6136
-18.069984,6137
-22.705921,6138
-12.317197,6139
4.1351256,6140
17.59676,6141
14.5308075,6142
10.264143,6143
-18.526104,6144
17.660202,6145
6.122003,6146
-29.844088,6147
-28.001213,6148
0.99642307,6149
20.780474,6150
-14.961382,6151
-29.161245,6152
5.9309616,6153
23.585114,6154
-27.458761,6155
-7.7292094,6156
-21.295355,6157
-23.657042,6158
-10.290445,6159
-31.669785,6160
-19.330305,6161
-13.029186,6162
-14.559073,6163
13.787702,6164
-11.573464,6165
-17.821331,6166
-19.160288,6167
4.054707,6168
-10.936685,6169
21.345284,6170
11.7134695,6171
14.048302,6172
10.486907,6173
-2.228841,6174
-8.047785,6175
1.9820908,6176
22.407377,6177
12.525114,6178
-12.398448,6179
12.943488,6180
-32.55901,6181
1.5601466,6182
-23.784876,6183
26.488384,6184
22.072458,6185
-14.772802,6186
12.704811,6187
-20.846148,6188
-27.726933,6189
-1.7168529,6190
4.4340377,6191
14.212322,6192
13.76481,6193
9.655064,6194
5.891377,6195
-17.590555,6196
26.989183,6197
-17.010351,6198
-10.355604,6199
12.663189,6200
-19.970491,6201
9.843035,6202
21.362951,6203
-22.40911,6204
-20.806654,6205
15.549915,6206
16.040121,6207
11.28796,6208
-14.349069,6209
-19.638653,6210
-18.946178,6211
6.592197,6212
2.571072,6213
11.864951,6214
-29.3859,6215
-6.945498,6216
-19.742682,6217
-22.98297,6218
-17.417868,6219
-12.862928,6220
5.008585,6221
-12.730064,6222
-13.704303,6223
-14.964594,6224
17.737354,6225
11.846377,6226
5.2853136,6227
-24.885485,6228
-19.20693,6229
-1.6893778,6230
7.238163,6231
-10.135448,6232
7.098495,6233
7.944035,6234
-28.674213,6235
6.508485,6236
-18.249247,6237
17.036682,6238
-15.859538,6239
-2.4877229,6240
-2.2275062,6241
-6.4092736,6242
5.0538936,6243
4.4764967,6244
20.440632,6245
-19.23718,6246
-26.220003,6247
3.792024,6248
7.2317677,6249
7.1721725,6250
-41.207085,6251
-29.17754,6252
-7.180695,6253
-18.771673,6254
-12.197024,6255
14.767444,6256
-17.448677,6257
1.3180016,6258
6.9425387,6259
22.165682,6260
-29.252222,6261
11.585107,6262
12.097452,6263
-14.148069,6264
4.354282,6265
4.424812,6266
11.841085,6267
-16.611221,6268
-7.5819125,6269
7.411687,6270
-19.071892,6271
-4.675941,6272
12.36132,6273
-22.314327,6274
-15.063557,6275
4.401237,6276
-21.462194,6277
18.455732,6278
2.433713,6279
-0.73616177,6280
-19.267382,6281
12.004175,6282
-20.026445,6283
15.303643,6284
22.810091,6285
18.040956,6286
-28.284405,6287
3.9642618,6288
-30.74128,6289
-6.5383005,6290
15.334452,6291
6.8105054,6292
13.511379,6293
-12.022837,6294
-18.945625,6295
-20.34283,6296
8.01023,6297
-17.863796,6298
-18.775862,6299
-17.074198,6300
12.898084,6301
-13.757846,6302
-16.337158,6303
-9.193603,6304
-25.221071,6305
-17.713282,6306
-12.899869,6307
-22.538544,6308
-5.6385837,6309
-6.271795,6310
7.693108,6311
-28.33422,6312
-9.788566,6313
7.0592875,6314
-24.622242,6315
-15.394388,6316
-3.9125803,6317
-30.161667,6318
-35.165318,6319
11.923656,6320
-8.085268,6321
13.790795,6322
-27.635122,6323
-11.729026,6324
-31.667774,6325
-18.646925,6326
3.2848406,6327
9.96372,6328
2.3938057,6329
-21.414837,6330
-22.18348,6331
-2.5768044,6332
-37.948208,6333
-3.1881032,6334
-35.331787,6335
-10.840198,6336
5.007663,6337
9.6807995,6338
-18.340055,6339
-25.0133,6340
-19.179287,6341
-7.801704,6342
3.5863013,6343
19.169218,6344
-21.313997,6345
-24.246239,6346
18.74797,6347
-34.027283,6348
10.524121,6349
-20.739643,6350
-22.326746,6351
-13.763703,6352
-15.616368,6353
-12.487717,6354
23.832071,6355
-22.612028,6356
24.444668,6357
1.545744,6358
22.385767,6359
5.147002,6360
5.3261127,6361
-27.832384,6362
1.7836511,6363
14.634052,6364
-18.469246,6365
-13.014038,6366
-4.7431054,6367
-12.826786,6368
12.121586,6369
-7.4062953,6370
-0.17904234,6371
16.145464,6372
2.2022572,6373
-3.871838,6374
4.8063965,6375
-9.0300865,6376
-28.17522,6377
13.401224,6378
-9.021856,6379
-12.925524,6380
-11.744373,6381
-3.1688874,6382
-12.508584,6383
24.412146,6384
8.342465,6385
18.333029,6386
-21.332657,6387
-13.989398,6388
3.6205094,6389
-23.031752,6390
6.7279124,6391
3.5535536,6392
-25.107311,6393
-34.77736,6394
14.8823185,6395
-11.13274,6396
8.358003,6397
-9.154474,6398
0.44672757,6399
-6.50218,6400
14.329077,6401
-0.8364607,6402
13.603091,6403
-20.74586,6404
7.8744683,6405
-19.970713,6406
-12.687595,6407
19.303064,6408
-28.270061,6409
17.301668,6410
-9.150395,6411
6.524369,6412
19.172695,6413
7.9864793,6414
12.245405,6415
-10.02148,6416
7.760014,6417
15.036929,6418
-14.6400585,6419
-20.75478,6420
-5.088888,6421
-2.2461486,6422
-6.914513,6423
-13.018486,6424
-10.981124,6425
-17.624414,6426
10.303557,6427
-17.327635,6428
-22.206451,6429
19.489296,6430
11.810347,6431
-14.9074135,6432
-18.888735,6433
-41.287945,6434
-19.872458,6435
7.1469965,6436
18.955175,6437
8.439189,6438
9.272438,6439
-27.900969,6440
9.873292,6441
-10.45109,6442
-32.21726,6443
-8.183224,6444
-10.9799,6445
-14.658282,6446
-15.520368,6447
6.4875183,6448
-25.327553,6449
-6.522609,6450
23.192831,6451
23.528065,6452
12.010166,6453
-29.37093,6454
-17.83602,6455
-10.477435,6456
-24.740976,6457
-25.12053,6458
-33.609207,6459
19.970173,6460
-3.929173,6461
-9.786634,6462
-14.443877,6463
-18.766264,6464
-17.7649,6465
-29.8741,6466
7.127118,6467
-5.2956166,6468
-13.161156,6469
-15.7319,6470
13.508023,6471
8.315363,6472
-5.79715,6473
15.711985,6474
8.219831,6475
10.259424,6476
-37.5422,6477
22.513235,6478
-10.021369,6479
-14.575143,6480
-23.292017,6481
-17.395073,6482
9.458687,6483
7.840704,6484
-20.550476,6485
-31.964983,6486
-6.9798164,6487
8.489684,6488
-21.057505,6489
-16.948458,6490
11.675843,6491
-24.641834,6492
1.8795714,6493
-6.808885,6494
17.533463,6495
-26.451553,6496
-19.96751,6497
-22.038153,6498
-37.81846,6499
20.066553,6500
6.021676,6501
-0.041338723,6502
13.103302,6503
-24.010704,6504
4.606899,6505
-31.564125,6506
6.1355224,6507
-24.58059,6508
8.25858,6509
-25.69087,6510
-15.840088,6511
-15.289834,6512
-28.630579,6513
15.08916,6514
11.619192,6515
-16.24387,6516
11.07742,6517
-1.0988531,6518
-22.464993,6519
-29.842516,6520
-20.666769,6521
-27.120855,6522
-35.02904,6523
-20.834385,6524
-16.876293,6525
15.630016,6526
-24.72434,6527
-8.48961,6528
-25.941933,6529
15.243981,6530
12.067704,6531
-15.484728,6532
-7.957331,6533
11.391254,6534
12.508558,6535
-37.10664,6536
16.733957,6537
-20.937168,6538
-20.690222,6539
16.745949,6540
-9.727263,6541
22.211983,6542
-12.716181,6543
-15.423609,6544
-32.46547,6545
-29.78814,6546
-40.10511,6547
-26.554401,6548
9.429162,6549
-10.780368,6550
-17.950678,6551
6.807976,6552
-0.0012342838,6553
13.692429,6554
-20.342926,6555
2.938532,6556
-9.388088,6557
7.147669,6558
-18.516327,6559
22.002062,6560
-7.4418163,6561
6.520529,6562
3.124479,6563
17.45488,6564
8.099656,6565
-24.146118,6566
5.072264,6567
-23.89673,6568
3.2138786,6569
-31.95215,6570
-23.74427,6571
15.241908,6572
22.36675,6573
-7.267141,6574
-29.582367,6575
-9.978654,6576
14.584103,6577
5.565626,6578
2.7560146,6579
-21.60779,6580
2.785655,6581
-6.865254,6582
-18.693655,6583
-26.598194,6584
9.677375,6585
-11.215771,6586
-24.95071,6587
9.166509,6588
8.587558,6589
8.1860485,6590
-15.647606,6591
-17.258934,6592
-13.726806,6593
-36.739082,6594
4.8026867,6595
-7.887115,6596
-11.246212,6597
-0.042822495,6598
-16.708023,6599
5.582845,6600
-2.6333237,6601
24.15843,6602
8.935738,6603
-21.751986,6604
-3.5360432,6605
10.532325,6606
-17.036594,6607
5.658172,6608
-21.621311,6609
-21.977835,6610
-14.3821,6611
-2.2258906,6612
-23.78863,6613
11.693594,6614
2.72795,6615
-37.088356,6616
-18.072062,6617
-21.730726,6618
-21.008862,6619
21.957613,6620
-3.9381783,6621
-37.557205,6622
-27.23551,6623
-13.177777,6624
-15.045551,6625
-29.90597,6626
-10.317424,6627
-25.16722,6628
-1.9704902,6629
-29.067877,6630
-14.510741,6631
11.070441,6632
11.212187,6633
-23.767416,6634
-24.38828,6635
4.2617073,6636
5.492812,6637
13.128049,6638
11.603662,6639
-1.494481,6640
18.112532,6641
-33.538822,6642
9.569093,6643
-6.383499,6644
3.7336476,6645
20.412577,6646
1.7140048,6647
-6.9715915,6648
6.737329,6649
20.707254,6650
-16.648676,6651
-10.006197,6652
-0.75755423,6653
6.4015403,6654
11.612291,6655
8.509212,6656
-17.793344,6657
11.936332,6658
-12.617409,6659
-20.261255,6660
13.807029,6661
0.10238335,6662
0.44596633,6663
11.988386,6664
24.067472,6665
-21.992456,6666
6.8459735,6667
-18.699535,6668
-10.914263,6669
-19.721962,6670
-8.993167,6671
-1.1120704,6672
5.738194,6673
-30.999445,6674
17.99482,6675
-14.574556,6676
-12.37268,6677
13.257316,6678
-16.65785,6679
-4.6288886,6680
-7.3754945,6681
-26.753355,6682
-9.766244,6683
-26.189539,6684
-13.0764065,6685
-27.380236,6686
-1.0899832,6687
-26.066538,6688
24.197674,6689
-22.996582,6690
-25.744968,6691
-30.342361,6692
-12.009857,6693
-16.72824,6694
-14.652858,6695
17.06871,6696
-7.0844483,6697
24.82975,6698
-26.227594,6699
-12.051877,6700
-15.187161,6701
-17.286629,6702
2.0533974,6703
-24.810951,6704
8.004002,6705
-21.525324,6706
9.815371,6707
4.648418,6708
8.894671,6709
-25.63409,6710
9.604538,6711
1.9691006,6712
-24.31541,6713
13.066539,6714
-12.084932,6715
8.834558,6716
-13.598097,6717
5.0127735,6718
-22.506603,6719
-37.2454,6720
-11.684217,6721
-13.178338,6722
-25.704624,6723
-29.14145,6724
-16.525328,6725
-23.364687,6726
-17.788197,6727
11.572758,6728
-3.9423692,6729
-8.170943,6730
-17.321234,6731
19.68619,6732
-22.472725,6733
0.85560286,6734
-21.05739,6735
7.170222,6736
4.1303854,6737
3.0101707,6738
-2.16995,6739
9.621855,6740
-21.594814,6741
16.10187,6742
1.9094543,6743
-24.122894,6744
-28.670696,6745
-26.589668,6746
-14.534109,6747
-29.67889,6748
-24.464975,6749
16.057358,6750
13.912687,6751
3.9461613,6752
-31.383383,6753
-18.349508,6754
17.227636,6755
9.733924,6756
-12.88928,6757
-1.2647897,6758
-49.7287,6759
-25.318369,6760
-15.751307,6761
-35.32621,6762
-7.8461275,6763
3.5705268,6764
8.319456,6765
27.962463,6766
1.8577282,6767
-30.058426,6768
19.63922,6769
-14.815762,6770
2.4739048,6771
-34.04064,6772
16.660791,6773
-8.700721,6774
3.7350338,6775
15.369107,6776
-23.427732,6777
14.063506,6778
-21.49319,6779
-8.658155,6780
4.092965,6781
-23.045681,6782
10.500056,6783
18.762072,6784
23.37464,6785
23.070795,6786
-42.45978,6787
-33.005974,6788
-14.3007345,6789
-15.595351,6790
-12.233904,6791
7.1593466,6792
5.5148287,6793
13.796579,6794
15.59886,6795
-17.631842,6796
-13.968422,6797
-0.95523703,6798
-2.9034743,6799
-18.349546,6800
16.167994,6801
13.165093,6802
8.496219,6803
11.719025,6804
14.309366,6805
-12.53591,6806
-16.048557,6807
-5.929552,6808
-19.664186,6809
8.324395,6810
-2.7688282,6811
-19.280544,6812
-15.096696,6813
23.887203,6814
-7.042179,6815
-12.577593,6816
7.644495,6817
22.130522,6818
1.352898,6819
-15.980138,6820
-15.449153,6821
-18.462116,6822
3.9674778,6823
4.234426,6824
2.0227745,6825
9.028157,6826
2.731759,6827
18.661444,6828
-11.006552,6829
-27.926994,6830
-12.119664,6831
-30.521032,6832
17.460457,6833
11.595313,6834
-27.864511,6835
10.419869,6836
8.201454,6837
-48.892254,6838
1.2903888,6839
-18.920547,6840
3.2947462,6841
1.4844183,6842
-15.718601,6843
-19.164639,6844
14.778514,6845
-23.213562,6846
-17.898987,6847
-17.7158,6848
10.453595,6849
2.3326695,6850
-32.449146,6851
-17.542425,6852
-6.176436,6853
-14.980461,6854
-25.569374,6855
-23.83747,6856
-7.7244434,6857
-21.489105,6858
24.923433,6859
-33.512344,6860
11.913869,6861
-16.577282,6862
14.085534,6863
-5.89222,6864
19.853533,6865
-16.920332,6866
6.829068,6867
-24.29123,6868
2.960024,6869
-15.412717,6870
-37.86264,6871
-13.663556,6872
-18.042255,6873
-23.577372,6874
7.5966043,6875
-3.9740345,6876
17.169317,6877
-29.398726,6878
19.61479,6879
21.061474,6880
-8.281402,6881
12.490728,6882
-32.740803,6883
15.138279,6884
11.407856,6885
-32.143013,6886
-21.30588,6887
-14.082871,6888
-25.795837,6889
3.4869378,6890
-16.573221,6891
7.321478,6892
-25.553392,6893
7.0226946,6894
8.750957,6895
13.471244,6896
-5.9258385,6897
14.747853,6898
-25.425974,6899
5.9978285,6900
3.9317997,6901
-18.298681,6902
-18.285572,6903
-23.061535,6904
-25.9707,6905
-2.953615,6906
-35.33771,6907
-13.813306,6908
-19.743345,6909
-21.415918,6910
6.715286,6911
4.0352917,6912
-12.181994,6913
-18.225029,6914
20.518711,6915
-32.64675,6916
15.3673115,6917
-17.267908,6918
-32.20093,6919
15.216302,6920
17.020945,6921
-8.623667,6922
-2.2089305,6923
-11.512113,6924
22.32666,6925
-20.182661,6926
2.6651397,6927
20.687962,6928
-30.06534,6929
-1.8647922,6930
-22.344458,6931
19.210024,6932
-22.753061,6933
11.158247,6934
20.481379,6935
-14.583908,6936
12.257905,6937
8.909562,6938
-0.42602217,6939
-32.73678,6940
-18.65188,6941
13.131539,6942
8.432527,6943
15.8079,6944
-17.930187,6945
0.73524565,6946
9.571981,6947
-13.821454,6948
-2.5344126,6949
5.9348764,6950
22.729372,6951
10.519155,6952
-33.218803,6953
23.174816,6954
-18.522041,6955
-20.819813,6956
-24.803513,6957
-18.101406,6958
-37.301556,6959
-13.232984,6960
21.71273,6961
15.325549,6962
3.9786253,6963
-14.644186,6964
-40.598915,6965
8.117883,6966
2.1553497,6967
11.535306,6968
-10.432742,6969
24.359543,6970
-5.334012,6971
21.008535,6972
11.684736,6973
-17.14565,6974
2.5007055,6975
18.135427,6976
22.68958,6977
15.310118,6978
-28.509354,6979
8.10223,6980
-30.330055,6981
-17.980494,6982
-22.950434,6983
0.8134978,6984
10.806616,6985
11.373704,6986
5.3160377,6987
-5.239802,6988
10.668165,6989
0.9274945,6990
7.595924,6991
2.6725528,6992
10.8267565,6993
-31.253433,6994
-17.238045,6995
-20.356707,6996
6.21064,6997
-21.489182,6998
-9.809581,6999
-45.625957,7000
10.302869,7001
29.486238,7002
14.157733,7003
-23.80252,7004
6.7010117,7005
-19.618044,7006
-13.16862,7007
18.599825,7008
15.304329,7009
-10.507794,7010
-11.047504,7011
8.01185,7012
17.919296,7013
10.041552,7014
9.498606,7015
-14.169693,7016
9.9038725,7017
15.783163,7018
4.5661745,7019
6.051505,7020
-3.5021493,7021
-14.507146,7022
19.462511,7023
2.388303,7024
-33.559425,7025
5.511401,7026
-18.061058,7027
-26.688393,7028
24.835138,7029
17.92602,7030
4.0728254,7031
-26.71166,7032
-20.875992,7033
4.264308,7034
-15.661692,7035
-6.5471325,7036
-29.807737,7037
-5.2099094,7038
8.796505,7039
-12.049037,7040
15.210324,7041
-7.4675617,7042
-12.522978,7043
24.48746,7044
-11.587147,7045
14.633162,7046
-15.608357,7047
-12.988291,7048
13.740726,7049
4.7377625,7050
-4.9289546,7051
-22.526152,7052
6.7621384,7053
-19.795118,7054
-13.741494,7055
9.982306,7056
-9.540374,7057
8.941584,7058
-1.9871113,7059
-13.811871,7060
-13.069677,7061
-30.03331,7062
-22.308825,7063
-9.389454,7064
19.248838,7065
-3.2228763,7066
-8.417438,7067
15.665686,7068
29.56139,7069
-36.07707,7070
13.796349,7071
17.347584,7072
14.874956,7073
-14.10506,7074
20.665913,7075
-20.311264,7076
-12.918232,7077
2.0736792,7078
4.59853,7079
-24.38475,7080
17.93604,7081
-13.015352,7082
6.355503,7083
-16.41614,7084
-2.9329123,7085
9.515276,7086
-13.978697,7087
3.1609924,7088
1.0593561,7089
-28.841177,7090
-13.080668,7091
5.284124,7092
-19.780096,7093
9.048529,7094
-16.956581,7095
-24.052011,7096
12.888038,7097
9.196856,7098
-13.685883,7099
14.709729,7100
-37.66331,7101
13.727144,7102
-21.566137,7103
-24.265865,7104
7.6369276,7105
15.507213,7106
1.7535838,7107
-14.231884,7108
3.6947982,7109
-21.69965,7110
-27.363409,7111
7.237429,7112
19.949173,7113
-10.271088,7114
-23.18344,7115
16.4608,7116
-5.381005,7117
-18.791498,7118
-1.9736159,7119
16.133171,7120
-26.95717,7121
-23.203485,7122
5.345259,7123
-27.972357,7124
20.917572,7125
-32.68108,7126
14.77831,7127
-31.335526,7128
9.172547,7129
-11.839313,7130
-19.51496,7131
-11.015048,7132
0.55265564,7133
4.146466,7134
18.184504,7135
15.532656,7136
-14.450223,7137
-23.809511,7138
11.045874,7139
-0.76629746,7140
-20.623585,7141
9.944632,7142
-18.677223,7143
1.3472624,7144
-26.890686,7145
16.071852,7146
-28.284157,7147
-2.048479,7148
-26.27121,7149
-5.2391434,7150
27.96576,7151
4.7509437,7152
-33.64352,7153
-41.671284,7154
-24.959467,7155
-45.49804,7156
-15.101329,7157
2.0358307,7158
11.046034,7159
-5.833852,7160
15.334856,7161
-18.579762,7162
-12.03684,7163
-18.135313,7164
15.046687,7165
-5.354482,7166
-15.043382,7167
-2.4019,7168
-12.157144,7169
-23.703682,7170
-18.187181,7171
9.651061,7172
-29.648293,7173
-9.712291,7174
23.414312,7175
0.66927755,7176
-10.7893915,7177
-11.033199,7178
-27.049849,7179
11.842258,7180
18.240705,7181
14.313004,7182
-16.395174,7183
16.899986,7184
-41.157654,7185
2.3747325,7186
-16.967016,7187
29.42785,7188
12.633858,7189
13.764553,7190
-23.630054,7191
12.666941,7192
3.99169,7193
2.2954795,7194
-15.0701275,7195
-4.6167245,7196
9.803646,7197
0.08307428,7198
-23.10749,7199
0.5258763,7200
-4.8568435,7201
17.69953,7202
-25.542149,7203
9.335794,7204
-41.252377,7205
8.467521,7206
-31.093077,7207
-1.0529661,7208
-17.431604,7209
-37.684013,7210
-31.118944,7211
4.579172,7212
9.249728,7213
-12.196038,7214
20.217146,7215
-4.832352,7216
-4.7549863,7217
4.9478364,7218
1.3266788,7219
7.993501,7220
1.0185484,7221
0.89966786,7222
-11.408642,7223
-10.259546,7224
-21.70101,7225
19.67582,7226
-22.761242,7227
19.5035,7228
-13.429939,7229
13.012435,7230
10.530432,7231
-20.37216,7232
9.56867,7233
10.5812845,7234
11.052551,7235
-9.57441,7236
-0.3154274,7237
15.4349165,7238
-18.271822,7239
12.435635,7240
-15.130855,7241
-7.5031166,7242
-7.1572886,7243
-13.800482,7244
-14.452265,7245
4.017162,7246
11.72113,7247
14.72321,7248
-0.72745156,7249
-20.741383,7250
-16.334913,7251
-24.987865,7252
-25.561825,7253
-19.509548,7254
-29.612215,7255
-19.580635,7256
20.286688,7257
-28.90621,7258
-31.317339,7259
24.693197,7260
8.302311,7261
-27.06312,7262
20.296171,7263
-9.360599,7264
13.881161,7265
-11.1641655,7266
-21.563257,7267
3.9279308,7268
5.653548,7269
-19.243193,7270
0.1372257,7271
22.613523,7272
19.477348,7273
-7.6839843,7274
-9.721829,7275
11.292101,7276
-20.430971,7277
6.0331287,7278
-17.087887,7279
-11.805974,7280
1.8644552,7281
-5.1122417,7282
-20.190289,7283
-14.109943,7284
-36.26818,7285
20.066017,7286
-11.269743,7287
8.102986,7288
-7.139439,7289
-20.18323,7290
-12.210692,7291
-12.360439,7292
9.916933,7293
-10.454013,7294
21.172201,7295
13.724229,7296
15.849611,7297
-18.79563,7298
-6.4315906,7299
-10.47874,7300
5.71806,7301
-14.783145,7302
3.7264833,7303
-26.396744,7304
-28.747211,7305
10.910403,7306
11.93347,7307
-13.307809,7308
17.334509,7309
-6.2120733,7310
17.859842,7311
5.211197,7312
-11.470036,7313
-28.012737,7314
20.611767,7315
-17.56145,7316
-16.63332,7317
-11.638613,7318
-21.469704,7319
14.508024,7320
17.559923,7321
12.240286,7322
4.221494,7323
-27.45189,7324
1.6015904,7325
-14.806459,7326
-24.44422,7327
6.028272,7328
-13.311944,7329
11.342307,7330
-15.580958,7331
-28.899551,7332
-41.029884,7333
11.166686,7334
8.457576,7335
-14.293568,7336
15.537063,7337
1.9881487,7338
-7.8883195,7339
-15.118911,7340
-19.252815,7341
-17.30192,7342
-25.42526,7343
-6.9281597,7344
-16.957895,7345
-17.590166,7346
-6.7136602,7347
18.978546,7348
25.020609,7349
18.33747,7350
-12.993507,7351
-19.248474,7352
-20.39657,7353
16.279701,7354
19.528687,7355
-28.75944,7356
8.302659,7357
8.206898,7358
13.899269,7359
-11.658782,7360
7.078627,7361
-12.973242,7362
-27.030857,7363
-36.080273,7364
-20.334614,7365
-23.76933,7366
-4.3510127,7367
8.867947,7368
-22.22516,7369
-16.811932,7370
3.2702503,7371
6.9434514,7372
-29.815718,7373
-31.855927,7374
-19.426722,7375
-17.421282,7376
8.120733,7377
-1.4599011,7378
3.5306027,7379
20.737217,7380
9.236036,7381
-19.423716,7382
-11.231256,7383
14.321429,7384
9.959453,7385
-39.740383,7386
7.4295025,7387
23.751442,7388
-31.945686,7389
-11.541815,7390
5.6708264,7391
19.988594,7392
-25.43192,7393
7.3008113,7394
10.15131,7395
6.457154,7396
-25.092571,7397
-31.765503,7398
-19.719755,7399
-9.303322,7400
6.719139,7401
-13.07126,7402
6.0808725,7403
-16.842888,7404
16.654182,7405
8.2816,7406
-12.159695,7407
-20.888823,7408
15.084737,7409
11.817501,7410
-21.666296,7411
-32.68097,7412
-31.492891,7413
18.63051,7414
22.59888,7415
-25.089394,7416
17.151611,7417
-32.89648,7418
-33.88869,7419
-27.072079,7420
7.6972127,7421
-31.499521,7422
-6.6783442,7423
17.896011,7424
-15.674004,7425
-27.616058,7426
9.995106,7427
-24.736298,7428
9.932201,7429
11.198937,7430
-0.68675554,7431
3.6191156,7432
-17.259102,7433
-25.216124,7434
-19.668352,7435
12.3778,7436
-24.297743,7437
5.952107,7438
-27.97903,7439
18.61754,7440
10.477522,7441
-9.182875,7442
-30.042767,7443
-0.37092182,7444
-15.371316,7445
17.144527,7446
-6.9486637,7447
-13.250314,7448
-7.282355,7449
-10.742938,7450
5.4610662,7451
0.71238476,7452
1.3337079,7453
5.1094437,7454
-26.9326,7455
-12.187057,7456
23.173254,7457
-8.182892,7458
-1.6109471,7459
-20.755116,7460
25.71779,7461
-14.74406,7462
9.501183,7463
-7.2127314,7464
-12.36647,7465
-26.004671,7466
-9.54826,7467
11.5952215,7468
12.880154,7469
2.4219148,7470
-20.242088,7471
-12.506214,7472
-15.502561,7473
-25.991186,7474
-11.76178,7475
9.81836,7476
7.8080115,7477
19.025532,7478
15.938015,7479
7.451314,7480
-14.652422,7481
-17.821497,7482
5.7503357,7483
-11.281611,7484
14.440474,7485
3.0350149,7486
-14.973544,7487
-1.2926881,7488
10.432638,7489
-37.017006,7490
-13.917273,7491
-17.065968,7492
-35.25943,7493
26.937685,7494
29.239155,7495
4.7289596,7496
-3.1264336,7497
4.266128,7498
17.257702,7499
-0.14067465,7500
1.9978102,7501
-36.34585,7502
8.240916,7503
-30.537327,7504
-8.680771,7505
-7.77581,7506
-23.128334,7507
-9.424981,7508
-11.631018,7509
-11.94094,7510
-15.316605,7511
-30.90768,7512
-20.243649,7513
-13.812073,7514
0.33987027,7515
-11.534996,7516
-11.824617,7517
15.52762,7518
18.241114,7519
-6.900459,7520
2.5931756,7521
-4.7223597,7522
-22.05842,7523
-10.8455105,7524
5.620218,7525
-20.11544,7526
12.244874,7527
-1.8810959,7528
-31.281727,7529
6.6806808,7530
-16.309448,7531
13.980745,7532
-19.641068,7533
28.879845,7534
15.281392,7535
-16.131287,7536
3.4084294,7537
-11.339845,7538
10.460748,7539
18.318089,7540
2.147707,7541
-10.738378,7542
17.568954,7543
13.608085,7544
-2.518491,7545
15.6792345,7546
14.192759,7547
-15.885342,7548
-2.7234402,7549
7.6634393,7550
-21.3489,7551
-27.237955,7552
-25.227274,7553
0.2891686,7554
30.309538,7555
3.984973,7556
-27.391687,7557
-30.50944,7558
-10.971522,7559
-15.750961,7560
20.074694,7561
8.156331,7562
18.453344,7563
-13.356105,7564
-0.08849018,7565
-13.912734,7566
14.763649,7567
9.700138,7568
11.684967,7569
7.026862,7570
-16.68221,7571
11.256979,7572
-32.71046,7573
15.137826,7574
-25.672733,7575
-2.805914,7576
-30.235443,7577
2.8811498,7578
8.51118,7579
8.568934,7580
13.794372,7581
23.385845,7582
4.026343,7583
18.599997,7584
-21.452318,7585
0.29757214,7586
12.308118,7587
9.533098,7588
-27.196043,7589
6.4554005,7590
-22.319256,7591
-2.4772744,7592
2.9342542,7593
7.8100524,7594
-12.782492,7595
0.017815104,7596
-12.608912,7597
21.626907,7598
-7.5509257,7599
-31.419928,7600
-3.576753,7601
-15.979121,7602
1.0678632,7603
-2.7077527,7604
-41.021152,7605
-23.212873,7606
-27.194397,7607
24.000046,7608
-6.43163,7609
11.820807,7610
17.878002,7611
21.768757,7612
-0.1977482,7613
-24.760252,7614
18.594812,7615
-8.350372,7616
-40.220684,7617
-10.530394,7618
-12.412649,7619
-0.37192628,7620
28.306288,7621
-25.993471,7622
16.90657,7623
11.868606,7624
-22.077538,7625
13.305732,7626
15.734058,7627
-25.911203,7628
0.9299895,7629
-3.7391365,7630
-32.832382,7631
-19.20322,7632
12.273021,7633
-13.896417,7634
-31.335793,7635
-37.473232,7636
-35.062,7637
19.23339,7638
4.0976844,7639
12.099825,7640
-19.092993,7641
10.64913,7642
-16.723831,7643
-36.76977,7644
7.507025,7645
-3.066645,7646
20.17078,7647
2.871638,7648
-12.665041,7649
11.84542,7650
-7.5463467,7651
-36.844112,7652
16.262722,7653
-18.424223,7654
-13.58187,7655
-8.696183,7656
1.7919745,7657
14.621345,7658
22.29845,7659
-15.578165,7660
-17.35986,7661
16.996988,7662
-31.00268,7663
-8.049918,7664
-22.087366,7665
-10.55936,7666
9.222154,7667
-16.741718,7668
-6.4036555,7669
-10.345357,7670
9.659078,7671
22.2261,7672
-20.728401,7673
-29.104755,7674
12.485476,7675
5.1011105,7676
-22.541729,7677
7.847798,7678
8.385934,7679
-12.031254,7680
5.361589,7681
-13.174853,7682
-25.288565,7683
-26.932997,7684
5.0614924,7685
-13.925395,7686
-19.76266,7687
-2.450249,7688
-23.216578,7689
5.630508,7690
-6.1709723,7691
-31.429962,7692
-23.81857,7693
6.7272353,7694
-17.132399,7695
10.764929,7696
25.941984,7697
4.6548176,7698
-27.57009,7699
-25.792206,7700
3.1028697,7701
-6.893938,7702
-45.059715,7703
6.747062,7704
-22.748995,7705
1.6492157,7706
6.7587705,7707
-17.783298,7708
-38.910484,7709
-18.655989,7710
3.2674477,7711
-25.760508,7712
-23.012554,7713
-20.173485,7714
-27.570631,7715
-32.482445,7716
-16.397682,7717
15.479683,7718
-11.552157,7719
-23.716055,7720
16.237553,7721
7.429959,7722
-5.658567,7723
13.63847,7724
-8.279199,7725
-17.179035,7726
12.545374,7727
-29.403435,7728
-29.135777,7729
-10.984401,7730
-19.471712,7731
13.069545,7732
-18.026907,7733
20.610512,7734
-18.370703,7735
7.9516854,7736
-23.434975,7737
-27.805658,7738
-1.223309,7739
29.271833,7740
-22.693378,7741
-2.470171,7742
12.196564,7743
-32.32756,7744
-16.745686,7745
19.193735,7746
-18.829662,7747
-24.48964,7748
-23.2861,7749
11.090052,7750
-1.9889791,7751
-27.275131,7752
8.200365,7753
-29.974632,7754
15.155033,7755
-4.2495756,7756
-33.986126,7757
3.2035377,7758
18.050688,7759
12.118221,7760
-15.303614,7761
-0.78983045,7762
16.62532,7763
-14.709109,7764
-21.229698,7765
-1.77614,7766
-16.979898,7767
-19.612051,7768
-23.263496,7769
4.7580433,7770
-14.767179,7771
-16.87402,7772
21.829704,7773
19.439716,7774
-25.342209,7775
4.749107,7776
-23.427628,7777
-19.002169,7778
-8.978355,7779
-19.596731,7780
-28.779783,7781
7.042946,7782
-15.592658,7783
29.164963,7784
14.912182,7785
-10.340066,7786
-24.694204,7787
-20.78789,7788
-8.588927,7789
21.523218,7790
15.72755,7791
7.4533634,7792
7.709398,7793
-1.2595186,7794
-18.414545,7795
-42.036877,7796
-18.02575,7797
17.478975,7798
20.884623,7799
4.5782156,7800
-25.310621,7801
-12.430384,7802
11.85859,7803
7.074725,7804
-18.392023,7805
13.280631,7806
-18.998,7807
7.536506,7808
6.4248724,7809
6.1181784,7810
-16.864168,7811
-0.9152916,7812
-41.34137,7813
19.447628,7814
-6.7342234,7815
-16.796663,7816
14.055209,7817
-13.812979,7818
20.654839,7819
17.22315,7820
-13.586001,7821
9.500843,7822
3.847622,7823
8.5734,7824
18.38036,7825
13.663836,7826
-16.542164,7827
15.167629,7828
-12.482272,7829
-9.385456,7830
11.333906,7831
-22.339228,7832
9.70351,7833
18.01055,7834
-7.378786,7835
-9.60615,7836
-22.822027,7837
-20.832472,7838
-18.219255,7839
-6.7502217,7840
-16.664877,7841
8.28597,7842
-6.321975,7843
22.607975,7844
-5.925203,7845
-24.40599,7846
-9.035319,7847
0.7618311,7848
-10.003377,7849
0.081236854,7850
10.040566,7851
-13.942597,7852
-33.37177,7853
-28.784391,7854
-8.1243725,7855
-12.469924,7856
16.7232,7857
3.9050856,7858
-25.761482,7859
10.647866,7860
-9.412812,7861
10.127274,7862
0.7401933,7863
7.1688514,7864
-34.42686,7865
1.9278088,7866
17.826237,7867
-28.291782,7868
-6.5165834,7869
-21.803442,7870
-3.8050463,7871
-18.653103,7872
12.279206,7873
-22.08009,7874
-13.499316,7875
4.3726425,7876
-15.0338,7877
6.5921054,7878
-16.733227,7879
-14.079815,7880
-1.1434326,7881
-21.144989,7882
-1.2537276,7883
18.111794,7884
-17.547926,7885
-14.465807,7886
3.7350671,7887
-15.331866,7888
-1.1015778,7889
-11.779308,7890
-3.6118717,7891
-9.071528,7892
16.26329,7893
-10.890023,7894
-39.852833,7895
22.655106,7896
-1.4534245,7897
-23.951199,7898
-22.842329,7899
-23.283064,7900
8.175099,7901
-14.043598,7902
-7.9613376,7903
-23.468369,7904
-22.773006,7905
14.801631,7906
8.138536,7907
-17.00594,7908
-17.583078,7909
0.04976184,7910
15.650367,7911
-9.722715,7912
-23.747595,7913
-6.488132,7914
-19.72548,7915
-18.461834,7916
9.201835,7917
8.194149,7918
-11.6342125,7919
-31.706432,7920
20.412601,7921
13.777161,7922
4.5459065,7923
-11.96624,7924
3.9154773,7925
6.168203,7926
-31.576746,7927
-13.4489,7928
8.826299,7929
9.652914,7930
19.365145,7931
-16.327711,7932
-39.710808,7933
20.482677,7934
-23.265692,7935
-30.130632,7936
-14.77568,7937
0.7208143,7938
11.169497,7939
7.5628037,7940
7.1705947,7941
-17.62685,7942
-13.393983,7943
-21.258635,7944
-34.645264,7945
11.803257,7946
-34.575573,7947
-11.483344,7948
9.235283,7949
-10.685025,7950
14.296905,7951
23.087208,7952
3.9248676,7953
-6.942933,7954
-26.506273,7955
5.2683225,7956
19.044064,7957
-28.9314,7958
1.9724059,7959
13.494093,7960
8.563437,7961
-14.6028805,7962
-30.220867,7963
-19.913198,7964
-19.826666,7965
-33.36992,7966
-22.436504,7967
-17.165897,7968
8.303222,7969
4.7060943,7970
21.80221,7971
-34.212902,7972
-30.02188,7973
3.1861067,7974
5.7555428,7975
-36.592247,7976
-15.258449,7977
7.6731257,7978
-12.833847,7979
-8.652604,7980
-22.978243,7981
-2.7277145,7982
-16.983513,7983
1.0514128,7984
-21.407108,7985
-12.836426,7986
-26.722107,7987
-8.853197,7988
2.8227997,7989
-21.163511,7990
-15.214669,7991
9.013972,7992
5.469653,7993
-3.3981388,7994
-14.72621,7995
8.5446415,7996
4.9670525,7997
-16.988588,7998
13.312669,7999
4.571617,8000
11.360674,8001
-26.045923,8002
6.0634637,8003
-10.738993,8004
-19.156155,8005
7.6806293,8006
15.483284,8007
-10.271239,8008
-15.651654,8009
-10.416132,8010
4.9633636,8011
7.066657,8012
8.352927,8013
28.474129,8014
-8.61022,8015
-27.207542,8016
-1.782589,8017
11.639175,8018
4.452679,8019
-28.547333,8020
-2.916899,8021
-31.318068,8022
-5.152481,8023
1.1043122,8024
-29.361113,8025
-15.628199,8026
4.6233296,8027
10.670652,8028
-8.053729,8029
14.933293,8030
9.727661,8031
-23.141209,8032
-23.747349,8033
-27.654078,8034
-24.318665,8035
-34.96367,8036
-17.511671,8037
-16.550503,8038
-16.400007,8039
-11.443798,8040
-28.406513,8041
-33.166023,8042
-4.8728065,8043
8.787933,8044
-24.850977,8045
-9.516707,8046
-32.239635,8047
-21.198124,8048
9.824003,8049
-26.02298,8050
-14.951106,8051
-30.996487,8052
-31.518085,8053
2.921722,8054
10.098951,8055
3.2473388,8056
-12.964264,8057
-27.43784,8058
-15.26074,8059
-4.1873393,8060
17.318712,8061
-19.413385,8062
-17.526533,8063
-3.7818751,8064
11.090055,8065
-25.479282,8066
-10.667493,8067
-13.193971,8068
-9.334367,8069
-33.40323,8070
-16.316542,8071
-5.1864047,8072
7.3831806,8073
-8.718385,8074
23.333557,8075
24.073753,8076
9.839862,8077
-0.13692202,8078
-16.39603,8079
16.246897,8080
-10.209457,8081
-28.215828,8082
-23.661552,8083
-32.46337,8084
18.966078,8085
16.595419,8086
-11.067067,8087
-11.18894,8088
-17.849337,8089
-36.89131,8090
-28.457544,8091
-3.4039776,8092
-8.167939,8093
13.789601,8094
13.138346,8095
16.562485,8096
7.540863,8097
25.713438,8098
-14.111898,8099
-9.332585,8100
-20.31517,8101
-18.109356,8102
-15.3245945,8103
-45.703674,8104
-19.837833,8105
27.013618,8106
-36.935936,8107
-10.235785,8108
5.638994,8109
11.696925,8110
13.416996,8111
-13.045988,8112
9.29661,8113
-23.100063,8114
1.3781352,8115
-28.650383,8116
23.121069,8117
-20.013992,8118
18.318356,8119
0.71150935,8120
16.496906,8121
-14.343517,8122
-23.779785,8123
16.095385,8124
-17.544464,8125
-24.082914,8126
11.413563,8127
-8.845252,8128
-17.98657,8129
-21.994108,8130
6.4014516,8131
20.591959,8132
5.6491694,8133
-29.840437,8134
-20.178139,8135
22.365837,8136
-3.9707487,8137
20.857084,8138
-14.082495,8139
8.963709,8140
10.586592,8141
7.5847325,8142
-12.979889,8143
1.6919347,8144
-20.444815,8145
5.969108,8146
-26.994667,8147
-22.249363,8148
-19.79991,8149
6.9115396,8150
-2.7752028,8151
-12.964748,8152
9.6648445,8153
-15.661559,8154
2.4441671,8155
12.993199,8156
-1.0217373,8157
-23.845247,8158
-8.350368,8159
18.03073,8160
-37.308098,8161
1.7768958,8162
9.088474,8163
-3.846897,8164
-22.40457,8165
-8.41984,8166
-23.59044,8167
-25.222706,8168
16.129452,8169
-12.910132,8170
-15.295865,8171
-34.344284,8172
-29.539513,8173
13.622687,8174
-8.767144,8175
-16.811392,8176
-37.324223,8177
15.716951,8178
9.738089,8179
19.347319,8180
-28.958635,8181
-41.088017,8182
-17.266829,8183
-7.297817,8184
-31.45604,8185
11.715688,8186
-19.744076,8187
-24.445812,8188
-32.883404,8189
-27.839865,8190
-26.712189,8191
7.8585196,8192
-28.245823,8193
-23.416473,8194
-18.250004,8195
-42.249893,8196
9.623194,8197
-21.119484,8198
-26.498682,8199
12.038573,8200
-35.79233,8201
-18.440996,8202
4.944526,8203
-18.842798,8204
23.077932,8205
-2.5371675,8206
6.8356023,8207
11.859834,8208
4.648815,8209
7.69915,8210
3.954978,8211
-12.030009,8212
-20.775152,8213
-23.143045,8214
-28.167162,8215
-21.432026,8216
-2.2551694,8217
4.6443253,8218
-12.051711,8219
8.361569,8220
-26.51633,8221
1.8587859,8222
-10.076892,8223
8.810585,8224
-12.391173,8225
6.5230765,8226
-23.385345,8227
-9.571088,8228
-25.665543,8229
-21.340153,8230
-32.088173,8231
-11.956325,8232
15.631471,8233
5.2064815,8234
12.358707,8235
15.163152,8236
-23.507338,8237
15.477558,8238
-3.278915,8239
-7.4852924,8240
-39.188496,8241
8.139744,8242
-19.116917,8243
12.265488,8244
6.271553,8245
-32.006657,8246
-27.833048,8247
-13.875124,8248
5.170213,8249
9.983327,8250
8.473079,8251
0.334297,8252
24.08584,8253
13.40137,8254
-40.844223,8255
11.3323965,8256
-20.45607,8257
-26.720724,8258
-30.199257,8259
7.885664,8260
21.506056,8261
-6.4455314,8262
15.373774,8263
-15.326214,8264
4.4165053,8265
15.117688,8266
3.3464432,8267
-25.04871,8268
11.381365,8269
15.746069,8270
9.26235,8271
8.083109,8272
-25.260466,8273
-4.4550505,8274
7.3700485,8275
16.548717,8276
11.693511,8277
14.789225,8278
-34.864494,8279
17.450512,8280
11.478633,8281
-18.88562,8282
-18.966148,8283
-16.809484,8284
-6.5140743,8285
-21.86376,8286
5.492483,8287
-18.640602,8288
5.8669734,8289
-16.03129,8290
6.5332446,8291
-35.3359,8292
10.22652,8293
-9.770668,8294
0.81872785,8295
-13.935045,8296
-30.34235,8297
-7.021721,8298
-21.083315,8299
-16.886131,8300
14.092485,8301
-6.644021,8302
-23.245354,8303
7.5043874,8304
0.14296943,8305
-31.864529,8306
4.084413,8307
11.279493,8308
-7.562941,8309
6.6818047,8310
5.225054,8311
7.216853,8312
-28.305006,8313
-18.248438,8314
-8.6372175,8315
5.7030487,8316
-24.316204,8317
-22.32475,8318
18.509624,8319
8.462157,8320
10.586525,8321
-30.353016,8322
-0.9525745,8323
13.927456,8324
1.366027,8325
-11.375306,8326
14.35413,8327
-26.532211,8328
-22.185566,8329
-12.971803,8330
-5.4075136,8331
9.236211,8332
12.261957,8333
-11.026692,8334
17.094114,8335
-14.3368225,8336
13.349115,8337
-14.656642,8338
6.6673427,8339
-18.714476,8340
8.930277,8341
-29.037197,8342
-25.415794,8343
-14.305556,8344
11.919984,8345
18.915464,8346
1.4328101,8347
19.869345,8348
-17.790197,8349
-16.310923,8350
14.467271,8351
3.5122318,8352
24.239353,8353
-6.5098557,8354
-1.7340952,8355
15.452867,8356
1.0639646,8357
-9.845576,8358
-28.684818,8359
6.908862,8360
-19.186314,8361
1.696233,8362
11.481638,8363
17.378063,8364
-17.966127,8365
24.82818,8366
-23.141176,8367
1.8649055,8368
-9.485206,8369
16.18534,8370
-22.212132,8371
-18.547403,8372
-25.710205,8373
-25.071861,8374
30.10103,8375
22.575003,8376
-27.89501,8377
-12.724901,8378
-38.21573,8379
6.827489,8380
-5.4082575,8381
21.703346,8382
8.667713,8383
0.34899837,8384
-20.512821,8385
7.682842,8386
25.240177,8387
-4.1803713,8388
-22.607914,8389
9.282925,8390
4.8631434,8391
2.821435,8392
-21.215897,8393
-7.098389,8394
10.605359,8395
-24.893162,8396
-13.489447,8397
14.465597,8398
-1.4827435,8399
15.547523,8400
-19.004528,8401
3.505979,8402
-0.62786925,8403
-20.472492,8404
-40.164906,8405
-15.526021,8406
-19.911581,8407
9.653323,8408
6.532576,8409
-16.1683,8410
-36.9452,8411
-38.18137,8412
-34.845497,8413
-36.105732,8414
-11.043957,8415
-18.998617,8416
-16.244501,8417
22.343391,8418
-9.774733,8419
16.138762,8420
10.695994,8421
4.718061,8422
-27.736452,8423
6.6080303,8424
-9.6792345,8425
-15.650201,8426
23.767742,8427
8.002301,8428
-22.520838,8429
18.786053,8430
-11.337478,8431
8.6983185,8432
16.704523,8433
10.984339,8434
15.279679,8435
22.631449,8436
-17.10153,8437
-20.198128,8438
-11.834324,8439
-22.466888,8440
-7.6606565,8441
12.153358,8442
2.6836665,8443
-19.791697,8444
14.9076185,8445
-12.26893,8446
9.433236,8447
11.666741,8448
-9.692661,8449
10.538262,8450
7.462907,8451
14.698043,8452
-1.5638244,8453
13.896541,8454
-21.86191,8455
12.916887,8456
20.21604,8457
11.658392,8458
-10.543512,8459
-26.906603,8460
-17.385204,8461
-17.719902,8462
-19.961819,8463
-7.0695295,8464
-5.2970123,8465
16.313742,8466
0.80399686,8467
-21.820324,8468
-13.864447,8469
9.852398,8470
21.251963,8471
0.394166,8472
-18.843664,8473
13.920108,8474
-9.136425,8475
-15.424344,8476
-9.15996,8477
-19.027994,8478
10.92028,8479
19.208408,8480
0.119329,8481
-8.418323,8482
-17.751984,8483
-10.893815,8484
-24.378286,8485
1.9696088,8486
-23.000109,8487
17.317343,8488
16.324728,8489
-24.313301,8490
-21.452015,8491
14.321989,8492
-19.423456,8493
7.2947793,8494
19.046194,8495
-19.195435,8496
6.5743966,8497
-7.4933534,8498
-20.630589,8499
-7.3409605,8500
-20.881746,8501
-12.068428,8502
24.71316,8503
-21.09887,8504
-10.987606,8505
2.6639268,8506
18.488176,8507
-17.717628,8508
-26.21282,8509
10.897389,8510
-8.328941,8511
3.016924,8512
-33.156807,8513
-24.787195,8514
-8.187476,8515
8.887228,8516
-7.391421,8517
-5.312228,8518
12.1584,8519
2.4063592,8520
-22.09758,8521
-41.31407,8522
16.097084,8523
12.221858,8524
16.42447,8525
-24.753239,8526
-26.959015,8527
17.964922,8528
-24.599026,8529
15.971047,8530
-18.517328,8531
-8.867586,8532
9.253976,8533
10.374691,8534
-24.249334,8535
8.195292,8536
-27.506262,8537
-12.223897,8538
-11.19634,8539
-25.77385,8540
-24.35399,8541
-23.557356,8542
14.686696,8543
15.738359,8544
-23.238985,8545
-28.484583,8546
-24.789223,8547
-27.488783,8548
-6.061746,8549
-9.369101,8550
-11.449114,8551
19.655613,8552
7.2933335,8553
-25.267426,8554
6.6523376,8555
14.229961,8556
1.4269603,8557
17.66417,8558
7.086778,8559
-29.994276,8560
-21.380175,8561
7.1031857,8562
22.241014,8563
11.9135275,8564
-22.80411,8565
-40.266533,8566
15.052941,8567
23.7455,8568
-14.502753,8569
9.582784,8570
-0.23237494,8571
-29.466122,8572
4.5989246,8573
-33.402157,8574
12.766492,8575
-17.558357,8576
-18.022015,8577
-5.3916535,8578
-27.012495,8579
-10.595401,8580
23.633415,8581
-28.971169,8582
-16.895536,8583
13.025182,8584
11.093216,8585
-23.07243,8586
10.352215,8587
-22.726109,8588
-7.7315464,8589
0.34085122,8590
-8.109348,8591
3.2158203,8592
-7.3616343,8593
-15.355602,8594
-15.339641,8595
6.5047913,8596
-30.226887,8597
-26.312826,8598
-24.098719,8599
-29.313057,8600
-20.936905,8601
12.17815,8602
11.180361,8603
-28.970325,8604
19.517225,8605
6.825514,8606
-25.75265,8607
7.0928144,8608
3.3067067,8609
-22.479683,8610
-27.175728,8611
16.149107,8612
-35.916916,8613
23.982853,8614
2.4544818,8615
18.400053,8616
4.056776,8617
6.156077,8618
6.7445903,8619
21.11492,8620
-24.2811,8621
-24.742502,8622
5.7578163,8623
-37.34809,8624
-20.266878,8625
13.777118,8626
4.1578693,8627
-4.66396,8628
-14.712318,8629
-3.7524774,8630
3.9048955,8631
-3.3169687,8632
-6.9604936,8633
12.443401,8634
23.87235,8635
5.644931,8636
-10.633255,8637
-26.888103,8638
17.71628,8639
-21.235401,8640
-24.344578,8641
-24.19122,8642
-28.831493,8643
10.925404,8644
-11.920201,8645
-32.535572,8646
7.106403,8647
13.34582,8648
-15.00913,8649
9.608977,8650
11.581183,8651
13.857047,8652
-31.41678,8653
10.305268,8654
-24.455225,8655
-29.564072,8656
13.646462,8657
12.755323,8658
7.566656,8659
11.205699,8660
0.62720877,8661
-2.8456879,8662
16.852118,8663
5.4840117,8664
0.33382586,8665
10.094787,8666
-13.169825,8667
13.169004,8668
3.1045892,8669
8.375324,8670
-5.2417874,8671
-12.864056,8672
-14.875859,8673
-27.95468,8674
20.793118,8675
-13.435782,8676
14.5346155,8677
5.5798726,8678
-9.248655,8679
-15.171532,8680
4.1327744,8681
-10.726822,8682
-10.772162,8683
10.546349,8684
14.760753,8685
-19.718994,8686
-17.108528,8687
-19.318638,8688
8.727538,8689
7.080933,8690
-32.845306,8691
20.169489,8692
5.0359745,8693
12.701902,8694
-18.443813,8695
-20.650314,8696
-7.6046295,8697
7.5669036,8698
11.825713,8699
-6.909183,8700
26.581879,8701
18.027355,8702
-12.895004,8703
11.418893,8704
3.669232,8705
-6.4325523,8706
14.255975,8707
-13.8775215,8708
-33.219257,8709
-25.949883,8710
12.483959,8711
-26.176447,8712
-25.645952,8713
-17.76876,8714
18.820107,8715
-13.388025,8716
5.325187,8717
20.911695,8718
-24.881533,8719
-4.3874726,8720
-7.5276403,8721
-15.897431,8722
14.101406,8723
13.496494,8724
-14.925616,8725
13.957827,8726
11.512455,8727
6.535398,8728
7.477941,8729
-27.036179,8730
0.2020708,8731
-19.472195,8732
9.668811,8733
4.542219,8734
-18.492767,8735
-9.777865,8736
-14.052911,8737
23.465862,8738
-25.099226,8739
10.437816,8740
-27.93288,8741
-10.978379,8742
14.492309,8743
-10.634209,8744
-28.585821,8745
-28.220268,8746
-26.379644,8747
20.461245,8748
16.583784,8749
-21.642561,8750
19.12863,8751
21.060904,8752
-18.244532,8753
-11.467172,8754
-19.134146,8755
-4.614476,8756
-21.87539,8757
-22.894796,8758
-14.049164,8759
12.376817,8760
-1.1916441,8761
15.7233925,8762
7.1634774,8763
-15.221786,8764
-19.923922,8765
-24.003975,8766
-0.5456904,8767
18.096022,8768
18.003487,8769
-13.974296,8770
6.539347,8771
-15.402757,8772
14.921727,8773
-3.86835,8774
8.537451,8775
7.772306,8776
-24.232735,8777
-19.933289,8778
-9.821413,8779
-24.315903,8780
-4.009411,8781
20.652,8782
-5.1732864,8783
-26.899698,8784
13.652963,8785
-22.539463,8786
-6.0996585,8787
-30.113544,8788
19.318127,8789
5.6535306,8790
-37.210304,8791
-32.534,8792
-27.534529,8793
-16.884228,8794
8.4982195,8795
-32.516132,8796
-18.220436,8797
2.2495792,8798
-12.006692,8799
-32.434868,8800
-17.591507,8801
33.846386,8802
-14.060841,8803
-7.366759,8804
-2.046383,8805
-22.943007,8806
-1.8674353,8807
-23.71227,8808
16.579119,8809
-32.671707,8810
10.360989,8811
7.166441,8812
-15.059078,8813
-20.603409,8814
-40.804436,8815
1.6092378,8816
-16.327599,8817
23.787437,8818
16.348665,8819
-23.679684,8820
-25.249739,8821
-2.6570282,8822
20.8525,8823
-5.5280023,8824
2.9433231,8825
-6.5463915,8826
6.450539,8827
-18.459743,8828
4.580928,8829
-18.957182,8830
1.7859454,8831
-37.745193,8832
1.1056268,8833
8.53052,8834
-15.964019,8835
6.3576818,8836
-9.516957,8837
6.717918,8838
3.481404,8839
11.11538,8840
-18.954086,8841
-24.395815,8842
-33.36532,8843
-15.710653,8844
10.567159,8845
1.1228396,8846
16.454702,8847
-7.8186917,8848
-28.594349,8849
8.346332,8850
19.028152,8851
-15.202606,8852
-9.158421,8853
-15.10502,8854
28.818401,8855
-25.746521,8856
13.304692,8857
-18.242529,8858
21.05888,8859
8.378106,8860
-7.70985,8861
15.17611,8862
-23.732452,8863
18.985144,8864
-11.850504,8865
3.3268466,8866
-2.719562,8867
-22.877708,8868
2.2023363,8869
18.819395,8870
-22.587519,8871
10.834897,8872
-30.571085,8873
-22.602694,8874
-16.812946,8875
-32.755177,8876
10.99763,8877
12.269691,8878
12.785028,8879
15.149667,8880
22.018631,8881
10.278102,8882
-14.0749445,8883
-7.3985467,8884
-7.246761,8885
-27.708384,8886
-3.6590052,8887
-29.529257,8888
3.4039938,8889
-15.049866,8890
21.519894,8891
12.496568,8892
-32.27469,8893
23.09521,8894
-33.456676,8895
-30.17262,8896
7.266508,8897
1.0572869,8898
12.226989,8899
20.997915,8900
14.957621,8901
14.127546,8902
-8.9764805,8903
18.189964,8904
-12.485182,8905
15.367228,8906
-13.640379,8907
8.311146,8908
-14.889303,8909
-27.407356,8910
9.877826,8911
27.022505,8912
-17.553852,8913
-45.347046,8914
-15.129055,8915
-21.139702,8916
-16.75671,8917
-37.107864,8918
9.972751,8919
-26.994062,8920
-9.714239,8921
0.57655907,8922
7.9547863,8923
-26.418327,8924
-0.32779917,8925
-13.875536,8926
0.048433572,8927
-13.203445,8928
14.08415,8929
-3.8513622,8930
-27.972141,8931
13.949243,8932
-16.05271,8933
-9.064414,8934
8.665344,8935
9.81768,8936
-5.2063274,8937
10.4062195,8938
-23.651897,8939
-12.425617,8940
-24.118824,8941
-25.424047,8942
1.1402338,8943
-31.572945,8944
-32.055557,8945
-10.775223,8946
-18.277718,8947
9.935277,8948
-2.6832936,8949
23.918238,8950
-29.267107,8951
29.819542,8952
-20.580242,8953
-4.0551043,8954
-8.741462,8955
-5.5314913,8956
-28.011845,8957
-0.45407057,8958
-17.06675,8959
-14.310496,8960
13.096917,8961
-34.242107,8962
19.070992,8963
-11.7231655,8964
-21.806524,8965
-25.728611,8966
-12.896822,8967
18.673325,8968
-17.552711,8969
-14.873705,8970
10.72537,8971
-27.093655,8972
-9.427239,8973
-7.405034,8974
3.237658,8975
-26.99587,8976
-3.8514743,8977
-16.856739,8978
18.412455,8979
13.86838,8980
7.9748564,8981
-1.3844684,8982
6.33291,8983
-20.1016,8984
-28.233025,8985
-4.5311737,8986
-11.808962,8987
-23.093052,8988
-6.2447953,8989
6.6276956,8990
6.3002367,8991
-23.095854,8992
15.558318,8993
11.264971,8994
11.577282,8995
8.783795,8996
-28.63734,8997
8.381403,8998
-1.5787777,8999
-26.578854,9000
-12.859721,9001
1.0133454,9002
-22.305162,9003
19.709908,9004
-17.931105,9005
14.70804,9006
3.2873962,9007
-21.737585,9008
-20.781618,9009
15.3726015,9010
5.566792,9011
9.341236,9012
-14.077947,9013
-9.278695,9014
16.575691,9015
-22.025454,9016
-9.080403,9017
15.591084,9018
3.786374,9019
-25.569447,9020
-0.19405396,9021
-4.042282,9022
-15.990687,9023
14.9572935,9024
-12.81586,9025
13.235019,9026
5.8864927,9027
-4.2373667,9028
5.905929,9029
9.865447,9030
-26.600243,9031
10.175776,9032
6.317192,9033
18.757948,9034
1.1687676,9035
16.507847,9036
-22.318623,9037
16.787727,9038
-2.540198,9039
-23.561605,9040
9.787185,9041
14.248379,9042
-20.162777,9043
-12.763321,9044
15.627392,9045
-12.668522,9046
-25.139427,9047
18.45401,9048
-18.33921,9049
-8.550412,9050
-19.010012,9051
3.861355,9052
-2.0426118,9053
-22.11121,9054
-28.409374,9055
29.093601,9056
0.76513165,9057
10.847341,9058
13.869952,9059
-24.581478,9060
9.31494,9061
-12.645472,9062
-10.77928,9063
-15.952303,9064
-16.208965,9065
-24.920828,9066
0.97419894,9067
12.271142,9068
4.7760444,9069
6.3696604,9070
18.320417,9071
-25.189981,9072
-27.188389,9073
14.024047,9074
19.317867,9075
9.237675,9076
0.019452415,9077
9.622725,9078
6.9336185,9079
-19.728447,9080
-10.046597,9081
13.5893955,9082
-19.637651,9083
-23.363754,9084
6.048409,9085
20.11811,9086
12.485144,9087
-21.359076,9088
6.0349813,9089
25.5734,9090
11.374313,9091
-24.517023,9092
5.290563,9093
-29.257732,9094
7.8594823,9095
-20.210312,9096
-31.381172,9097
1.0909786,9098
21.886288,9099
-2.785578,9100
14.066124,9101
-46.290493,9102
-9.372917,9103
7.3104124,9104
-23.36585,9105
-12.615585,9106
-8.189186,9107
2.62907,9108
-14.106765,9109
-6.1420226,9110
-16.880522,9111
-35.691177,9112
13.178048,9113
9.484187,9114
-14.860981,9115
12.191158,9116
0.7825295,9117
-14.621565,9118
-14.101651,9119
8.110296,9120
-27.01558,9121
-34.564404,9122
4.9149904,9123
-24.132868,9124
7.8831534,9125
-15.770711,9126
17.627285,9127
26.814869,9128
8.229364,9129
5.9299307,9130
4.305612,9131
-15.311585,9132
9.330641,9133
13.549309,9134
-23.192034,9135
-12.336341,9136
-8.017976,9137
6.2059164,9138
9.782045,9139
-8.430674,9140
-20.132713,9141
-34.409935,9142
-14.776706,9143
9.472802,9144
0.8786796,9145
-25.864473,9146
-28.854254,9147
1.2021456,9148
8.476267,9149
2.18171,9150
-16.447727,9151
15.014407,9152
22.93396,9153
4.313092,9154
-19.12196,9155
23.54453,9156
-36.733444,9157
5.6134224,9158
-14.4674225,9159
-8.156,9160
19.578672,9161
15.066967,9162
-33.26984,9163
-24.60648,9164
-19.918459,9165
-28.9562,9166
-3.0017328,9167
-2.693255,9168
14.610007,9169
2.317326,9170
-31.042883,9171
8.103396,9172
-14.656635,9173
22.574394,9174
-11.57375,9175
-8.59138,9176
-22.616854,9177
-5.937013,9178
-10.399903,9179
-20.946104,9180
25.130688,9181
17.284512,9182
-25.616804,9183
-23.509832,9184
-19.72382,9185
-15.660519,9186
9.317098,9187
-26.77316,9188
15.180865,9189
-6.1843715,9190
9.497849,9191
21.427408,9192
-26.387722,9193
-8.312585,9194
9.413333,9195
16.321722,9196
20.75495,9197
-22.147816,9198
-15.887815,9199
18.755186,9200
8.85212,9201
-9.830396,9202
12.316406,9203
-14.718417,9204
-19.381006,9205
22.158737,9206
-10.962112,9207
-15.654112,9208
-31.196074,9209
-19.136068,9210
10.370972,9211
7.0381455,9212
0.07133958,9213
-20.020359,9214
-14.901921,9215
-21.41365,9216
13.309696,9217
13.691749,9218
-17.744558,9219
3.1633778,9220
20.777256,9221
-29.337175,9222
-12.556513,9223
-28.06684,9224
2.2520545,9225
17.095839,9226
-15.67711,9227
-14.906013,9228
-27.893377,9229
8.196067,9230
-0.27276152,9231
-11.150169,9232
17.76585,9233
1.4638531,9234
0.8948045,9235
-26.930733,9236
8.70246,9237
-33.77199,9238
4.26451,9239
2.1387327,9240
-30.970417,9241
-19.510784,9242
-29.416975,9243
-12.731264,9244
15.417772,9245
-0.12987764,9246
-24.961782,9247
-9.998551,9248
16.233831,9249
16.885424,9250
-10.385056,9251
17.636524,9252
-22.972443,9253
13.776432,9254
5.863049,9255
-33.09473,9256
-14.052751,9257
9.450967,9258
-28.021034,9259
-22.220982,9260
-9.580083,9261
-0.13489404,9262
4.2204304,9263
-16.036089,9264
-28.712143,9265
18.020386,9266
7.7962017,9267
32.90815,9268
-19.373043,9269
0.54258895,9270
-13.536589,9271
6.5197234,9272
5.1485457,9273
-18.833681,9274
12.055796,9275
-9.106408,9276
9.710283,9277
5.4514246,9278
17.31322,9279
-29.471958,9280
-7.5729365,9281
-2.6426933,9282
7.443775,9283
-24.732779,9284
-28.333275,9285
-17.513416,9286
-29.63516,9287
21.653986,9288
-15.266557,9289
17.892666,9290
1.4620086,9291
-24.703367,9292
-38.532814,9293
-14.271905,9294
-12.781678,9295
7.653193,9296
-37.700382,9297
-32.969135,9298
-4.0785394,9299
-9.206695,9300
15.472355,9301
6.8762217,9302
-19.48585,9303
16.727001,9304
9.671093,9305
1.831731,9306
-21.323212,9307
-18.942154,9308
-18.22417,9309
-16.682394,9310
-13.677228,9311
-18.865938,9312
-30.892532,9313
-6.231225,9314
-19.181019,9315
31.141983,9316
-17.167086,9317
9.572758,9318
-22.723438,9319
15.756523,9320
5.4891396,9321
14.297784,9322
22.325897,9323
5.761692,9324
-20.461332,9325
0.7921958,9326
9.792679,9327
-13.172042,9328
-4.0379734,9329
-21.858362,9330
-12.153667,9331
-11.227248,9332
23.491669,9333
1.045185,9334
-25.349758,9335
-8.510628,9336
-16.265013,9337
-12.444217,9338
2.2215426,9339
-27.05249,9340
-28.828094,9341
15.127968,9342
17.018133,9343
-17.248877,9344
-22.889166,9345
7.4177885,9346
-25.396912,9347
-19.09651,9348
8.270255,9349
-20.092953,9350
12.182426,9351
26.365814,9352
15.857245,9353
2.9797204,9354
-0.3127916,9355
-23.331406,9356
-4.624235,9357
-28.587729,9358
-29.592672,9359
-3.9431365,9360
-26.36817,9361
5.8118896,9362
-8.645054,9363
9.202638,9364
-23.808908,9365
7.79489,9366
-36.352932,9367
6.9138927,9368
4.603572,9369
15.974876,9370
6.122682,9371
10.220332,9372
-20.369904,9373
11.000171,9374
-9.777611,9375
-25.617098,9376
-12.391401,9377
-19.166603,9378
-23.020685,9379
-6.242608,9380
-11.034684,9381
-35.02831,9382
6.7191887,9383
-11.258314,9384
15.219976,9385
-39.044323,9386
17.381556,9387
-13.443589,9388
-37.964207,9389
10.5968275,9390
0.50275224,9391
-23.793314,9392
-18.234703,9393
20.03153,9394
-21.648407,9395
-30.968828,9396
-37.13488,9397
-14.976276,9398
-12.76489,9399
-13.445711,9400
-16.078398,9401
-11.258208,9402
-17.327637,9403
18.100191,9404
-27.897419,9405
-1.6441867,9406
-23.855036,9407
27.0492,9408
8.10334,9409
-39.14812,9410
10.033889,9411
-14.061933,9412
-11.826113,9413
9.108665,9414
18.794596,9415
-21.252848,9416
-19.801912,9417
7.431187,9418
1.3977654,9419
-22.696064,9420
1.6504737,9421
20.75848,9422
11.034115,9423
-29.01092,9424
0.94387597,9425
-21.895285,9426
-7.972835,9427
9.435454,9428
-13.109778,9429
-41.1533,9430
9.343941,9431
-11.048301,9432
5.8754706,9433
-20.588018,9434
-29.9115,9435
-29.821146,9436
-23.589537,9437
-28.443773,9438
9.246146,9439
-15.342526,9440
-3.634174,9441
-8.38907,9442
5.8864527,9443
16.698072,9444
30.58202,9445
-15.905841,9446
-0.22222692,9447
12.319333,9448
-1.2406918,9449
-25.47363,9450
3.1276946,9451
-17.177303,9452
13.720315,9453
-25.157005,9454
-0.8315527,9455
-25.999151,9456
4.5139008,9457
-1.4915673,9458
-17.255217,9459
-26.453245,9460
-30.07915,9461
-23.838242,9462
-6.7626038,9463
-18.273773,9464
-29.039291,9465
-18.314857,9466
21.459082,9467
23.114954,9468
10.998084,9469
2.979446,9470
16.875603,9471
-11.731254,9472
-19.893644,9473
-1.6588542,9474
-8.263835,9475
8.373982,9476
-24.146166,9477
-15.547117,9478
-20.535738,9479
-15.147598,9480
23.561129,9481
16.866947,9482
7.6933894,9483
24.10205,9484
-0.3502879,9485
2.04499,9486
-30.430925,9487
-4.294304,9488
-14.728722,9489
12.073233,9490
4.15177,9491
2.1017246,9492
-9.152286,9493
13.998616,9494
-4.328606,9495
14.93582,9496
0.50491977,9497
-15.87652,9498
-2.3523443,9499
9.000893,9500
6.0513983,9501
-9.514549,9502
-15.617704,9503
-19.396503,9504
-21.5185,9505
-20.582544,9506
-13.521637,9507
7.5824065,9508
-26.675146,9509
-10.956576,9510
-22.602657,9511
10.736556,9512
-9.934015,9513
-21.038576,9514
12.253759,9515
-8.4753065,9516
-27.602566,9517
16.221739,9518
-16.775534,9519
-1.9912089,9520
-8.812939,9521
9.146483,9522
1.7618861,9523
-14.3417425,9524
19.251753,9525
-15.063446,9526
14.320637,9527
0.6613774,9528
-38.75011,9529
-16.830832,9530
-20.844458,9531
-23.669273,9532
10.290395,9533
6.382916,9534
-44.452385,9535
-43.370018,9536
11.08129,9537
-29.96134,9538
7.4408197,9539
-28.884995,9540
13.043857,9541
10.291046,9542
-21.763884,9543
-9.113709,9544
-21.308773,9545
10.532163,9546
9.026701,9547
11.104645,9548
13.904087,9549
-15.49432,9550
10.824184,9551
15.071864,9552
14.6057825,9553
-19.447153,9554
-14.917295,9555
-21.049805,9556
23.09642,9557
15.576027,9558
-18.082167,9559
15.399066,9560
-30.069326,9561
-21.72792,9562
6.314244,9563
15.83866,9564
12.061263,9565
3.1201022,9566
14.8239355,9567
-32.362103,9568
-13.758213,9569
22.938208,9570
5.0713277,9571
9.428884,9572
-15.71019,9573
-1.7254423,9574
3.7250392,9575
21.348343,9576
4.296159,9577
-21.783855,9578
-17.005672,9579
15.289276,9580
-0.22794023,9581
-15.623771,9582
11.612382,9583
-15.834564,9584
7.6380634,9585
-18.630741,9586
14.468584,9587
11.48363,9588
-25.693352,9589
-1.3721781,9590
5.8753614,9591
8.353734,9592
-26.821953,9593
14.09506,9594
-2.09415,9595
6.071538,9596
-15.621915,9597
-39.199192,9598
-10.018079,9599
-18.644924,9600
9.173575,9601
4.427941,9602
-31.687937,9603
-15.803317,9604
2.9569957,9605
-26.10409,9606
-7.5743623,9607
6.833273,9608
14.009174,9609
-14.637204,9610
-8.003789,9611
-8.050152,9612
-24.29877,9613
-12.560949,9614
2.3013725,9615
15.159949,9616
-21.820316,9617
-26.260338,9618
24.814917,9619
-25.683863,9620
12.021929,9621
-15.9173,9622
-21.37868,9623
-16.626223,9624
4.561955,9625
5.623805,9626
-30.169657,9627
-14.1536875,9628
-32.369915,9629
-16.299438,9630
-18.945614,9631
7.498654,9632
-42.483215,9633
6.0507917,9634
-22.492697,9635
-32.00279,9636
23.004873,9637
-17.069027,9638
13.050133,9639
11.158501,9640
11.883939,9641
-19.224777,9642
18.988855,9643
4.6088014,9644
-11.111995,9645
0.021512158,9646
-4.490316,9647
7.7124476,9648
-17.059765,9649
-0.67884594,9650
-12.63811,9651
-27.241714,9652
19.085123,9653
-1.9134554,9654
17.75151,9655
9.276502,9656
-32.554146,9657
-22.86328,9658
-12.186386,9659
-20.621784,9660
11.5478,9661
-13.779701,9662
-30.500603,9663
28.852068,9664
-15.758743,9665
-12.843968,9666
-22.867214,9667
6.9206347,9668
-17.035753,9669
16.78849,9670
-19.422855,9671
-25.920774,9672
-11.904281,9673
-25.66499,9674
4.8817916,9675
-33.859295,9676
9.061389,9677
17.944485,9678
14.920981,9679
-25.79404,9680
18.701834,9681
21.226965,9682
-18.994884,9683
-21.8369,9684
4.084199,9685
16.695034,9686
21.122406,9687
-25.893234,9688
-17.741932,9689
14.340593,9690
4.115823,9691
10.014466,9692
0.2867323,9693
-23.19637,9694
-21.27893,9695
-14.90302,9696
21.280218,9697
5.6527123,9698
-15.5353985,9699
-25.922503,9700
8.629438,9701
15.20604,9702
-13.884451,9703
8.846991,9704
11.750955,9705
-17.129448,9706
-18.4322,9707
3.5775554,9708
4.421203,9709
-26.944445,9710
-2.0646164,9711
11.614841,9712
-6.282951,9713
11.412936,9714
-31.52871,9715
3.2274196,9716
13.822427,9717
-22.526352,9718
15.486511,9719
11.287056,9720
-17.499321,9721
-15.062166,9722
-15.120933,9723
5.888495,9724
-26.065516,9725
-25.388325,9726
21.279963,9727
5.8244514,9728
-13.899014,9729
-14.732214,9730
-23.082722,9731
-41.697937,9732
12.95373,9733
-9.308963,9734
18.026625,9735
12.210755,9736
12.531578,9737
-14.773231,9738
8.813515,9739
-17.849974,9740
1.8769175,9741
12.839394,9742
15.834271,9743
-29.50544,9744
-38.77199,9745
6.861358,9746
-1.398965,9747
6.1267924,9748
12.524198,9749
8.918956,9750
-21.406132,9751
-13.094858,9752
10.348039,9753
-27.718565,9754
-4.4612756,9755
-18.120943,9756
-15.547572,9757
-28.4515,9758
-15.021706,9759
7.1564913,9760
1.02668,9761
-29.607018,9762
-25.101141,9763
4.1900887,9764
-13.072623,9765
-13.166072,9766
-16.585794,9767
-10.274321,9768
-16.355291,9769
26.924519,9770
17.056492,9771
-31.85916,9772
-15.177089,9773
14.200955,9774
-23.953974,9775
-7.5276966,9776
6.0253506,9777
-14.850819,9778
7.8637424,9779
-23.411146,9780
6.266954,9781
-1.8184553,9782
12.961405,9783
-23.736462,9784
-21.020138,9785
-11.809149,9786
14.145711,9787
10.421655,9788
-38.124996,9789
-22.57861,9790
-21.300783,9791
-24.715748,9792
-2.3638139,9793
-32.04147,9794
7.1817856,9795
-19.100586,9796
-27.239037,9797
-25.416904,9798
-13.114486,9799
5.6527023,9800
16.825743,9801
-19.458876,9802
6.315814,9803
10.225281,9804
23.897043,9805
22.029516,9806
8.611368,9807
-22.145176,9808
-36.543137,9809
22.3217,9810
-27.493126,9811
-20.656048,9812
-33.42875,9813
6.2590337,9814
11.087552,9815
-9.020845,9816
4.613546,9817
19.136923,9818
-27.318491,9819
13.091462,9820
-18.797762,9821
-32.381237,9822
7.9013176,9823
6.321077,9824
-13.028604,9825
-7.4956703,9826
-17.501137,9827
-8.466004,9828
8.207977,9829
-9.5868225,9830
-5.164708,9831
-16.733889,9832
22.32968,9833
-0.7166897,9834
-2.9886887,9835
-30.760164,9836
0.03971899,9837
-20.565006,9838
19.155441,9839
-27.959126,9840
-16.718887,9841
3.3188095,9842
-9.470613,9843
-16.139488,9844
-21.566254,9845
11.157354,9846
-25.731062,9847
-9.260301,9848
9.247062,9849
10.523946,9850
-30.04861,9851
-17.698338,9852
9.465553,9853
-27.158808,9854
-22.149622,9855
12.809633,9856
-21.447443,9857
-7.287446,9858
27.69932,9859
10.71724,9860
5.6589313,9861
-24.889708,9862
-18.306463,9863
8.380736,9864
-26.663258,9865
-0.16387446,9866
-21.74411,9867
2.2014468,9868
8.365694,9869
-9.070156,9870
1.0322242,9871
13.577424,9872
-33.746487,9873
-47.654396,9874
12.878973,9875
5.1129403,9876
4.3740625,9877
-33.1894,9878
-29.557648,9879
-23.895966,9880
20.634562,9881
-23.47691,9882
-12.937539,9883
-16.596235,9884
16.67527,9885
-28.252464,9886
-14.116772,9887
17.442123,9888
-3.5800023,9889
-12.306512,9890
32.374203,9891
-15.048741,9892
-18.943724,9893
-23.107864,9894
-18.104916,9895
6.0965304,9896
-23.926107,9897
-25.502857,9898
-39.085052,9899
8.03717,9900
-0.01979014,9901
7.491146,9902
-18.366215,9903
-7.988937,9904
11.489312,9905
-19.892101,9906
11.928922,9907
-33.174454,9908
-8.482554,9909
-18.007284,9910
-23.251934,9911
-14.517267,9912
5.5049458,9913
23.924074,9914
-0.76883036,9915
3.526408,9916
-22.409391,9917
-41.29819,9918
-23.862705,9919
10.097485,9920
-12.495781,9921
-6.1067348,9922
-20.657152,9923
-19.0956,9924
9.954649,9925
-27.681786,9926
-0.75839436,9927
-11.264522,9928
4.5833545,9929
-20.189228,9930
-24.619814,9931
-21.787245,9932
3.9825647,9933
9.288861,9934
10.3483715,9935
7.5495286,9936
0.39677504,9937
-10.778605,9938
-11.117099,9939
18.791313,9940
-15.537203,9941
-24.13557,9942
21.76506,9943
28.034563,9944
16.230835,9945
8.70188,9946
7.381349,9947
-16.328625,9948
-3.862191,9949
3.8224335,9950
-14.572618,9951
-27.93618,9952
-24.684357,9953
-12.206239,9954
-14.006663,9955
6.1956444,9956
-6.4856896,9957
-7.321176,9958
-4.4881935,9959
16.194647,9960
14.989874,9961
-13.877673,9962
-4.243469,9963
4.8259115,9964
1.7770488,9965
-0.4733732,9966
-2.0560386,9967
-10.030774,9968
9.277957,9969
6.994298,9970
25.309074,9971
4.5881376,9972
12.542819,9973
-18.33204,9974
-29.321602,9975
0.5322893,9976
-10.686041,9977
20.215246,9978
2.5450134,9979
-10.50336,9980
-23.014694,9981
-18.106604,9982
-23.235262,9983
5.354922,9984
11.393407,9985
-31.523222,9986
15.367546,9987
15.643999,9988
8.824248,9989
-33.713203,9990
4.1676188,9991
-24.391125,9992
-11.275492,9993
11.076177,9994
13.841295,9995
-12.405001,9996
6.082693,9997
-33.69832,9998
-41.514347,9999
