y,ID
-13.85723640691856,0
-28.25907012523562,1
-17.651319544601648,2
-17.97176412080407,3
-30.414551384951586,4
-28.066967303058675,5
2.6308557698484574,6
-11.879708951705343,7
-10.335496370687022,8
-13.85234460684139,9
-17.379812624986904,10
-19.513991573342686,11
-15.354100704215393,12
11.121881877837168,13
-3.0119496962948875,14
14.768909481573722,15
-4.934184771650376,16
-40.88779295390929,17
-13.62223915209692,18
-2.2100187753978093,19
-2.319582223493713,20
22.304667807803206,21
17.565205905729098,22
7.76680469265737,23
25.14884763368481,24
-13.05007175309771,25
17.39492858675345,26
-6.195990170813262,27
26.803456547002448,28
-7.774724528579602,29
-18.838289576415946,30
-1.106212892490852,31
11.433931204874018,32
-21.02237961040646,33
5.603046155251015,34
16.904060027349562,35
13.965019195078511,36
0.3759134971162599,37
0.2160746383177523,38
-19.009741611556613,39
26.199013896113623,40
1.2725271775223082,41
15.596485734185116,42
-10.789384954161727,43
-22.436330516096163,44
-9.506950742198535,45
5.289713921399349,46
-3.223422899093998,47
-10.28243334219383,48
-16.557313378002597,49
-13.260002814932985,50
9.933912449274944,51
5.350892913808837,52
11.16404619128813,53
18.024634669232515,54
-14.078040752324224,55
-11.880133726072502,56
-8.272459197008963,57
-18.983967172752855,58
-35.40013509202274,59
-1.2075875262786742,60
-14.772661126954755,61
16.14997681088472,62
9.96956884417045,63
-13.631077282875761,64
-12.913524966830375,65
-4.8787800531462135,66
12.166237206107851,67
6.750424138992061,68
-8.431213780244656,69
-15.34602050039489,70
2.2700859202274284,71
-13.928047697606846,72
8.441343521827905,73
13.311094538269202,74
-9.467533680360482,75
-3.560330492308031,76
3.8356535091127064,77
-18.14067205643074,78
13.424809065790324,79
-0.5709808474249431,80
19.35766192606876,81
6.989861261211123,82
11.383635160765227,83
27.1628818722159,84
-1.2433542505379078,85
-17.956443192621464,86
-22.904004604226515,87
-1.9600182805589799,88
27.557340470689006,89
-7.694532838497062,90
-13.690898731722166,91
5.778808693166017,92
-12.089646699318372,93
15.470919127619094,94
-14.917152707980557,95
-4.2810749908264025,96
-14.758782681367446,97
-22.713275250739077,98
19.467819877148735,99
-17.533816482645424,100
11.652374160152771,101
-19.226756094239708,102
-8.312700015335391,103
11.715094962804184,104
-4.142627805367992,105
-19.4190534214243,106
-14.54410914490175,107
-22.222289343980194,108
-24.330764838932083,109
10.473556911354937,110
-34.664268008544425,111
-13.99717396844439,112
-14.744495736787462,113
-35.7914477428762,114
-23.412325404561596,115
-41.957353056391675,116
8.355523648640693,117
-9.112846885064448,118
-27.32739252481376,119
-29.189081033260862,120
16.36763568314016,121
-13.654750742899378,122
-4.810991770217274,123
9.034814163396305,124
8.470820733823222,125
-27.712711275205876,126
-12.176204811441538,127
-16.88716407264291,128
1.0333972532546252,129
10.052395194774014,130
-19.401619341268912,131
1.4453544670670269,132
-26.15786968297582,133
18.059817883691164,134
2.015838560580665,135
14.089125251420985,136
15.394802511277781,137
-25.319177302886317,138
-0.9366091611669418,139
-12.911719048539208,140
-18.51569730790099,141
-15.584176049253005,142
-13.165347662822528,143
-18.09827506130772,144
5.142231626988977,145
11.726895356404786,146
-13.017944121072896,147
8.68670782795029,148
-5.485854848529781,149
-23.764433343921375,150
16.83563798052697,151
-29.136477182115073,152
-0.006953091966839686,153
17.961340556843734,154
0.8687420637968035,155
-17.694482308595706,156
10.138939970647174,157
-1.4418694259361917,158
-3.09272199562299,159
18.025603351062394,160
-11.243591445103842,161
-17.75975933515067,162
-14.311576821104943,163
-10.986643438449082,164
-24.080632279245126,165
-19.494851268294564,166
-28.07959413510321,167
-16.84457881751814,168
15.277730206233734,169
-24.174654880893502,170
9.589725440342365,171
10.36291875780682,172
12.711488281482573,173
-24.6335060070373,174
10.630924274385738,175
12.978634416633994,176
14.052571836288259,177
-27.39642176971251,178
-9.211772297355,179
-4.38341139361442,180
-21.94730254942818,181
23.939076679726952,182
-7.296593024852794,183
1.2305755393823654,184
17.055070671462648,185
-23.875631661642284,186
20.29372017879689,187
-50.083226808727915,188
18.48513713806411,189
-16.172596150495743,190
-35.21585752622419,191
17.741591767152105,192
17.265734349989575,193
0.2630698323361127,194
-14.500535202402284,195
13.47773627946858,196
6.1783671864788445,197
-19.890223243287743,198
2.214501607426148,199
-16.75194700235175,200
-11.481016704472076,201
17.2829233061723,202
9.560017661851766,203
18.8628217225105,204
14.463943869432143,205
-18.234730461055957,206
-29.23517657926096,207
-19.653098177211128,208
-5.546831666312426,209
-24.05601771675735,210
-12.923823353437562,211
-7.5898698003139184,212
10.452192961679064,213
-9.704374565079242,214
-6.853507246273225,215
5.734909779853904,216
-33.62868798155131,217
26.534914536903784,218
-25.42165558503435,219
-33.9585032489668,220
-19.08004122812354,221
-26.365486241298232,222
-19.798694456027086,223
-5.101852783824925,224
10.340702039535149,225
-5.6341752142603685,226
-29.02212522322036,227
11.309706268547547,228
-16.267508095303075,229
-18.301437361398694,230
-5.655771828604741,231
7.765314009177205,232
10.491238418081885,233
-19.259808476233363,234
-8.493505880258429,235
-24.96618869894713,236
-32.476344660845925,237
13.903156760350807,238
7.786416056139281,239
-15.635877972474507,240
1.4378836568977809,241
-13.871263478140332,242
-29.177060616442375,243
-42.03508570914157,244
-25.90426909705471,245
-21.46616553697856,246
-17.676011680421816,247
19.382276412185355,248
4.822125768288863,249
-8.6804540436627,250
-25.340819807753984,251
-25.827677113109175,252
-16.9701033055693,253
-4.0488078008368245,254
-13.028519210739526,255
8.63493478980966,256
-24.283658956692555,257
-7.375791797124512,258
4.908437171231228,259
-6.805046238628819,260
15.458180709116974,261
-10.54153378181836,262
-36.72125319948951,263
-13.799633428722125,264
-33.14910909261356,265
-21.49422674474002,266
-16.362853013148676,267
4.970672290385359,268
-1.744634850672628,269
-26.329241066289864,270
0.6657731790277195,271
-23.613915563068712,272
5.621140123584402,273
-27.712474435926275,274
-20.756553737673407,275
7.595826430473251,276
-16.57748596664896,277
-18.523100973631877,278
6.144178994129671,279
-24.225954431890386,280
-5.797865240285901,281
-8.054732732906585,282
3.1853170890702778,283
-15.104173673096305,284
23.517038469657113,285
2.291563698386513,286
14.565587178263709,287
14.164843732178287,288
-9.884397096729364,289
-25.32941668599259,290
13.781234797020844,291
-18.948042264277472,292
18.746586140393998,293
-0.3663185563724696,294
-16.35907636207164,295
3.951772910657505,296
5.184430935003249,297
24.5894475410519,298
10.08478295785134,299
-36.206368388323284,300
4.715539283058327,301
-12.699141135348759,302
-23.057527981510912,303
-10.057651523615794,304
-29.397626341329435,305
-37.34150879070708,306
3.523823709972559,307
-31.56789509665321,308
18.16435142731828,309
-10.687402559226587,310
21.06224653216372,311
-1.9466533262203902,312
-4.52044130103857,313
-12.798244734673634,314
-25.81394456158695,315
-18.744456425483662,316
7.274906462098473,317
8.904148266740684,318
10.57712053068181,319
-1.1866507479123891,320
7.955529210296445,321
15.953014162017858,322
-34.77077597369829,323
-19.775681997949142,324
23.161846394535548,325
-25.445028975166803,326
16.109799809030555,327
2.8577565975764525,328
9.240570893509505,329
-13.528710864883937,330
8.876357831522004,331
0.15230837929478458,332
4.0267466813160215,333
3.1439375881470717,334
-7.6911602278950095,335
-21.781872113743862,336
11.281124254171331,337
21.0667745746353,338
-41.737091955465154,339
-11.861748987224521,340
10.179311878217957,341
-14.203822421378105,342
-18.655156184746062,343
-17.75425320289705,344
-12.69304179168309,345
-7.564905954292679,346
-42.95859376791633,347
-17.629584714646487,348
21.039200990610475,349
7.894903219705833,350
-18.132820370355827,351
9.275034972289525,352
-14.22715870630672,353
-10.867878192546128,354
-25.637996872867486,355
-5.592911715314213,356
-1.7440990327054924,357
-16.46025497941611,358
16.339840036703603,359
-1.7482178143829965,360
-2.1944977189773343,361
14.607622120549319,362
-17.71883726132421,363
11.20108188177252,364
-5.6514698922807804,365
-21.583835461613823,366
-27.393072955706497,367
-22.342421536389725,368
-13.737628994456028,369
8.919412454311894,370
4.523774355184624,371
6.257254789674294,372
5.8377045313079865,373
13.865697283794614,374
21.2846361038854,375
-20.58370166801911,376
6.603203798229382,377
-15.254051130159429,378
17.105458177617777,379
10.6700271883835,380
-11.785526767329538,381
8.114243677880392,382
-18.823965840603286,383
-28.586812951596443,384
-27.51872678378054,385
-21.702271878569427,386
-2.178593092609165,387
10.87269919478425,388
-15.657535630177453,389
6.601100498591892,390
-3.4519889049889536,391
20.066152819061617,392
-5.400932267706008,393
-22.323973007563982,394
-7.028397107351259,395
-25.43652628755405,396
-1.3854372538399113,397
9.266252505454203,398
-7.394245862197972,399
-11.579811514453407,400
16.292106567718278,401
3.395011964609566,402
-10.707464631798285,403
-8.185358639790387,404
-28.04101352788819,405
12.92292056869362,406
-27.451074191824446,407
-43.61319317680108,408
-26.061766484001613,409
17.039707667440478,410
-10.694938530600872,411
11.812593734059192,412
-6.899761958847707,413
-7.542943526275726,414
13.646251347052484,415
29.92940568730122,416
-23.92252452253238,417
2.2275627096057873,418
4.730420285671443,419
-1.0355633526313248,420
21.553222034950853,421
0.19521038615198272,422
0.2981045414885939,423
10.503261914708126,424
7.279879692689763,425
-26.266918791896366,426
-5.898186775185952,427
0.802434021145066,428
26.229573720992764,429
-17.175222683195468,430
-20.583743982558566,431
-20.51889561039873,432
-15.306475539093311,433
-24.19061624987163,434
1.8567574944753185,435
13.688332117409853,436
15.39462514774198,437
-17.362034206297032,438
-17.769101784888043,439
13.537454164289336,440
10.790876196073043,441
-25.571688944235852,442
-10.797875400629444,443
-11.615041072748173,444
-9.358031112600193,445
-37.53726943788733,446
-28.76859509588782,447
-5.636099297492885,448
-36.565299852926884,449
4.35921940215537,450
18.385754122449846,451
11.479315293544847,452
4.687878895634219,453
2.3818386978589103,454
-10.260473459829065,455
11.952959257181078,456
-9.692290989775925,457
-26.54992669277498,458
-29.00738513392809,459
-39.03107390967817,460
11.525949797993555,461
13.977073527876264,462
-27.449303192131694,463
-8.827925322176975,464
6.048633744956847,465
-9.820317029091914,466
-9.633185095202485,467
-18.0778179882982,468
8.888310795835636,469
-45.62855477640114,470
-2.5856300442742146,471
9.90931267284093,472
-33.650140009856685,473
6.961880920127172,474
-31.629228177604205,475
15.273232543095205,476
-1.408934011129631,477
-11.911265412600013,478
17.479242888268,479
14.927127031742796,480
13.716648960425573,481
-15.880887576648638,482
-19.451836957010784,483
14.818045075756089,484
-15.671130872635729,485
18.548705554691992,486
-10.784312156553355,487
0.014919233535113818,488
22.95311111274183,489
10.588911838746913,490
9.586652954069821,491
-34.84497554838633,492
-24.534719991491453,493
-21.075831266236044,494
-14.737578122418181,495
-0.5487145976954251,496
-13.858311193559823,497
-40.646352671459034,498
-29.225064189994317,499
19.73740140106058,500
5.242731537797939,501
14.402444805523295,502
23.2990959064383,503
-24.108034592827366,504
10.530940008629443,505
10.083393271692259,506
2.9323087625404316,507
-8.436211630701843,508
0.6802001308555292,509
-13.756406903794453,510
-15.345420558994052,511
-37.099770809365474,512
-3.824673943586212,513
-26.02455666200847,514
15.34420963644423,515
5.292714464572587,516
-8.514197976699087,517
-13.268000832320437,518
1.0741142796688523,519
-17.239915807571922,520
-31.906134176850415,521
14.142389718411053,522
14.608155471436604,523
9.920990583924583,524
-9.267512748380089,525
4.233390210618708,526
6.838435447225303,527
12.490050753808251,528
26.73179503741452,529
20.175188555214262,530
9.066959707892183,531
-35.13601425938841,532
7.9218631002768,533
-11.078631249626913,534
-18.95007768416582,535
14.199425772445124,536
-24.882461468932444,537
20.81339476396349,538
-4.670284928962159,539
-6.705208565238594,540
-28.594895590971696,541
16.26544286289873,542
-28.455125531448004,543
-21.13271318592136,544
-24.253016506376255,545
-16.101864281836228,546
-16.02743331624411,547
25.09239735911124,548
-11.858122062009588,549
5.390306310302895,550
-22.833763754030212,551
-0.19960692467722474,552
18.37797599864586,553
-26.833980096624263,554
21.43319905008692,555
-6.535939653890314,556
-0.535950075929251,557
9.92383349298497,558
-18.39376312587708,559
21.10323793386044,560
8.59553899824011,561
5.570519347581536,562
15.420082237073366,563
-15.552898155583078,564
-28.999355768279994,565
11.835530535426777,566
-2.024358240268587,567
-10.248591363806831,568
-5.93565781567907,569
-3.694429486381264,570
-31.7077329384891,571
-26.780131797420875,572
-33.35913258159446,573
9.466744292931422,574
-11.386132888844346,575
15.19488272700248,576
-14.061972741091692,577
-13.992996045802785,578
13.171224757827044,579
-10.944807141318527,580
-4.834981192767254,581
17.989157364393005,582
-0.30279266662025517,583
-30.38289241575782,584
-11.508209663405129,585
-30.353594276313178,586
-12.380011084494612,587
-36.04478119692062,588
-43.978004136323946,589
-13.203313088063318,590
17.9813876665437,591
-20.50076999633078,592
0.5052878003394303,593
10.489543015478901,594
-9.67211361119168,595
-10.856281234471396,596
-5.87128800127299,597
-20.407803122622447,598
17.3358978885108,599
-22.40814523964241,600
4.202572671613204,601
-22.03359628764084,602
-7.385133486212005,603
10.730330552794982,604
-13.373320464541663,605
-14.154654136538253,606
-20.503788009790856,607
-13.716125459887559,608
7.547880149362838,609
-26.301177411987606,610
3.155630325761914,611
8.843562086444772,612
9.407776154339883,613
8.293665699636067,614
-13.3638461372996,615
8.594777440286,616
-21.90174017765702,617
-7.545438470050678,618
7.884954853039437,619
-37.87295783729555,620
8.014736339791602,621
-20.70259646150839,622
16.3371041757974,623
17.345732180948897,624
-32.70131879762661,625
13.787512174600558,626
-15.296843114585869,627
10.1696920873286,628
-18.453446577908977,629
22.115698956823017,630
25.27665358062514,631
-34.95251723610811,632
-0.024789969391590283,633
15.08656119654961,634
-12.496107281132247,635
-7.565361180340302,636
13.586420475715848,637
-34.84572622497801,638
25.66320061727092,639
9.275514186566664,640
6.451829615599843,641
-13.273877250479465,642
5.305465503544379,643
8.245896815799309,644
9.439306858915055,645
-46.46700556811939,646
11.744358956004323,647
5.444078747923914,648
15.475194724935076,649
-0.14068806675781875,650
16.190139184886657,651
21.42451082817091,652
23.7635032024483,653
-39.03603814183815,654
-34.803451055413554,655
-23.738054490690242,656
5.585359282653208,657
-15.131079806505138,658
18.036590254579107,659
-0.8780398907863631,660
0.9660326996921507,661
-15.340490388286169,662
30.988903362543127,663
-13.028191843905054,664
4.663384305438855,665
-18.45122300370528,666
-25.242194181440464,667
1.5388626126690461,668
-13.539356180442748,669
14.973642881533952,670
23.681238953112473,671
11.81464745499007,672
9.76613728124019,673
-16.90417687281186,674
7.335387175978466,675
-10.312119327831603,676
20.066337368688515,677
-4.61726919054238,678
3.315982869155709,679
-17.572690914366135,680
-8.130534933460737,681
-21.726148014353928,682
13.184611393540795,683
-7.2332470424871484,684
-24.895830554064304,685
23.35361556100051,686
13.495850075677012,687
-12.602814046985312,688
22.2231847219253,689
19.76399105820216,690
-21.823517364165518,691
10.086506407275218,692
20.34384285167963,693
2.256451007725085,694
-16.761115013221612,695
17.75914471679399,696
-16.649994344842185,697
-38.312408726489075,698
21.17709057742256,699
-15.129158830295621,700
-23.18104494925651,701
8.854561702743053,702
-27.49867105272742,703
10.415082102035907,704
7.967399952733089,705
11.130685488266973,706
-25.875126951155508,707
7.297411875956401,708
-25.028675236185787,709
-10.908239432937563,710
-14.874360037840662,711
-13.557642653488124,712
-20.12284702020782,713
14.18765153860479,714
16.601452292912327,715
12.678849123264932,716
1.2709413290369271,717
-33.90901566628557,718
-51.08121734645714,719
-7.904768159520647,720
15.866158921306539,721
-29.783727145105978,722
5.134799882225769,723
16.969803745984024,724
-18.14974773933287,725
-13.968856132307847,726
11.134883204270263,727
-29.728053113931402,728
18.410637396011865,729
-1.6382513141668467,730
2.0987580037532343,731
-30.353806830556003,732
21.73700961402609,733
7.453103040458975,734
-8.5901350527189,735
-19.302600271221067,736
3.4603627091668265,737
-14.642630223656074,738
20.984042945964333,739
-1.2560142187477172,740
-10.07398281592179,741
-12.717247324920894,742
-23.192396189254314,743
-13.37286053736969,744
-13.299987547780692,745
-13.680333479624903,746
0.633344773311979,747
-25.635818408236453,748
6.679682641176051,749
-29.63176107626263,750
-15.970498880320433,751
15.639050111869643,752
18.569359048469234,753
-25.778842276153778,754
15.715940331478127,755
-24.622123297558268,756
-8.474854153799217,757
16.419078911656328,758
-27.548480747344033,759
8.976695960859518,760
5.444891943226606,761
-13.938594445078664,762
-4.153776949158865,763
-17.995757741281544,764
-13.198033780773683,765
-27.121413082352436,766
2.578155815410705,767
-28.166852834085027,768
13.742375131334512,769
9.9193096682144,770
-16.77653378978213,771
5.734660831077626,772
9.611729616238206,773
21.266598415487348,774
-24.516225398359357,775
16.974313524974395,776
-20.16699549283735,777
6.465943040582999,778
-20.354388727233157,779
-25.027311008898586,780
1.8100473243076047,781
-6.18277401251852,782
7.441465836783712,783
26.25384161865499,784
8.695914905165342,785
26.732001690987097,786
16.562679928287167,787
-26.117717187344198,788
18.982189666587253,789
-18.21937947174262,790
21.471473625346988,791
-21.059532339352522,792
15.767650097276483,793
8.569077457483804,794
19.854469022693518,795
-9.280892130784988,796
-21.909868898269433,797
10.320230386639373,798
-17.541090550290587,799
24.855929900531578,800
-32.653439879166214,801
-37.29740184613901,802
-39.30171704625772,803
-18.645807581374577,804
-23.803910361416087,805
-21.10583042160092,806
-11.728650265233416,807
-18.37859878961136,808
-31.000802955109545,809
9.052686379455526,810
-6.4923903118043125,811
-7.406724394503436,812
-19.372043382673123,813
-11.745887815343343,814
20.267043185118084,815
-9.465021465866265,816
-27.362225639182967,817
6.3033265867480335,818
-3.617815355425719,819
-20.786611448142963,820
-1.9382293658370164,821
-6.457146247424168,822
-0.5620977872854898,823
-28.414287658031647,824
-22.83356634240604,825
-8.810530520107735,826
-14.152836255306246,827
-12.304696634331744,828
-22.184204629717694,829
-11.642378872506221,830
23.279766220112283,831
10.586477297577098,832
-9.955960698616607,833
9.605117427175562,834
-10.349652549862606,835
-17.910009522386613,836
-7.18166447146142,837
15.786544150750615,838
2.9209026132636797,839
5.1720787099093535,840
20.620669611569145,841
-26.53760715614054,842
-13.769204792007578,843
-28.016788234104567,844
12.75042081223053,845
-32.36352651649725,846
22.07076971387754,847
-24.916817954392997,848
-8.571103432159322,849
-19.2133306376851,850
21.135997116709362,851
21.96557345131377,852
-10.905480628484973,853
-20.427389943256387,854
-12.545285451139105,855
-9.672565086103774,856
-37.16131793397405,857
-16.999418347420146,858
18.917489512665767,859
10.100335774334347,860
15.246828926429956,861
-23.190644141797996,862
-16.699730621300294,863
-25.60260771603961,864
-20.717667050468116,865
-9.699033282000338,866
14.839715840509477,867
-30.286243129731385,868
-4.717217559737794,869
-7.2969519804091645,870
12.100321416332282,871
-10.386780003998506,872
-10.14690437982481,873
-16.77166760685226,874
10.872300851938125,875
-29.103167222353047,876
-11.884704418988138,877
-8.744706696778604,878
-27.6728882213727,879
21.758275184224097,880
7.8061673273217895,881
2.370089671306749,882
7.132594584363119,883
-31.268227088362067,884
-12.191126664265212,885
9.347398125448791,886
-22.852024845094046,887
17.94209872626403,888
-14.630267480155492,889
14.362958418005153,890
6.216905293463952,891
-14.82300197694156,892
14.870931831200348,893
14.532947298792156,894
-21.74813652651313,895
5.626922357757566,896
-37.870035573627945,897
-30.52006808506524,898
-11.163137270980501,899
-7.140508761810993,900
-26.7289725738033,901
-6.235829438760925,902
5.75009009950157,903
-23.78957888139742,904
11.28411636892779,905
9.699250937119047,906
-30.6675457729332,907
-18.78301114819078,908
17.770001221398026,909
14.101836354942144,910
4.993685688412665,911
-9.134318981643698,912
-30.445226456111655,913
5.474321754878959,914
3.6665077728219657,915
-12.254882394078773,916
-12.7584013040576,917
22.374425140104698,918
-26.051555429194064,919
21.698974710249765,920
-21.372816608505865,921
0.3137315973491299,922
-10.50572839523058,923
7.890243072748783,924
-13.564859760579886,925
-17.17793015817244,926
9.219311383063365,927
-2.6179122720857446,928
9.67246223009816,929
-19.482843439144006,930
18.93263025773275,931
20.89066723178967,932
8.40437390452427,933
-26.263373425634448,934
14.473064572762965,935
-14.845194226025422,936
21.30123726118074,937
11.39428829385951,938
-21.43831595278231,939
-12.161255243601207,940
2.2281707098181647,941
9.759480813841705,942
-12.908947705729581,943
18.624095746950378,944
9.92722065339838,945
7.542878806815313,946
-24.13173261750083,947
-14.392708410648526,948
-9.572524342452095,949
-27.11484532246779,950
-27.74715304598538,951
-22.688666291175984,952
-10.655205691835869,953
-5.660835378169995,954
-19.42911794773807,955
-13.00185763350986,956
-28.52610226353071,957
17.65981434531603,958
-6.6060037220778725,959
-38.77772610819322,960
3.6440963541108964,961
-12.567316685283274,962
-39.02005549036206,963
3.2343611836890425,964
0.8426218212325374,965
18.724998014314497,966
-9.306628190695033,967
22.368526015785843,968
14.60534324879637,969
4.171755652683638,970
-26.32249717259568,971
21.80234842305421,972
2.317724391198226,973
9.422718963467808,974
-18.568347407470576,975
5.159250484571089,976
-27.804580218795873,977
-4.982111273520102,978
-15.334894145422298,979
-23.277145687171576,980
-21.455209153525015,981
-1.323048782188046,982
-28.756745342688564,983
-21.782336681855632,984
-8.023039251653511,985
0.4052435877619631,986
18.762863797764414,987
4.130064070212587,988
9.826184560271662,989
-16.91086366661424,990
-18.97483717483884,991
15.390396115210361,992
-23.138077990547444,993
-30.70164022875156,994
-29.282640870762137,995
-27.607796276251204,996
-20.320565863970984,997
12.003595677662332,998
-5.022008956104488,999
-17.804177508149202,1000
-24.118004571912405,1001
8.772672075839244,1002
-0.18244277294390887,1003
-20.27101976324392,1004
12.095412823480988,1005
-20.546187528306014,1006
-22.677931774921685,1007
-25.917567891721298,1008
-23.718052450940643,1009
2.0064987599171804,1010
3.2942852713516935,1011
-8.732139200604216,1012
5.926295713818446,1013
-7.6515153752930285,1014
22.983124742742206,1015
-23.26030060817491,1016
-16.881153491905447,1017
6.7063469323207485,1018
-9.697590130883043,1019
-7.122492457913437,1020
-8.959158764545384,1021
13.977965828293858,1022
-21.80227154775281,1023
-2.0911310794123845,1024
7.238394096636927,1025
20.593558753665224,1026
-16.424132248784233,1027
-23.132744094943515,1028
-6.690982322355208,1029
14.355453565754665,1030
10.068181948954896,1031
6.916189291757009,1032
14.9535088156528,1033
5.828279121757074,1034
17.137461248724986,1035
-5.527453199410887,1036
-24.468903424653757,1037
-30.417822467758114,1038
14.567216907226065,1039
14.533595899084101,1040
14.183173100349126,1041
-26.543728669337263,1042
-12.091440124095627,1043
4.5242850342679475,1044
8.908366055642206,1045
18.230163644238235,1046
6.470133591289892,1047
2.529147980555434,1048
18.771558374449082,1049
-20.297311371459145,1050
-29.023139511374204,1051
1.8431233804903613,1052
-30.313263267425366,1053
-3.8785106589940703,1054
-15.301962141868279,1055
17.198483983617624,1056
6.534237412866565,1057
-14.65620049718921,1058
9.746760338144115,1059
0.6931418738835546,1060
-4.000436285109602,1061
-24.048242050609602,1062
-8.091916201983343,1063
4.0545987553075165,1064
22.001897474741316,1065
-12.365562217098194,1066
5.103597191861475,1067
-19.53586105138333,1068
-4.890048526149369,1069
-15.691781329198138,1070
6.502326050435929,1071
14.237608235523052,1072
14.951905395927472,1073
14.772286254772268,1074
-21.047260088315838,1075
9.726823361220754,1076
-26.992669354839432,1077
-17.02903542454309,1078
-18.228991316300856,1079
19.49757658069462,1080
-7.301158096861939,1081
-3.992464744451987,1082
-23.18631591117733,1083
-34.60654339380878,1084
-14.664318992063842,1085
-20.450452004086777,1086
17.89437973414634,1087
16.024534796565714,1088
-15.340695057725032,1089
-22.510105969896383,1090
-20.259837042775168,1091
5.157987231844222,1092
6.8305069492411015,1093
16.751210172252215,1094
-37.46716040144255,1095
3.250082605111267,1096
-9.077719722516541,1097
12.62526339219389,1098
9.544543730019091,1099
-28.502240686913904,1100
-25.667771907410792,1101
-16.650799790381143,1102
4.323067874982797,1103
6.665475415102144,1104
-18.529873490193957,1105
-8.67468626938512,1106
-3.157293915247971,1107
-8.134227780912624,1108
6.37516690579389,1109
-12.957610495585232,1110
-19.391316765582868,1111
8.116040424955408,1112
20.445027163402926,1113
-19.18441584298434,1114
6.542864503846843,1115
10.453824260341655,1116
7.867367913688945,1117
4.115649624409375,1118
6.7034337879528785,1119
-6.411046570235039,1120
-23.538088890355716,1121
-7.505795765832995,1122
-14.613248428118053,1123
-20.324566880924916,1124
15.196127819186433,1125
-22.350141059782754,1126
14.532972984723532,1127
9.223998210948823,1128
19.48404393063385,1129
-1.9202303704307662,1130
-29.37991358840013,1131
-19.19924196677204,1132
7.147543502797102,1133
-10.75895543749747,1134
-35.98099996908789,1135
0.9056990475401081,1136
-22.01261431500914,1137
6.779533754973144,1138
-7.796987104256019,1139
-12.265823091773946,1140
-0.9913328246238349,1141
-17.07377042989735,1142
24.628261661319957,1143
20.5065718153809,1144
-6.346282671174465,1145
3.3103190403122777,1146
-30.800346443545187,1147
-38.410258630480584,1148
19.470051064964228,1149
-8.92087082700463,1150
-15.320547928475477,1151
9.833228413796892,1152
-3.853775802177572,1153
1.6720278292016513,1154
-0.6457650888547661,1155
10.660765477905343,1156
-35.20688099922711,1157
-24.893303316910025,1158
-21.743445990648148,1159
18.030514737227794,1160
-26.99264055971012,1161
-22.16089484477447,1162
-32.400783186824334,1163
-27.769382585843307,1164
-8.966663304809307,1165
14.647319930966265,1166
19.74061787895396,1167
10.710802826135946,1168
-25.12528931387168,1169
-16.3987735077598,1170
-26.529462511647537,1171
11.583628419736293,1172
-14.603933321989112,1173
16.25720659559434,1174
-13.376155223678662,1175
0.8287361162467013,1176
14.725377964689063,1177
-14.917313343998767,1178
-23.551217353946043,1179
-10.331009511517653,1180
-11.103309446313716,1181
-37.047514210089645,1182
-16.940746841063103,1183
-17.732368842815728,1184
23.106679440453714,1185
7.5591892587395275,1186
-10.060959289378733,1187
-18.62112964966156,1188
-27.968191370358955,1189
-18.699747664680388,1190
-31.449373930582684,1191
15.948385570152077,1192
2.476228027599065,1193
-13.756252377251002,1194
-22.809066474158904,1195
8.275459959608432,1196
-20.93100545216872,1197
-13.627974241467347,1198
27.6543248764022,1199
13.17710882728979,1200
-21.37304259431449,1201
4.96418455034512,1202
17.46122509095059,1203
-5.672175394320269,1204
20.304547641177912,1205
5.961758785168062,1206
-16.6898474337413,1207
3.0978586292853727,1208
-21.70444447710669,1209
-18.823107507504584,1210
11.423696059759283,1211
5.189133938425934,1212
-18.851650930347397,1213
-22.69110847450387,1214
-23.194216281729926,1215
-7.738780655858735,1216
-19.83752447432756,1217
-19.3161093498589,1218
-27.08940890117945,1219
-12.033248608858326,1220
7.248395577143034,1221
-22.772005378047666,1222
-2.070602043913439,1223
13.48681576089934,1224
-22.491043511826426,1225
16.833606296127673,1226
-25.25440300728852,1227
11.694557750651398,1228
-23.016314277722007,1229
-18.972288634987017,1230
15.8287593021222,1231
-4.532799366823252,1232
2.3775800582481477,1233
22.727486765926336,1234
-25.31617663627637,1235
7.628217083859008,1236
-16.85584865647622,1237
17.03859404413825,1238
-28.873398870907593,1239
2.48697278051287,1240
-33.70512762888367,1241
-14.178293604269758,1242
27.85888661515377,1243
-11.285558981918669,1244
-15.995801078954718,1245
-4.0068852499638385,1246
-37.20737498940317,1247
19.93237249396825,1248
-27.416276419352826,1249
-23.899622130334798,1250
-17.7313263258219,1251
-18.065089807923158,1252
4.378240639209908,1253
20.994446066990236,1254
21.24148934732874,1255
28.088946241391575,1256
5.165963604730374,1257
-7.472272923712912,1258
4.383960986053131,1259
-18.39032311567125,1260
-26.690966372091943,1261
15.65466823448995,1262
8.592253310543743,1263
-0.5470609310628536,1264
-35.265430679373694,1265
-20.495240016496084,1266
-19.238089931079188,1267
-12.003086605243556,1268
-26.665360108171292,1269
-20.306861295737125,1270
-25.49987989465135,1271
-10.755403747597413,1272
-21.58494879733358,1273
-21.06245191341455,1274
-18.178436310781574,1275
-20.473973577562077,1276
-12.493957757273996,1277
7.50612894942209,1278
-25.76748000193023,1279
-20.51838879844283,1280
-23.596773281938223,1281
19.331547144248553,1282
-38.193414315129075,1283
15.726136438511137,1284
-27.333126184640864,1285
3.4213645515059685,1286
-39.93525703370351,1287
1.6612269867850555,1288
-39.12785167046353,1289
-17.794959373912796,1290
-14.110044133948488,1291
3.889903275911834,1292
-31.237933113952067,1293
9.8876892623924,1294
7.748902078323475,1295
-43.84347881621406,1296
-18.00147346476242,1297
-42.19151428176679,1298
14.28917490547843,1299
-12.979105755753281,1300
-18.20097797659208,1301
-11.853473314353817,1302
-15.785984829027424,1303
-16.94391228590726,1304
-16.715305230535492,1305
0.5781519876131487,1306
-6.836203471911199,1307
10.666763463575645,1308
20.95881600541261,1309
-20.461090109769835,1310
-20.153711052698768,1311
-29.982281280184754,1312
-4.918721325283183,1313
19.508293739524735,1314
-26.544261965877364,1315
-21.042546687094145,1316
8.258866577515112,1317
-20.30921915898523,1318
-26.279271194570853,1319
-8.84364616792517,1320
-34.10763441359613,1321
-27.933075927305413,1322
-25.282816306918885,1323
-7.102944225381565,1324
-14.944608780609201,1325
10.204684813861986,1326
-16.23990506346017,1327
-23.99824948221871,1328
-24.483225337634288,1329
8.24001369952267,1330
-20.459071894282474,1331
5.712698528062262,1332
-11.443297132073141,1333
7.259173400834564,1334
19.044449013875354,1335
6.025825326596493,1336
-22.854735541833108,1337
8.652584436504956,1338
-32.3690930935871,1339
-3.9650064377073564,1340
-13.672734798074247,1341
-17.564433480184576,1342
16.819913244777908,1343
4.03113581135727,1344
10.859334281097954,1345
14.840470770664002,1346
15.250796684559301,1347
-1.8169573897158253,1348
-31.514733030204116,1349
-3.374861485372355,1350
17.09348384646321,1351
17.719326736888178,1352
-1.1368486940251437,1353
-31.36801031028008,1354
2.2431747774574333,1355
3.814658980341674,1356
13.94678540770667,1357
3.693035503940161,1358
0.7525600041060692,1359
-13.471657265209991,1360
14.626244152787496,1361
-20.862176299477124,1362
-20.59058860650162,1363
-20.75483197603627,1364
-26.73739217304585,1365
12.285054143520714,1366
-24.47243705091224,1367
19.550180314142594,1368
14.227779982852088,1369
-36.20532746305588,1370
-10.187379407399554,1371
-8.943847816434003,1372
4.693129497720372,1373
9.605421563172959,1374
-23.740287082513092,1375
-35.797508203763314,1376
4.513202250065461,1377
7.843960859397843,1378
-41.78923348448979,1379
-37.912846062863714,1380
13.830875697433317,1381
11.105500535447653,1382
5.658387522021188,1383
-18.693015764761277,1384
-22.55623105492952,1385
16.732982562052456,1386
-33.4087796301477,1387
-18.468149564323234,1388
11.370248663782515,1389
-11.707694155094632,1390
22.697918901016543,1391
-19.32136823090463,1392
-7.572069458064977,1393
-17.70809513386572,1394
-27.13995710447598,1395
-26.054026824376187,1396
3.921656732876512,1397
-41.647802626820834,1398
-29.232382038124754,1399
10.108721033683336,1400
19.505790302842104,1401
-21.939319768250943,1402
3.5625946294874424,1403
26.859970627775198,1404
-23.838232034673698,1405
-6.3208392231957085,1406
-11.075335052741078,1407
19.621853783905397,1408
-2.520385497430794,1409
-6.512033945490305,1410
-23.600326257493414,1411
-4.11739557121923,1412
-10.930783285107141,1413
10.880834286483314,1414
-10.096460018676428,1415
16.459147305833874,1416
-32.671131168400734,1417
13.873150279872323,1418
-0.0015134607860352034,1419
6.577252559398087,1420
-22.481773911350558,1421
2.7208487098485605,1422
-23.13021495552054,1423
10.172051016971814,1424
-12.107089186124151,1425
-25.959500647528483,1426
-22.70049396543016,1427
-14.569866057713247,1428
2.0098833342638835,1429
-11.464957129340984,1430
-25.097399706902824,1431
-6.927773383816822,1432
-25.645743484906788,1433
-11.412564762895935,1434
-15.202671796157446,1435
-3.9286876171454184,1436
-19.87017444236381,1437
18.26881649451056,1438
11.248146931779605,1439
14.126068499484894,1440
-21.670077120492714,1441
-19.257854442590055,1442
5.936371419534961,1443
-21.66988604724655,1444
6.554126786516067,1445
-32.57709209028757,1446
-6.402977625110132,1447
-27.081757056228767,1448
-18.09700525381986,1449
-1.5910496194773307,1450
-29.331320466158225,1451
-29.17647103291297,1452
9.27685796879584,1453
-40.61547720613354,1454
-18.308724905116577,1455
-23.831949463328478,1456
-22.459854470393697,1457
12.52629095618807,1458
12.284935413596827,1459
4.800951300848935,1460
-18.250449168383334,1461
-36.99009629250474,1462
-6.192198716256103,1463
11.066154452484493,1464
9.921564395286483,1465
4.307028101039613,1466
-22.38227310226205,1467
1.2012559275215748,1468
-23.45711589519666,1469
1.2271691670357798,1470
-13.037483489560845,1471
-19.156583727396722,1472
6.830203930352365,1473
0.5081598907767777,1474
-26.520721834808338,1475
-9.920003310005388,1476
18.358411065374955,1477
-4.490755379628853,1478
-1.915633763066598,1479
-11.999820462198713,1480
-22.41606591299707,1481
-10.253994024121948,1482
5.696610582903082,1483
-0.7449615123359479,1484
-20.414599440557165,1485
12.667634696936844,1486
3.6302786254931103,1487
-14.431967480423815,1488
-21.364696965860357,1489
-33.05531273174333,1490
-33.98058770213376,1491
-17.33629341062314,1492
8.279378128748887,1493
1.5444515431862298,1494
-6.199336826367348,1495
7.950212274045089,1496
-24.152667186840254,1497
-4.366716631989174,1498
-17.22697601896718,1499
10.50688979473125,1500
-15.537615031576202,1501
16.314959779398052,1502
-16.303234639269313,1503
14.466013134762186,1504
-12.83062616058275,1505
-19.346596301341165,1506
6.82542774164877,1507
-4.946418185526729,1508
12.140066269678865,1509
-22.835855764402748,1510
-19.012916916655406,1511
16.93359373718682,1512
-16.45452374007187,1513
-26.625396082045977,1514
-14.065591688196038,1515
8.531564085799662,1516
-24.084646775871082,1517
-21.722101495197606,1518
2.927311471892507,1519
-8.179959883297718,1520
-42.24030262186924,1521
-12.511201248732755,1522
7.772231762940976,1523
15.418418873409852,1524
-23.774997194717812,1525
-21.535214024860714,1526
-17.02784257543554,1527
15.0655937907766,1528
5.838467440080045,1529
-20.597015224996213,1530
-6.515079591603717,1531
-22.775193676866937,1532
20.03287759707785,1533
15.36824937316533,1534
-26.4709010331927,1535
14.409111105187616,1536
-15.22534452218832,1537
-18.242821824900638,1538
8.119947237516078,1539
5.48905603191532,1540
-13.318878647202128,1541
-9.257270662162728,1542
15.276947157560986,1543
-19.353222972360307,1544
28.01395088513012,1545
-23.70047336872162,1546
13.878272351630898,1547
9.807843971682132,1548
-23.86410471314003,1549
-4.966398989508627,1550
14.959292058542289,1551
-26.897764900154648,1552
16.899256980857135,1553
-12.207648479739703,1554
-35.51268814992616,1555
-8.114207058404622,1556
19.964751420796887,1557
-12.626989104348276,1558
-13.444875466504854,1559
-31.262046534453823,1560
22.507192693489298,1561
-32.61338935602871,1562
6.43011675529759,1563
-22.34699987023457,1564
12.314670229947644,1565
18.147768104947687,1566
13.169939797267237,1567
12.16110492685376,1568
-27.926595639235977,1569
2.3143252031678117,1570
-8.98907787183486,1571
7.616743852691638,1572
-11.660999220234885,1573
-27.60471318342934,1574
7.4552700176387585,1575
-36.87534649418062,1576
-25.578206986650486,1577
-18.75342376385221,1578
5.3100848591479135,1579
-26.280592725780448,1580
5.203758819363138,1581
13.352088387499531,1582
10.084038078539248,1583
9.282039579114898,1584
-6.755455387204934,1585
30.23459910544085,1586
23.400444186940984,1587
-25.6242633442723,1588
-12.372199587126335,1589
6.095605554937244,1590
9.119151585221529,1591
-26.08977006643857,1592
6.421088778746556,1593
-23.03697451926624,1594
-20.231755252627345,1595
5.241579119740228,1596
-11.33714084585657,1597
14.05590576418053,1598
-3.7000165983293027,1599
-10.487354578906356,1600
-19.357694800564666,1601
-27.75856891671094,1602
27.69065032714439,1603
-33.61063973118938,1604
-12.694495275302742,1605
-15.847586250406325,1606
24.49560244710966,1607
27.20194081878418,1608
5.984208940154339,1609
-22.338592728577165,1610
-5.695019913725978,1611
14.952203272490483,1612
7.83262007389216,1613
-19.468763272207354,1614
16.799341193367724,1615
-8.62551698170034,1616
-20.581741399542018,1617
-5.097193430808773,1618
2.2923451774513275,1619
8.798084003829919,1620
-9.079912774152582,1621
9.80937091336315,1622
13.676023178163696,1623
-27.224074395864488,1624
-28.813033041012947,1625
-3.0776309224006537,1626
18.63443159788155,1627
-7.620212603433509,1628
-8.47443810065348,1629
-3.4370077088996456,1630
7.217609780976831,1631
10.85853731585236,1632
-7.956741082399464,1633
-13.151366542988129,1634
21.221422827189226,1635
13.423448961221624,1636
-25.258374198063866,1637
-17.56674852255376,1638
-38.27133880337908,1639
-11.736430294957763,1640
-34.00008022135848,1641
20.031871419459755,1642
1.853472416109594,1643
-30.887504419160333,1644
-21.175697328230186,1645
22.17299298053288,1646
-9.183510405182567,1647
5.845869605217731,1648
7.251360957598584,1649
13.171160830134209,1650
-28.242593446374784,1651
7.6664945930876165,1652
19.436320593242414,1653
-6.041636562173206,1654
-1.767531994594317,1655
-9.132903960516305,1656
-31.46510336889644,1657
-12.95359931765434,1658
-7.165736693011354,1659
13.769020720636252,1660
13.159455721928811,1661
10.480119842467104,1662
7.720961096089459,1663
-18.681263118682992,1664
-28.46037182441328,1665
10.34374087937573,1666
-14.784629688907858,1667
-15.543185514550721,1668
10.266598569921687,1669
6.726340811076183,1670
10.016247325395812,1671
-14.152161191000511,1672
-13.269840972261655,1673
-18.954753807023355,1674
2.256766182812737,1675
-6.79285334285072,1676
-26.017088051725235,1677
23.13734480433067,1678
21.69806032331396,1679
3.035730777329647,1680
10.099258339887905,1681
-30.74024782072515,1682
12.258850229241073,1683
7.495741796869476,1684
-21.613709370746257,1685
26.682027680215874,1686
11.29079588715297,1687
9.949284939841295,1688
11.653573201984361,1689
4.481599571071609,1690
20.896309959912184,1691
-7.5177585452968785,1692
-7.275748841336937,1693
-28.865098199856224,1694
-35.54098753065601,1695
13.884881710276648,1696
-22.961444973017688,1697
7.146134033284735,1698
-25.7043378167643,1699
-12.380235716455807,1700
-38.86064300387523,1701
-27.41756926659601,1702
4.483507721591831,1703
-17.59069022939396,1704
16.600280770877344,1705
-14.254385051413353,1706
12.52865361408568,1707
-12.668458644766208,1708
26.169727286989744,1709
-25.893590521116735,1710
-5.299050673024709,1711
18.39561816270086,1712
-9.173433496087467,1713
-26.949257302235665,1714
-15.338559816541865,1715
20.4612610830265,1716
9.136117555638364,1717
11.315843590002963,1718
8.679037508838675,1719
7.677620549403583,1720
9.84998468076656,1721
4.07222276773002,1722
5.158373983027918,1723
-24.358554998125083,1724
13.19415362501805,1725
-18.20766432786602,1726
-8.806574880294672,1727
3.3474956749043496,1728
-33.419539872565515,1729
7.044157772375829,1730
26.723698702993318,1731
8.366466211877258,1732
12.200067213426124,1733
1.3220868228069662,1734
-17.30411384730922,1735
-5.434261671131016,1736
-2.91122836506019,1737
-24.004859999161322,1738
-37.985718416683426,1739
-7.155884670414275,1740
-20.694005373253965,1741
3.4139335546123313,1742
20.241837821692158,1743
-1.4393624436301522,1744
-12.452422169948774,1745
11.135863108350822,1746
5.040217183776223,1747
-26.39677416843914,1748
-16.710163593692634,1749
-34.252788250009914,1750
-23.54659461564469,1751
-25.355684127292204,1752
10.074758490606966,1753
13.5168571894047,1754
31.118955954337963,1755
15.578481903404047,1756
21.350725359802983,1757
-16.56474850116599,1758
12.91588138688223,1759
-11.760869653356151,1760
18.42629453455373,1761
-28.427735613232674,1762
-13.20594247424077,1763
-27.699006542043268,1764
5.955500709308092,1765
0.6725705733528233,1766
-15.68746696669365,1767
13.018917955352322,1768
16.413627583693362,1769
8.728133301985721,1770
13.921743860869181,1771
-13.049271195716077,1772
1.3119974654991076,1773
-5.976191759689601,1774
-8.716429578604732,1775
20.247008939986745,1776
6.611902403285349,1777
-24.056142905253463,1778
4.374173739829052,1779
14.476732980601906,1780
-10.225705129837166,1781
-13.534732475682382,1782
4.090998811149939,1783
-29.089560528477257,1784
-10.736070750459795,1785
-19.993156318272163,1786
-2.6286156624476193,1787
-21.804779456979997,1788
-13.232455977974762,1789
0.9617589044540651,1790
8.37840603331914,1791
15.859770874379869,1792
18.536987384965148,1793
-15.961698652001358,1794
-3.468081580973454,1795
-14.049284197488202,1796
14.31423510069881,1797
11.213171679372376,1798
-27.539538859732687,1799
5.831177135918253,1800
-8.226790897768318,1801
12.367239484219127,1802
-30.688363980280545,1803
-16.423675703688914,1804
-28.825585134088605,1805
-3.2129223808174348,1806
-12.122736706150729,1807
9.196635296065509,1808
-19.211875561504975,1809
1.3431168648634717,1810
-5.3196510612484955,1811
-18.001454789153264,1812
5.097273465893441,1813
11.320128676353004,1814
-1.1829983268212088,1815
30.912907404661887,1816
-16.762839524852303,1817
2.843007588876409,1818
-2.040837039358533,1819
-17.629822039157574,1820
-0.7185668753829715,1821
-30.154663975289164,1822
6.660877073090191,1823
18.120426398283495,1824
-15.362685319925655,1825
-28.779119210303694,1826
-16.81224637341344,1827
-11.246844946815536,1828
-25.951719388131178,1829
-11.114725584629305,1830
-36.61176681926254,1831
6.855310416239627,1832
-42.26033675561918,1833
-17.063948044704233,1834
-2.6726257064374934,1835
-3.8970320934191935,1836
-18.070976554658237,1837
17.3951920265123,1838
-2.6328495840700836,1839
-20.991116640964307,1840
19.05473303653862,1841
-11.886647019837344,1842
-6.578551114767694,1843
-13.084482638626632,1844
-28.185991489606415,1845
3.3468647945692513,1846
-12.376098688921132,1847
-4.144851868425205,1848
9.22171049688815,1849
-29.925424428350116,1850
22.753066541064147,1851
-11.94862461372134,1852
-18.91049818938707,1853
9.752946775388677,1854
-20.96190446178776,1855
-24.24560772289112,1856
-17.827744953345196,1857
7.538234443419212,1858
-15.538103841930688,1859
-5.710998690941026,1860
-6.63667319252545,1861
-11.859007887300569,1862
13.666983535514582,1863
7.3994195630020965,1864
-18.631723321393224,1865
-11.327847311600475,1866
8.56264009104814,1867
-23.960100836125147,1868
-14.789494200614168,1869
-5.3993180273104535,1870
1.7871616214534818,1871
26.654804205408396,1872
9.593039368258847,1873
-12.114922955106856,1874
-11.50913316249154,1875
-34.999220143152606,1876
17.566693455211492,1877
-12.00092195861243,1878
5.689408951315084,1879
23.363448401976964,1880
-18.91310358152136,1881
-31.514573632686595,1882
-13.65410837364535,1883
7.82542500321086,1884
17.45485456588465,1885
-17.033897278343737,1886
8.960986903185628,1887
-30.753336320746104,1888
-16.34717864606213,1889
18.858475006365804,1890
14.097644528528694,1891
5.999654811942609,1892
9.171776363250897,1893
-16.089026456566927,1894
16.74093291009052,1895
-3.8809231354225373,1896
-7.081733881795699,1897
-1.1779471351218067,1898
21.345508980231116,1899
10.211052739801842,1900
-13.085691264726787,1901
-7.251055363593144,1902
-0.298045725590411,1903
22.027634862026574,1904
-7.5275319876748625,1905
-18.574234965316023,1906
22.361434627832523,1907
12.211100566969147,1908
3.6174747701389904,1909
15.704294343107868,1910
-11.201186233223934,1911
17.712804609914066,1912
11.35818143553502,1913
-26.062892444887304,1914
-15.770809729121067,1915
6.4350093039973135,1916
-24.046361698879803,1917
-35.700668336888455,1918
25.7302074732717,1919
10.287119069343227,1920
20.744308290349032,1921
-7.8139773348990955,1922
-21.907691277652287,1923
14.15709968148657,1924
7.079164769554353,1925
-27.179115316967312,1926
-10.241874637231822,1927
-8.6951098670583,1928
-15.721132071209176,1929
-14.945798500466317,1930
15.493617705190864,1931
-17.938800302150298,1932
-20.497769412366146,1933
-35.162828490927545,1934
-12.403783049584563,1935
-25.82137669071401,1936
10.317715685252189,1937
5.711661496176159,1938
-30.443888321837107,1939
-19.147073470074464,1940
13.361351545205313,1941
-21.174078824402002,1942
-6.466551111973082,1943
6.796668303990373,1944
-12.112580389052741,1945
16.632993845136287,1946
30.16596825154611,1947
11.591179481121916,1948
-9.98658450225454,1949
-16.514651529589727,1950
-19.52971993022419,1951
11.416032410337841,1952
-31.678980885444275,1953
24.644104449398043,1954
7.410830719301641,1955
-30.15059332856694,1956
-5.767937239946311,1957
6.712730212601354,1958
15.187800581647625,1959
6.029861807188988,1960
6.079700152784243,1961
2.1387190458453142,1962
-15.581577529069165,1963
-16.031804464877602,1964
0.37995688125726534,1965
-13.32596722526077,1966
-26.175703534366313,1967
-18.0552010338306,1968
1.8459791964113341,1969
-10.134436713365117,1970
18.5992213834248,1971
-21.348415638653158,1972
4.952463798801949,1973
13.068724950146322,1974
13.743186835455592,1975
-31.8918890303721,1976
-14.880277444533057,1977
19.102900699325208,1978
-14.33394895555393,1979
7.568856924789582,1980
2.7595076574321773,1981
-16.279388872424704,1982
12.501472028735765,1983
-21.43032486155389,1984
19.878036974921862,1985
-8.786416167227799,1986
-24.315057396447063,1987
11.784042318714846,1988
14.45217587123296,1989
-32.87710402575274,1990
-21.356073901125832,1991
3.4607993624736313,1992
-24.750058104663868,1993
10.071037908173844,1994
-9.108466548093928,1995
-20.23855738837866,1996
-24.184501958326376,1997
1.1432156220130452,1998
-26.34387287164468,1999
6.331444391245215,2000
-27.972418300212876,2001
-14.235208791214474,2002
-10.164934240545772,2003
11.44466819692251,2004
9.807548763010587,2005
12.03292381049988,2006
-25.727142508067857,2007
5.656138227477392,2008
-35.27047241937518,2009
-0.40210120328285104,2010
6.845897320917803,2011
-22.73935554401473,2012
-12.447399889774115,2013
-2.283366047865332,2014
11.237052312854718,2015
-3.4271297987399483,2016
-18.67841883486409,2017
-21.248590852882778,2018
12.079101617748869,2019
-25.281694072958395,2020
-27.413767463241157,2021
19.692946060022965,2022
-30.159975913662617,2023
-12.465365413677894,2024
-29.09407770009133,2025
22.24156228112581,2026
21.91358632171404,2027
-26.25120626825188,2028
-27.40730274639536,2029
19.026718568356515,2030
-20.250865332373813,2031
-33.81312837728326,2032
15.38033979276969,2033
-14.710325911468747,2034
9.322383691086007,2035
1.1396036025415706,2036
9.298667062150855,2037
-7.843138845930969,2038
14.888756728630888,2039
-3.232951759437161,2040
-24.421199733439508,2041
-1.9254534171704702,2042
-2.0002021553083624,2043
9.778247231820911,2044
-34.34935398143189,2045
-13.720494503358461,2046
-23.85510180339159,2047
8.081747895020229,2048
14.029997973172136,2049
-32.04093531223104,2050
-28.347202366430945,2051
-20.18221845927544,2052
7.921001133025035,2053
-6.225336315789144,2054
9.107438760098422,2055
0.7895634454086755,2056
-5.465606424181611,2057
-8.99133225993345,2058
-17.15101950477796,2059
-6.870821825186667,2060
-14.572149341798161,2061
-16.72666864909672,2062
-9.810553673400946,2063
-36.37910235373508,2064
-25.166662365067435,2065
4.29524190167875,2066
10.739252888261085,2067
-24.238930110938146,2068
-29.298781048008642,2069
5.748578682805276,2070
-16.573216255478883,2071
11.546309672316223,2072
-10.6006145103546,2073
19.034771307215454,2074
4.839471427401589,2075
-23.503032371524007,2076
-24.75662426051143,2077
-0.2534675734229408,2078
3.716280634924402,2079
-27.772060754847804,2080
-3.2098317125401814,2081
9.383317387641299,2082
13.048043148130517,2083
-27.179953959472638,2084
-12.812662921630782,2085
18.613760757802115,2086
16.33084283717521,2087
15.095870717409372,2088
7.5493208408247945,2089
23.21771311895049,2090
-13.450076964008051,2091
-11.756011823566936,2092
-6.360796406403607,2093
17.72191177599067,2094
-27.263029726534707,2095
-20.220884115965863,2096
-12.017735152322711,2097
-3.535059194126251,2098
3.71925616229149,2099
7.751159309730065,2100
8.122211662883933,2101
9.626426622097211,2102
-22.628436908908895,2103
-18.78666930380966,2104
-8.527741282836283,2105
3.924656959984125,2106
6.862634890861802,2107
1.8428225580092619,2108
21.090344661027366,2109
-18.78101768276509,2110
7.15026186477286,2111
-0.05234956934661206,2112
-22.69213695199391,2113
15.697368810929614,2114
-34.15132318657025,2115
-17.483621828626347,2116
3.3850344228702465,2117
13.13521255508229,2118
4.187417460191156,2119
-12.40916233070283,2120
24.41752837868488,2121
14.576957616155926,2122
5.843026612303486,2123
-7.474905342262865,2124
-18.5778947925246,2125
-14.517734236706094,2126
7.6042148898088,2127
-16.88464230738468,2128
-21.02811622555908,2129
15.88076891855421,2130
-13.819969418244177,2131
-24.025529811980668,2132
-27.07541554452077,2133
-22.66874807869393,2134
-33.405914535553386,2135
-1.1793976664560164,2136
-0.19839438970600032,2137
-9.231524040915481,2138
-3.1814486315148818,2139
-15.701347288109643,2140
17.073148226294077,2141
-32.39396805611609,2142
12.603356521067354,2143
2.196239868075126,2144
-28.27267483182296,2145
-29.453701876039002,2146
-20.715811614491884,2147
1.3339840998619108,2148
-8.758577641745479,2149
-6.080452471892607,2150
9.907241441697337,2151
-11.60912140555616,2152
18.47551245452225,2153
-13.314801243630455,2154
-15.493103327881204,2155
25.318941990862296,2156
-31.617228404401892,2157
-26.987702131216505,2158
-8.833382594106626,2159
-11.745670388690662,2160
-21.478480765738603,2161
-21.36543920488267,2162
-15.389936963865829,2163
-12.178091220893933,2164
4.134093963534351,2165
9.655083271616121,2166
-6.447516034001031,2167
3.470493190717212,2168
7.399614577187824,2169
-3.4748994115107266,2170
-34.557966427436284,2171
-24.4693428333955,2172
8.85773523486005,2173
-6.993562076673937,2174
-20.981814554632425,2175
-0.5317505079535811,2176
-28.48298698167469,2177
5.213245652613683,2178
14.742420236743179,2179
-10.926201746572396,2180
-10.320588274868703,2181
-14.328772976074053,2182
4.254657329221887,2183
20.50967998767993,2184
1.3400246731127732,2185
10.440161637210771,2186
-2.3702427726299837,2187
32.783524607363155,2188
-14.137627227773338,2189
18.81527613598219,2190
-19.793298123285254,2191
-31.987871275903633,2192
-10.116407180953058,2193
6.38786665146846,2194
-16.352224058597603,2195
-16.930679431985304,2196
-21.692472044679384,2197
-35.3068144226184,2198
4.91233462325213,2199
4.3215743607012325,2200
-13.11552458053323,2201
-8.45632260652552,2202
0.3427584207172698,2203
4.9145842478624395,2204
8.59758041906887,2205
-7.050535369211923,2206
0.37562983752941825,2207
-13.651259901844933,2208
5.1177106578382325,2209
-5.626915492318501,2210
0.8698908403607923,2211
10.900649566613392,2212
-22.497043978528957,2213
-25.12517647337251,2214
-13.507460888804802,2215
16.446506001698715,2216
-0.23090291791922546,2217
-25.76090505555267,2218
-17.70222215368588,2219
-23.249176494195016,2220
-26.39554855300794,2221
3.238883678128591,2222
-33.91445138053272,2223
-26.894067299584528,2224
4.8457928573240245,2225
18.199634960428718,2226
-31.99176718387652,2227
6.541240356589851,2228
-6.883961042345229,2229
1.1117739647576856,2230
-35.80641915668884,2231
-0.7383033257683991,2232
-10.167354441644722,2233
-21.682386509632924,2234
-18.594982308543813,2235
-13.040403433294763,2236
23.2384626823684,2237
8.97412270050223,2238
20.388573176045163,2239
0.6805370212099886,2240
-26.65931536718177,2241
-8.727155129398307,2242
-35.76662182240595,2243
-15.67433539040407,2244
6.553796685218973,2245
-22.01676047795649,2246
2.0159270358785095,2247
5.7858261252009235,2248
-9.574631321775744,2249
-8.294583764231245,2250
-14.521285540328801,2251
8.752582210178527,2252
-8.475480484543898,2253
4.65455346501345,2254
8.769970715230468,2255
-16.611357939785307,2256
0.9727092817302916,2257
-0.2717660591467572,2258
9.47525392314587,2259
7.347614561890607,2260
9.031002658249077,2261
-6.9684336535197575,2262
12.885363469502863,2263
-16.866377817062464,2264
19.408715574927186,2265
7.327904393566342,2266
-29.041186987911086,2267
-1.2494275109793298,2268
-28.98695830488821,2269
5.18897413700021,2270
-14.40195323231685,2271
-17.611482689208813,2272
-29.19207688187592,2273
-35.279447955299716,2274
14.684420611621967,2275
-27.13204469502135,2276
-22.01754495205233,2277
-1.6398851675919586,2278
-22.817279202029315,2279
-13.45542339472841,2280
14.510564535996231,2281
14.615781203624348,2282
-22.916266376467505,2283
-0.6272171108870852,2284
-14.006910782711946,2285
13.98803203839745,2286
-3.3166112009624165,2287
-11.546664415066557,2288
-29.01139429315024,2289
-31.841744553460895,2290
7.072101887254947,2291
-29.031508547196285,2292
-15.803256903556415,2293
6.738329412656997,2294
1.3759159353426034,2295
10.718566070598037,2296
5.908380588019643,2297
8.094633746293303,2298
-14.663706411134429,2299
1.0884791194787073,2300
-31.68723383476311,2301
3.825816471838456,2302
-13.648758219217328,2303
-25.604040846217934,2304
-33.11184907036584,2305
-24.536113628089176,2306
22.82540063614001,2307
-20.01758178684791,2308
-43.46027858474977,2309
-20.553537458613576,2310
11.213477161996025,2311
-12.104725996423443,2312
-20.06690813997754,2313
10.918348431200162,2314
10.137427232194248,2315
-23.36665755490795,2316
-24.740350713205807,2317
-17.057640601220797,2318
-20.134481593574755,2319
-2.2587213317845207,2320
-26.195494157109525,2321
-31.995151894581,2322
-18.52364912904707,2323
-20.286668395049837,2324
-15.768181907216402,2325
3.2522534994601227,2326
-18.423994693490727,2327
16.12454339200971,2328
-19.096494843449896,2329
12.780353133197469,2330
-12.532830457630864,2331
-17.01002153571043,2332
15.544235780717568,2333
6.982252996662703,2334
2.746277762311692,2335
-23.4714107331156,2336
-10.529047674323,2337
-33.94543191958152,2338
10.15697782057259,2339
12.774956749908107,2340
4.0411460682605345,2341
-29.68127595572744,2342
18.429998872524898,2343
7.995987503765422,2344
15.535535301506993,2345
3.435868781707832,2346
12.848731546771461,2347
-22.7338351166471,2348
-16.9486790664858,2349
18.901648117196206,2350
23.18499619110604,2351
9.32613675453285,2352
-6.03126205979833,2353
-17.300685070203663,2354
2.133055077831872,2355
-13.9857093344764,2356
14.228556790090224,2357
7.699521863584108,2358
20.56277693763155,2359
-4.734803917121606,2360
17.923073578222027,2361
-23.89937752065939,2362
7.563363155233592,2363
22.75123524629124,2364
9.942531657203528,2365
-21.33591104270176,2366
-0.03546306815226696,2367
-9.961020495241765,2368
26.729394438405393,2369
10.485944702703165,2370
-5.549727065368069,2371
-26.023709865423406,2372
-32.38716083469376,2373
-28.559540634700394,2374
9.456813098613015,2375
20.74184529797827,2376
2.8179659531574437,2377
-29.71172208441632,2378
-34.30313996829166,2379
-29.9903097283392,2380
17.72171157700138,2381
-27.164146942304363,2382
28.18890332317723,2383
5.885264940552306,2384
-37.13985514097642,2385
-22.05173250356463,2386
-37.540381499377006,2387
-37.30586596910278,2388
11.271340768244965,2389
-20.076610609457685,2390
-17.943740745163915,2391
4.4605530779458515,2392
-22.431883335881206,2393
-20.318407779396054,2394
1.1175677402234854,2395
7.694850711079866,2396
-34.72352920942083,2397
8.630217207684533,2398
-12.5310878054998,2399
-10.976435950187284,2400
1.2616991377931512,2401
4.628660586160159,2402
17.103657849863414,2403
4.226716452883693,2404
-11.05475983217044,2405
-16.318786644337493,2406
18.74912197612357,2407
11.918898971372016,2408
12.252786896184421,2409
-15.564751769481985,2410
13.343529287425433,2411
-14.521421918331132,2412
-19.507025262013407,2413
-23.31633096743546,2414
-2.057485591569883,2415
4.800766167248096,2416
13.094409219050295,2417
15.58771140168951,2418
12.110506274402255,2419
-23.4594169295965,2420
10.422576378629874,2421
7.987493300739592,2422
-21.33373474890359,2423
-29.51620021640434,2424
23.204484265144764,2425
12.438763097557857,2426
-10.627997456688256,2427
19.19271396952906,2428
2.8762235634315125,2429
-19.789025976755553,2430
-14.797531856699942,2431
-24.121141457359585,2432
-7.0881420861658135,2433
-25.016859565224326,2434
-40.92589949068631,2435
-19.07265277549626,2436
8.890662423480967,2437
3.853078778619942,2438
-14.475788291816105,2439
-11.208825771086744,2440
-8.434371612786684,2441
-34.301549992362546,2442
26.411116258670702,2443
-23.93350960611806,2444
13.927584351237588,2445
4.260122185476371,2446
12.698491175576663,2447
22.868233917912114,2448
-23.860085530476496,2449
-18.433024549950765,2450
-5.782568886551417,2451
-0.20336227318467248,2452
-12.84558295977914,2453
2.5401697626677304,2454
-9.59463674822343,2455
18.351592508031924,2456
18.64305124278615,2457
-8.882172341784166,2458
13.783401241716213,2459
3.8161572812986932,2460
-8.309546293298594,2461
5.098306463860778,2462
-11.608668924221504,2463
7.713202485092541,2464
-0.5764295940771094,2465
-24.93113335582597,2466
-12.181208251085408,2467
10.64796424064004,2468
0.4498561853450349,2469
-19.499927970486894,2470
-11.399946998273446,2471
-4.958330184540079,2472
14.355362276885693,2473
-10.217696566123568,2474
-12.420242176343152,2475
24.25071159706765,2476
-22.124505051720885,2477
20.884907565199516,2478
-26.561969176567356,2479
2.475760530439077,2480
-41.859665331752,2481
-15.457877751736444,2482
-17.923480252122157,2483
6.900174723302362,2484
-20.954295186678188,2485
0.18124658219100542,2486
24.490303452254945,2487
-40.14580600118168,2488
9.169464352567186,2489
5.152017194912112,2490
-8.437065097978843,2491
19.536450201418905,2492
-28.271141875239845,2493
-12.58648411474983,2494
-19.08609797710416,2495
-5.477390473320408,2496
-24.22608779705716,2497
-29.51190220828475,2498
4.573828746117616,2499
-13.093929644826858,2500
-5.369884028819327,2501
-4.862016638171578,2502
13.894356654701664,2503
14.493834660215047,2504
-0.34019321016527826,2505
9.394729114971298,2506
8.382885372615478,2507
-0.13937758859353355,2508
15.285308252111665,2509
20.803287646192942,2510
-26.682803898038493,2511
-26.348121505882702,2512
-15.172056450584298,2513
28.45583737017266,2514
0.5692206469920436,2515
-2.1525142278443212,2516
7.111012696276749,2517
23.335596914311882,2518
20.134253189169755,2519
-24.460324613402463,2520
-15.572563295631769,2521
-13.872955901911935,2522
-13.050491024977964,2523
10.787199053101396,2524
-2.01893389095793,2525
-19.76992910834248,2526
8.237478431834315,2527
16.313085368797235,2528
-12.161724415949616,2529
-32.85328851812764,2530
-13.711137496769059,2531
-14.40972603650243,2532
-12.252585072721997,2533
10.706988935383112,2534
-15.507618218129556,2535
-5.842371106226391,2536
-17.58915915915788,2537
10.109935789262662,2538
11.191516918828949,2539
14.48311971424246,2540
-13.539471641073042,2541
-25.71143419055336,2542
-19.455942197654654,2543
-11.897637558703693,2544
-12.93251332305286,2545
-13.585605571851453,2546
-23.25980086021528,2547
-24.381614126563367,2548
1.535140866602382,2549
6.82739777365123,2550
5.83672225206395,2551
-13.817653950680961,2552
-9.886734885042419,2553
11.116887454366491,2554
-29.93551196717751,2555
-8.91616611172487,2556
8.645129111767465,2557
-11.472719921155463,2558
-29.199011757413885,2559
16.862916224786304,2560
-15.700554753151074,2561
-19.735306448506535,2562
-15.557354654081104,2563
2.171210408711258,2564
-10.171049596799111,2565
-8.390158035224095,2566
3.191282094819732,2567
9.289353485291391,2568
15.8699039746894,2569
-11.604022668584118,2570
-1.128001722353802,2571
-20.339689986295767,2572
-21.996052362148678,2573
10.55270635755495,2574
-27.62836309812122,2575
-35.714791575565044,2576
8.560704091659812,2577
6.9772287589394555,2578
-24.281991300111656,2579
24.062078007656247,2580
0.624502956821301,2581
-1.658588542565501,2582
-0.826227350044566,2583
-5.307662207887029,2584
14.585978194504616,2585
-23.532305877890536,2586
12.18686866499349,2587
-19.07229343815552,2588
6.837285563778931,2589
4.585298891032867,2590
16.70838914754524,2591
-21.804169046572614,2592
-1.5116193305486485,2593
-32.19077902764898,2594
-0.0980641754038567,2595
-3.6638631449443864,2596
3.9718999644509534,2597
-9.671237066562929,2598
25.371612645324568,2599
-23.987878923402512,2600
-14.562224869991422,2601
-27.00557042813781,2602
-41.07100582397657,2603
-12.943175614311475,2604
-21.391803813943234,2605
-5.176473300071372,2606
9.11434855187601,2607
9.81433678437794,2608
-18.503584016446823,2609
-27.815953509947953,2610
-22.482280172674045,2611
6.273444125508393,2612
21.763516119371353,2613
1.134742234835259,2614
-26.134904958862236,2615
-18.017167694546863,2616
-17.980043387656817,2617
-9.67485529808523,2618
-27.53000158625359,2619
-1.2817038857823162,2620
-3.107277568961199,2621
-30.291822324216707,2622
-27.065410615582742,2623
14.501725864149712,2624
-23.023029503116028,2625
-16.984579570906902,2626
0.49954559930654696,2627
11.111284902826885,2628
-14.721421572017421,2629
-13.81923003811126,2630
-25.736035697522972,2631
-12.89195771435249,2632
-16.62177963332113,2633
5.956725793551703,2634
-15.01532135482465,2635
22.10106601443383,2636
-34.36288577077534,2637
11.26895294566312,2638
-23.432481085742776,2639
-9.067598377851072,2640
-23.04516029077195,2641
-16.398260620345887,2642
-17.667305265131272,2643
-16.221373723993203,2644
-19.14276623774085,2645
8.941132262251935,2646
22.823998687687094,2647
-21.297933230593685,2648
-16.999063136700894,2649
2.5120534801107812,2650
6.809713375482694,2651
3.9068925992202175,2652
-8.574557449037192,2653
21.229219755085108,2654
-19.881582009293513,2655
-41.462327346975194,2656
-14.680039041860299,2657
-17.92515860857445,2658
-7.469133713104301,2659
-17.314368459473748,2660
7.587601152661424,2661
-28.90925831808218,2662
-10.41594451246091,2663
-22.91338206548986,2664
-17.36370301592801,2665
-19.907706673852992,2666
6.30011992781451,2667
-20.23907654329153,2668
-34.40152399462376,2669
17.99469131278802,2670
-35.86027215463734,2671
-19.043500290612943,2672
-16.469926253041073,2673
-11.684853171885171,2674
-8.47881793759461,2675
-44.256217218358266,2676
-5.705195392454663,2677
-21.493001503467703,2678
-22.58521051123876,2679
11.317198310783493,2680
-22.845839184712588,2681
2.2927838188083456,2682
12.024350080123757,2683
-16.07783321429442,2684
-20.973804032837037,2685
-6.247072025220813,2686
13.49437505265383,2687
3.2810162899893136,2688
8.056190589518657,2689
7.276131363629595,2690
-34.18510186178422,2691
-13.537813575278935,2692
7.6439783629097064,2693
-41.12235924670494,2694
-12.775007662890271,2695
9.83249779313412,2696
-13.530142517870662,2697
5.736677653601246,2698
-24.023286092153434,2699
-23.608638633246773,2700
-28.118271277557287,2701
-26.728149068721553,2702
3.422686440554388,2703
-30.590395340564804,2704
11.288220695881954,2705
18.911186656145237,2706
-23.81074225946072,2707
-17.46011486791122,2708
-31.793836166477856,2709
-6.830039914323651,2710
15.48962918489994,2711
0.9662036912874417,2712
-10.767976007846865,2713
-32.95589228835865,2714
16.936825685859255,2715
-49.14060727555934,2716
-14.279760170033573,2717
-31.313005585400287,2718
23.607941173942915,2719
17.316211719820092,2720
-11.486965823722347,2721
-2.3290311328662727,2722
13.367184828666534,2723
10.497242531485913,2724
-12.844501057220763,2725
-32.84267851859801,2726
-14.493956655687377,2727
3.8858956161120997,2728
20.93550547810721,2729
16.13738646726307,2730
-29.998004764251863,2731
-17.42808032731524,2732
-33.263904919204506,2733
4.2666413935385545,2734
-26.758644424262602,2735
16.320083863465324,2736
-12.276721938221968,2737
17.050090282089663,2738
-22.7917948048693,2739
16.16013893067702,2740
-3.418866214738205,2741
-22.42036207127635,2742
-15.776047578099577,2743
20.81462957811209,2744
7.914638679463488,2745
-8.780439329019167,2746
12.246621269953845,2747
10.6711038103482,2748
21.552297100932122,2749
-19.177608975374476,2750
-9.788441769143256,2751
-19.777344765364873,2752
6.103530057715004,2753
-25.60640434440688,2754
-23.447343175339935,2755
-24.11328096366326,2756
-5.9051832520180465,2757
-22.878447611140082,2758
-5.743865927633848,2759
-24.360946072279873,2760
-18.059928736141124,2761
0.3069964907941687,2762
-19.224661629420517,2763
13.555624614194098,2764
23.425820910632275,2765
26.806338675854235,2766
-6.949385076991343,2767
-4.231730880042475,2768
4.667818112048327,2769
-13.72392934115075,2770
6.940267146114007,2771
-21.514275295342607,2772
-24.78558229663617,2773
-22.747623548351523,2774
0.32834882528387244,2775
16.570998957708515,2776
-26.757276871911277,2777
-22.902815187624224,2778
22.892092582129653,2779
-16.10642261547298,2780
-6.3491551361540175,2781
13.17570168291184,2782
20.45430367829834,2783
-18.136448928298734,2784
10.209157172748386,2785
-4.912287242535662,2786
-2.0223194072516026,2787
-18.9427094902125,2788
20.748355779816347,2789
12.711395616889472,2790
8.86283379956083,2791
13.081261366180726,2792
-19.43251100528908,2793
15.198549767011187,2794
7.804277774907151,2795
-25.09310789012314,2796
-20.436962650684663,2797
-18.860813019106228,2798
6.545890376560251,2799
5.620558517730306,2800
-15.014799434511568,2801
-12.34188062796307,2802
1.3019944249125963,2803
4.867625655223351,2804
15.88279839785569,2805
26.84580926584922,2806
-12.442605998303739,2807
-21.09398965525139,2808
-37.00974065470629,2809
-15.84282882224897,2810
10.839070660434771,2811
-15.744067917712679,2812
3.838816820577538,2813
-22.785799614392502,2814
-30.621081651988053,2815
9.30304793772534,2816
9.623413199786516,2817
8.149361597304912,2818
2.5465330677452833,2819
3.0226770283642974,2820
-8.9768762569616,2821
3.8468901980162276,2822
-16.48708989019805,2823
-21.240750526887872,2824
-9.622955195966979,2825
-20.808599681541985,2826
1.7947115719649762,2827
-5.445149251674904,2828
-9.212985438327266,2829
0.4955849057234314,2830
3.2041509897060756,2831
-5.502062214545894,2832
-8.224484814022762,2833
25.58041880238552,2834
-29.48013319513075,2835
24.217869110356396,2836
11.070906619056718,2837
17.001561059957645,2838
-14.833809587784206,2839
-9.869044027926694,2840
-3.4232814385625523,2841
-10.211542685874713,2842
-21.188896773894747,2843
-22.653868999257583,2844
-11.067543253469747,2845
13.765957555043151,2846
-14.092582680992347,2847
-13.755004423449074,2848
-25.23650898933287,2849
-21.02303940470015,2850
-1.1265775212227753,2851
0.9199065609504471,2852
17.935027499031598,2853
-23.235750308743945,2854
-9.937772152817523,2855
0.07904193463261588,2856
2.802440985585646,2857
-26.52829968987618,2858
-5.38401385059396,2859
-7.150071942651827,2860
-30.815842850667686,2861
14.581261433586704,2862
-22.307022337959655,2863
12.015690108825012,2864
-1.4330081608658602,2865
11.325609742059054,2866
-16.629686190465407,2867
9.286913303051916,2868
-35.90111906351463,2869
10.756456750457662,2870
-32.47527254380181,2871
-22.08735120569682,2872
-27.008900549807656,2873
11.164234888772256,2874
-20.567864719678624,2875
-15.007670746160652,2876
-20.01239734076842,2877
-19.920945079443943,2878
-16.29770460280001,2879
-24.660117327342395,2880
-2.4532298613997825,2881
-11.746193092316872,2882
-9.754525977927734,2883
-26.059511285042056,2884
-15.234771918534564,2885
16.706409775271183,2886
-20.385849599155474,2887
-27.068364769942427,2888
11.344353480237586,2889
4.380913022653573,2890
3.8868965244267297,2891
16.582922484522882,2892
23.551750812354467,2893
-19.85916395872607,2894
8.447908431910262,2895
11.997141331258863,2896
-25.503687620305126,2897
10.839970344640019,2898
7.339971849854324,2899
-11.139129629963211,2900
-3.484895108953194,2901
-17.432415048703895,2902
-22.069546009379074,2903
1.7784351656877684,2904
16.392291395215207,2905
14.238058325510487,2906
-39.702463579261256,2907
-11.683146753227764,2908
-9.424977549033603,2909
-9.32593479934789,2910
5.7885048310490195,2911
-18.977291425011376,2912
-14.007232570307247,2913
24.127053831805057,2914
14.55920740263635,2915
-15.521204724269634,2916
0.27388421564315024,2917
6.5660989411296224,2918
-12.858245531908729,2919
22.66807502241163,2920
-9.32283860998707,2921
-24.032418589533492,2922
-16.878407990341906,2923
-16.41056618072166,2924
-24.478294260964383,2925
-23.01072497761584,2926
0.9812273618582923,2927
0.847950594305229,2928
21.733639167853674,2929
4.884390832651354,2930
-3.0276853720323693,2931
-18.387960181773042,2932
7.918493121303042,2933
-10.489475291309224,2934
-15.087474786061696,2935
-17.685343445622443,2936
20.61814822795393,2937
-3.4306835453750226,2938
18.059934151007774,2939
9.107491519919357,2940
-20.33173085956412,2941
2.1733736806568515,2942
-20.530659966957927,2943
23.753239398748843,2944
-21.85383388247554,2945
18.888711505628823,2946
-9.204647555951379,2947
-25.821827879178546,2948
-1.4348107326377386,2949
26.93026886512856,2950
-11.439775864421023,2951
23.779584242448333,2952
-34.113005679733874,2953
5.931458036155437,2954
-11.614193609342816,2955
-20.4626075857019,2956
-29.285704410980696,2957
-33.16716500514462,2958
-21.151882101489605,2959
-15.623298853963174,2960
29.129704060223204,2961
-7.682066245316516,2962
-20.186982771139682,2963
-5.237803466367989,2964
14.925291810947865,2965
-18.92143848243549,2966
-22.3051840879239,2967
1.831552081805543,2968
-33.515834346793945,2969
-13.170756990253636,2970
-0.5243110186788451,2971
-31.423617941539078,2972
-23.739665769275703,2973
-15.765882918860816,2974
-23.98195826450234,2975
-16.972192916600314,2976
-14.20226439320268,2977
6.026006906474638,2978
-6.624724438739018,2979
-0.1787672774128195,2980
-33.854899778003954,2981
-1.9122423958826,2982
-14.712053213143811,2983
4.5599813178767015,2984
16.929998940926634,2985
-15.427333289892783,2986
-11.55051397492322,2987
18.975117705544267,2988
-43.90732683538637,2989
-25.43879766632715,2990
7.645508940640344,2991
-42.902671657656164,2992
1.5386021077056178,2993
-21.060776274324898,2994
4.931562005787576,2995
-5.6221121622945285,2996
-9.089717577874698,2997
12.547559978222981,2998
-20.266322582072085,2999
13.359731928312218,3000
-19.57121175341471,3001
24.679657522639953,3002
-14.472663499088565,3003
3.2895858174895807,3004
19.694765761243293,3005
-1.938203955700582,3006
5.646500804024923,3007
15.328009648769783,3008
2.920090515968651,3009
15.230708006140404,3010
-5.203131004627752,3011
-2.9355288745467054,3012
3.223418615325757,3013
-26.79249136485958,3014
-0.7333042868729907,3015
-25.67327871316789,3016
-35.99050543912206,3017
9.395250109939452,3018
-19.52162233045918,3019
-9.189058161908187,3020
-4.5419103060237624,3021
-13.183095482058807,3022
-28.241018015045466,3023
-5.799266398223299,3024
-9.501026444725875,3025
8.563461521172082,3026
-30.938263824118497,3027
9.415839402765629,3028
7.390745854032053,3029
-26.2298000278011,3030
-10.526504736418902,3031
-9.676016430206365,3032
-33.32953129008628,3033
13.899467503590945,3034
25.801892361737227,3035
15.93973474261453,3036
-18.048711527304082,3037
4.204917990986809,3038
-29.50741441933374,3039
10.885083040314669,3040
-29.70179118886267,3041
15.952645736730148,3042
12.85005811823343,3043
-28.194699582884567,3044
-19.210096810475832,3045
-19.95176881028969,3046
-28.176086922925162,3047
-14.23251554266181,3048
-0.8379875275432394,3049
21.967302874306757,3050
14.830752110758382,3051
-20.105414174818918,3052
11.17541742507711,3053
-14.785531513013694,3054
-28.86038642271769,3055
10.23672401750099,3056
1.861798637320657,3057
11.474507257914091,3058
-12.166644968601107,3059
14.211486607341659,3060
-33.19710038242178,3061
-2.0398552817677666,3062
22.383269867624236,3063
4.715215089825925,3064
-12.228309819033896,3065
-18.159213172790572,3066
16.700269788118,3067
-35.022279423877144,3068
-2.74337933345938,3069
7.33752058368238,3070
-27.124183876552266,3071
14.12126845333119,3072
13.589381746294759,3073
5.931590209141426,3074
-30.161665832758587,3075
-11.40139221075654,3076
-19.70867622719768,3077
11.842545926127855,3078
-19.776007843494895,3079
-22.589202893662165,3080
-26.22508765201627,3081
-12.658208485750853,3082
-17.944036563273055,3083
-8.657639065102476,3084
26.419341520570256,3085
-25.04757360885556,3086
-23.63585797712952,3087
2.767796131393741,3088
-31.404241701540524,3089
-6.523711247854155,3090
-22.74535764715551,3091
-14.067988197602313,3092
6.991591559037866,3093
-34.493524311729345,3094
-15.494544046037786,3095
-12.025527407356517,3096
-17.317146605084837,3097
5.092050313468041,3098
-6.810460513567724,3099
-13.391021917350905,3100
2.669051755747992,3101
-16.45199969240381,3102
-18.274685889606218,3103
-23.249881108627886,3104
0.9623728851535391,3105
9.633553876401438,3106
-24.49753191965951,3107
-17.009187038477037,3108
-33.16408717304617,3109
-23.007546050078872,3110
16.09511364269694,3111
-21.41606472630344,3112
12.523730772511076,3113
-27.77176121643678,3114
13.729327808312277,3115
26.3172867307052,3116
-20.116610489155086,3117
14.570961016657382,3118
12.038972431248979,3119
13.577693599169883,3120
-15.438699164117121,3121
-15.391121496303962,3122
-17.970875962746902,3123
-2.6163606097018346,3124
-10.134143487690483,3125
-12.52699255922327,3126
-23.748147226766882,3127
-16.544840691389997,3128
-0.06107166764870531,3129
11.076011452004362,3130
-17.632876968462412,3131
2.143260103111807,3132
-30.020397838059473,3133
12.919517380753128,3134
-26.484535249343324,3135
8.668019895320528,3136
-5.7123434341508,3137
-10.39807598220323,3138
-23.36305614376322,3139
18.834798949373432,3140
-9.515389264858781,3141
-11.198723677557371,3142
7.4686194413497216,3143
2.852175923667515,3144
-17.255310848783573,3145
1.6924261291755567,3146
22.780485796771693,3147
-11.453365358244909,3148
-14.387764038043755,3149
-10.301177731544882,3150
15.078911983186703,3151
-23.496091599413496,3152
4.0805160328916585,3153
-9.586212528499349,3154
-17.560596497813595,3155
2.2665971220192684,3156
12.10608864811276,3157
-8.264042965241627,3158
-6.1537422287252035,3159
-11.420087978491186,3160
-28.612544326372962,3161
5.775406825170704,3162
-34.268666171939714,3163
18.171656638670516,3164
-39.74170545102584,3165
-24.1788166340269,3166
-20.116655658093265,3167
-8.50154822382826,3168
-5.770583593629155,3169
-11.432806002304439,3170
-31.552049994872164,3171
-40.33197726838043,3172
-36.2895660399627,3173
6.427979609330601,3174
16.692726849511796,3175
-13.70094636284907,3176
-7.426767044950719,3177
15.753398656509148,3178
-24.36218735481088,3179
0.3474106923904783,3180
18.24995792004268,3181
-1.3327235463645621,3182
13.803448616500628,3183
-17.492066084481216,3184
-24.759115321866425,3185
-20.83362036484176,3186
-15.67337123336964,3187
-25.78432582450871,3188
20.156319163958,3189
-22.02627441139578,3190
12.35450902375974,3191
5.99009584597337,3192
9.341570730788494,3193
8.09295637781093,3194
9.214213709319472,3195
15.584469287715418,3196
2.705766469345848,3197
7.090454007899098,3198
8.613953028424628,3199
3.123183299421564,3200
13.946668890273507,3201
8.143706294687435,3202
-8.110073242305061,3203
10.647333253909832,3204
-19.01397042641064,3205
11.025130314780146,3206
17.20004402768815,3207
-14.223199282941609,3208
-13.519228817791019,3209
7.446376220705556,3210
18.26938629840414,3211
-13.699868517316807,3212
18.790671835494265,3213
16.17591832863394,3214
-14.47903553546995,3215
-14.200702954989545,3216
25.686768996837976,3217
-17.097207425431726,3218
-21.507375143045437,3219
-25.25691408114511,3220
7.331397221388073,3221
12.249708887390447,3222
7.699996243857246,3223
-0.32454589304769765,3224
-32.789524225862536,3225
6.837748905516168,3226
6.7806340867571535,3227
19.176653424479408,3228
12.420356682310342,3229
-19.148928267642923,3230
-15.52296634166098,3231
-23.41837156712773,3232
10.730714479876344,3233
10.7110874308323,3234
-23.350536192910006,3235
-14.535981048509635,3236
-24.762268698888438,3237
-39.09780978042387,3238
-0.8483189478015678,3239
6.228099714966753,3240
-22.032953410800424,3241
-21.996965083270737,3242
-12.704620404155033,3243
0.1761077969598217,3244
-12.86298052821174,3245
-3.3178614214825783,3246
-40.81854395833504,3247
-24.467199253375945,3248
5.8012122020162575,3249
-13.88890852721687,3250
17.182927505365967,3251
-22.441838784394896,3252
-21.633837858311004,3253
3.4144070659328705,3254
-7.0268076670687165,3255
1.618789431825257,3256
0.024923527742473084,3257
-15.284589007127412,3258
-33.96164026989392,3259
5.41649090346654,3260
18.70364095454178,3261
14.791725338551835,3262
20.48354828173772,3263
-6.290372891514694,3264
-26.73692866138661,3265
-9.805924238512134,3266
14.337002283244665,3267
-19.412882961044936,3268
-2.9553506152950795,3269
-26.780294409480796,3270
-12.821567699974878,3271
7.4019321312753625,3272
9.345893848104787,3273
-25.943216162517775,3274
-18.796322805781998,3275
-19.873284873594372,3276
16.820239377723198,3277
-49.41910088814378,3278
-13.619793749936983,3279
22.25074651269299,3280
4.366132633283906,3281
-20.06143155326172,3282
13.425021654120801,3283
-12.81915590974501,3284
6.762946594779779,3285
27.640493838674388,3286
-9.856174057377778,3287
19.97694120692844,3288
11.99453220994852,3289
-28.51751139093864,3290
-23.721327189595065,3291
2.3086362182309728,3292
8.282878666125205,3293
-34.41094583069781,3294
8.682867781702296,3295
-16.02505394822328,3296
-34.66812701384102,3297
-13.91207324698973,3298
22.769197259883125,3299
11.276074192209503,3300
-6.729474863969052,3301
24.740912818230214,3302
1.8268239308973726,3303
-25.569821540165503,3304
-12.976586165658222,3305
-20.32157748474716,3306
15.441190438667444,3307
-6.552945120014602,3308
1.5416664276405987,3309
7.455304767420266,3310
-6.064427323144412,3311
-11.07931288318683,3312
-2.868670477117624,3313
-14.34467553866308,3314
17.769446548553795,3315
3.2862175316835387,3316
-30.907241025583062,3317
-9.32787084667261,3318
14.33556496604012,3319
22.07710956380553,3320
3.5148430686286467,3321
-20.86550742889291,3322
11.625538736724547,3323
-12.331149576048869,3324
14.192782791610664,3325
-15.208584161332745,3326
3.435696242476409,3327
15.242619833144772,3328
-25.337189481545803,3329
-22.130155699992237,3330
9.008823481016922,3331
-8.469812758710656,3332
-16.246924274186966,3333
-45.28748453347139,3334
-14.664848293731348,3335
-9.842366406273028,3336
-11.7642583562449,3337
-16.705994298002274,3338
-26.99533736016853,3339
-12.297853089067683,3340
14.844439776658444,3341
-7.368251081231221,3342
-12.615681619692971,3343
-21.037836107949094,3344
-16.6521674797405,3345
3.4993298708445764,3346
-7.557170267493093,3347
-17.195750783618152,3348
3.7506459731968356,3349
20.847523056407272,3350
5.066926207202767,3351
13.755182946764588,3352
13.160513398641264,3353
24.69012424939518,3354
-9.826449013386377,3355
5.504503445256285,3356
8.480351850755826,3357
-26.19497721080745,3358
11.437377284807912,3359
-21.106040929356297,3360
15.48135451669497,3361
-29.45424386441872,3362
-24.355684224811775,3363
-23.17710701279051,3364
-11.625325510263085,3365
-26.07000301635259,3366
-29.81536607229296,3367
12.670590760954248,3368
-17.348306026884117,3369
13.262401736318175,3370
-20.77727243423365,3371
-14.673945633590042,3372
13.559030829783204,3373
-11.368418241625076,3374
-7.60975382710533,3375
-23.914746597560914,3376
-15.43992901300745,3377
15.762009128548499,3378
3.493206075976696,3379
-13.428051220489841,3380
-0.5481632068629843,3381
0.4799531858299906,3382
-11.262330982526787,3383
-1.9102083789422024,3384
-11.179767455472057,3385
6.334631567175464,3386
-23.430386271985086,3387
-23.60818417580688,3388
10.20885798808216,3389
-13.529467665661542,3390
-40.36483056167593,3391
3.5220631688907442,3392
-20.712844944202807,3393
20.570389221967584,3394
-13.531835305340826,3395
-27.61047344970807,3396
20.48681296415257,3397
-22.154326778308494,3398
-1.8319023169181818,3399
-18.711217619909707,3400
0.5539289724657062,3401
8.588807842208274,3402
-21.73519993193531,3403
-11.421232951281786,3404
-23.526707698398777,3405
-16.64829280560221,3406
-35.568149761589936,3407
2.4773868120683087,3408
-12.196395504695221,3409
1.15734230022374,3410
-20.14685282709317,3411
-22.37666695461396,3412
23.689045304726307,3413
-19.74038195061881,3414
7.626338620415975,3415
-11.094016583342512,3416
-21.232160253314177,3417
8.754160144019705,3418
-11.378270773899903,3419
15.547479994608473,3420
1.7948291725373169,3421
-36.4455785513497,3422
14.529176286904299,3423
15.722173643788391,3424
-21.60202058468134,3425
-1.0469797162507968,3426
-23.282884930265368,3427
14.988903807973951,3428
13.682041846070312,3429
-2.657835857212418,3430
13.944334390918268,3431
-13.690972075764382,3432
-30.178103795519135,3433
-25.93909306645575,3434
-37.571413275979225,3435
-18.12609298749568,3436
-17.321523468179464,3437
-21.135555306085116,3438
3.620123940070817,3439
13.327206459150673,3440
-0.6191984246862807,3441
12.274606570828915,3442
12.847663296830081,3443
-36.69531777764391,3444
-7.354910207167499,3445
-20.545598330294148,3446
-19.193648476585622,3447
-20.054896971308494,3448
-37.718498112086365,3449
-33.35923250366487,3450
15.792743635686204,3451
-49.35418483367388,3452
8.611235166714119,3453
3.0397302450071013,3454
-23.399697458332835,3455
-13.63477097360896,3456
18.97753663048797,3457
-14.784360429003055,3458
15.990439667130893,3459
9.650746639257331,3460
-22.218024620949425,3461
-3.7183804110527623,3462
13.276470157527434,3463
-31.210926343642168,3464
-30.56929297685321,3465
-2.7204829922799845,3466
6.839846426884375,3467
-15.748528570116942,3468
-18.75174110126136,3469
1.6330465721016632,3470
14.088772135351654,3471
21.83782363305452,3472
-1.528138851304008,3473
11.563336437465683,3474
-25.589189857138695,3475
11.993007519527232,3476
16.35646283283235,3477
-15.301342395462369,3478
-24.15363914571558,3479
-35.624915371779025,3480
-13.991944799063306,3481
-21.97424993171216,3482
-21.77167076231664,3483
-3.835290135342869,3484
11.01336503766592,3485
-18.488698210138743,3486
18.71860941669241,3487
-2.5403845632740607,3488
4.6996129975325225,3489
-19.038857206947466,3490
-6.432098195719251,3491
11.159157963584967,3492
-22.045560788555225,3493
5.341725468611374,3494
-18.488954548112154,3495
-6.197941818838228,3496
15.290469521403665,3497
-29.66339145821699,3498
-14.96265587210821,3499
3.2481310174450453,3500
13.610693658321843,3501
-33.144119238656955,3502
-22.259446344235904,3503
-2.336597310170403,3504
11.347996161751961,3505
-7.1965122124652465,3506
-17.482406675457398,3507
-26.165542693842117,3508
-19.728555107963555,3509
-24.487827350164984,3510
-45.07628273119154,3511
-1.8766751100677062,3512
-21.201235830270036,3513
-20.214171212788923,3514
21.546161525475902,3515
22.76835188492867,3516
23.07712211675991,3517
-4.788693398200909,3518
2.6031507512873606,3519
26.854905376433088,3520
12.285993361602564,3521
-17.023017445124694,3522
12.712574358107346,3523
-25.950694747674383,3524
-5.987006855767658,3525
3.6264583568329005,3526
2.361534153395281,3527
13.967023250355886,3528
-10.812458061722182,3529
-5.3559839633222746,3530
1.44552632494411,3531
9.698725871356592,3532
-15.633331865526612,3533
-5.7478045009972005,3534
11.752224468034754,3535
-27.718300757709066,3536
-22.913134423465504,3537
14.532482782851407,3538
-18.89605969624599,3539
16.936022107332892,3540
-30.327189900846008,3541
0.8495922584518905,3542
-10.483602153515715,3543
21.094596779965755,3544
-25.820674341296616,3545
-12.399729385008044,3546
-29.70307968088994,3547
-3.97454338515399,3548
-20.527788922383017,3549
-5.597149791074606,3550
-33.067636965323544,3551
11.948896748290693,3552
18.121549880743416,3553
-18.827062573799275,3554
-13.118626618119972,3555
-10.304268080017767,3556
-10.935965888990903,3557
11.074347129686284,3558
7.745421396625655,3559
-33.679838643998124,3560
15.842047176512729,3561
5.91063174109069,3562
-27.048712188790034,3563
3.9972733213652507,3564
-24.357685382618843,3565
2.121698913618676,3566
-19.274107574993334,3567
19.6046103547508,3568
-12.97952434742102,3569
-14.75739674369611,3570
-22.219262596269356,3571
20.672603985483153,3572
17.53001260063434,3573
-15.14537563064509,3574
-11.073861640750692,3575
-13.915168856880479,3576
-11.799301359025058,3577
-20.250492899914505,3578
-27.743914497455968,3579
-22.510622650596954,3580
-18.760148811689778,3581
8.760744884510435,3582
13.820234718555653,3583
-14.80906071031896,3584
14.710836382647262,3585
10.337577672407502,3586
-8.902420683623493,3587
-23.73497506318306,3588
15.99822765386045,3589
-45.20178479124595,3590
-27.923011364672085,3591
6.657982536571058,3592
11.685991346254813,3593
9.499272072596401,3594
-26.31206264215581,3595
-21.245790822667274,3596
9.811996631918001,3597
11.114004575796859,3598
10.881151379654966,3599
-3.3909956561193035,3600
3.492880247980665,3601
-8.223838428341368,3602
-6.193213146326652,3603
-25.054310861658422,3604
-16.050058985954507,3605
8.481538336493788,3606
-29.959352434054434,3607
12.194836797130254,3608
-25.926628342201713,3609
-10.01695628480871,3610
-19.479404824710453,3611
-12.809274156026605,3612
-1.9904085646006826,3613
-9.61747188247673,3614
-33.5661012191962,3615
-17.275686862051394,3616
-13.513483592282418,3617
-19.066252894343908,3618
8.735949305323786,3619
-18.501753909898973,3620
-9.683564734385513,3621
11.691757462318279,3622
-15.363204323329846,3623
11.987139116090816,3624
20.858741786158248,3625
18.958528318699976,3626
-30.144392860474515,3627
9.298466520281693,3628
9.349983200183475,3629
-18.63083598851857,3630
-28.520688291811517,3631
-9.178534151021346,3632
12.21066869173723,3633
3.9227318020126205,3634
16.98837140396704,3635
-16.960271975308245,3636
-20.335320382216924,3637
-15.214534350244621,3638
-43.48189832095844,3639
8.066581793608007,3640
-23.67853306143807,3641
-8.438866802156339,3642
-21.852120757255207,3643
11.314029524713277,3644
-17.574275140981754,3645
-17.879741373360034,3646
-14.717596106337016,3647
-12.172416800012009,3648
7.283649472866889,3649
9.694029716861447,3650
1.8963081266425368,3651
10.32107572051855,3652
16.453765557424912,3653
21.26764267333922,3654
-15.847552994742179,3655
2.8345013395475327,3656
10.506727140019645,3657
-19.02524787807205,3658
7.710546873698387,3659
-12.759156693928556,3660
5.439860302494351,3661
-27.660779183561175,3662
21.373473223975235,3663
-20.48386097430687,3664
-18.13495938936115,3665
-5.782806497414613,3666
-21.600597745772113,3667
16.23228296107306,3668
10.54839125132434,3669
-29.99474944112595,3670
-23.874596207903355,3671
4.822723740434574,3672
5.208325078932301,3673
7.687756073055867,3674
-25.130812883602193,3675
9.696531306189371,3676
-29.74627469917282,3677
-14.280513671739724,3678
-23.491501984682127,3679
0.479903105291541,3680
2.5581868973841413,3681
-16.052176016595638,3682
9.92520067368897,3683
4.736656464920166,3684
22.560310299488517,3685
-21.848480312276916,3686
7.472522758376346,3687
-29.08501559884817,3688
-9.586784013315176,3689
11.683726204322998,3690
-9.807691613044858,3691
-20.716225504523194,3692
13.65561883313449,3693
-23.01825626900732,3694
-22.275069245057843,3695
-12.908520689083552,3696
10.299915629558125,3697
23.72242545033669,3698
-7.850370810851155,3699
2.760027326122298,3700
-32.05583101624602,3701
0.0996573405050718,3702
10.98712298749394,3703
0.3890381293158134,3704
32.168274984240476,3705
21.82639293984232,3706
-17.696131062405573,3707
-6.4114059582997,3708
-14.170923946195618,3709
9.10525738822967,3710
-12.82310233542503,3711
-20.381650143604908,3712
9.730996496084398,3713
-37.29931355755116,3714
-16.482116443380274,3715
-32.35632318107226,3716
-23.789521097933562,3717
-18.90364404722698,3718
5.449457103951234,3719
7.828250585861156,3720
-13.378337133267795,3721
25.221495197851322,3722
15.243565506828737,3723
18.573880566100506,3724
-26.903112555576516,3725
-20.734477895394043,3726
-3.4218658480142428,3727
-6.409261480142646,3728
14.128037880105456,3729
-28.39934348091431,3730
-26.89136608947966,3731
-6.4140537829311395,3732
-7.763805235149674,3733
-41.773514170119626,3734
15.268778932161545,3735
-10.980937308126794,3736
10.978058383106127,3737
-30.808479561130486,3738
14.390412306817243,3739
16.609259534565865,3740
5.519361186666913,3741
11.990474416864117,3742
-17.953969055443352,3743
-18.700484107994882,3744
-17.456525126914308,3745
-7.216787691306557,3746
-16.47054069695125,3747
13.52867972249603,3748
9.39253316336535,3749
-22.83724243894124,3750
14.822404557021457,3751
-36.4186418236725,3752
-23.196026096600644,3753
-16.662302597385754,3754
7.774286049757157,3755
-14.690516291550567,3756
19.846642321050712,3757
-3.9194036980619833,3758
-14.839326556919142,3759
-33.162315341859994,3760
9.354038443502247,3761
-16.357670175924547,3762
-16.19390487627133,3763
3.46981669893875,3764
-13.473659394108573,3765
1.8288938164383772,3766
-14.330495069502602,3767
-11.927455053489151,3768
21.75178647350101,3769
-10.92525907838014,3770
-19.26122195719502,3771
2.8896406480611656,3772
-10.82494732519777,3773
10.737281305812143,3774
1.0595658490029596,3775
-25.54002028840161,3776
-24.5269049904504,3777
-3.771465547183899,3778
4.183555142605298,3779
-24.63706402915314,3780
-5.7623741167387665,3781
-22.610150721422606,3782
-8.087619679322966,3783
-23.72499842140764,3784
-16.613567397486353,3785
-21.85092497522586,3786
-3.6801962725881916,3787
3.999413491122601,3788
-16.126797265892005,3789
-11.410116247050187,3790
19.660609740436417,3791
-6.641208063155318,3792
-36.40497161662492,3793
5.944204982110515,3794
-19.25474987424741,3795
-4.837848714695466,3796
-8.800708970745672,3797
-41.78018800641751,3798
-2.4496970850002464,3799
8.303261392870537,3800
-0.003841460879577596,3801
14.523839311854463,3802
24.34135879749767,3803
20.21213374663885,3804
-14.983738588298648,3805
17.87886391709705,3806
-34.697876800377244,3807
1.1278205014957656,3808
-46.04349041859394,3809
-0.5183491516215337,3810
14.27458621555429,3811
9.754809906039265,3812
8.73385111659084,3813
-17.295859748988583,3814
18.02159146031917,3815
8.524540562735483,3816
-36.87539086893834,3817
-21.064736455943986,3818
-9.679654291229708,3819
13.148472093680255,3820
0.21777162094303915,3821
-31.91425218518871,3822
9.654002219562605,3823
-14.609299849501461,3824
13.437230640061255,3825
-20.58093222815604,3826
1.5251189904972549,3827
-25.80397276513761,3828
-12.258444117380517,3829
-9.364513152438043,3830
7.582722109531023,3831
-32.496448167538645,3832
-27.938279730622963,3833
-21.87356890414697,3834
-14.676530545263898,3835
-8.683213696363868,3836
-8.256423748569162,3837
-28.086826212040588,3838
20.234339845420543,3839
18.629700160496714,3840
-22.427030548011288,3841
-27.938504617959694,3842
-13.68167276532994,3843
-12.153442510665283,3844
-31.922101169563106,3845
-17.74827002639772,3846
15.885985723419946,3847
5.1577840551275145,3848
0.44812596364412727,3849
-23.002586435048816,3850
-5.893937316685407,3851
9.915838313041561,3852
-30.881314090727887,3853
6.573953598917807,3854
8.228090961089112,3855
11.836540151643305,3856
1.4277280542317143,3857
-15.665975056486777,3858
-2.174572623589647,3859
12.626563142763064,3860
-17.475556979880146,3861
32.220785801182075,3862
16.295902085175644,3863
-6.402472312144883,3864
-2.141871164362884,3865
8.959363286052211,3866
-9.008189658064104,3867
-15.134187195736018,3868
-22.81565135033004,3869
-9.983958555331698,3870
-7.496856312406111,3871
22.762105949853396,3872
3.414005897953972,3873
-30.512891834287505,3874
-6.47389272646331,3875
-25.24914214951393,3876
-11.381727943836637,3877
6.945603981488398,3878
-14.705868242548592,3879
-23.814479256392982,3880
-6.038085240052075,3881
8.907252776626407,3882
13.904809745577502,3883
11.531196722861964,3884
8.708020346480831,3885
7.505190199257536,3886
-20.969892535038888,3887
-22.955837649672063,3888
-6.432819892085831,3889
-20.97996540780068,3890
-19.63847671284717,3891
-12.335362820087587,3892
-9.343466416715232,3893
-8.808149761240184,3894
0.941494575080867,3895
-15.51305560207258,3896
-15.063668730499638,3897
-34.5969807353144,3898
3.501839226957598,3899
-18.060373015179607,3900
5.826082378424305,3901
1.4350296160972142,3902
7.2140677262632185,3903
1.8491935115592053,3904
14.00729611372191,3905
-23.818602144462282,3906
-17.75968889964652,3907
14.896717874252044,3908
-2.180164657615774,3909
-39.193209290908,3910
-21.811156833048038,3911
-33.64060335103385,3912
10.633148287612368,3913
-9.518888015823174,3914
-11.213032735394908,3915
-19.961181188406137,3916
-9.540095015896961,3917
-2.5921099477395084,3918
4.859184666738763,3919
16.004907741580382,3920
-12.086650502611425,3921
-5.578841472250798,3922
17.87511893495677,3923
-40.54649328216439,3924
16.881792161682903,3925
-18.81290633739176,3926
14.012434784801233,3927
-19.446764606230836,3928
-5.472497953899695,3929
-31.820782440990097,3930
-18.186123199505026,3931
-24.032704699033694,3932
-39.95648608103835,3933
7.600068272704425,3934
21.06514515680976,3935
-14.960400720540129,3936
15.472222112043152,3937
-21.126218393410824,3938
21.576349407701503,3939
24.35096235618068,3940
-19.698704387601595,3941
-17.151132240849428,3942
18.676742080514842,3943
8.386277435869404,3944
-14.127406202024364,3945
7.084855550719235,3946
4.488520177136683,3947
-14.460559206427519,3948
12.856571529810882,3949
29.105108485281,3950
-42.14622952918081,3951
14.229905981198538,3952
-5.635595959880125,3953
-30.499928446418686,3954
3.760354451791301,3955
-13.599672873203783,3956
9.924312010831779,3957
-15.90848692263537,3958
-24.05163936496676,3959
-23.38795366151167,3960
-15.970268211275446,3961
-15.985696135550333,3962
-40.88620352819658,3963
1.3675433566063253,3964
17.700901998822243,3965
12.584563863131592,3966
-25.419495569368113,3967
-21.27476084219152,3968
-32.26004084030269,3969
-7.459318362126377,3970
-7.6089356748704065,3971
15.589552252647472,3972
-37.897191712417786,3973
-16.54550631494139,3974
-33.318582783831374,3975
-26.741804707965606,3976
4.8059353028301395,3977
14.981895007454906,3978
-18.166913369125183,3979
3.301140943020913,3980
14.605339566217427,3981
-39.53213616377453,3982
-10.090036837467196,3983
13.505129818630198,3984
-26.45374347078322,3985
-36.31829038081086,3986
21.45266791574808,3987
-40.32716312956005,3988
-26.159581531842875,3989
-22.76157928170926,3990
-37.042389421454246,3991
-14.01107133740237,3992
-12.767713272141414,3993
-19.459975717413656,3994
-0.35325180300063064,3995
9.684203637474354,3996
-35.39685669109875,3997
-31.12592185487799,3998
17.71522925249753,3999
-29.911298957853774,4000
12.757080354429377,4001
-4.307457491380073,4002
-6.886736420083694,4003
4.240974292880431,4004
7.297820004452193,4005
14.370181282447913,4006
-1.0157588252619751,4007
12.09266077045001,4008
13.569340688644957,4009
-9.505018163306428,4010
24.311450143333268,4011
-21.32939693402681,4012
12.518692254636516,4013
-21.245345079216538,4014
-42.95853647405819,4015
-18.130470521980296,4016
-9.318042532452973,4017
17.695017249729386,4018
20.38261724285833,4019
-21.037073649162565,4020
-21.174117959380382,4021
14.014054201703214,4022
-3.063578365402449,4023
-5.334738882963052,4024
-25.2640481514145,4025
-31.941033662577077,4026
-20.57850189481593,4027
29.92145438504143,4028
-10.757792966472918,4029
4.873427657256174,4030
-20.531531864414376,4031
-38.23609770392922,4032
-29.873407173587175,4033
-12.787603337212119,4034
-17.803332838683694,4035
-14.801697783530315,4036
-43.873046065739864,4037
23.33175796753215,4038
16.493951142034994,4039
9.181894240570896,4040
-37.299462838957524,4041
13.283134215911904,4042
14.24393053000357,4043
-14.84455510695601,4044
-8.277115338815046,4045
-25.06356240432676,4046
-14.240180748431275,4047
-12.964307471549613,4048
6.3328112650271,4049
6.533118751583176,4050
-19.434988746115856,4051
4.026015996316628,4052
-1.9080501605987128,4053
-22.335005010336285,4054
-21.369541866844855,4055
-27.264905805211892,4056
-9.015617092213867,4057
-3.6647079559412776,4058
-27.065949825424752,4059
-34.96865846629913,4060
29.383517056291268,4061
17.065344341013013,4062
-12.431421327505266,4063
14.291124023785688,4064
17.054668656520068,4065
-28.340703223818533,4066
-21.726124878453504,4067
-21.902706671050264,4068
-11.916525404310221,4069
14.204099596036674,4070
-34.485002110995964,4071
7.666720203433643,4072
19.813194643457084,4073
-6.5624846903969765,4074
15.347178274977932,4075
-9.053307898887962,4076
-18.079633569474435,4077
-9.830251998537253,4078
-7.669077415659199,4079
6.5502103420222575,4080
4.167272107294108,4081
16.105853316757248,4082
6.97591152176153,4083
8.044265107148217,4084
-22.573880986208774,4085
-26.948543470759326,4086
25.283221317026555,4087
-6.857482761768344,4088
25.591301050498004,4089
4.327716303418411,4090
-28.581659565218473,4091
13.18453643516041,4092
29.6772320436272,4093
-10.041256855405624,4094
12.859676211156867,4095
-15.098801113225683,4096
-37.45932782984475,4097
8.292283719795307,4098
-35.24577067090557,4099
-15.171243141377786,4100
19.675041309941932,4101
4.715376419024025,4102
9.01729937411448,4103
-14.757633054812677,4104
12.346040589943172,4105
20.78397576281423,4106
-17.597300487561732,4107
2.8386225398831293,4108
-13.10105844983272,4109
15.470264560424315,4110
-22.71906686899403,4111
16.528888505465968,4112
-21.010783111964802,4113
15.243368107284738,4114
-10.742354245220202,4115
-14.850412529300502,4116
4.933771832474164,4117
-13.55892085489076,4118
-14.223961687535814,4119
19.79538120605188,4120
3.3725898670516194,4121
-21.84761869097069,4122
-30.4485366679912,4123
-19.098300098990617,4124
-44.94438519746437,4125
-17.448993540986088,4126
-7.754554322597656,4127
5.219335590336799,4128
-11.10198390266552,4129
-7.808741138025228,4130
-25.21039442838317,4131
8.212039171762164,4132
7.981041445403131,4133
3.258156199970818,4134
-19.27822012021406,4135
-22.461068587969212,4136
18.694396654064445,4137
27.6528612560748,4138
-10.816435313785307,4139
17.12560056911357,4140
-15.017381040300945,4141
-13.876711370063298,4142
6.346420950547694,4143
11.778554656613753,4144
-20.396919950678306,4145
-18.147552860337505,4146
1.647416577434102,4147
-11.821345034506013,4148
-22.32518285342199,4149
-1.2416274072589433,4150
26.366671874510992,4151
3.8999774799249067,4152
19.786239064398377,4153
-27.630825118421136,4154
-23.772879414299382,4155
6.600061458173352,4156
2.1107921033324777,4157
5.010695197843017,4158
14.026949668855174,4159
-36.32087317513646,4160
-9.297647871530087,4161
-23.451379551491197,4162
7.788180739360405,4163
9.58721134679519,4164
15.619949912705422,4165
10.10526920674522,4166
-13.061581774627234,4167
-39.021106068783205,4168
-12.369021090435094,4169
12.434075448186846,4170
17.490578146197866,4171
-1.0433949339316886,4172
-29.879788896142603,4173
9.217282498122053,4174
2.9852689155605017,4175
-9.251309535781138,4176
16.80038232547822,4177
-28.549046445888468,4178
-3.6374022552855094,4179
-23.681302004478077,4180
-18.079618577067194,4181
-24.039147281737566,4182
-16.799055928237344,4183
-14.109821873273424,4184
-15.314235579124574,4185
10.114754648668573,4186
-26.73026256835466,4187
1.5671483922268425,4188
-2.896337780618548,4189
-25.160762145533074,4190
6.213968314530687,4191
-8.330291985885875,4192
0.9921826181464324,4193
-13.222670927650494,4194
14.195211945315897,4195
-3.6216094650726562,4196
-25.304463862592467,4197
-23.393493820429534,4198
2.7308847689235236,4199
9.32377345456207,4200
-15.478812996762693,4201
0.6614263380543681,4202
-16.7144161071137,4203
1.5146477468692732,4204
-11.745818807625977,4205
5.6881503953316574,4206
10.19630252557099,4207
-14.865712036556904,4208
14.301079274077924,4209
-23.987157110052326,4210
-19.04869168342168,4211
16.961299062585287,4212
-1.3560040875759753,4213
24.027851303834257,4214
19.718959614491226,4215
-3.294766521566172,4216
9.223628875679589,4217
-13.771897989363914,4218
12.962360245027046,4219
-11.507030516032813,4220
-15.597814399779617,4221
15.356213863781669,4222
-10.129127025482113,4223
-10.733039949215412,4224
14.950859396495805,4225
-23.701984961125078,4226
17.76705647749446,4227
-2.0706084383164773,4228
8.73138482384367,4229
7.653152987111163,4230
6.87146662436149,4231
-9.864402152335296,4232
11.658371610622066,4233
-1.2953553086042602,4234
6.883312309088858,4235
9.078881512731272,4236
-28.81368919474123,4237
-6.7131139795166455,4238
-20.440166828063077,4239
11.222885939072462,4240
-21.73258578823338,4241
-34.82551807563693,4242
8.001025251439419,4243
-29.092474551348477,4244
9.341042433372342,4245
-14.205458727607892,4246
-23.228817622240747,4247
-12.414345289527308,4248
-17.877989282167306,4249
-32.75428890195824,4250
11.372481733718544,4251
-28.592980521288123,4252
-23.042551683507597,4253
-16.752677752992575,4254
-20.769080358101164,4255
16.813947005459074,4256
24.074250891153138,4257
-22.85621480055948,4258
6.832707340559043,4259
7.304889015303596,4260
14.566780744431266,4261
0.16027179797219926,4262
-4.865347341868092,4263
8.31439131656243,4264
-16.61149853225327,4265
5.68380496157514,4266
-23.786661115418237,4267
10.328838709361516,4268
-24.064236285013084,4269
-27.323747463637783,4270
-9.2637126877634,4271
-43.60754010642004,4272
-18.65066827241139,4273
5.101601637028269,4274
4.828381058446386,4275
24.88068021245467,4276
-17.549724277851972,4277
-15.538383697066088,4278
25.81156910327783,4279
-19.024021552575356,4280
5.894706604309235,4281
20.90768910845598,4282
5.699277432677626,4283
-21.19962039800724,4284
-31.5307483102578,4285
15.028975845608464,4286
-8.994378482422915,4287
-20.763069134831174,4288
7.64951786536894,4289
-15.725317561403429,4290
-39.01714500156922,4291
-25.20781322247382,4292
-7.222808222338228,4293
-11.907110624589095,4294
-13.530010600219708,4295
5.478991450889785,4296
-16.562186278636098,4297
-3.405142608357217,4298
8.258146227892622,4299
-7.18944871276524,4300
8.745166458980247,4301
1.2575579096356737,4302
4.603827038328866,4303
-21.079580173324214,4304
-20.555827507635648,4305
10.457164599760127,4306
16.48027996788836,4307
-8.238133599550611,4308
8.463266660918972,4309
6.251368315828866,4310
24.56410893585791,4311
28.54784463127676,4312
-23.872536602755552,4313
5.827180211609933,4314
-15.310670854582519,4315
-25.2124987030218,4316
-34.08817400937227,4317
5.7171709337357814,4318
-23.01484019245363,4319
-5.148840201204927,4320
-25.505329546009808,4321
7.2833790971684955,4322
-19.193111469152168,4323
18.01036442385193,4324
2.7958691412442604,4325
1.8616606932691697,4326
18.33566349630353,4327
-28.233204230134014,4328
30.43126496164888,4329
-44.733906929112294,4330
-17.267522987305753,4331
-21.195525494976238,4332
-5.647667165736034,4333
14.93577651961099,4334
-14.503531118889846,4335
-27.74516992940195,4336
8.244432180622656,4337
-4.741040039508801,4338
11.516684910982772,4339
-7.34647814190862,4340
0.3709899712159537,4341
-18.9082716464208,4342
7.074823385004793,4343
11.74527050109327,4344
19.63700550269953,4345
-13.156194749371823,4346
17.88400004151524,4347
11.402749070124969,4348
18.014748489564063,4349
19.486023919422465,4350
4.654326462788777,4351
-33.11510011014641,4352
4.088709865873128,4353
9.908033054961795,4354
23.49170178595777,4355
-10.48577365952195,4356
-27.26646066981276,4357
22.48337579792523,4358
-19.491248857075938,4359
-24.52898214363075,4360
15.430583807491171,4361
-23.24112770984105,4362
-0.7808803280304133,4363
14.245104486594848,4364
-23.278909929666252,4365
-4.301258297838403,4366
-25.79940964153517,4367
5.81244230718791,4368
-6.215994239411779,4369
10.260634574837923,4370
-30.089289175713752,4371
-23.93458667423404,4372
13.396904136158838,4373
-18.01509376054985,4374
-21.411038613542747,4375
-27.644203043383182,4376
-0.3440007754859904,4377
-24.052824649570763,4378
-18.985559112193613,4379
15.470559532583412,4380
-12.334753442789692,4381
17.734346016336595,4382
5.464721894992245,4383
-29.465082767413193,4384
24.306788677812296,4385
19.95351397543859,4386
-3.1737109968810104,4387
18.53436601792618,4388
-10.462322384017405,4389
-5.845278544925058,4390
2.6684602608767314,4391
3.9091721871881937,4392
-2.0703568501191167,4393
-1.0859190782745491,4394
10.178678233967531,4395
8.989029359173072,4396
-9.059692748224412,4397
-23.532867666450688,4398
14.255824015309805,4399
-19.182158542691965,4400
-11.573709701565331,4401
14.97803250822312,4402
-0.7586742267179929,4403
16.032592528139997,4404
-1.2048354999377864,4405
-26.20547926690192,4406
18.52794303430072,4407
6.179000925428108,4408
-14.869341969762958,4409
10.357221617058862,4410
-25.772291893471806,4411
7.965645322779425,4412
10.039300712953125,4413
-30.568453564470023,4414
-20.80843891065951,4415
7.372136837077937,4416
18.669666446427044,4417
15.449122773759154,4418
-5.319766075500099,4419
-35.16531970537936,4420
-18.609785537971895,4421
-11.244167917587193,4422
4.195329866612898,4423
19.7864068922187,4424
-16.17371888896738,4425
21.15937387137647,4426
4.577999061922656,4427
10.380370246980029,4428
-2.2849371740062856,4429
12.970829883945843,4430
-11.611490390195419,4431
-25.944858444910473,4432
-25.36415789141916,4433
9.162984149701504,4434
-34.59294098894826,4435
-35.871970557144834,4436
-21.50189267332509,4437
20.56119400679206,4438
23.971713173938788,4439
26.68216005472309,4440
-13.653086336849427,4441
12.77141955458999,4442
-14.061183431442497,4443
-16.915933897561256,4444
3.151080151571115,4445
31.778275314619805,4446
-12.182387075003064,4447
17.015504210641325,4448
-23.319669853762854,4449
19.020058002764223,4450
1.414705733932963,4451
21.51651122472493,4452
13.379905329364046,4453
6.063569630711621,4454
27.476612241038907,4455
-14.849751715902833,4456
-13.951670237042073,4457
2.6236853103779705,4458
16.224744907796556,4459
0.640566105685501,4460
17.07082557883764,4461
14.521230001096384,4462
11.888869516759613,4463
17.895087485755408,4464
3.2909996219881457,4465
-23.88281027700131,4466
-9.81177520596406,4467
-10.876219216915667,4468
10.603510401015289,4469
8.74846024484774,4470
7.8732811072704205,4471
-14.116409394876072,4472
1.8507954399157338,4473
18.742160212687146,4474
13.480888307987303,4475
18.069601115745304,4476
2.622456192710361,4477
-27.346489801424248,4478
9.281186491207826,4479
12.419894244186537,4480
-17.4904061411804,4481
7.569518545404341,4482
11.540059647065128,4483
-11.912838709576214,4484
-0.5914696788951721,4485
1.077712856987537,4486
-4.686406249616877,4487
-11.928856332625493,4488
-28.334033974725436,4489
-13.879781319199878,4490
-23.435592509677,4491
16.187885272763225,4492
-18.316611362902822,4493
-18.90468132228469,4494
-8.252764495917116,4495
-28.38515356225652,4496
9.7977996343503,4497
16.541147881284385,4498
-29.994777220295113,4499
2.567292886868483,4500
4.876976752527629,4501
17.56103832438255,4502
-10.455512007261506,4503
-22.38594968467867,4504
8.24312055399055,4505
-25.48995572167202,4506
5.195527060543119,4507
-29.51133586509179,4508
-31.78553380986564,4509
-4.860679348174302,4510
-10.431263648408471,4511
0.15790309067236574,4512
-33.30540455018549,4513
3.64529813581791,4514
13.362966513509267,4515
22.255856883759247,4516
10.573507188831801,4517
25.951425325400145,4518
-25.657927675247475,4519
21.77168345598595,4520
-9.299313637404905,4521
-7.269584410592898,4522
10.239956631306159,4523
-27.24555743660751,4524
16.170882665784344,4525
24.756416051570113,4526
-1.2658402059318137,4527
9.054916812804287,4528
-21.118571092975504,4529
19.144089918076148,4530
8.535614451027573,4531
7.414955663250774,4532
2.3563626598837093,4533
-14.679161452920496,4534
-28.88746476159972,4535
-20.79129999948878,4536
9.742402757220475,4537
4.856149352395297,4538
-39.411992309406266,4539
-31.954816267501908,4540
-18.76371260756777,4541
-22.877614568126234,4542
-12.184549370330249,4543
3.385438672302829,4544
-20.083969858557666,4545
-18.649169167714092,4546
2.8510337619754758,4547
-0.45994058614005784,4548
18.082477089092116,4549
-0.6276724826838924,4550
8.80681894139316,4551
-28.486852246848137,4552
-6.588621707402,4553
3.9416105093887737,4554
-15.19398593484755,4555
-35.31602374539526,4556
-43.42152504853809,4557
-15.505363243100764,4558
18.634875044557955,4559
-24.92862638403489,4560
-18.0633042214481,4561
-25.8397662153517,4562
-2.940481332974594,4563
-11.588713659269073,4564
14.771006382972889,4565
1.5308752874238225,4566
18.361132567594556,4567
-15.91504763628436,4568
18.98385988663564,4569
-14.933688572995099,4570
-23.02887288682364,4571
-2.9231883680055764,4572
2.7395589129527647,4573
6.668213758217437,4574
-25.764288046188675,4575
16.68333219551623,4576
18.92439860603233,4577
8.361096332465177,4578
-20.328892683488526,4579
12.313522524405744,4580
-10.838541375324805,4581
-27.773161952436894,4582
14.716623622258968,4583
-17.63124907504144,4584
16.720131161203106,4585
-23.93352081762281,4586
-18.44308963679677,4587
14.642593434293584,4588
-22.401269945797868,4589
-8.01534465802018,4590
-20.085835972114655,4591
-27.73213217875839,4592
-20.82998781551839,4593
1.6536319258943362,4594
1.3075030570070991,4595
5.143847998005979,4596
3.245858622117991,4597
-26.424784973457452,4598
8.088307245671267,4599
9.768668333460505,4600
-9.211227198134761,4601
-18.443306704783232,4602
-9.41215031534024,4603
-16.750863898863166,4604
-14.884722791152988,4605
-10.343490491869847,4606
-18.471409562685025,4607
8.791297817768328,4608
-28.977486091521946,4609
4.972263194541366,4610
1.8581198187300485,4611
19.221812606851113,4612
7.837897148739023,4613
2.102255295535107,4614
-27.52731826392798,4615
-27.005159502051004,4616
4.515069184663757,4617
-0.5965407474105113,4618
-0.8606217329514996,4619
3.923818238904964,4620
-33.9782960531716,4621
-12.90726041163505,4622
-16.207277393927193,4623
10.416031140915127,4624
-12.494264980389945,4625
16.763254915100237,4626
-30.249053761786747,4627
14.920277442330445,4628
12.108162574343318,4629
17.482198884763054,4630
4.18607772687117,4631
10.62606022251072,4632
18.18207025534962,4633
-0.6644419974651923,4634
-10.006120887963686,4635
10.761312360325093,4636
5.6285863451732805,4637
-0.4089826441244053,4638
-25.979070712561903,4639
-34.17687996582788,4640
11.660998998505594,4641
-24.92464127271084,4642
-6.212384846058094,4643
-27.29126259844352,4644
-5.475209785551406,4645
-29.315576781750206,4646
-30.324073854620895,4647
-10.685563399045702,4648
10.505783881265135,4649
-16.27399532645999,4650
-40.098693564479674,4651
-26.84944766292429,4652
-5.1314477944261965,4653
18.31128871395076,4654
3.8967070974964333,4655
-16.1542408829886,4656
-29.89254381837476,4657
-11.74306179797368,4658
-29.515437209150598,4659
-25.79492737567777,4660
-14.943054748376344,4661
-35.18156033674825,4662
5.906851030435725,4663
-7.66169951262012,4664
2.4756332605700937,4665
0.6329160984255262,4666
-37.45334664161035,4667
-33.390191945806535,4668
-14.098792164000415,4669
-24.837839339577442,4670
8.61637955358081,4671
-15.01994736608921,4672
8.818586462055322,4673
1.1845789891260825,4674
11.340939525015695,4675
18.435229833665037,4676
-25.633545476806013,4677
8.088376183028513,4678
-33.16785928127575,4679
-19.36678673630803,4680
-32.888516022570045,4681
-35.67208311314554,4682
-5.116897777353914,4683
-29.581004755509394,4684
10.75791513910892,4685
-5.731519868647325,4686
14.582384831793622,4687
-29.513092977210793,4688
-26.259821868714432,4689
11.313768477271509,4690
6.504766960283295,4691
-5.535708894610859,4692
5.766448981875476,4693
17.926769969972984,4694
-12.173394797309667,4695
-22.264348634689483,4696
-14.82261394080042,4697
8.264080601191306,4698
5.322836140599044,4699
10.058165950478653,4700
5.012286895385266,4701
17.88891008331532,4702
3.5131844884679744,4703
-25.00175532689238,4704
-37.24634657389734,4705
6.894803686869821,4706
-32.77541476873834,4707
-1.0026996193522209,4708
-11.780291593600673,4709
3.826618259450756,4710
-33.04580156419486,4711
-18.20381774510465,4712
-21.621352096297407,4713
5.785154134726705,4714
-25.035073150441555,4715
6.070310064600921,4716
-0.31356544302268397,4717
-38.566129027291986,4718
9.051126767607649,4719
-24.802249573649316,4720
-13.551749268494401,4721
4.006848823500182,4722
3.5433266284544747,4723
-24.404486327525166,4724
10.51601768740709,4725
-33.42204163224818,4726
-19.9987375895031,4727
-30.86720713852287,4728
26.60828782236318,4729
7.08843596319522,4730
-14.049063308476692,4731
26.59282596934443,4732
9.587076756452102,4733
17.41588709464025,4734
6.793049834908331,4735
3.0289978444499397,4736
-9.723162964787669,4737
-27.76882996402525,4738
6.4208000174048045,4739
-25.734193573286152,4740
-37.054178991887845,4741
17.82684227455943,4742
-18.18402408924262,4743
29.283880229839717,4744
1.1432410367393642,4745
-5.16412618033992,4746
-5.9748680016279545,4747
-7.804970216526157,4748
-27.157977307638355,4749
-5.0709139676258435,4750
8.335077773459831,4751
-21.160347569881743,4752
16.38720969618402,4753
19.093018943751805,4754
-20.804844358882086,4755
11.681019628839948,4756
12.859962915305875,4757
9.45902478091151,4758
-27.185567010932974,4759
24.492233105342493,4760
-8.260555534025835,4761
6.214407920014173,4762
-9.536285367293312,4763
26.55581284214849,4764
-26.581781484085955,4765
13.770554271830846,4766
6.611641927332352,4767
12.487013446938683,4768
13.9261445195826,4769
10.919423942494973,4770
-26.464771382503255,4771
-21.311917041368698,4772
-38.89054023987683,4773
-17.252488189200804,4774
-4.6370654893426595,4775
-24.760535068930242,4776
4.934281514041068,4777
19.002173263443197,4778
10.342275695001952,4779
-34.150328233233836,4780
-12.044038822472286,4781
-15.258314123845434,4782
-1.726534734637183,4783
-43.569851856417884,4784
-23.619119718966942,4785
-11.214027301027985,4786
-3.008300730931016,4787
-13.294927397368546,4788
-37.01299783110464,4789
-0.36625643505073224,4790
-3.4314825663877055,4791
-19.47854485803331,4792
0.8185677819954984,4793
-5.587598374942923,4794
19.250470816478217,4795
16.33675742089989,4796
21.828331362755755,4797
7.563231820475959,4798
6.573192689742834,4799
21.799200536371174,4800
-26.264410789061188,4801
10.471743658325757,4802
-27.432059178034912,4803
-26.50063470275706,4804
27.847545693604893,4805
14.634133451908895,4806
17.10991298918598,4807
6.507749337548638,4808
-0.01736384185622253,4809
4.435826349451167,4810
0.14789994173127408,4811
5.573951857211213,4812
11.804793119158703,4813
7.138029888556842,4814
-5.693468219699051,4815
-17.303037101917205,4816
-20.350017069351075,4817
-25.450885861025277,4818
7.775068286953635,4819
15.662703692770936,4820
-10.699695320262348,4821
-20.432195984263377,4822
-6.097209993553046,4823
-6.4851147730783385,4824
19.674304392698982,4825
13.440571254962993,4826
6.398573435391503,4827
-25.345286095467138,4828
25.401520261682137,4829
-3.673625925778707,4830
19.836140091454823,4831
-20.03714509487097,4832
10.738771097599535,4833
-23.810028124676126,4834
-18.159531596541225,4835
-12.070318594907967,4836
-31.769861034255154,4837
-19.710910132597114,4838
-19.162857474077622,4839
-19.059524849386847,4840
-27.79524441406728,4841
8.756994820605128,4842
-13.986985459360435,4843
-39.612205732997516,4844
5.7110846384586615,4845
-25.657181124606982,4846
-17.935500706379067,4847
4.493601735973316,4848
-21.95715548604024,4849
-16.86105241546478,4850
-9.634229535470723,4851
17.22964511219006,4852
16.729063825028796,4853
-1.4299723660212038,4854
8.509646351157723,4855
-21.372046675421362,4856
-16.19865729325219,4857
-26.82434694458751,4858
-25.853011388190104,4859
-22.94002586007076,4860
2.209295053284709,4861
-13.270781731127455,4862
-31.439832303486348,4863
-1.2008834617690454,4864
-8.503808497109214,4865
-19.993841028623706,4866
-19.544500059329152,4867
-14.532645272037707,4868
-6.2594661806634395,4869
12.01971277380039,4870
9.997422319270589,4871
15.90790676894245,4872
-20.73316626200997,4873
11.878084004232242,4874
-25.593853160756762,4875
6.63648819428135,4876
7.685813315765694,4877
-5.377039377120193,4878
-19.077973068023468,4879
-18.36136259287992,4880
-21.505221445772108,4881
3.9597454303842383,4882
-5.202169934154013,4883
-33.62962327912534,4884
-28.572670382077227,4885
-3.1030734568549616,4886
21.98315694327468,4887
-11.241267759975635,4888
-19.19689200569254,4889
5.9387652484485525,4890
-20.900593442421975,4891
-38.35668716475278,4892
-22.004909597480555,4893
-8.143564009601599,4894
-20.98817386205475,4895
-9.103385073812264,4896
-12.553485977347764,4897
-11.48133468924447,4898
8.019093821381638,4899
13.89243193629611,4900
-30.231377450078238,4901
-21.76877589051779,4902
19.26118718332048,4903
-12.724602532100327,4904
-33.958792933563174,4905
4.60108595006065,4906
-22.73726332801012,4907
-24.5851570886109,4908
14.768460620944921,4909
-15.576744913740807,4910
11.850447330535335,4911
-16.700785132100616,4912
-25.694497457285493,4913
3.4977750566826984,4914
7.377519440593558,4915
15.60732720177722,4916
-28.14645633893108,4917
-15.276461553526632,4918
-30.340189380696973,4919
-26.548511804511524,4920
-17.838364524332988,4921
-22.098499952031982,4922
-2.585822810588222,4923
-36.56869284554598,4924
-13.94465504825988,4925
7.16059763612367,4926
-4.955864170594014,4927
15.940261962748178,4928
-16.235663306176875,4929
15.385356734668768,4930
11.929834943534395,4931
12.76324624749748,4932
-12.453787089946061,4933
0.5989076196871084,4934
-19.997153433188835,4935
-14.776023138651516,4936
21.96926504321526,4937
-17.784323253906038,4938
-35.5932767538923,4939
-7.401411111444279,4940
-19.38148959839227,4941
1.9855787812331078,4942
10.319219770364256,4943
-5.1545395807942285,4944
-1.696183687808034,4945
16.938737347143494,4946
-9.771002473202786,4947
12.807815035733256,4948
6.3218521729977795,4949
-0.9169470853110724,4950
-2.021249247938156,4951
7.213996817805052,4952
13.998982705318419,4953
2.051343233773151,4954
8.912296461885118,4955
10.432590063392055,4956
21.383131745418424,4957
4.653922489380642,4958
16.15165213750191,4959
16.903357668594225,4960
-15.100352250320006,4961
-11.141714218473242,4962
1.8018509126020072,4963
-31.34197596424602,4964
-19.354698709670796,4965
23.11139316093355,4966
-20.171108575710026,4967
24.636849196853493,4968
-10.41324813641215,4969
-14.459761452047402,4970
-16.75704584451737,4971
12.814698881203185,4972
-13.194649595029297,4973
10.547179497526106,4974
-20.65111100276063,4975
-0.3706527743118704,4976
14.488405423009294,4977
-2.3143444001404956,4978
14.083954685989365,4979
16.20876171426956,4980
9.11251078320906,4981
-13.810224174687573,4982
-15.233013056823285,4983
8.350970640457792,4984
-19.901779359100466,4985
2.255433269652629,4986
-8.686835707199931,4987
13.27750265533324,4988
-8.726665633590917,4989
-10.98841054405073,4990
-14.723473072177221,4991
-17.6662943345735,4992
-26.768243388054167,4993
-2.2582223195435915,4994
-18.74480081193161,4995
16.294836956607437,4996
3.633634162696099,4997
-12.47646358342007,4998
-20.95485427277116,4999
16.268257967590685,5000
-9.937160538040414,5001
-23.17904788019535,5002
-19.764653288060956,5003
5.61224557306817,5004
-19.37391022137701,5005
-9.058837377122403,5006
-20.70880864551753,5007
-9.152834711710238,5008
17.305457952549038,5009
-9.782441702175365,5010
10.345704123098361,5011
-23.78866914418201,5012
-32.838205149912525,5013
-8.813123950653761,5014
-4.326781505906935,5015
22.152990417651637,5016
-16.847227293913033,5017
12.534162325818652,5018
-23.580833947068164,5019
5.190105803635438,5020
4.466525638714941,5021
13.923617917828537,5022
19.21169992267687,5023
-15.292168444143787,5024
-8.458264084418945,5025
-14.244053572386136,5026
-21.968778192722972,5027
-19.749976438635436,5028
18.369310139114624,5029
2.5363226348528087,5030
-23.767137281721816,5031
16.884705969704783,5032
-36.26959777225933,5033
-20.49811399184476,5034
12.2915128056834,5035
-7.43214463342104,5036
-27.24194791470522,5037
-17.020827631405922,5038
-14.273260755401495,5039
-2.358535579835024,5040
-31.91815023123154,5041
8.445473920584627,5042
-18.47466969921868,5043
16.194337941937217,5044
6.943771397089106,5045
-2.800392211677975,5046
9.163353293751506,5047
14.737636010491887,5048
-18.476524588697767,5049
-14.734909212997236,5050
10.811853135350791,5051
-25.70059222335658,5052
12.31536550193194,5053
-24.391595310699667,5054
-38.373194218323576,5055
9.247423990999298,5056
-27.11527573145411,5057
15.61635222443018,5058
-25.556761615551917,5059
7.711587596255798,5060
-6.547331121819535,5061
-13.234298996302819,5062
8.586893498584361,5063
-29.751523627601358,5064
20.43977476076897,5065
-20.05571868044374,5066
-16.57513805055882,5067
-30.06169550707718,5068
0.13446285365499921,5069
15.339856624409173,5070
8.276976852456077,5071
-12.788229222993547,5072
-8.671211909475408,5073
10.524034945409273,5074
16.437461744058048,5075
-14.316730438977547,5076
15.674599410392254,5077
-2.437584770515236,5078
-14.698225157595317,5079
15.945859601749344,5080
17.38960154678445,5081
-3.3165526761936843,5082
-36.81733914684608,5083
-20.44839791172775,5084
13.69565135831942,5085
-33.62767374620554,5086
4.142787818157778,5087
15.953913095512881,5088
17.636805219763108,5089
7.576649373253405,5090
6.782981184735675,5091
-14.381143174719984,5092
8.422833183620867,5093
-23.084608823201364,5094
-19.92553502442772,5095
15.347500584753323,5096
-6.871895261540997,5097
5.734135619683098,5098
-28.40955091424971,5099
-33.87016342934174,5100
-31.9735788112957,5101
-14.76732791054141,5102
10.478595474980075,5103
10.53657169696033,5104
12.965595488727839,5105
-16.25120708330557,5106
-4.715121078146122,5107
-9.84055232239249,5108
-35.50297308470064,5109
15.344093984507836,5110
5.550550326859584,5111
0.5291901925145215,5112
-1.0662796348086951,5113
6.837989498768383,5114
-23.956013756016475,5115
15.552877149792792,5116
-12.388773893795609,5117
6.903515836268214,5118
-3.0209748466949984,5119
20.84668774750434,5120
-28.27084200000966,5121
-14.520931293661716,5122
-38.28082642050731,5123
17.394972640602873,5124
-18.356356181620644,5125
-25.81523943668186,5126
-14.387909717178907,5127
9.462582539269357,5128
-25.27218469175383,5129
-29.25295611669774,5130
-41.87598923618377,5131
-33.8004804177872,5132
-21.986383808720518,5133
17.718273776701977,5134
-22.694356461853303,5135
-15.34293340037719,5136
8.8542239601861,5137
6.695843132128466,5138
-28.83590017810041,5139
-28.324278231524247,5140
-11.671527629246196,5141
14.37696491192035,5142
21.061786033400363,5143
-5.01790926008835,5144
6.113543993351884,5145
2.2946070795364104,5146
-20.708086755200213,5147
-27.247150112824556,5148
-18.99487509511156,5149
-10.071297292949769,5150
-19.797228949717407,5151
18.501163198192142,5152
-17.132269677868265,5153
-27.119986323316862,5154
-15.338375891494504,5155
-8.965044322315837,5156
-4.139709763415238,5157
-28.030369974210167,5158
8.535420701842865,5159
-19.961521658177944,5160
10.688921226475923,5161
-25.6303251364386,5162
2.2202571758271823,5163
-22.166267505133494,5164
-15.085898068403283,5165
10.197231939631415,5166
-10.51772215099446,5167
-30.40706641363241,5168
4.655773667366919,5169
-9.256158808736437,5170
6.331294466557411,5171
8.632046440083803,5172
-17.409598824157698,5173
-30.430986347469418,5174
17.04790791214218,5175
-31.97996234519336,5176
18.214013013822377,5177
1.9869267754775368,5178
-37.22643067189763,5179
11.168918624136385,5180
-26.185362184492753,5181
8.941860756863214,5182
-9.982985660902909,5183
5.443621230670498,5184
6.292820566427961,5185
15.279110641584232,5186
2.312931426258057,5187
-2.8704454594620157,5188
23.145161369075698,5189
11.408540874478991,5190
-20.721823415210068,5191
6.283874926086185,5192
-15.603302570128855,5193
-40.7921363713069,5194
-17.737022151219932,5195
-13.560513154618494,5196
8.08118698061528,5197
0.6863896724421021,5198
-20.664354391313783,5199
-16.097526115777043,5200
12.214039030308335,5201
15.6661755135619,5202
-18.516351942952454,5203
-22.14359697110674,5204
8.907783206504355,5205
-22.827573633344617,5206
-23.82761980966398,5207
4.409831198351911,5208
-12.480854146115146,5209
-15.781115324877444,5210
-10.209384148636017,5211
3.9939021377581785,5212
16.20391563987338,5213
7.933446751902789,5214
8.329385795633469,5215
-20.231597900151552,5216
9.978632579229078,5217
-3.130913937987195,5218
-6.779259231163536,5219
-35.978251152596705,5220
-31.34934496488035,5221
-30.906681760130752,5222
-29.8031769965376,5223
-3.4093405634327696,5224
-21.75229502394236,5225
2.5701084520428044,5226
4.660631374848853,5227
-12.798717859291838,5228
14.16954135873716,5229
-32.35197633975416,5230
-12.263205785175268,5231
-18.25856896977478,5232
-24.987360155070775,5233
-29.36682314363369,5234
-17.864063850041763,5235
6.68447442446541,5236
-7.9175164923322034,5237
7.736948934242125,5238
14.115110841321158,5239
1.4646897233068668,5240
5.7837071043027635,5241
9.887856604967808,5242
-10.511594039705539,5243
7.733246164630813,5244
-12.59697502875112,5245
-28.21717339984386,5246
-18.316374561669875,5247
-14.373133115011305,5248
-12.92590744105707,5249
20.05082521580417,5250
-28.295481830076245,5251
-20.9096901278401,5252
28.441534032840885,5253
9.48207449495092,5254
11.06985879760073,5255
-20.451578044549795,5256
24.661125861587884,5257
-20.929377066970993,5258
17.238290947537603,5259
-24.01666348620032,5260
20.430194074644643,5261
-7.4658255314422535,5262
-11.763590014565441,5263
16.154419918163935,5264
21.4656656770097,5265
-12.133710209922437,5266
-23.324214440522738,5267
4.6590540328400945,5268
-6.410545346300775,5269
-43.39222191165388,5270
10.53125755787234,5271
15.72074155435535,5272
17.214256510620377,5273
12.304235393858491,5274
2.9054162513904433,5275
-14.282255659826877,5276
-25.720621706788048,5277
-29.389061822070243,5278
-17.784437125222144,5279
-21.469698433679763,5280
-19.318925800744587,5281
8.673574920385184,5282
4.934288945975263,5283
-1.1612463589428517,5284
0.1662077808655189,5285
21.70057532366338,5286
-7.362103423628542,5287
11.818900125253048,5288
12.463523606469806,5289
9.865764959933792,5290
-32.00592276566606,5291
-12.685019575261729,5292
-7.3960402906980685,5293
-26.523215743741805,5294
-24.02507487257961,5295
10.59718750163324,5296
13.924131070985208,5297
-11.505955378793313,5298
-25.709587628134656,5299
-26.47453439627461,5300
-4.016788347247038,5301
-29.429865483456872,5302
17.941700947854326,5303
-12.935873925650597,5304
-21.31937579631925,5305
-17.304953918239875,5306
20.922325407547355,5307
0.8528950160834317,5308
-19.784759985422262,5309
-18.909053068922404,5310
18.049338701091905,5311
13.42284770596298,5312
-25.665791483521666,5313
16.538092238554775,5314
14.438571857797324,5315
-11.902328407743415,5316
-4.138621224844968,5317
4.099831099797887,5318
4.433330791004494,5319
-20.450170137372176,5320
18.986306648207993,5321
-9.324909032748868,5322
6.570973790932614,5323
-17.377783479546096,5324
12.091861194939785,5325
17.159464911034544,5326
-10.44006247524695,5327
9.073140849674395,5328
-22.85043205870648,5329
14.286028396335151,5330
5.97405186574982,5331
-10.103285738576844,5332
-14.11829452940315,5333
-26.46052412738386,5334
-15.214174686480932,5335
-16.406116917178643,5336
5.4874712120123945,5337
2.047575903500248,5338
-17.03378237151835,5339
-17.678992079486,5340
-7.366140077316471,5341
-13.060113049232275,5342
-2.7503821362756002,5343
8.859838358230585,5344
-14.746093361641517,5345
-17.18233132626444,5346
-16.361063115284875,5347
12.474709218189105,5348
-29.167885083611665,5349
9.986544204037195,5350
-20.969489229625328,5351
-29.506947848189622,5352
11.895794841973544,5353
-14.266440834987241,5354
-3.0178290607180362,5355
27.686867425181852,5356
7.155606801250515,5357
18.273230055908645,5358
1.4648421890317511,5359
-15.93831570911997,5360
-1.8071717868527908,5361
-25.772400214580657,5362
-29.063849369223067,5363
18.649049929741057,5364
20.326690739579018,5365
5.514162899050056,5366
10.078139344243372,5367
6.586228606121361,5368
-18.162231913463444,5369
-15.53405807659765,5370
-25.953488109421357,5371
-18.807139864009322,5372
-12.193000823689026,5373
-48.020392192644216,5374
-18.935022390651657,5375
-15.941574353200684,5376
-11.66694141697605,5377
-27.511071407888586,5378
2.0370523057082712,5379
2.4498840848598338,5380
7.156406857193243,5381
-20.19706669934819,5382
12.273397994546293,5383
-3.466782719650456,5384
-19.68228313733114,5385
-18.423449196474223,5386
10.428787244963608,5387
-19.676558572701012,5388
-21.442263881946666,5389
-36.67930828491228,5390
22.38621328372538,5391
18.058338056935323,5392
-8.043108593356873,5393
-19.376962863143522,5394
16.20458461464706,5395
9.91832448098457,5396
17.601125768487382,5397
18.75963782196036,5398
-8.737934221757026,5399
-1.2417453211894145,5400
-9.471397453883494,5401
15.855365601045797,5402
-32.45917148088969,5403
6.713330314077146,5404
-17.586506682938953,5405
11.21177705681001,5406
-16.606953243150507,5407
6.27857659886819,5408
-19.732131407561823,5409
-14.102272076798801,5410
-27.6851035959872,5411
-17.36649450303195,5412
5.39686769670165,5413
-17.88125004362992,5414
7.061084259266593,5415
-26.79849005099518,5416
11.360482320927353,5417
16.874503626222204,5418
10.423095859151918,5419
-32.170290411286054,5420
13.666799002334145,5421
10.902949841382437,5422
-0.21489094733331982,5423
28.58900573448512,5424
-1.5206400921193497,5425
29.110735955150744,5426
-0.30039524022381325,5427
-27.94436212826981,5428
-25.20219260065083,5429
5.238840576507743,5430
3.586144762748596,5431
-23.70485272085434,5432
-32.49937467468786,5433
-7.782109374885822,5434
-35.015090984305196,5435
2.3247397229199294,5436
-35.99890221516581,5437
-11.665626705620813,5438
19.74419599934878,5439
-32.44488451323754,5440
7.292987881076915,5441
-21.296757615779676,5442
-19.882698507077446,5443
-21.794444806344792,5444
-15.136905369997265,5445
22.693904369087164,5446
-8.58637364404824,5447
-23.394285004351286,5448
22.24441582093043,5449
26.479738734941,5450
-8.54840019219493,5451
7.2458173055705615,5452
2.9520124969473063,5453
14.123730078543534,5454
4.303643709065463,5455
-22.02592528463213,5456
-2.735194224623573,5457
12.938218975819677,5458
3.634460610523858,5459
2.243125659165055,5460
-23.048139364690492,5461
-29.74124913894965,5462
13.420498993582328,5463
6.5318170379958165,5464
10.64737829669718,5465
-19.010941073915582,5466
-29.72848058238641,5467
4.914568187651897,5468
-23.380736074659932,5469
11.208030753701493,5470
16.603771443853585,5471
-23.98749699435523,5472
8.350956711243,5473
-15.367722833869086,5474
-12.447609004813591,5475
18.153827386447634,5476
6.986729804967338,5477
-16.39020627472337,5478
1.8519685961526866,5479
-7.193926458512195,5480
-10.69560740835615,5481
-14.067941941490588,5482
-34.64837851949514,5483
-26.15305729871758,5484
22.611050756152867,5485
-9.826402280578709,5486
-22.225763945503232,5487
-16.132646699684226,5488
31.65933733051321,5489
-16.699344525358633,5490
8.901259626346265,5491
-23.652892784702455,5492
13.622325661450418,5493
2.135929547465383,5494
-15.957797630952191,5495
-8.278509377543376,5496
-22.848885025092986,5497
-11.558828811413973,5498
17.35982614456413,5499
-23.391878688162503,5500
-24.344923135486514,5501
9.586930018758876,5502
-29.365222966262085,5503
2.7300732563310177,5504
-16.507611822803206,5505
20.806843194510158,5506
-7.039439143821042,5507
-23.587667190906917,5508
1.6720665953535896,5509
-23.45059121236505,5510
-20.585850098404503,5511
-23.49418900656941,5512
9.617858166984325,5513
2.955905751336825,5514
11.121332226310777,5515
-16.97461446192471,5516
12.776271798064837,5517
0.9675325897493519,5518
23.427236491340043,5519
1.519736628952363,5520
-13.015254265570515,5521
3.7869188189448533,5522
-9.218366076304047,5523
16.399964614747326,5524
16.046070859836757,5525
-15.77495175079883,5526
-13.917076926846356,5527
-14.892661214105322,5528
0.34386605298417905,5529
-15.76549316589476,5530
9.332619156926613,5531
-39.13703618094383,5532
-2.4469836513322822,5533
-13.338094185532974,5534
-24.26069184672765,5535
-33.932221542690726,5536
-3.4602568462150614,5537
5.144120596803177,5538
13.600714184549506,5539
-9.015957368347493,5540
21.148088940077773,5541
27.828447948762893,5542
12.481824907634095,5543
10.523042576272264,5544
13.16387107355881,5545
4.818111127853557,5546
2.0623295660858982,5547
7.554998118197494,5548
-28.550130749493334,5549
-21.88116468169442,5550
-3.1964686206029542,5551
-11.875961887875777,5552
8.463921605903455,5553
21.41025428808291,5554
-15.106181136349123,5555
18.219316809118762,5556
13.907397509913292,5557
20.886579047811505,5558
-19.491648617573873,5559
-19.388183481632367,5560
-11.751960649632842,5561
19.989543506045578,5562
14.205807458455578,5563
-13.37010887043136,5564
-23.69516032352205,5565
-28.28893878296167,5566
-11.465180544609574,5567
17.243720118580008,5568
19.0006341379987,5569
-2.9259804326979877,5570
-20.013895064151203,5571
-28.69912788715981,5572
5.779974169995258,5573
-9.901832845724407,5574
12.934258212224996,5575
5.738544381102546,5576
3.5355903350219737,5577
10.295297704200085,5578
-45.790466386093776,5579
8.026223404626744,5580
3.0942077613453502,5581
8.437977380677024,5582
17.885103731718996,5583
10.358368233575305,5584
-6.418128153037993,5585
-37.24120516651624,5586
-19.189240146158586,5587
-25.210207249867473,5588
8.28368603116473,5589
-19.332503673149986,5590
-27.080853627303426,5591
-21.241405414312826,5592
0.9314440610569141,5593
11.416571716516994,5594
30.263165715230215,5595
-4.883834268238206,5596
-21.969454502299,5597
-16.55686458143535,5598
-9.081884256394606,5599
-27.26397200365821,5600
-14.759749254888753,5601
-24.73552213068311,5602
3.358862813787505,5603
-15.664809304706393,5604
-24.87174225467766,5605
-16.802442101226525,5606
-27.801397258033976,5607
12.138037633081517,5608
-14.814698205924433,5609
9.816861807898103,5610
5.546716254117019,5611
-2.5663848155484312,5612
-32.456403123925575,5613
22.135415283352696,5614
12.78570779566865,5615
13.63281062993397,5616
-23.260933303381467,5617
-17.731288032576423,5618
9.220668172762004,5619
-9.043285811724374,5620
-28.00622253926514,5621
-34.80067534871128,5622
-22.457437069099967,5623
-17.3399431213833,5624
13.983475399277598,5625
-0.34717835210166914,5626
-12.348866174481977,5627
4.435250178492339,5628
3.3825788067223233,5629
-9.496009613545933,5630
-10.91073639940028,5631
-28.696215094828837,5632
-30.066105533629766,5633
3.008593375618533,5634
-18.402371348643733,5635
-23.164394959983156,5636
6.4106174484934275,5637
-35.19788451349402,5638
-11.529545588464403,5639
-22.84804428806576,5640
3.5792558748087426,5641
-22.555445802599536,5642
21.364554197244697,5643
19.22202727712202,5644
-22.296064612026527,5645
7.565402938373532,5646
5.308168442565458,5647
5.176632302048668,5648
-21.07047586284633,5649
-14.998988687428565,5650
-27.753151275924928,5651
-30.541092346602,5652
-27.5079298577115,5653
19.393005818219144,5654
-6.590709552789242,5655
-30.662543652127862,5656
16.50865201020012,5657
12.068155100944693,5658
16.678462928591568,5659
14.596822920745474,5660
9.676402736991678,5661
-17.76102260844486,5662
-2.969113966063826,5663
-13.734761341700674,5664
-15.032837782002755,5665
16.484655496000546,5666
-25.87813670355614,5667
22.338797992798845,5668
-26.369953088607886,5669
-15.895915204996468,5670
9.059579632710399,5671
5.132622140910076,5672
4.439630983821511,5673
-31.238961382586293,5674
-10.217333930898402,5675
-26.399675689231042,5676
-15.848947224474609,5677
-13.372152386823696,5678
-23.641831174049713,5679
-4.742885902770691,5680
-16.657627003176273,5681
-34.66359430822142,5682
2.8102182465545944,5683
-42.00408848058816,5684
-17.942724052169815,5685
-19.04010677750392,5686
0.7153815121170162,5687
22.678153777018156,5688
-33.68030178499235,5689
13.866356158584448,5690
13.128352316298862,5691
19.780071621680907,5692
-21.56033007464185,5693
-16.23103439619893,5694
13.697250412714098,5695
9.100158040888417,5696
12.516156576743327,5697
13.402369428266201,5698
-7.24178293093433,5699
-45.92350276498399,5700
-25.59433188457716,5701
-15.650248023283165,5702
5.378511897026197,5703
23.239550741221713,5704
-2.6878139251531086,5705
-22.130725952881296,5706
-4.2344654634130645,5707
14.432504407755324,5708
-21.352588433649736,5709
-21.644515887522097,5710
15.8432611998585,5711
-5.7745676401478105,5712
3.2510460076826995,5713
-39.97335113351326,5714
6.799678267199452,5715
-8.758088436481357,5716
5.896880326593406,5717
-14.167999508129535,5718
-18.297606892841184,5719
-12.909575116912649,5720
7.242363613387145,5721
22.66781532828853,5722
-27.841937915846163,5723
12.831577233075627,5724
14.694663515692461,5725
-4.449396394437368,5726
7.364431488235095,5727
19.07886471831564,5728
-7.101966198141555,5729
-3.2291003892626082,5730
-16.001923750717467,5731
2.2239419704327945,5732
15.42608148883081,5733
5.859168655536102,5734
6.676268240993567,5735
-6.354769204381352,5736
18.671350298162682,5737
5.04763755129752,5738
12.128056935762583,5739
-7.836956337055135,5740
8.263515661056156,5741
9.483912843349264,5742
4.276089208715366,5743
0.7529489008756931,5744
7.653182373277131,5745
-24.25585480769716,5746
11.25639963492138,5747
-25.99503283987779,5748
13.916678749078358,5749
12.20583839543194,5750
1.7915864948210167,5751
-14.71405088608784,5752
-2.413284772182868,5753
8.099500953672685,5754
-15.948643006846476,5755
16.671205165190447,5756
14.29680123081743,5757
-6.012400708335268,5758
-23.28266257402917,5759
12.853675215169957,5760
-29.283644758603153,5761
2.29560046394794,5762
-4.471809617291742,5763
-28.75224482113461,5764
-14.523457452799457,5765
-36.47837258014992,5766
-14.643319993120764,5767
-10.983201564443608,5768
-13.012743910595372,5769
-23.1600381158127,5770
-35.538040160519074,5771
-30.204570900196156,5772
-1.6834101811931816,5773
-5.675769912453494,5774
-33.685913153163156,5775
-10.903419255876724,5776
-24.372690810488965,5777
-10.652866944705258,5778
4.099071861749605,5779
-14.89933956290458,5780
19.305696840298754,5781
16.047317006782222,5782
-16.450150733529576,5783
3.297125312189019,5784
-29.944544570597696,5785
-12.402364922535932,5786
-43.44493998666561,5787
14.179910871660805,5788
-18.88365241112802,5789
18.765539876768333,5790
19.131737002269993,5791
-24.880052118214927,5792
19.71837648320913,5793
-15.766957444143683,5794
-18.858154709719255,5795
18.23933950729648,5796
2.8148023909730213,5797
6.577058636477638,5798
8.827194106632492,5799
-16.14063284167382,5800
-19.69595157018844,5801
-8.187655140201894,5802
-22.302617553296606,5803
-40.506450348826554,5804
8.03381971920069,5805
13.23728559724374,5806
-21.25332440201708,5807
24.27242000213763,5808
15.071581674460624,5809
16.85886735264104,5810
-15.700557341538582,5811
-9.106449331286088,5812
-5.244648697392014,5813
-28.6931621530075,5814
-26.104704755173707,5815
-19.398921215048034,5816
-20.930333092361835,5817
22.066624377085077,5818
-28.642943440738083,5819
7.363973331262605,5820
17.0097275894592,5821
-26.57968924382054,5822
-28.200930698483834,5823
9.89670531569445,5824
-14.75362557246336,5825
-0.13837188496476127,5826
18.726762334317836,5827
-34.14000659603698,5828
-20.021685392546175,5829
8.803690087576298,5830
11.096178761190455,5831
-25.65529226817792,5832
12.872137572217863,5833
-31.811343333470553,5834
-33.405750084937324,5835
-17.25390042552592,5836
7.813041670957604,5837
-27.629181432476972,5838
-26.279896277629113,5839
6.534082990188203,5840
11.879784523249953,5841
11.514807193739998,5842
18.02573034919031,5843
-41.20231216896369,5844
0.5380331777867919,5845
-22.865165331747107,5846
12.53353554118392,5847
-35.66760285372867,5848
-10.1111977090566,5849
-16.04612920691894,5850
-24.363537401924642,5851
-21.59001068953468,5852
19.17750500091611,5853
-9.105468777937684,5854
-0.020996423439760825,5855
-30.978442054369545,5856
7.887740193542026,5857
21.936299208450844,5858
-33.75935125965325,5859
-2.558537447034878,5860
11.985371959776437,5861
-0.5134167101342859,5862
5.983836571211082,5863
-14.707349795416881,5864
-16.72870823089597,5865
-15.318888600391782,5866
-20.006221007938418,5867
-20.874180186410065,5868
-22.997821256022114,5869
-23.639616762764856,5870
-18.5979900717012,5871
-26.748127157878283,5872
-24.178558768644287,5873
-25.078912407958523,5874
-29.99335674036213,5875
-15.193876795465831,5876
-11.111780679420281,5877
3.612820030586951,5878
23.26640044855707,5879
-24.808218527108554,5880
9.705485567183015,5881
6.181040226865113,5882
19.708743431192506,5883
-17.562800564427747,5884
-3.7495827631087293,5885
-5.983715265652064,5886
-35.56126243408785,5887
18.27390871922561,5888
16.276785882967875,5889
17.47416192185326,5890
11.159142283894479,5891
1.7513213562447314,5892
-29.94399306880812,5893
10.782430410337621,5894
13.366942824035736,5895
1.0766742688529973,5896
-25.836212492713774,5897
-16.377341418240235,5898
12.146255948984717,5899
-14.420923576010946,5900
4.3816779470426965,5901
18.73438598143204,5902
4.619113852091051,5903
-21.06028180062951,5904
4.195824300990655,5905
4.548472027589726,5906
6.769392829902877,5907
15.524191623607699,5908
16.82083842596575,5909
11.111258123550911,5910
23.452513625312083,5911
20.062430388899667,5912
8.674246218707015,5913
-22.889059492252258,5914
13.741279043264669,5915
-15.014814814739001,5916
-12.21679982369682,5917
27.021542437436324,5918
-8.805285003807057,5919
0.7031343483919406,5920
2.658416170284429,5921
-30.639980141789202,5922
8.972167587035958,5923
-3.1131219120973395,5924
-17.444083252944985,5925
4.8111028368582485,5926
-18.917628026937045,5927
-7.280830765749684,5928
-21.240719360331067,5929
-12.574933667116419,5930
-17.479433870523806,5931
23.25388328184717,5932
-42.32273955553995,5933
-23.516674184517672,5934
-19.37838495161651,5935
20.656187020630618,5936
-21.261766707134147,5937
-9.966004024742771,5938
-9.371435166755655,5939
-23.74729370802944,5940
-0.6961149286118351,5941
14.867398685647139,5942
20.808609295273044,5943
7.817584741364897,5944
-23.255050513709087,5945
-7.378538995008272,5946
-17.15701126511108,5947
-5.682950176879516,5948
-22.41292565432508,5949
4.177310168770482,5950
-5.847609185590467,5951
-4.0022233876238715,5952
-14.304866595006168,5953
-18.356002284833057,5954
-8.088439429211654,5955
13.245168382779944,5956
-4.602198816311379,5957
-19.39075680544804,5958
14.991474501264719,5959
-32.244226438781865,5960
11.604239289559835,5961
-13.652891293198198,5962
4.9095516781399375,5963
0.4298662589280493,5964
-22.418554288099145,5965
16.452371225413504,5966
-6.693644722833275,5967
-18.778934391068816,5968
-16.339170618611313,5969
-8.082924072039946,5970
-18.215265985311547,5971
7.457751873681207,5972
5.008435048283081,5973
1.907221169153301,5974
-11.239373577531278,5975
6.915634149296455,5976
-0.13865718902629443,5977
-13.097779017681267,5978
18.408483486493555,5979
7.785114585396133,5980
13.749654395426543,5981
-14.586346810733598,5982
8.394568854903147,5983
8.682259616117928,5984
12.596075124850607,5985
18.758474730807848,5986
9.53884909185227,5987
8.977556909494915,5988
-17.417453936810297,5989
-18.44505777647054,5990
5.049991764007272,5991
-17.29138515091139,5992
8.73205329180514,5993
-12.076009652378957,5994
-15.167319463254925,5995
-26.531047672430546,5996
-3.453667800935243,5997
-8.033595220675094,5998
15.333782194102962,5999
-8.268269888308431,6000
-7.016622293236598,6001
-17.67305134640845,6002
-31.446066304541592,6003
-25.986092029097644,6004
-8.001897851977208,6005
-2.4383761472844667,6006
8.514973290919711,6007
30.68112758510378,6008
1.8197766148167123,6009
15.441304156384284,6010
-9.600327474552376,6011
-13.12532758385021,6012
-32.87072868699137,6013
-29.18874157231562,6014
-34.17852192811911,6015
-13.562293814315328,6016
11.84171580749231,6017
-35.17703039437028,6018
-13.776847904828404,6019
-41.78313470313247,6020
-7.704909180225636,6021
-29.08721541642332,6022
-8.354769286720867,6023
-29.35301147673219,6024
-24.869180620832523,6025
-32.54958738716776,6026
17.312027880654885,6027
18.023160616319263,6028
-8.479167416474649,6029
4.15981318608099,6030
11.373566880693392,6031
19.86811230973957,6032
-7.171002128852237,6033
-18.537228887370368,6034
23.548087153691142,6035
6.768917052661067,6036
-30.585701393279415,6037
16.70820068230716,6038
16.026645885024713,6039
-11.031939619051915,6040
-30.634136654928856,6041
2.876947422875869,6042
-9.225400921903354,6043
-3.352193140149867,6044
-9.738836953200149,6045
6.415426773861409,6046
10.278665291303835,6047
-10.499541728318716,6048
16.670108502435696,6049
3.939661799056765,6050
6.800006168349835,6051
-0.8040794331513954,6052
-29.302561387570186,6053
15.083438595853952,6054
6.319208575601639,6055
-10.284291038854777,6056
2.4047481929981807,6057
-23.01137901304078,6058
-24.993382596250157,6059
-18.0796540541051,6060
-8.014646405399708,6061
2.4661795105045226,6062
4.698549040601073,6063
22.858245903172985,6064
-18.27374826752327,6065
15.393378910168568,6066
-9.098362443751398,6067
-16.417172748076045,6068
-21.099772368612328,6069
-25.868511219421457,6070
-29.916509437872982,6071
5.3746169804757855,6072
20.584791714187872,6073
4.939275306815668,6074
-29.532547763734627,6075
-9.242873679884653,6076
-22.070580462825042,6077
15.82763941496772,6078
-2.970691989386709,6079
-1.1574407542921765,6080
4.684848022277327,6081
11.378370909661264,6082
-30.445134258841936,6083
-26.50184317270934,6084
11.525100078156076,6085
-0.12164652887335237,6086
-9.89347755109748,6087
25.236745943593995,6088
3.850544085988444,6089
-2.6504070612338664,6090
-13.818997630580872,6091
8.620238220280253,6092
-28.975946236995483,6093
19.775606070877696,6094
-12.8503618281228,6095
10.051304595773395,6096
5.52804614990111,6097
1.8650597344828208,6098
17.306041417590965,6099
6.191499925798496,6100
19.14558158847318,6101
1.6450765260866804,6102
-27.710160221905344,6103
-8.412438322411543,6104
-28.517075054960166,6105
-25.443252023489354,6106
20.94534108382821,6107
-2.455490666844041,6108
6.115021970997054,6109
-7.5096900189414795,6110
-18.685321049141532,6111
4.597765865577349,6112
-15.195773435786103,6113
14.059501352571463,6114
-8.878662456206007,6115
-2.5320782041762477,6116
-11.898369463216435,6117
-21.364875327971017,6118
12.76275107930713,6119
15.860942185497098,6120
-16.144435653869344,6121
6.995598253530856,6122
-2.852416999915925,6123
-24.579647863005537,6124
-20.611564166347925,6125
-6.45522335358415,6126
-22.037394641556883,6127
-16.67937386022559,6128
-24.508520227158012,6129
2.9800464593641607,6130
17.162451220154303,6131
-13.593812441755997,6132
-43.08089548839752,6133
5.160802043168401,6134
16.00182598837736,6135
-17.17754522635007,6136
-17.86106281827767,6137
-23.377509801922816,6138
-11.992270670510436,6139
4.051347855491789,6140
18.587007784344504,6141
14.224816462183597,6142
10.317987720627137,6143
-18.260583000176535,6144
18.349049509311218,6145
6.9817884711931555,6146
-29.752185956999252,6147
-28.68683767670916,6148
0.5666042683904502,6149
21.145115451438837,6150
-15.693843792899834,6151
-29.428983365102038,6152
6.569436589049166,6153
24.121927054855295,6154
-27.583681451347324,6155
-7.8842167644140115,6156
-21.240019183475432,6157
-23.056458439643123,6158
-10.500945026523368,6159
-32.0471772855549,6160
-19.556704311963344,6161
-12.979827211741352,6162
-14.984674618435216,6163
13.674667160668381,6164
-11.417696641020926,6165
-17.94570386344553,6166
-19.2187827695867,6167
3.8783557274284064,6168
-11.221192755040114,6169
21.458440575419026,6170
11.270727797110201,6171
13.705281435529745,6172
11.252947339197704,6173
-1.5057112940273214,6174
-7.381935997962694,6175
2.246644781377676,6176
22.106331903268412,6177
13.23163098171953,6178
-12.29088682506266,6179
12.149400305357165,6180
-34.518410847113444,6181
1.3978192432857641,6182
-24.08484029482768,6183
27.05775569199576,6184
21.22218952099133,6185
-14.784613841562544,6186
12.915959712188375,6187
-20.62244840400257,6188
-28.07142190318628,6189
-2.251158098553152,6190
4.778889725623591,6191
14.36552759458895,6192
14.13441295846157,6193
9.313242497948687,6194
6.033560192611596,6195
-17.8424547854339,6196
27.782828279023654,6197
-16.961179399770387,6198
-10.428851808345254,6199
12.024170053786733,6200
-20.24402946189786,6201
9.871853238930083,6202
22.410247676552913,6203
-21.692304376425646,6204
-20.944450836480645,6205
16.871060233469045,6206
16.275234065974047,6207
10.687259089202449,6208
-13.734370359125828,6209
-19.816492421504886,6210
-19.488810578557047,6211
6.063794168936441,6212
2.738525442327912,6213
11.808394170296044,6214
-29.023911085911635,6215
-6.884771914735778,6216
-19.80939042300399,6217
-23.17441750524392,6218
-17.600083489842003,6219
-12.318434429482028,6220
5.174785064311854,6221
-12.657956775515606,6222
-14.164694710413453,6223
-15.969465894688883,6224
18.252519840066984,6225
11.852118376283602,6226
5.333464784237609,6227
-25.234235548746366,6228
-18.831249631591707,6229
-2.720442940575205,6230
7.694687166683307,6231
-10.456206707833363,6232
6.928511005851114,6233
8.415410068337732,6234
-27.37524978825808,6235
6.26761517895056,6236
-18.918568016212745,6237
16.67331650535765,6238
-15.547034916971564,6239
-2.421461279117039,6240
-2.0229764059818915,6241
-6.4167051232830286,6242
4.869540602620965,6243
4.421616990930538,6244
21.535263274462263,6245
-18.580532943993994,6246
-25.984708092180615,6247
3.355254201018939,6248
7.271895744209564,6249
7.191466353195569,6250
-41.64510966010526,6251
-28.59377824635447,6252
-7.614176547766172,6253
-19.230061824290075,6254
-12.101589747101578,6255
14.737133458124283,6256
-17.11257419736519,6257
2.174990869214529,6258
7.564345184850378,6259
22.322399862596498,6260
-29.46255018763992,6261
11.321115404664997,6262
12.920250390386297,6263
-14.039454430889558,6264
4.190907484518647,6265
3.7242343034033816,6266
11.380733912032039,6267
-16.622017842003675,6268
-6.583906274408168,6269
7.281636941001871,6270
-18.845306213710487,6271
-4.135378936630188,6272
13.038371132203388,6273
-22.70127479667355,6274
-15.368987061440004,6275
4.592044463357514,6276
-21.04827567294886,6277
18.72386348482147,6278
2.954784026340999,6279
-0.8570001031680032,6280
-19.50810845899984,6281
12.221401787446002,6282
-20.21094231171451,6283
16.81764519668905,6284
23.515248868441805,6285
18.617486905973593,6286
-29.01056357550297,6287
3.3783147164148897,6288
-31.662306732374887,6289
-6.179216007458861,6290
15.497953975649516,6291
5.8769661628685395,6292
13.937227471930743,6293
-11.987118760205291,6294
-18.684231189042016,6295
-19.772753705875054,6296
8.155419825705396,6297
-17.18608054223495,6298
-18.986066597431964,6299
-17.36939535858886,6300
13.61976227773128,6301
-14.433255793653254,6302
-16.84115599471979,6303
-9.101621206014393,6304
-24.937631857818744,6305
-17.605018030655053,6306
-12.777570199450277,6307
-22.639090775669537,6308
-5.683578588777403,6309
-7.451255930517604,6310
7.529106594438616,6311
-27.41313848288982,6312
-9.127930450541745,6313
6.453493690374819,6314
-24.557174719144225,6315
-15.839054226965507,6316
-4.668755039560329,6317
-30.670729427969267,6318
-35.46801453931496,6319
13.185496562559521,6320
-7.864583926765352,6321
12.69344813499718,6322
-28.617899626020385,6323
-12.092356456108226,6324
-31.499376580937742,6325
-18.899156632560604,6326
3.84411986479652,6327
9.787965680508897,6328
1.0934411937149315,6329
-21.324587627917023,6330
-22.068746096604244,6331
-2.792104656729033,6332
-38.52456514434066,6333
-3.230271944760277,6334
-35.76536522888793,6335
-10.974643955194328,6336
4.669215161181532,6337
10.115319840583656,6338
-18.51616125033424,6339
-25.257741845587518,6340
-18.952845327062647,6341
-7.934526956069036,6342
3.264334647239904,6343
19.728206139214635,6344
-20.535375727936895,6345
-25.335866711064284,6346
18.49177584659066,6347
-32.48837761107876,6348
10.0653414093676,6349
-20.42243635192044,6350
-22.56487729246604,6351
-14.210253634270657,6352
-15.999441984535633,6353
-11.897984361863976,6354
23.39923602039108,6355
-23.16959655279775,6356
24.90448403199363,6357
1.453058674095388,6358
23.465051359500965,6359
4.477947575814996,6360
5.51602670938497,6361
-27.600070212321224,6362
2.0256263938271744,6363
14.650647059320374,6364
-19.162629971391098,6365
-12.995793167475991,6366
-5.472439408211255,6367
-13.287346021576294,6368
11.692138775638657,6369
-7.571255676133527,6370
-1.0967653568910345,6371
16.261213005638734,6372
1.7454650236782454,6373
-4.272607489571557,6374
4.655282723490554,6375
-9.45926125252759,6376
-28.15988598574383,6377
13.496330692541537,6378
-9.000140125523217,6379
-12.893497233283167,6380
-11.189340523894025,6381
-3.8952018193307847,6382
-12.340011613319902,6383
25.052131553515125,6384
8.333541181682806,6385
19.47124194748077,6386
-20.754575539164343,6387
-14.257807684981465,6388
3.8200063806759434,6389
-21.791770425693745,6390
6.3764602989952,6391
3.110642770847166,6392
-25.89621508832885,6393
-35.28517317240423,6394
14.695243478571744,6395
-12.022970252756988,6396
8.425991197972932,6397
-9.312683643500533,6398
0.6708755005046223,6399
-7.398717071876279,6400
14.376422106964377,6401
-0.5950217887973324,6402
13.149097584473122,6403
-21.65214603237283,6404
7.2245358594570686,6405
-19.436041882773004,6406
-12.540253597253574,6407
19.713817095563154,6408
-28.91184330542937,6409
17.00955870685714,6410
-9.288534687252278,6411
6.027194909743935,6412
19.278100395290465,6413
7.875177474676736,6414
12.374386844864784,6415
-10.838862279639669,6416
7.819310091582487,6417
15.093717108990042,6418
-14.028050827807961,6419
-20.983503161708974,6420
-5.085882115014139,6421
-2.6858921420803474,6422
-6.75733153619637,6423
-12.463185092219875,6424
-11.29666038509383,6425
-17.38046256619779,6426
10.467456196912185,6427
-17.424205078791736,6428
-21.90453733707692,6429
19.503791729143643,6430
11.970556325094972,6431
-14.670592022867243,6432
-19.402759657077816,6433
-41.71448545566104,6434
-20.23681749545349,6435
6.895976648211223,6436
18.830733168023446,6437
8.118966581046505,6438
9.143864128267367,6439
-27.214315959463086,6440
10.403750383172568,6441
-10.678401556275182,6442
-32.88390609522932,6443
-7.959131583135746,6444
-11.76599093702185,6445
-14.417501510149068,6446
-15.730103492494754,6447
6.906815938293626,6448
-23.94839087468977,6449
-5.853369950857736,6450
23.18464820600958,6451
24.313747997743743,6452
12.139944655085685,6453
-30.80528940560584,6454
-17.816220599504366,6455
-10.669473927931744,6456
-25.211784373625125,6457
-25.165423326354333,6458
-33.20961797643258,6459
20.78542279625989,6460
-4.475720591367864,6461
-9.346779992767873,6462
-14.463435488419707,6463
-18.07321351079583,6464
-17.67292638339935,6465
-29.9413239745375,6466
6.900928545645,6467
-5.147773737691749,6468
-13.03555399178508,6469
-14.984733085149164,6470
13.55631655537422,6471
8.692750527209066,6472
-6.563931161282607,6473
15.434462774806377,6474
8.01741684432346,6475
10.042393371685721,6476
-38.06810192499837,6477
22.67505709930017,6478
-9.996319870316336,6479
-14.528753815526418,6480
-24.339045292701897,6481
-17.821427247364845,6482
10.070006378243095,6483
8.686119931650035,6484
-20.585941319294918,6485
-31.78208543175853,6486
-7.334270505939994,6487
8.260979980383729,6488
-20.89996849368533,6489
-16.997729976440226,6490
13.215478856978564,6491
-24.41455870057015,6492
1.055947509651915,6493
-7.042752471269424,6494
18.535111508925485,6495
-27.44051264883245,6496
-20.509312245425427,6497
-21.507195131076315,6498
-38.29786718631266,6499
20.122992236930635,6500
5.788823265608462,6501
0.28807789598134637,6502
13.709819606173323,6503
-23.726967071970154,6504
4.595346288697895,6505
-31.371176251350743,6506
6.058724140203971,6507
-24.66875444087504,6508
8.442517649902195,6509
-24.673142527562263,6510
-15.389037572581723,6511
-14.635616700231978,6512
-28.180533851954298,6513
15.095535845302603,6514
11.749190406109605,6515
-16.34619672481582,6516
10.745155708323193,6517
-1.5022847961332184,6518
-22.077762295284888,6519
-29.325480151133636,6520
-20.727883211988363,6521
-27.555622321974873,6522
-35.064686827789004,6523
-20.609158836253865,6524
-17.019738446124272,6525
15.53993592371781,6526
-24.766762322386768,6527
-8.014657167290062,6528
-26.282938469755575,6529
15.910578056287207,6530
11.69187769990178,6531
-15.518991528436699,6532
-7.713112740778064,6533
11.320181618948801,6534
12.758573066293462,6535
-37.771878158554856,6536
16.74911281346863,6537
-21.012142901774276,6538
-19.955618800682686,6539
16.732680715046456,6540
-9.376647214996058,6541
22.2080703158283,6542
-12.901525195760485,6543
-16.7099899254751,6544
-31.82406694571472,6545
-30.032003268428433,6546
-40.45002865402346,6547
-27.095348711432777,6548
9.085494510691248,6549
-10.997295403290437,6550
-18.314151130426225,6551
6.447059373646482,6552
-0.358056721251212,6553
13.719180098009623,6554
-19.722558546298007,6555
3.706442172690192,6556
-8.82724474889871,6557
7.085472474448505,6558
-17.78187530974919,6559
21.997634719674743,6560
-7.677867559856397,6561
6.172327121103269,6562
3.6559286215116664,6563
17.629754580326544,6564
7.598149204106868,6565
-24.179382869616667,6566
5.039070967765706,6567
-24.52786872369071,6568
2.752022855652422,6569
-31.359037046421538,6570
-23.89123221802849,6571
15.249410469901509,6572
22.0211682978759,6573
-7.3068489363324725,6574
-28.958035327239646,6575
-10.1865051029841,6576
14.65776727236188,6577
5.760829024443961,6578
3.4236742871355776,6579
-20.88903684011143,6580
2.265232066894101,6581
-6.3441719565076475,6582
-19.070257053393956,6583
-26.216374343627752,6584
9.049859949189372,6585
-10.555530884111903,6586
-24.30007721820707,6587
9.559999896048865,6588
8.821471034391141,6589
7.954564451908073,6590
-15.823384668814882,6591
-17.35298566435481,6592
-14.119272024950147,6593
-36.83645938182025,6594
4.9138665922488425,6595
-8.012413154213881,6596
-11.045162294892613,6597
0.14652273201853294,6598
-17.225940210981864,6599
5.334323549798354,6600
-2.8981192061390844,6601
25.12478064031506,6602
8.521288427125308,6603
-21.754966101929337,6604
-2.9290478448336534,6605
10.061343201121467,6606
-16.56456232689637,6607
5.996226641546707,6608
-22.227486543577022,6609
-22.410041739797876,6610
-14.156495577468629,6611
-2.188091607509448,6612
-22.951180718721783,6613
11.162907180186991,6614
2.837337975967058,6615
-37.67895092592263,6616
-18.708008648016015,6617
-22.072114207701812,6618
-21.339621559179726,6619
22.61174646561204,6620
-4.580015189409556,6621
-37.99205326428594,6622
-27.956880716477976,6623
-12.914436122964673,6624
-14.839335837012866,6625
-29.817771673330032,6626
-10.167895880946539,6627
-25.464919341783236,6628
-1.9850192456530258,6629
-29.27322220658833,6630
-14.791809992112288,6631
11.214367698449486,6632
10.45335511253683,6633
-24.012831834270166,6634
-24.77971401485215,6635
4.495728392760288,6636
6.0038607466422995,6637
13.200515445333682,6638
11.328263124091691,6639
-2.474592021857403,6640
18.59589004363556,6641
-32.56827484532414,6642
9.016309555933413,6643
-6.843838973981935,6644
3.1576426936255473,6645
20.28599006850018,6646
2.083824269448902,6647
-6.633103419417999,6648
7.024741816976682,6649
20.72674193683395,6650
-16.21191135786373,6651
-10.060819571154733,6652
-0.7861561426072541,6653
6.149300905719796,6654
11.791160605181698,6655
8.354988169745369,6656
-17.619547043103815,6657
11.874186432386352,6658
-12.559328175570688,6659
-20.49603476061324,6660
13.38727733022009,6661
-0.8514948792073174,6662
-0.5640900194397744,6663
12.50932642793557,6664
23.980737828619535,6665
-22.18702003620362,6666
7.175237682935311,6667
-18.830008075521775,6668
-11.360253474119578,6669
-19.647769992820827,6670
-8.757994445529008,6671
-0.14828497158505538,6672
6.4821146511823855,6673
-31.309065720174747,6674
18.27693697233048,6675
-14.669147801430983,6676
-12.81340566161957,6677
13.787525471639558,6678
-16.438779488629574,6679
-4.252010700641347,6680
-6.948178842727366,6681
-26.939813460179604,6682
-9.745815259061096,6683
-26.002950206522765,6684
-13.07823225564923,6685
-28.050939645156145,6686
-0.7855895732780622,6687
-26.55065910944053,6688
23.975432895513737,6689
-23.222305989415432,6690
-25.175553082243407,6691
-29.849429906497914,6692
-11.795474322500581,6693
-17.22798382274046,6694
-14.677885285807298,6695
18.1874145718898,6696
-6.973183601459977,6697
24.82652072522327,6698
-26.86900384318199,6699
-12.019368134588815,6700
-15.645821441215325,6701
-17.086246881223705,6702
2.0772725360304705,6703
-24.030120321278474,6704
7.398977288617624,6705
-22.268547532376445,6706
9.26187564420127,6707
4.874600839804334,6708
9.221799830661654,6709
-25.227256036148557,6710
9.442151579383504,6711
1.7199574316080808,6712
-23.800488031105402,6713
12.604826859080937,6714
-11.81304091329434,6715
9.023361796011343,6716
-13.452221955004688,6717
5.696716172013781,6718
-24.23656606826382,6719
-37.37503812131231,6720
-11.136612971302926,6721
-13.549418943676757,6722
-26.06158654777481,6723
-28.939922977393785,6724
-17.08933653818466,6725
-23.565162504587654,6726
-17.442216501505886,6727
11.794229518704672,6728
-4.588027002290303,6729
-8.373120313268013,6730
-16.47226482267692,6731
19.798474267325947,6732
-22.892346861867974,6733
0.7136389274204253,6734
-21.849092214281566,6735
6.867956398118663,6736
4.1567525770249105,6737
2.985997019364559,6738
-2.7132667640678334,6739
9.844708624615688,6740
-21.875620718114,6741
16.053185020939864,6742
1.5103077712359188,6743
-24.80612849194696,6744
-28.6836762979946,6745
-26.886603452918646,6746
-14.753231295582781,6747
-29.816937328239902,6748
-23.883975152680033,6749
15.568792821902502,6750
14.26141361680368,6751
3.474696181311762,6752
-31.268143850316907,6753
-19.189712685485134,6754
17.529952379810357,6755
9.504858783465608,6756
-12.864602815833596,6757
-0.7496545531303811,6758
-49.77729084605297,6759
-24.782317324864376,6760
-15.197155604471236,6761
-35.6793002237394,6762
-7.1271486812518585,6763
3.2489308814055633,6764
8.088685745421817,6765
28.663280866705136,6766
1.707819788536674,6767
-30.51143133217482,6768
20.4057319184255,6769
-15.233434959879254,6770
1.8539371931424178,6771
-34.32438760788285,6772
16.758539733726522,6773
-7.977673697363612,6774
3.9784514478349102,6775
15.432223974387718,6776
-22.9847544859642,6777
14.365396147972195,6778
-21.397876520217096,6779
-8.411039743695486,6780
3.5366401343494456,6781
-23.726581328600602,6782
10.927769228598962,6783
18.388292015199312,6784
23.831667877328197,6785
23.29779667913266,6786
-43.352509348459314,6787
-33.709658731474306,6788
-14.785388672531104,6789
-15.453330650294216,6790
-12.090663183549982,6791
6.904555272456543,6792
4.646510892428516,6793
14.296438958924362,6794
14.97985006975562,6795
-16.459798285111276,6796
-13.86020056929894,6797
-0.9103786378534462,6798
-2.497143539089854,6799
-18.089715276365386,6800
16.54681263202984,6801
13.699022014584962,6802
8.220526359968867,6803
11.770984678308135,6804
14.645081557550306,6805
-11.8593525872921,6806
-15.708415555802283,6807
-5.496534437008795,6808
-20.21120658996833,6809
9.133472294253675,6810
-3.515278989299689,6811
-18.477014356916026,6812
-15.528108203379995,6813
23.692634119362605,6814
-7.188214812372971,6815
-12.985608853483987,6816
7.367688797494939,6817
22.258677526630322,6818
1.3076944695560035,6819
-15.701698372708464,6820
-15.935787031517744,6821
-18.39505042647206,6822
5.002721246599171,6823
3.9649227703796033,6824
1.926135983145433,6825
8.431850530828378,6826
2.9312767715561705,6827
18.589846796726942,6828
-11.974572368094533,6829
-28.419169344695778,6830
-12.112690126405518,6831
-29.43116381900475,6832
17.523140747658918,6833
11.669812610312299,6834
-28.402063675702706,6835
10.274034502946582,6836
7.818309535651707,6837
-48.82715373164725,6838
1.5750540142601146,6839
-18.21362028204689,6840
2.5606059720375853,6841
1.6608974842954325,6842
-15.483200321428056,6843
-19.335130801912307,6844
14.445073457899998,6845
-24.168149611179494,6846
-17.447533858737778,6847
-17.865399073408714,6848
10.429056053704983,6849
3.314621516107465,6850
-32.96535972166642,6851
-16.221989194409012,6852
-6.137317365210415,6853
-14.742580426653959,6854
-26.131637310517693,6855
-23.764982138237244,6856
-8.046450242706397,6857
-21.750665607834016,6858
24.856149793127194,6859
-34.10385412094301,6860
11.547441773402024,6861
-16.832957780142408,6862
14.17293987234467,6863
-6.22668571281805,6864
20.100948429664392,6865
-16.43311746321259,6866
7.284987678311275,6867
-23.92803027226993,6868
3.3793004189780564,6869
-15.343174825837162,6870
-38.748950086007,6871
-13.83159215435518,6872
-17.37445832547823,6873
-23.617702334993233,6874
7.523788722496958,6875
-4.083493185300823,6876
17.520384972619883,6877
-29.979546749550956,6878
20.54591498852593,6879
21.32344768691983,6880
-8.254035215980123,6881
13.28897772040051,6882
-33.83851154910826,6883
15.217120328627573,6884
11.468151875574314,6885
-31.681206017408492,6886
-20.83211887676886,6887
-14.008394952628011,6888
-26.354964460838136,6889
4.002427342429559,6890
-16.72356507239993,6891
8.009920249506001,6892
-24.99612157809614,6893
7.5221617217882955,6894
8.81555558439765,6895
13.817986247696684,6896
-5.895277716662699,6897
14.619376163826619,6898
-25.11158454720822,6899
5.2711573650819705,6900
3.9253613276998323,6901
-18.30932046911638,6902
-17.95010093054742,6903
-22.604929787368718,6904
-25.024964702956286,6905
-2.9845297823095938,6906
-36.04061038286821,6907
-12.832069228956744,6908
-18.98927033447397,6909
-21.953552284168115,6910
5.989631868891379,6911
3.9654615331664083,6912
-11.443373369017298,6913
-18.804208108680484,6914
20.380837564478956,6915
-32.56756178254471,6916
15.382620155666412,6917
-17.953286025687344,6918
-32.50748286282366,6919
15.628717307556254,6920
17.010735677945785,6921
-8.430481524342307,6922
-2.3791424918682575,6923
-11.382712253318703,6924
23.05754146618383,6925
-20.98757971254387,6926
2.85346038424219,6927
20.971248242191123,6928
-30.134401955437657,6929
-1.6361149006586535,6930
-21.724728632763757,6931
19.826446939374268,6932
-24.697834605446086,6933
10.907739653295437,6934
20.568215722095214,6935
-14.952004582325326,6936
12.839198833344142,6937
8.62978560203605,6938
-0.7683654837291174,6939
-32.351853813693566,6940
-18.815878115868657,6941
12.86360199883461,6942
8.271947421298751,6943
15.752927112503201,6944
-16.379155543150212,6945
-0.08481809920135941,6946
9.618021005116479,6947
-13.631156808303466,6948
-2.790343057499413,6949
5.485191216723157,6950
22.226036849246753,6951
10.186908646097784,6952
-33.67384284700301,6953
23.313859072979344,6954
-17.70673312833719,6955
-20.321019349587054,6956
-24.878940116528653,6957
-18.091374617365865,6958
-37.72882181898534,6959
-13.334875264233977,6960
21.467679044848456,6961
16.530290681278363,6962
4.649738225132946,6963
-14.180578984979563,6964
-40.90904661316405,6965
8.244044805298708,6966
1.7252637214963125,6967
11.82881849371639,6968
-10.191220161388523,6969
23.837102518609637,6970
-5.240311373964151,6971
21.786415738176544,6972
11.743293259134614,6973
-16.880213294105666,6974
2.958084093903013,6975
18.671870281075428,6976
23.046743708425048,6977
15.25913981315409,6978
-28.54915292575918,6979
8.671341510414003,6980
-29.853670943397262,6981
-17.71854786464103,6982
-22.944100162002677,6983
1.0423920988954771,6984
10.837774118145614,6985
11.3604012313378,6986
4.999206589337058,6987
-5.2427569878469455,6988
10.825891028836153,6989
0.49610652409787015,6990
7.694853324275867,6991
2.5842360760752108,6992
11.206811135705468,6993
-30.738658191193405,6994
-17.324807822039972,6995
-20.03695761904344,6996
5.713213545746601,6997
-21.812011669508674,6998
-9.56938102276861,6999
-45.39821043510732,7000
11.036448768650395,7001
28.922941184052362,7002
13.946101325837766,7003
-22.814150511162246,7004
6.404273464749755,7005
-19.03563570138123,7006
-13.615779509748123,7007
18.363972236978046,7008
15.7092238137818,7009
-10.857407399073509,7010
-10.630205052212215,7011
8.262991531876985,7012
18.205117047947287,7013
9.895707389996792,7014
9.499799153608404,7015
-14.54130205456851,7016
9.512140692516855,7017
15.579557337895864,7018
5.023413144716216,7019
5.331145675247862,7020
-4.345645054437984,7021
-14.949076868142242,7022
19.246142652789906,7023
2.0832807032276115,7024
-33.648769367201936,7025
5.68431122694912,7026
-18.017544733232626,7027
-27.05949512244386,7028
24.70681988677849,7029
17.579468349843086,7030
3.5288570647401,7031
-27.662684694774743,7032
-20.700116872474283,7033
3.548989285734079,7034
-15.594509975355788,7035
-5.786592750934613,7036
-30.652799741150112,7037
-4.9710035773627155,7038
9.930205854912785,7039
-12.083406275452845,7040
15.095765696532808,7041
-8.788139023792247,7042
-12.533350410779878,7043
24.756906396573378,7044
-11.56295668140061,7045
16.192914400183167,7046
-15.688740196454406,7047
-11.879484560281693,7048
13.786020200665124,7049
3.64527258634657,7050
-5.556210192579138,7051
-22.452457785297376,7052
6.418298555553109,7053
-19.624498581162072,7054
-13.49237139923651,7055
10.210575672503499,7056
-9.109708058326543,7057
9.259708858936522,7058
-2.096513138063553,7059
-13.98590592744231,7060
-12.812694294047262,7061
-30.34351480590884,7062
-22.0621404458072,7063
-9.441604524428305,7064
20.109321381004342,7065
-3.2199614995098536,7066
-9.421177648107504,7067
16.655964779054955,7068
29.109224445862885,7069
-36.80460171945788,7070
13.40760339001195,7071
18.02834856533988,7072
15.877331140446874,7073
-14.2717846515432,7074
21.27937367406076,7075
-20.941833206994318,7076
-13.436160439561027,7077
1.7343743047752884,7078
4.559766690327585,7079
-25.351487442882675,7080
17.738393442655877,7081
-12.550843656144522,7082
6.233024354055724,7083
-16.678261133790514,7084
-3.6127929019665452,7085
10.123404853732795,7086
-13.267850585062956,7087
3.279976918171881,7088
0.41456798364639535,7089
-29.003021335030184,7090
-13.506070009188083,7091
5.7793588649340855,7092
-19.41718017067665,7093
9.023975391467323,7094
-16.75588795652773,7095
-24.522259359410537,7096
13.509797082621713,7097
8.572928691800971,7098
-13.358173206255618,7099
14.7117987096347,7100
-38.231505377577854,7101
13.564950886570763,7102
-21.77473657636769,7103
-24.1468065515248,7104
7.539747737390565,7105
15.844917091759815,7106
1.147738262207481,7107
-14.087786377598725,7108
3.5423326344926735,7109
-21.845111295193202,7110
-26.96754299900337,7111
7.280685993589936,7112
20.28548386013941,7113
-10.379053828930907,7114
-23.512228699914417,7115
17.073656179920008,7116
-5.951553527870449,7117
-18.499540561520618,7118
-2.4112889789899863,7119
16.673448420886796,7120
-26.981804946419334,7121
-23.24094263554194,7122
5.567282766057728,7123
-27.690047689095202,7124
20.864197799064556,7125
-32.51019199463745,7126
15.335171473073451,7127
-31.549842037117802,7128
10.092980784764423,7129
-12.276612701791045,7130
-19.85892472682559,7131
-11.246218669780875,7132
0.7956568065949403,7133
4.93922260160519,7134
17.906531436969463,7135
15.76534708660931,7136
-14.201636091151801,7137
-25.10954481277218,7138
11.398218480541065,7139
-1.0712828736808007,7140
-21.286855986918468,7141
9.903270650488317,7142
-19.268329427907588,7143
0.9937817593382823,7144
-26.763390126218535,7145
16.702197800917325,7146
-28.3927518522309,7147
-2.3866622243886244,7148
-26.361848333862298,7149
-5.140646437396738,7150
28.153405476071548,7151
4.146609634118114,7152
-33.1934647417115,7153
-43.37010178331897,7154
-24.39495851976206,7155
-46.68630127077311,7156
-14.927398864495178,7157
2.5229210725582742,7158
11.721217882506522,7159
-5.800749750103768,7160
16.277594255251966,7161
-18.011542186255546,7162
-11.872372877233516,7163
-17.883882790446563,7164
15.000993504566313,7165
-5.15242965550164,7166
-14.516858140068695,7167
-2.404918578053179,7168
-12.410393202108962,7169
-24.392530409060363,7170
-17.830530382210917,7171
9.384476131243897,7172
-30.51525517341805,7173
-9.85320906837709,7174
23.921851006347637,7175
0.6973824920066685,7176
-10.132892209999472,7177
-10.322893332035497,7178
-28.061972952145158,7179
12.04880486741672,7180
18.46109218741375,7181
14.121974969928793,7182
-16.42081787924161,7183
16.994529837774447,7184
-41.71709344682259,7185
2.657938669416806,7186
-16.48194969621712,7187
28.998906942077525,7188
12.705034717375014,7189
13.228533608286185,7190
-23.300926567007952,7191
11.81654652072627,7192
3.7100771028655295,7193
2.271844347606783,7194
-13.943018980056852,7195
-4.9908509747203915,7196
9.917434566320384,7197
0.342535750385796,7198
-23.42757531722908,7199
1.163286976736102,7200
-5.143626280775557,7201
18.6606471209358,7202
-25.09689758366101,7203
9.773506947718507,7204
-41.58707995408151,7205
8.574840420333272,7206
-30.722684639854453,7207
-1.6816594351005731,7208
-17.008825862115955,7209
-37.666272864704865,7210
-30.79885787623768,7211
3.890519046887878,7212
8.728509124915107,7213
-12.334457343887614,7214
21.022256571910646,7215
-5.217721625956272,7216
-4.507995443743078,7217
4.331790904301075,7218
2.2014974794682303,7219
8.645733393427994,7220
1.266246637183273,7221
1.6727324022006327,7222
-11.471193191835354,7223
-10.202798198629706,7224
-21.59617147984759,7225
20.026760548471287,7226
-23.194780299163785,7227
18.9518728679923,7228
-13.77743177521226,7229
12.955356231400504,7230
10.874182397051651,7231
-20.73157725410622,7232
9.754136542266352,7233
10.256105988232163,7234
10.779350091067588,7235
-10.337493395759061,7236
-0.6646660587038404,7237
15.168700860537133,7238
-17.897486426749857,7239
12.598617871485615,7240
-14.643269528454415,7241
-8.520049421929025,7242
-8.108782053250998,7243
-13.793436597362776,7244
-15.33568485887063,7245
5.024426405044149,7246
11.749963080808062,7247
13.831713889287798,7248
-0.6126584261695385,7249
-21.503000428593737,7250
-17.612854452869907,7251
-25.039379547462403,7252
-26.50638733212413,7253
-19.648901347393934,7254
-29.577549691705364,7255
-19.7547923142686,7256
20.374373056413713,7257
-28.64306158121147,7258
-30.629412567020577,7259
24.81622429873699,7260
8.436705355159638,7261
-27.915794116528254,7262
20.030135653070552,7263
-9.130556017013307,7264
14.132163395676468,7265
-10.917384154828927,7266
-20.869623025149266,7267
3.742249211548774,7268
5.175506836889156,7269
-18.9360421658352,7270
-0.6566534164064208,7271
23.24991464112313,7272
18.749503955308718,7273
-7.700413203466742,7274
-9.54275073956773,7275
11.423498885175285,7276
-20.50695984944244,7277
6.437384224838093,7278
-16.28666327765034,7279
-12.139163007174997,7280
2.053444458615993,7281
-5.25149822058865,7282
-19.81195285531675,7283
-14.415019553995132,7284
-36.831189844976265,7285
20.67808300599086,7286
-11.36383657431993,7287
7.885731962791516,7288
-6.87968016286542,7289
-19.953977521446276,7290
-12.903484876461242,7291
-12.342301036551948,7292
10.316296079215014,7293
-9.880758224060438,7294
20.54697442563894,7295
14.17891214077358,7296
15.983127519090647,7297
-18.630041601660082,7298
-6.232537285771721,7299
-10.129929956927256,7300
5.884218026888902,7301
-14.759862604933568,7302
4.1311078955084195,7303
-27.138767893118544,7304
-28.32856608355707,7305
10.910430999958368,7306
11.286213852342371,7307
-13.004171647286505,7308
16.725634099567863,7309
-6.708302857351905,7310
18.075000130733756,7311
4.556550277232365,7312
-11.15652319309292,7313
-27.661789586716647,7314
21.40279858074572,7315
-16.96593458733905,7316
-16.842457220986326,7317
-12.006254831193079,7318
-21.137420660482416,7319
15.48580963642522,7320
16.664868020011646,7321
12.172027296871857,7322
4.767592416549956,7323
-27.587405780460575,7324
1.9107458111921396,7325
-15.018155397075597,7326
-24.26179268608004,7327
6.390836865028927,7328
-12.92793319100035,7329
10.938009362671878,7330
-14.953700963614104,7331
-28.956050105215002,7332
-40.21346213031238,7333
10.456185477532944,7334
9.083684383600605,7335
-14.466724548796183,7336
15.117706655841637,7337
2.704785228124571,7338
-8.115162661284858,7339
-14.677715535438267,7340
-18.93846892084995,7341
-17.130953709466386,7342
-25.603679935674617,7343
-6.807887586825172,7344
-17.11446092746008,7345
-18.24943284737529,7346
-6.605591578017597,7347
19.003700579844676,7348
25.243668848459016,7349
18.23008257511022,7350
-13.506117096512916,7351
-19.3922283728092,7352
-21.434206631549834,7353
16.92359631212107,7354
20.353274068760665,7355
-28.795898167872455,7356
9.274454691404202,7357
7.2267259770198375,7358
14.0138879866544,7359
-11.741030854839643,7360
6.658875927591234,7361
-12.46704104465065,7362
-26.91417005614654,7363
-36.746499786426455,7364
-20.39179750322493,7365
-23.70127311736084,7366
-4.715959981818592,7367
8.79760204726963,7368
-22.062268626684787,7369
-16.391050161136164,7370
2.5532287202547703,7371
6.796145464975659,7372
-29.61147263821751,7373
-32.539795709299625,7374
-19.52734020174317,7375
-17.495164140411116,7376
7.924753606793628,7377
-1.1635596319080754,7378
2.9528882851222704,7379
20.422288107039535,7380
9.044780604722208,7381
-19.451627034719266,7382
-11.575399268469262,7383
13.592066157179865,7384
9.935924098955798,7385
-40.19819375220048,7386
8.394160814239953,7387
23.17090202609588,7388
-32.325594237568964,7389
-11.924580408369957,7390
5.605812533401517,7391
20.58197257970767,7392
-24.885662026305617,7393
7.303041797215206,7394
11.507128692852827,7395
6.755296159441359,7396
-24.63399474767006,7397
-32.4627442893146,7398
-19.114691153903564,7399
-8.674341782339498,7400
6.53372341085284,7401
-12.969861870318983,7402
5.854257628903866,7403
-16.86057281641569,7404
16.658896934478378,7405
8.517710210864257,7406
-11.789509075952793,7407
-22.14898368068983,7408
15.209276159620604,7409
12.408880462317,7410
-22.188545487407914,7411
-32.85587530996011,7412
-32.14204462596656,7413
19.457569826404587,7414
22.049054855882858,7415
-23.325787571465682,7416
17.313974314068332,7417
-32.07524076587811,7418
-33.1334886442678,7419
-26.503866274642924,7420
7.519307879639518,7421
-31.16213217173273,7422
-8.068689700547083,7423
18.098186298876747,7424
-15.76641702236306,7425
-29.606116396264948,7426
10.096680240510528,7427
-24.305480110583392,7428
10.236369772419764,7429
10.808998609238909,7430
-0.48517290695661686,7431
3.806663517665502,7432
-16.555373635977993,7433
-25.253788954507222,7434
-20.72304974817982,7435
13.558390787180848,7436
-23.796902293330653,7437
5.546380546861409,7438
-28.037862441810372,7439
19.285517679231965,7440
10.815092770761947,7441
-8.349392965444267,7442
-29.80535265895495,7443
-1.1945798806732038,7444
-15.699365920624743,7445
16.758553959685944,7446
-6.378707382105372,7447
-12.86415129543468,7448
-6.879249443225794,7449
-10.859666567121216,7450
5.849921202571952,7451
1.3088368368696175,7452
1.5342332947479767,7453
5.411982211174504,7454
-27.02475451409543,7455
-12.279665633237805,7456
22.574919766468003,7457
-8.095385358444583,7458
-1.5892935944244293,7459
-19.540927196655105,7460
25.13903969691552,7461
-14.76425162169981,7462
9.07982319022391,7463
-6.992449355471942,7464
-12.293340327175137,7465
-25.723204861536693,7466
-8.962850916378658,7467
11.196793067427585,7468
12.618453273823398,7469
3.4536741116006286,7470
-19.861307539023066,7471
-12.57639378561142,7472
-15.142338513639523,7473
-25.299402752516464,7474
-11.598436345132862,7475
9.19901736684776,7476
7.468499830023635,7477
20.084159804873376,7478
16.424676689851186,7479
7.464725229537933,7480
-14.394015439044777,7481
-18.78398188347501,7482
5.958606341938076,7483
-11.057651477515462,7484
14.261752162658006,7485
3.1918369616057234,7486
-14.645507266259953,7487
-1.7712427688036771,7488
9.913157913474016,7489
-37.26722690253702,7490
-13.392556954440114,7491
-16.588077604276705,7492
-35.27428965815561,7493
27.312580061183013,7494
30.108472228709978,7495
4.578975511145261,7496
-3.381673748740644,7497
4.443261902564153,7498
16.8659614132012,7499
-0.7439684007405596,7500
1.183139871069935,7501
-37.1640624306823,7502
8.262399874696806,7503
-29.943342835886657,7504
-8.749850488255833,7505
-7.389300059085866,7506
-24.14727695366465,7507
-9.08643621774458,7508
-11.985468120398938,7509
-13.088964014828123,7510
-15.28817179469913,7511
-30.980651965593175,7512
-19.926062815046933,7513
-13.72843388022836,7514
0.48081145793001134,7515
-11.868707836906566,7516
-11.436771164660929,7517
15.77642098247017,7518
17.797722104037952,7519
-7.111888527476646,7520
3.3433710826875203,7521
-4.39991579735263,7522
-22.75125488468037,7523
-10.423212256208338,7524
5.059224928337052,7525
-19.880704540822904,7526
12.363107351152191,7527
-1.9239969378690636,7528
-31.463122470112157,7529
6.782875483751312,7530
-16.973865197982068,7531
14.036275236567771,7532
-19.01219056018231,7533
28.599218513016233,7534
15.606067757627756,7535
-17.026339646053266,7536
3.5119907972720075,7537
-11.599451644730289,7538
9.817152341958113,7539
18.75910967707322,7540
2.1181355635456223,7541
-10.910577113365983,7542
17.86729517127236,7543
12.881928831473541,7544
-2.824765197694971,7545
14.859784908176419,7546
14.48053079399567,7547
-15.953810906408965,7548
-2.7847692855972226,7549
7.748246146246336,7550
-21.54083699457562,7551
-27.132532821756598,7552
-25.790063230953663,7553
0.7825644837279837,7554
31.37864765331694,7555
4.198655510251955,7556
-27.52817973418,7557
-29.8315601237398,7558
-10.611164577505006,7559
-15.15424560851973,7560
20.38703147119438,7561
8.427261146893843,7562
18.453225920796893,7563
-13.415573630039777,7564
-0.2074505214176483,7565
-13.947809504147502,7566
15.625240763661267,7567
9.427016380005275,7568
11.729156839666707,7569
7.584549728341084,7570
-16.39482871622011,7571
10.78089031724559,7572
-31.052917067400674,7573
15.786101138311338,7574
-25.37478047274597,7575
-2.7417054022771925,7576
-30.88791500019815,7577
2.4566872550269903,7578
7.96551466342366,7579
8.635170019769864,7580
14.216340643766468,7581
23.05626212332604,7582
3.828013082062709,7583
18.01540127820771,7584
-21.6888508431028,7585
0.10835421699359138,7586
11.88828966565632,7587
8.934204377608111,7588
-27.12531184305413,7589
6.307991283307187,7590
-22.721775923881093,7591
-2.581683493712711,7592
3.3617113284302143,7593
7.334680556354272,7594
-12.770391455549117,7595
0.1762637347412177,7596
-12.835312016355765,7597
21.724709214130122,7598
-7.518169182730788,7599
-31.437661859337695,7600
-3.7654186548772186,7601
-15.012947124610518,7602
1.662980532662644,7603
-2.4933295072224118,7604
-42.33951802122134,7605
-23.032738676752086,7606
-27.073370511505047,7607
23.51063359165738,7608
-6.876403607987453,7609
12.147876268166172,7610
18.388109823775455,7611
21.182956714596106,7612
-0.2822907495381948,7613
-24.919217496607374,7614
19.558761781642254,7615
-8.456357301963326,7616
-40.89264183762292,7617
-10.316632806026655,7618
-12.201497911422136,7619
-0.9678761092590307,7620
28.287006270904335,7621
-25.828782849651173,7622
16.82539931669565,7623
11.791877023947634,7624
-21.699320493801352,7625
13.341647760580617,7626
15.866505920239018,7627
-26.001488811541456,7628
1.2260337006814392,7629
-4.742320602845384,7630
-32.679164413335954,7631
-19.62211309173611,7632
13.3633688140756,7633
-13.865968441078904,7634
-31.876424502576995,7635
-37.8540852480929,7636
-34.283821730338275,7637
19.267054914083186,7638
3.3517788275857523,7639
12.270889205051052,7640
-19.282377489910928,7641
11.116156692571003,7642
-17.021201648018163,7643
-37.61240575273129,7644
7.241711917349601,7645
-3.412936812783897,7646
20.51043187962418,7647
3.169799519265746,7648
-12.750190163305376,7649
11.891480522437611,7650
-8.454700082545443,7651
-37.93173023374109,7652
15.950892597762163,7653
-18.31390352744794,7654
-13.236014815951183,7655
-8.330366245699107,7656
2.071264961185906,7657
14.46181565739344,7658
22.7763050675289,7659
-15.52874267323116,7660
-17.518207979355054,7661
16.74188316806784,7662
-30.860764591747834,7663
-9.635654732329144,7664
-22.124533682617013,7665
-10.403749009742883,7666
8.64550819990439,7667
-17.08755978859942,7668
-6.3211365969394775,7669
-9.464860290628135,7670
9.656220224822189,7671
21.47923617462745,7672
-20.937452778349844,7673
-28.23884352877014,7674
12.914884910043721,7675
3.9612350011627786,7676
-22.394343015783512,7677
6.982897266080361,7678
8.967291853754638,7679
-12.069127540125123,7680
4.962108519347977,7681
-13.374203071479565,7682
-24.92771552163873,7683
-26.481405874486583,7684
4.982270976907563,7685
-13.075570079997025,7686
-19.1407974711945,7687
-2.367644302386399,7688
-23.818257869080668,7689
6.835650344136118,7690
-6.226745236922039,7691
-31.956148477816622,7692
-23.439775679575437,7693
5.832096024396865,7694
-16.418667789451035,7695
11.218207411617016,7696
26.34826835173571,7697
5.412694471319739,7698
-27.034694062429228,7699
-26.30094523375443,7700
1.9972790773221059,7701
-7.884889447416014,7702
-45.86296356257929,7703
5.737715920346883,7704
-22.544656938808508,7705
1.3853460910308257,7706
6.083386905823378,7707
-17.697495161574594,7708
-39.67167433686287,7709
-18.849543680714532,7710
3.5734281665095615,7711
-25.133220041420834,7712
-22.58725892438178,7713
-20.015706199949165,7714
-27.727255626513294,7715
-32.73263444926532,7716
-15.685090340099858,7717
15.52384800628824,7718
-11.327057878800606,7719
-22.960247991640287,7720
16.477828650812047,7721
7.686138482644106,7722
-5.548072499231694,7723
14.324331745022231,7724
-8.073158253464518,7725
-17.6981992304257,7726
12.56881682142631,7727
-29.12896756034016,7728
-28.58207194588495,7729
-10.85944001725804,7730
-20.34236585401861,7731
13.263945187074906,7732
-17.322621342319238,7733
20.800957593986652,7734
-18.604128961878537,7735
8.630681309212804,7736
-23.092186992996893,7737
-27.34153704208633,7738
-1.310612769039758,7739
30.171134157345683,7740
-22.86983617114862,7741
-1.23292349121117,7742
12.083707579477984,7743
-32.32636986773864,7744
-17.441037615237807,7745
19.369926917021953,7746
-18.292360255575097,7747
-25.01985720672653,7748
-24.22943492279399,7749
11.376172110285747,7750
-2.32263298949804,7751
-27.06249292419739,7752
7.907899667178565,7753
-30.755496415936047,7754
14.030050324747332,7755
-5.55113570927183,7756
-33.25239859000803,7757
4.029145660658347,7758
18.184188208006752,7759
12.573175264643634,7760
-15.95388867578117,7761
-0.8647344813384565,7762
16.68550268068727,7763
-14.541866261651831,7764
-20.818236725027198,7765
-2.2554667963835517,7766
-17.14796908822155,7767
-18.692996673457912,7768
-23.54780198132139,7769
5.216829747008571,7770
-15.03027222990988,7771
-17.520079874464408,7772
21.51682704957318,7773
19.456174933716547,7774
-25.859389755753828,7775
4.758234927078387,7776
-22.948812519084466,7777
-18.458402354385136,7778
-9.785826776545536,7779
-19.60043435223622,7780
-28.400560067568975,7781
7.563411938303387,7782
-14.910151502753203,7783
29.24288888783493,7784
15.27114354444555,7785
-10.639195715599733,7786
-24.0919401423363,7787
-21.555077776183456,7788
-8.416169092640402,7789
21.021309423623528,7790
16.303518262038466,7791
6.850558521575337,7792
8.198557413098593,7793
-2.0270115497195955,7794
-18.55037419715789,7795
-42.80181042813812,7796
-17.676650632276253,7797
18.22229169622679,7798
20.769623119172635,7799
4.449068766806814,7800
-24.734295681685033,7801
-12.653096401069448,7802
11.594048502308468,7803
6.753835348732961,7804
-18.666248574152114,7805
13.115158175405984,7806
-18.445591519147303,7807
7.720300462307721,7808
5.983028569867555,7809
6.350031987113297,7810
-16.742679950947508,7811
-0.5952840373745021,7812
-41.60488450754983,7813
19.986894011615092,7814
-6.920919498601091,7815
-17.614146450069583,7816
14.08584039684996,7817
-14.248226998630384,7818
20.869347240684515,7819
17.24060595504881,7820
-13.16631247463831,7821
9.60484502100718,7822
4.1351372206638874,7823
7.975730893975902,7824
18.80076813315583,7825
14.63920409012481,7826
-16.746797297764537,7827
16.070525486399465,7828
-12.358096734588269,7829
-9.315260018240519,7830
11.179792093616154,7831
-23.121555909057246,7832
10.73977899191782,7833
17.21438435681603,7834
-7.425924289327148,7835
-9.244102608735034,7836
-23.652536901392867,7837
-20.759736957382668,7838
-18.298838330710804,7839
-6.2649964651810714,7840
-16.147466413259274,7841
7.939663220077755,7842
-6.706560522957067,7843
23.95858732005621,7844
-5.826452095041004,7845
-25.135399333031994,7846
-8.630513231109742,7847
0.49026914391075493,7848
-9.806271165719174,7849
0.6061187028117123,7850
9.578255691334874,7851
-13.425415873439283,7852
-33.82369479337133,7853
-29.463466969723058,7854
-7.889358975438598,7855
-11.850757345063887,7856
16.792856007528357,7857
4.08752500086934,7858
-25.516433893895957,7859
10.035749283607064,7860
-9.93850585913816,7861
10.366989409345774,7862
0.2693237313312684,7863
7.297941548988298,7864
-33.957119732412544,7865
1.2985776820883022,7866
17.294709211095267,7867
-28.18642505990121,7868
-7.030085065215999,7869
-21.605285047758993,7870
-3.3080648627253164,7871
-19.035137197324712,7872
11.582722769341796,7873
-22.18791777694779,7874
-13.430684802113731,7875
4.246783152395947,7876
-15.026578905695647,7877
6.613363522720068,7878
-17.217155143651713,7879
-14.019269428711251,7880
-1.5510673526222636,7881
-21.177050286356504,7882
-1.840021242790002,7883
18.881749533856492,7884
-17.250634312915487,7885
-14.454344199040719,7886
3.5838402058880785,7887
-15.426742497276397,7888
-0.9127114093036681,7889
-11.404554651349398,7890
-4.283319586816585,7891
-9.477736700437983,7892
16.336607213114135,7893
-10.660645705029978,7894
-39.967913565753626,7895
23.04854677204569,7896
-1.5536762593853046,7897
-23.973449647014192,7898
-23.245082539982302,7899
-23.550237746028966,7900
8.087327421421872,7901
-13.189030251638126,7902
-7.940499756287467,7903
-23.799274291965386,7904
-22.754104332828252,7905
14.607737849030993,7906
9.186693801714304,7907
-17.21967620124034,7908
-17.606744299023823,7909
0.041520723709694174,7910
15.472146103605045,7911
-9.202939951237026,7912
-24.366066859530907,7913
-6.335594254471552,7914
-19.266172842213656,7915
-18.08674421318853,7916
9.827678037832092,7917
8.164393618860581,7918
-11.502544984598533,7919
-32.22767680243858,7920
19.981400619915092,7921
13.826927308594776,7922
4.365695932510999,7923
-12.531452705962753,7924
5.049073286968383,7925
5.834528342869543,7926
-33.27199919907281,7927
-13.529214492951994,7928
8.557499360567634,7929
9.684236328117324,7930
20.368807345598494,7931
-16.65722091387847,7932
-40.615130629801925,7933
19.704670226628174,7934
-23.292867454050164,7935
-29.96432044334696,7936
-14.848441626542106,7937
0.5618751981756622,7938
11.273795424725115,7939
6.97356316455399,7940
7.335485465554456,7941
-17.451461484858687,7942
-13.164316499231756,7943
-21.075136920615847,7944
-34.191093669235364,7945
11.1534179719361,7946
-34.584906740911705,7947
-11.11707657991653,7948
9.319345104268919,7949
-10.68202177142306,7950
14.28479093610062,7951
23.27664704172988,7952
3.40789972817152,7953
-7.122955272380953,7954
-25.946001648519267,7955
5.222315020785141,7956
18.556917590795436,7957
-29.678485937580305,7958
2.471181520358888,7959
13.150650351494974,7960
8.129833796983206,7961
-14.885493801132835,7962
-30.45712514896478,7963
-19.53365118457918,7964
-19.405758507396364,7965
-33.91568668649308,7966
-22.922934986134436,7967
-17.00700486022415,7968
8.825681295339153,7969
4.449816152789964,7970
21.32710592988793,7971
-33.54053542178073,7972
-31.40656890907495,7973
3.5745347884160434,7974
5.64818501894708,7975
-36.522172088930105,7976
-16.42167935449864,7977
7.359695645571136,7978
-13.74592148189006,7979
-8.232126044126739,7980
-23.03950983859462,7981
-3.2668690966182483,7982
-17.803580502811073,7983
1.079165172343969,7984
-21.528982039035732,7985
-12.879351770418086,7986
-26.561518445871794,7987
-8.888097419559607,7988
2.2393086381021154,7989
-20.24873691580715,7990
-14.583052903904159,7991
9.099458130093296,7992
5.1565684064197885,7993
-3.9648056264749467,7994
-14.540403443977846,7995
8.482076042813697,7996
5.465331472260665,7997
-16.59751666640636,7998
13.338634171422683,7999
4.793683657590069,8000
11.154721821416075,8001
-26.304299209583924,8002
5.361314151572689,8003
-10.97135850151509,8004
-18.543880364077825,8005
7.765401513167854,8006
15.406683326013603,8007
-10.22065678768763,8008
-16.07730681466014,8009
-10.697415583523973,8010
4.89488782506568,8011
7.351378805610844,8012
8.710079152007284,8013
27.72579560688621,8014
-8.765596594081423,8015
-26.752854435310248,8016
-2.0889904902581016,8017
11.828902459286653,8018
4.621728276407898,8019
-28.25827934843214,8020
-3.2898630933684676,8021
-31.231222773659006,8022
-6.046856423421567,8023
1.7345217583625994,8024
-30.363794830456087,8025
-15.474208583672395,8026
4.441309462405343,8027
11.308375375821228,8028
-8.358631093232246,8029
16.71360732995165,8030
9.379679700088024,8031
-22.983443244496964,8032
-22.927500884985346,8033
-29.81280626852422,8034
-24.974128816865335,8035
-36.344798770432334,8036
-17.45298178051155,8037
-16.356778024951502,8038
-16.140249121199382,8039
-11.933407441666152,8040
-29.18583632484459,8041
-32.5760717633405,8042
-4.409588450161966,8043
8.205601560681348,8044
-24.207416377559614,8045
-9.146592100511455,8046
-32.36813155191707,8047
-20.517424119516633,8048
9.432203362729773,8049
-26.837400110583296,8050
-14.194528182221406,8051
-31.87767684270227,8052
-31.492220267244907,8053
2.491140156737865,8054
8.827627200801853,8055
2.8235811143233835,8056
-13.074091936344015,8057
-28.01975766743489,8058
-15.116939418041284,8059
-4.766747369049205,8060
17.819903606697608,8061
-18.898791780208143,8062
-17.83897897078485,8063
-4.51086124023964,8064
10.98658152503452,8065
-26.098960902224285,8066
-10.566596025133402,8067
-13.501431781305225,8068
-8.976070356250611,8069
-33.47679231275321,8070
-17.135128275425124,8071
-5.800613068485072,8072
6.78668148065459,8073
-8.803579581737438,8074
24.618956566497776,8075
23.52110172198202,8076
9.101585132367726,8077
-0.21388036752802453,8078
-17.41240041059236,8079
16.80681228374125,8080
-9.120201339589356,8081
-28.111217154874,8082
-23.754013548186933,8083
-32.154514931351834,8084
18.3175771249009,8085
17.31788371452088,8086
-11.23272473052354,8087
-11.734647055599986,8088
-17.675704205866936,8089
-37.95633014843596,8090
-28.289278554719782,8091
-4.064128728431292,8092
-8.617456928692356,8093
12.798527829437433,8094
12.799382659590187,8095
17.09377966173885,8096
7.3740260319399145,8097
25.98254545058429,8098
-13.823598509450896,8099
-10.06821965192417,8100
-20.277711634316425,8101
-18.451014218194697,8102
-15.558208636512903,8103
-46.720941924916666,8104
-19.519657941295378,8105
26.84595899389941,8106
-37.82018254330634,8107
-10.325314682169942,8108
5.934355145982444,8109
12.231079493267003,8110
14.025563060955562,8111
-12.730626020550586,8112
9.696186392620952,8113
-23.140776783797143,8114
1.0944714793401227,8115
-28.524894435660688,8116
24.376266398211854,8117
-19.87477558048738,8118
18.25878585979235,8119
0.45238312334288633,8120
15.539294612037711,8121
-14.143942675660538,8122
-23.774248879385695,8123
16.52642654012439,8124
-17.89351756010097,8125
-24.264124923773842,8126
12.518891228281845,8127
-8.604799833827354,8128
-19.637631601428758,8129
-21.72220759604431,8130
6.701408980649999,8131
20.31504804079101,8132
5.591986635175417,8133
-28.60960943786618,8134
-19.956453261900357,8135
23.04394252793651,8136
-3.7810344730735626,8137
20.825502461650633,8138
-13.588417479727253,8139
9.480696885885456,8140
10.45452303263739,8141
6.7727997390268015,8142
-13.547878450543571,8143
1.8423172958183525,8144
-20.867064343010853,8145
5.854290421113262,8146
-27.708551123467313,8147
-23.19698900022214,8148
-20.213164250911642,8149
7.384046469370524,8150
-2.9939784261451483,8151
-13.246065985223495,8152
9.297366592347043,8153
-15.947621652698444,8154
3.070388323665652,8155
12.686930045897945,8156
-1.624182888785775,8157
-24.574456959140356,8158
-8.39339851141245,8159
18.161677689857356,8160
-37.055474116882635,8161
1.8663330511221847,8162
8.845973070048883,8163
-3.848762066120707,8164
-21.81401510439159,8165
-8.117985221092729,8166
-23.57722320070614,8167
-24.764187527761376,8168
16.838874771683415,8169
-12.833603826571604,8170
-15.533528090012126,8171
-33.95845323425831,8172
-29.822482892088807,8173
13.409810673110833,8174
-9.266429819566554,8175
-16.32368661601467,8176
-37.87608455833852,8177
15.650393838235221,8178
10.27489902638819,8179
20.186322846840156,8180
-28.624731899608857,8181
-41.270055313638544,8182
-17.476942463737174,8183
-6.830745626411535,8184
-31.168710123489706,8185
13.30641015230794,8186
-19.882971153168484,8187
-24.306844836742354,8188
-34.344783392612506,8189
-27.252766862751834,8190
-26.485403654416388,8191
7.3480718037710755,8192
-29.413377887341962,8193
-23.817374327781803,8194
-19.437544618729717,8195
-42.511748156018704,8196
9.944798036055339,8197
-20.592380413699544,8198
-26.931298215963984,8199
11.966631708590832,8200
-35.38105729597347,8201
-18.640216271573358,8202
5.354445623320068,8203
-18.759636298512397,8204
23.484630406344177,8205
-3.1334439712707796,8206
6.382003093928484,8207
13.234678613512774,8208
4.8635265593226205,8209
7.472512963108787,8210
3.966337643249876,8211
-11.934394162402544,8212
-20.056946877192487,8213
-23.204478495081396,8214
-28.951520281031133,8215
-21.205803362565398,8216
-2.2601311924790335,8217
4.317474092898953,8218
-11.70662875717044,8219
8.787305497569093,8220
-25.16310524452504,8221
1.7095744295154196,8222
-10.719361982409403,8223
8.8366554967045,8224
-12.189039109932885,8225
6.352054106544992,8226
-23.310446920441823,8227
-8.88254916401473,8228
-26.291727514396676,8229
-21.290716714344605,8230
-32.09704235169657,8231
-11.156878640918757,8232
15.907481901896666,8233
3.979804365376385,8234
11.993730593759356,8235
15.843171956917551,8236
-23.460122330573636,8237
15.426844777016317,8238
-3.594074093739806,8239
-8.184606674481007,8240
-39.044126567004646,8241
8.392746147464178,8242
-19.607077190943627,8243
11.94780403319075,8244
5.623351109957275,8245
-32.14066051478365,8246
-28.440915856057625,8247
-13.450506713677374,8248
4.765066659500096,8249
10.407729485897523,8250
8.529482287063,8251
-0.6426042807817947,8252
23.719723477220626,8253
13.187359019601459,8254
-40.629821911073186,8255
12.579351565565432,8256
-20.808359794903275,8257
-27.910505870789716,8258
-30.6595299521526,8259
7.679047951386359,8260
21.04420907891808,8261
-6.721696351994222,8262
14.738604853002752,8263
-15.859848863172076,8264
4.0265351872293635,8265
15.636090200891143,8266
2.9769637128286366,8267
-25.293982541522325,8268
12.042490024853219,8269
16.472270292743637,8270
9.508629858974059,8271
8.824239705265907,8272
-25.140045957963853,8273
-4.356488446664651,8274
6.930543631257978,8275
16.011162633421286,8276
10.858675877929368,8277
14.29238833842248,8278
-35.72726248258596,8279
17.080677224610064,8280
10.720590630957222,8281
-19.355799509597805,8282
-19.226350231598182,8283
-17.350792524581202,8284
-6.372774072695647,8285
-22.78937538606645,8286
6.282386157534857,8287
-18.904713531865728,8288
5.722129274991801,8289
-16.59511264255332,8290
6.858834389975547,8291
-36.5193770126473,8292
10.7351871492151,8293
-10.090581790954754,8294
1.130917396107301,8295
-13.082775400270549,8296
-30.287858849833697,8297
-6.855810504486974,8298
-21.373479650846967,8299
-16.796409042786365,8300
14.395319729698809,8301
-6.230091847552013,8302
-22.581267665802205,8303
7.654831843660206,8304
-0.04881360838059923,8305
-31.493572460459728,8306
4.112254323286667,8307
11.72955063090906,8308
-7.596317739420553,8309
6.810521871105266,8310
6.053491841466647,8311
6.983873082852668,8312
-27.87141355983221,8313
-18.140262699039347,8314
-8.65803002568397,8315
6.53392723441455,8316
-24.104320281595378,8317
-21.819354159230212,8318
18.733747609401718,8319
8.216538463436747,8320
9.830170364959322,8321
-30.02637305854322,8322
-0.9795422070969293,8323
14.370675925116004,8324
0.6129024259833367,8325
-11.698283325459407,8326
14.93509202895347,8327
-25.97711998465302,8328
-21.93023656803442,8329
-12.975323391498666,8330
-5.808280676792616,8331
9.743673941414528,8332
12.226270914303257,8333
-10.489297803152276,8334
17.591785318339486,8335
-14.292358056258735,8336
13.386289538869129,8337
-15.298398890564995,8338
7.249386803424651,8339
-17.967481883512452,8340
8.703032414751952,8341
-29.28225156795408,8342
-25.121960508329753,8343
-14.366665971558618,8344
12.077157882565707,8345
19.809263317698438,8346
1.598830125227117,8347
19.75520489590289,8348
-18.023494977055776,8349
-16.261675124972214,8350
14.165166784475158,8351
3.741793709879314,8352
24.48128259745018,8353
-6.562082854370776,8354
-1.8663649620682108,8355
15.378929445479464,8356
1.1281463311545243,8357
-9.566487352698973,8358
-28.27651021249658,8359
6.502717156310981,8360
-18.721311345389967,8361
1.5467132248448934,8362
12.011668325987547,8363
17.655012970857566,8364
-17.745830117383694,8365
25.80987048650274,8366
-23.44173061144067,8367
3.098671576810986,8368
-8.913746279116287,8369
15.493367183116959,8370
-22.714312381644103,8371
-18.1356636590214,8372
-26.6884438958788,8373
-24.758258581490985,8374
31.177859035212926,8375
22.19809252893715,8376
-28.514831839197523,8377
-11.908305075646812,8378
-37.670978152787626,8379
6.994675819715178,8380
-5.956329715911188,8381
22.973325130708652,8382
9.04562564040399,8383
0.567170622645242,8384
-21.046372394070424,8385
8.018562292639295,8386
25.483772348944512,8387
-4.145854780974449,8388
-21.865324746141514,8389
9.548228412284404,8390
4.815135541436263,8391
2.7330384420902956,8392
-21.34483709343704,8393
-7.018033938661107,8394
10.04893986185166,8395
-24.112682433114426,8396
-13.352306535269037,8397
14.46504915329852,8398
-2.574835313933956,8399
15.831953272183693,8400
-19.076613425379527,8401
3.781873224964327,8402
-0.5353487666839643,8403
-20.659313268356982,8404
-40.994705317109535,8405
-15.503419094903615,8406
-20.333736061090335,8407
9.589092135397081,8408
6.466820787319401,8409
-15.779090409253183,8410
-37.70970240132485,8411
-38.65187368140194,8412
-35.18460095984261,8413
-35.66601416603558,8414
-10.965769787604573,8415
-19.071278820946635,8416
-16.460105130172053,8417
21.95813767059052,8418
-10.496866488147678,8419
15.794395495654712,8420
10.101034436060116,8421
4.712195508797933,8422
-28.532291107202663,8423
6.487848734124931,8424
-9.38427819809571,8425
-15.866131146799614,8426
24.41566211412039,8427
7.6777134677808,8428
-22.783402489053604,8429
18.664394603770713,8430
-11.0312852576422,8431
8.280350003135913,8432
16.774979036760772,8433
11.163362530198619,8434
15.482564652601194,8435
23.546433943223644,8436
-17.475981645622817,8437
-19.813600328621327,8438
-12.101842104406238,8439
-21.408803802539452,8440
-7.589727498353038,8441
12.53727314973893,8442
2.702515445456342,8443
-19.962305658154015,8444
15.039695487357669,8445
-12.539854243203028,8446
9.277613855454025,8447
12.402912682638554,8448
-9.652622565415859,8449
11.170392274189297,8450
8.491466931836248,8451
14.97207665114599,8452
-2.32563287969749,8453
14.726283280112487,8454
-21.254446680291657,8455
12.622115745822484,8456
19.93250942207219,8457
12.024462911294613,8458
-10.38361674960474,8459
-26.72739068469427,8460
-16.83337721839877,8461
-17.349744836200387,8462
-20.235020882957038,8463
-7.1778975095994415,8464
-5.32458035150325,8465
16.52491108513834,8466
0.6728687396271811,8467
-21.816479864921607,8468
-13.390482449979242,8469
10.58460306396653,8470
21.436379236857537,8471
0.8566341431107061,8472
-18.116690097071242,8473
13.780249922652612,8474
-9.954569600467956,8475
-14.977421826429484,8476
-8.296243731502738,8477
-18.768176767247745,8478
10.602397333623486,8479
19.26996923006302,8480
0.4028045458557923,8481
-8.897565821797011,8482
-17.55820185187624,8483
-10.75566678528467,8484
-23.300343859172976,8485
1.6523074853531625,8486
-22.145944392346287,8487
16.864983673367224,8488
17.37074351687647,8489
-24.31666346807962,8490
-21.569188127457995,8491
14.399821951177216,8492
-19.366581271363714,8493
6.950685656604632,8494
18.533395025190067,8495
-19.15669106236013,8496
7.250229384874821,8497
-8.122079059963596,8498
-21.317590707262475,8499
-6.782963247383584,8500
-21.35534014382846,8501
-11.863838518330567,8502
24.172430110627786,8503
-21.453260414350034,8504
-11.42295019218452,8505
2.6411561660463576,8506
18.751391635643152,8507
-17.363680582841802,8508
-25.79681187006372,8509
11.290703698816419,8510
-8.407800125288771,8511
3.1129714179859977,8512
-32.26656538126021,8513
-24.977251023930688,8514
-7.858839733158394,8515
8.38859750889133,8516
-7.111469530803056,8517
-6.242107422226509,8518
11.79987659194741,8519
2.4245070581916046,8520
-22.429171752663752,8521
-41.310734509927464,8522
15.922223828279133,8523
12.485013716592888,8524
16.17796269564732,8525
-24.218241077034296,8526
-26.620857546642718,8527
18.09500677760896,8528
-25.88091482723693,8529
16.835377437996037,8530
-19.008526468239168,8531
-8.971182520930851,8532
9.087453937846783,8533
10.606175612255129,8534
-24.59235898400372,8535
8.6209901950853,8536
-27.536179302067197,8537
-13.371790348890105,8538
-11.87629845450986,8539
-25.473070453190424,8540
-24.686121893793647,8541
-23.30398234976567,8542
15.035110442672671,8543
15.545600801282909,8544
-23.73892740111334,8545
-28.995221664550833,8546
-25.32719277726466,8547
-26.983306572358053,8548
-6.4184809904551585,8549
-9.230555446823818,8550
-12.002157385719823,8551
19.972626300964258,8552
6.540868838717287,8553
-24.693499728363946,8554
6.8224563753389535,8555
15.09747902191966,8556
1.8685530903842258,8557
17.087515173915378,8558
7.129986182534081,8559
-30.230215109568935,8560
-21.26923175882228,8561
7.447075659996486,8562
22.448681387856205,8563
12.238674299277875,8564
-22.653407283582574,8565
-40.75167903734816,8566
14.551594620757598,8567
23.729517380099225,8568
-14.81889725696033,8569
9.14120416219821,8570
-0.358654059013344,8571
-30.509459823566004,8572
4.393414858621286,8573
-33.569646351866034,8574
12.526849361256087,8575
-17.776814975540443,8576
-18.21977336237054,8577
-6.0086433346726285,8578
-27.31730017528853,8579
-10.505545159373318,8580
23.940331275094103,8581
-28.987473493884192,8582
-16.14888851907115,8583
13.359828314217658,8584
11.73441384977209,8585
-23.803103869336127,8586
11.001139999026858,8587
-22.008688010713204,8588
-7.804772317247324,8589
0.06325977865631405,8590
-8.960522867737748,8591
3.053160801625557,8592
-7.889576538364468,8593
-15.151182327429932,8594
-15.85749023205614,8595
6.800728666200639,8596
-29.77392791159083,8597
-26.863783165526083,8598
-23.147092753579326,8599
-30.20795736881194,8600
-21.35421609396288,8601
12.051593139835159,8602
10.967550832602374,8603
-28.810612063171018,8604
19.73877914510483,8605
7.280914487730531,8606
-25.474610761312213,8607
6.400316061511457,8608
3.1604824302453274,8609
-22.515159217068813,8610
-26.968955806545733,8611
16.053826569368493,8612
-36.80728496833379,8613
23.578893627433498,8614
2.4442901859139976,8615
19.149384168663076,8616
3.5250110992927954,8617
6.545841706187687,8618
6.835644034076896,8619
20.601949341887757,8620
-24.684788376865377,8621
-24.330286553997297,8622
5.936969236407533,8623
-37.63292523401727,8624
-19.874318295771957,8625
14.167591143085946,8626
4.037716331499974,8627
-5.23128597317288,8628
-14.974130812828394,8629
-3.7202956624561954,8630
3.2926025061325355,8631
-3.1241111542386224,8632
-6.224330604410763,8633
12.44037367633804,8634
24.193365387792,8635
6.764029411364783,8636
-10.93818910961841,8637
-26.447700587726093,8638
18.484935373337507,8639
-20.759806402656146,8640
-25.017859479011513,8641
-24.235259301029483,8642
-28.400708778779048,8643
11.257761793858585,8644
-12.67706249920224,8645
-32.282452476965496,8646
6.915664857792654,8647
13.381918027848787,8648
-15.66168381805431,8649
8.669542945925821,8650
12.1050212272627,8651
14.956246858175078,8652
-32.09110760517297,8653
10.741270113684159,8654
-24.131251527101114,8655
-29.244326414546183,8656
14.29281430772268,8657
12.440879910890562,8658
8.851923307654797,8659
11.478822365888846,8660
1.0901212592583853,8661
-3.514570907751126,8662
16.941230002203348,8663
5.655859921656628,8664
-0.20661402473428847,8665
10.045943747113979,8666
-13.222206092147431,8667
13.188746200024916,8668
2.9986382097560043,8669
8.883089823867559,8670
-5.6827260434525835,8671
-12.993762959484727,8672
-14.686413203216004,8673
-28.038425671215983,8674
20.34949126633256,8675
-13.27165861650209,8676
14.580549195802668,8677
6.724797173490295,8678
-9.153770147071995,8679
-15.701419899308537,8680
3.71362222742982,8681
-10.835245563232895,8682
-10.96432006800924,8683
9.758848784984263,8684
14.990356899361071,8685
-19.953678164456555,8686
-16.878880033211303,8687
-19.779374851715104,8688
8.63733297464211,8689
7.752632625206651,8690
-33.009052927540765,8691
20.37147883299908,8692
5.237592201636726,8693
13.735056944505263,8694
-18.85220951339383,8695
-20.618894700343795,8696
-7.447255675493023,8697
7.561927020662091,8698
11.898266218373188,8699
-6.385451288790548,8700
27.60425579378871,8701
18.137342416353302,8702
-12.405024999939045,8703
11.281068863708011,8704
3.0882017614545383,8705
-5.934590020916024,8706
14.936561781774536,8707
-14.451860710556387,8708
-33.397143606418545,8709
-25.666612253740098,8710
12.87908209291292,8711
-26.00171147759746,8712
-25.182384627844495,8713
-17.315974353100728,8714
18.971733870637806,8715
-13.58456940335849,8716
5.401906905277972,8717
21.32263140190597,8718
-25.82317015630271,8719
-4.1978394697880015,8720
-7.152831150754613,8721
-16.00141998099148,8722
14.651128503411151,8723
13.253487964207487,8724
-14.836989701260402,8725
14.906841119704826,8726
11.044919749652639,8727
5.538591474415735,8728
7.573294634134632,8729
-27.660094659712176,8730
-0.24125189151046023,8731
-19.881685315863685,8732
9.994867754092247,8733
3.7933396535080863,8734
-18.232104867262656,8735
-9.427925587265634,8736
-14.110870374464065,8737
23.509524744504805,8738
-25.424967818483157,8739
10.581839933388043,8740
-28.942855441392755,8741
-10.458914591814143,8742
14.653022027816078,8743
-10.856160317907126,8744
-27.186299300279423,8745
-27.862994595340854,8746
-25.679649312064726,8747
20.444693585867476,8748
17.007452886136754,8749
-21.984282457854118,8750
19.770238830486903,8751
20.43366333530522,8752
-18.757590021162684,8753
-12.034815098664076,8754
-18.45592406612776,8755
-4.48544047347835,8756
-22.49782129015293,8757
-23.161237547439384,8758
-13.89635377923093,8759
12.1711415164189,8760
-2.0753959493543057,8761
15.958244370352485,8762
7.2073571104233025,8763
-15.166158995258943,8764
-19.59176472690327,8765
-25.18484186102768,8766
-0.5668942323719399,8767
17.949838393416627,8768
18.420375612361365,8769
-13.776726384880423,8770
7.030375367022057,8771
-15.426908928995115,8772
15.487001372695161,8773
-4.226185468981146,8774
8.81594050625617,8775
7.354260028385706,8776
-23.713391839665167,8777
-19.424019472182877,8778
-10.234168841039804,8779
-24.936543666192737,8780
-4.04717899246887,8781
20.977374285516785,8782
-5.453330392395179,8783
-26.827280872484415,8784
13.610319019372056,8785
-22.383945071069963,8786
-4.573166198836532,8787
-31.195058587324034,8788
19.297749761135528,8789
5.461373140075418,8790
-37.53404067980996,8791
-32.490959658453065,8792
-28.062622574842063,8793
-16.931950500049446,8794
9.253435423241088,8795
-32.531823272635734,8796
-18.04053076160249,8797
1.7615737239589686,8798
-12.420725099546356,8799
-32.662262787833356,8800
-17.679913357350046,8801
33.54590505288209,8802
-13.78548281660224,8803
-7.313376910065756,8804
-1.6253843658444573,8805
-23.094089337433925,8806
-1.9482360294278913,8807
-24.392808698680096,8808
16.675027583214415,8809
-32.97454999255295,8810
10.726147239964522,8811
7.110671213278646,8812
-14.66273910356351,8813
-20.54029357793582,8814
-40.93060366679371,8815
1.374967241953005,8816
-16.176645620552357,8817
23.837861009624124,8818
15.92035988428075,8819
-24.877843484024833,8820
-25.671483670958946,8821
-3.493768230673721,8822
21.707330146798302,8823
-5.100066128292372,8824
3.656870157137565,8825
-6.4298741036283165,8826
5.817944539033595,8827
-18.162469352232293,8828
5.0202776994694975,8829
-19.864779367870014,8830
2.168080886650749,8831
-37.85852531392897,8832
1.0502942278236,8833
7.86539504303002,8834
-15.926413824797995,8835
7.201979577104215,8836
-9.992177676264042,8837
6.857619554974596,8838
3.66412107819667,8839
10.950609163218004,8840
-19.377693921273206,8841
-24.79167582145242,8842
-34.64734014800796,8843
-15.868492861271196,8844
10.28360983901906,8845
0.622582517110918,8846
16.513553964224684,8847
-7.074594616399895,8848
-28.723290465803995,8849
8.656242548679966,8850
18.863330596071275,8851
-15.211886305149324,8852
-9.075585004431328,8853
-15.67711768153545,8854
28.752845833470893,8855
-26.597974947748355,8856
13.383042713201576,8857
-17.953192793039722,8858
21.844459774087152,8859
7.6949111206817165,8860
-8.440121816304785,8861
15.402825467884444,8862
-22.98465975596009,8863
19.01207655280306,8864
-11.987520436698665,8865
3.5139697349817602,8866
-2.5348214938208744,8867
-22.436124790621438,8868
2.7317700795781494,8869
18.900302632492405,8870
-22.72003750630921,8871
11.166646437749165,8872
-30.624888203791205,8873
-22.841160525349874,8874
-16.832304404274034,8875
-32.975036457484464,8876
11.43797469897818,8877
12.579555584656259,8878
13.051708888230309,8879
15.155930488653535,8880
21.315037420955637,8881
10.761135341003133,8882
-13.780679511043738,8883
-7.257874635532154,8884
-7.51998159729721,8885
-27.260195353880825,8886
-3.7882724799281196,8887
-28.804397431689843,8888
2.865840225278099,8889
-15.865178807502133,8890
22.428153891513432,8891
12.515251985593903,8892
-31.98760585795292,8893
23.469565298495677,8894
-33.93860117992553,8895
-30.65271946783906,8896
7.135963523534237,8897
0.8414970783304456,8898
12.462461469497441,8899
21.730035705374863,8900
14.962434384368208,8901
14.01099971589338,8902
-8.382895082417875,8903
18.237744746919024,8904
-12.209027769814888,8905
15.549368298092745,8906
-13.437812332771493,8907
8.304206796659185,8908
-14.881769867760534,8909
-27.265955516339083,8910
9.524191294046306,8911
27.156879278540337,8912
-18.018371587898052,8913
-46.04246067719326,8914
-14.830945654923342,8915
-21.10713593512107,8916
-16.142636118153064,8917
-37.09702069225807,8918
10.094184630782571,8919
-26.389666390379308,8920
-9.88107505242464,8921
0.10486534241699008,8922
7.611256943725667,8923
-27.59704278453939,8924
-0.41273838200432333,8925
-13.632785711626623,8926
-0.8752438858501259,8927
-12.917606768862704,8928
13.455860291542741,8929
-3.2158006586548846,8930
-28.918556487703967,8931
13.933845432484048,8932
-15.5887494163164,8933
-7.975594281654844,8934
8.371009950693333,8935
9.303396416916886,8936
-5.427325157904421,8937
11.22878805741264,8938
-23.50841390804851,8939
-12.409453575291247,8940
-24.118075154570413,8941
-24.539844345617322,8942
0.47152138559754864,8943
-32.18899984502275,8944
-31.856319740474405,8945
-10.296186213005626,8946
-18.58996819369125,8947
10.202370884006957,8948
-2.745201562675237,8949
23.84482981583807,8950
-29.57257909560989,8951
29.383159821564462,8952
-20.63398412014687,8953
-3.968986630802071,8954
-9.048584641807865,8955
-5.553777265381997,8956
-27.920664873085567,8957
-0.16160085712686634,8958
-16.029111588939664,8959
-14.259305880843865,8960
13.5023834118721,8961
-34.13135342444504,8962
18.51597549978128,8963
-11.773543139406776,8964
-21.342866730254613,8965
-25.68681212313463,8966
-12.247497561632098,8967
18.492662456698927,8968
-17.14881294139041,8969
-14.99443924897744,8970
11.129724321522787,8971
-27.16101591412529,8972
-10.607293142330308,8973
-7.137526128717925,8974
3.3218035250007425,8975
-27.804284853001043,8976
-4.239771742761693,8977
-16.57751495926386,8978
17.776756688976374,8979
13.232001521319702,8980
7.510502140509589,8981
-1.8530229306715928,8982
6.888242743645115,8983
-20.38730608161238,8984
-27.549586306343297,8985
-4.148876027808136,8986
-12.143124115386204,8987
-23.398026918708435,8988
-7.461461929622528,8989
6.245662121674325,8990
6.004707632462454,8991
-23.24174309181173,8992
15.974059189485232,8993
10.728521043426124,8994
11.740918189263379,8995
9.306730028241873,8996
-28.625886584157648,8997
8.186830273954026,8998
-0.9803125364847629,8999
-26.9332868905368,9000
-12.56637708005106,9001
-0.2024091020534815,9002
-21.990519863862982,9003
20.229007810490003,9004
-16.887392858880645,9005
14.04251751923664,9006
3.3252370445089934,9007
-21.827344377020445,9008
-21.084712278730418,9009
15.550568392621088,9010
6.122518834126877,9011
9.481877297860375,9012
-14.055971196383863,9013
-9.600537901968828,9014
16.247991274580812,9015
-22.303540221821386,9016
-8.90670117276997,9017
15.914083369319862,9018
3.6622952759642455,9019
-25.89097194014393,9020
-0.13909001712735147,9021
-4.326895586891359,9022
-16.32935794342666,9023
15.884067782651343,9024
-12.815865550543418,9025
13.279750993267694,9026
4.574706334765018,9027
-4.120701343557947,9028
5.647043309830174,9029
9.698757750102256,9030
-26.774158722934857,9031
10.753018330412836,9032
6.229443714818583,9033
18.331021898205655,9034
1.1158030208117067,9035
16.939237456276366,9036
-21.77345146759971,9037
17.05612111566557,9038
-2.3397717182961815,9039
-23.956424780476507,9040
9.624557803201652,9041
14.699670415452442,9042
-20.586771405263892,9043
-13.495151567642957,9044
15.407961307528169,9045
-13.746813101643117,9046
-25.568566811573334,9047
19.508463972983197,9048
-18.44393593263697,9049
-7.826894111378575,9050
-17.702378711923526,9051
3.5785059334334193,9052
-2.568672478316079,9053
-22.386518945758976,9054
-27.867824235862926,9055
30.030936956900838,9056
1.0386871164800748,9057
10.348008254240334,9058
14.55173941031596,9059
-25.75978882944177,9060
9.325356525206548,9061
-12.49358495986683,9062
-9.71827230217983,9063
-16.24328141817581,9064
-16.28410961971788,9065
-25.536847763002633,9066
0.9063163629591902,9067
13.370656371769254,9068
4.750541282161507,9069
6.16754069272287,9070
18.697931741566748,9071
-25.45893765984504,9072
-26.772408319849333,9073
14.240566359714112,9074
19.504108899284354,9075
9.229949770623827,9076
0.40666168748528353,9077
9.568337415532884,9078
7.710177858224808,9079
-19.624331017871857,9080
-10.144217129410436,9081
13.356418495258321,9082
-19.803908400607796,9083
-24.148917835593217,9084
6.043848453633181,9085
20.159882281953323,9086
13.472343544907197,9087
-22.206445645561008,9088
5.740133533986782,9089
27.20989153614564,9090
11.743815352003718,9091
-24.683300934241192,9092
4.969952547455101,9093
-28.92568086447579,9094
8.091451875708382,9095
-20.094430901954237,9096
-30.59122790509021,9097
0.9421513520801632,9098
21.285720154977525,9099
-2.3440891350631436,9100
14.213219945471206,9101
-45.88355446706245,9102
-9.027266081384399,9103
6.240878476586108,9104
-23.597448086815835,9105
-12.12462525584968,9106
-8.721890941277561,9107
2.25652849305004,9108
-13.59406704148607,9109
-5.866698000453048,9110
-16.8620247172196,9111
-36.69485351983291,9112
13.289336497551954,9113
9.508598673521647,9114
-15.024904025197943,9115
12.466384312304871,9116
1.1111804880360614,9117
-14.295385550204715,9118
-13.573284016660914,9119
8.137535040979744,9120
-26.766845452536685,9121
-35.10393261452497,9122
4.824820807950317,9123
-23.858081378226775,9124
7.284018514789798,9125
-16.450743332984317,9126
17.237752645722875,9127
26.90717500069914,9128
7.917200171990848,9129
5.428596865682012,9130
4.98048729843415,9131
-15.420380626916426,9132
9.262919133856627,9133
13.983739708660778,9134
-23.50456164336296,9135
-12.114320552739155,9136
-8.27530808707505,9137
6.132147151041675,9138
10.484839350866821,9139
-9.203567204310957,9140
-20.328610360728646,9141
-35.291949907909114,9142
-15.131880408057116,9143
9.498248769751099,9144
0.6443059389488557,9145
-26.88783488692236,9146
-28.88286676099447,9147
1.0902538150035275,9148
8.719619700063095,9149
1.6424150287895456,9150
-16.860377499591387,9151
14.68254812204891,9152
22.97449972893679,9153
4.7078809492244815,9154
-18.79155088114821,9155
24.00985931497885,9156
-37.29024905038062,9157
5.500502144821207,9158
-14.168817396581096,9159
-8.072106678044767,9160
18.914307632711985,9161
15.05446537857787,9162
-32.35925858540794,9163
-23.43464801079062,9164
-19.515015908152954,9165
-28.52397589424048,9166
-3.5227084984732757,9167
-3.116094062024239,9168
14.994452943312492,9169
1.576175525779175,9170
-31.237636729523423,9171
8.302814453387716,9172
-15.01130706856327,9173
22.419784887098434,9174
-11.165769310304409,9175
-8.141244377166588,9176
-22.689098129391724,9177
-6.203907166374356,9178
-9.70528611843169,9179
-21.345458629212878,9180
25.40545151236857,9181
16.714108093023295,9182
-25.00314828818688,9183
-23.42767568224151,9184
-19.598891951698555,9185
-15.411236361489706,9186
9.1375811163715,9187
-27.014055907062268,9188
15.220954049466492,9189
-6.112929919863342,9190
9.354257604114652,9191
21.844596789667357,9192
-26.024526123945332,9193
-8.69335249569376,9194
9.77628354109009,9195
16.59979717133456,9196
20.944099076836654,9197
-22.50040676285029,9198
-16.03816092145904,9199
19.776741295920406,9200
8.246507698875458,9201
-9.499230762475927,9202
11.697404676126158,9203
-13.818739146387513,9204
-19.942544796685958,9205
22.83301815235147,9206
-10.699101070454256,9207
-15.230353435074726,9208
-31.613295147104985,9209
-18.620084332170606,9210
10.174131522249168,9211
7.335660160105036,9212
-0.13874657090995246,9213
-19.933704816909568,9214
-14.208752787909358,9215
-21.882111960090192,9216
13.108777859747065,9217
13.996157243889744,9218
-18.08274644263794,9219
2.8824442738107976,9220
21.43728384761326,9221
-28.819828621167368,9222
-12.322684792602404,9223
-28.144598017078632,9224
2.2362455731545525,9225
18.27273211542672,9226
-16.366870776107135,9227
-14.789452910238042,9228
-27.073521886915053,9229
8.447808305721866,9230
-0.8463608740155584,9231
-10.560957204023008,9232
18.895556302909792,9233
1.5703658675362826,9234
0.7032403053199427,9235
-27.53700474724923,9236
8.702939173748408,9237
-34.83949716083387,9238
3.9112720498091633,9239
0.9976186241335601,9240
-31.439651187927087,9241
-19.392610104212366,9242
-29.736126629520065,9243
-12.565894529042108,9244
15.79789972109296,9245
-0.6242792662616425,9246
-25.421393589745886,9247
-9.828876313274607,9248
16.5988033094454,9249
16.98939401733567,9250
-10.839425573028548,9251
17.080359590402924,9252
-22.81863528203922,9253
14.160933947775213,9254
5.665759185149263,9255
-34.42041233729458,9256
-14.433854594633964,9257
9.951737435417716,9258
-29.138700477452616,9259
-23.308078311869117,9260
-9.799381048440672,9261
0.08040994414432578,9262
4.273439464355679,9263
-16.60974666748517,9264
-29.488119227925072,9265
18.76379769975658,9266
7.828907192621061,9267
32.31597372652875,9268
-19.018765600545592,9269
0.6008681574776711,9270
-13.906508854822139,9271
6.7638964575746865,9272
5.576532801225783,9273
-19.05840248200544,9274
12.313312026888802,9275
-9.662567244638762,9276
9.504948524169746,9277
5.315265564930204,9278
18.33662308712515,9279
-30.376476344559386,9280
-7.755690148767656,9281
-3.0424239277034535,9282
7.175054434546228,9283
-24.576789881289468,9284
-28.69168810210823,9285
-17.673576418029242,9286
-30.979900817394338,9287
21.11324988000101,9288
-15.216143352364554,9289
18.44109684463246,9290
1.0135978715239427,9291
-24.886282043907393,9292
-39.61905421735907,9293
-14.307995859791625,9294
-12.470284539950434,9295
6.8548447985639065,9296
-38.25945945024732,9297
-32.238236427091806,9298
-3.7587828324867747,9299
-8.901805515395656,9300
15.845790853371671,9301
7.151922247036039,9302
-19.695418888707188,9303
17.35614845161143,9304
9.808073604385285,9305
1.9417453838067695,9306
-21.168717761002483,9307
-18.83247407267772,9308
-18.690500061303858,9309
-17.24387938628201,9310
-13.784535437852941,9311
-19.11849126701893,9312
-31.495361870527812,9313
-5.974619761420522,9314
-19.43669878947081,9315
31.0744791434538,9316
-17.069038390766455,9317
9.088677244347643,9318
-23.061998288872104,9319
15.093844841938434,9320
5.472035805846723,9321
14.967672634339237,9322
21.920969480842842,9323
6.076468499817821,9324
-20.055873276269324,9325
0.6804771311202993,9326
9.32103326121594,9327
-13.118383342002378,9328
-3.6280775705360204,9329
-22.263433840276512,9330
-12.866554420444796,9331
-10.797645686682285,9332
24.450698717730063,9333
1.1488644411970483,9334
-24.977568455282846,9335
-8.297275369853724,9336
-16.250092253999643,9337
-12.435689048849238,9338
2.151670552475883,9339
-27.11352748304337,9340
-29.177405446274715,9341
15.847044242785863,9342
16.851376926160466,9343
-16.857795729367382,9344
-23.033922236951756,9345
6.588530615093433,9346
-24.59665461945622,9347
-19.09070163835435,9348
7.6759928850500785,9349
-20.072773745695404,9350
12.39526175903961,9351
27.553616354920315,9352
16.05341792865569,9353
2.6657382441562785,9354
-0.25470437500495,9355
-23.225033122647446,9356
-4.501627835024086,9357
-28.41355946778321,9358
-29.35199941694111,9359
-4.650657829922869,9360
-26.922334501819766,9361
5.684383176654139,9362
-9.017382868818533,9363
9.807785995251301,9364
-23.211291524185576,9365
8.25644331169232,9366
-36.26791409742015,9367
7.939788419187051,9368
4.9238960380995245,9369
16.362027453250064,9370
5.468349286120969,9371
10.834752903789916,9372
-20.556627223851965,9373
10.992672424595241,9374
-8.612910929253175,9375
-25.42194570348451,9376
-12.033912998750264,9377
-18.654004443093605,9378
-23.131723547899245,9379
-6.308708326490901,9380
-10.510815845988924,9381
-34.98691311373091,9382
7.791106901093599,9383
-11.393129058610175,9384
15.47858232760177,9385
-39.068699045479754,9386
17.586768156019907,9387
-13.372036177375929,9388
-38.10229495841837,9389
11.29829090463205,9390
0.2974936703820532,9391
-24.669665945725654,9392
-17.216958559695996,9393
20.382902481961903,9394
-21.790383546539285,9395
-31.334776755934524,9396
-38.80378469925935,9397
-14.506575750114061,9398
-12.877804818664206,9399
-13.326978072731826,9400
-15.67587813640408,9401
-10.464864035829553,9402
-17.723341250762736,9403
18.437007715388667,9404
-28.827560909950233,9405
-1.3492054781170548,9406
-24.44292529039374,9407
27.024876954908187,9408
7.753231390440844,9409
-39.18414312151699,9410
10.06770472493586,9411
-13.515612934259622,9412
-12.269841531842388,9413
9.188384069047205,9414
19.15089915528827,9415
-22.141295602960952,9416
-19.33331239277851,9417
7.007044677522909,9418
0.5173882575412758,9419
-22.316273466850287,9420
1.4787279160644031,9421
20.92824336962601,9422
11.02611617703576,9423
-28.74459627779245,9424
1.4294001160264935,9425
-21.446839991479465,9426
-8.279817145774564,9427
9.002305049371387,9428
-12.917809349092956,9429
-41.3067109285096,9430
9.41284296100558,9431
-11.458236042361193,9432
6.619101476980278,9433
-20.287595746229307,9434
-30.087443116681236,9435
-29.58839668440661,9436
-23.646283116189863,9437
-29.334960521029004,9438
9.335587103718098,9439
-15.719014650259414,9440
-3.6249267659518125,9441
-7.643764514859496,9442
5.551805410878014,9443
17.021693283484435,9444
30.96190858530406,9445
-15.786552223723604,9446
-0.21878639911002828,9447
12.381638894420547,9448
-1.5608447513286565,9449
-25.0030025173578,9450
2.9826110493415268,9451
-17.610310968739256,9452
13.739699936590899,9453
-24.78250120752433,9454
-0.5385735366292579,9455
-25.638197614921566,9456
5.007048094369711,9457
-2.1443085638014527,9458
-16.81470334586492,9459
-26.40992759104517,9460
-29.973550122084355,9461
-23.293972674029728,9462
-6.8041894259903355,9463
-18.29601272598223,9464
-29.466795467127398,9465
-18.447893267790903,9466
22.39330950893885,9467
23.147230580008195,9468
10.88897198004208,9469
3.149498165815448,9470
16.432949207984993,9471
-11.976788040237125,9472
-19.9869425032914,9473
-2.395232628190143,9474
-8.225381788250957,9475
7.730857593904943,9476
-25.121012191532202,9477
-15.061046709535491,9478
-20.556944477933307,9479
-14.844451130851493,9480
23.650112789053633,9481
16.74727554827544,9482
7.490811195568092,9483
24.08539887267708,9484
0.19437252329809684,9485
1.0999641475626936,9486
-29.988000000116447,9487
-4.241024435140388,9488
-15.332244104668112,9489
12.281780666447112,9490
4.463455801188015,9491
2.073008366165424,9492
-8.870564640072967,9493
13.450746656144375,9494
-4.3426492122853855,9495
14.654361413368353,9496
-0.4336594478099114,9497
-16.714033581440994,9498
-2.8493825838359723,9499
8.17242421857901,9500
5.890578303933717,9501
-9.225759028947564,9502
-16.359929217102668,9503
-19.12246503754868,9504
-20.431889100778502,9505
-20.556233004813308,9506
-13.802209029552284,9507
7.674834714418395,9508
-27.04307102221587,9509
-11.124412439546717,9510
-23.983511826853775,9511
10.827684473509802,9512
-10.580160233159152,9513
-20.939513699605403,9514
12.261538122497452,9515
-8.678997700059364,9516
-27.94223305334513,9517
16.401389467745172,9518
-17.225609284731817,9519
-1.6138602130694961,9520
-8.52533439591722,9521
9.003923997335232,9522
1.4567972238454736,9523
-13.728365471056213,9524
18.507239132599295,9525
-15.746090363600237,9526
14.569969507724824,9527
-0.14063212687335014,9528
-39.27689506239684,9529
-16.812501239716678,9530
-20.824126942305803,9531
-24.894715966636163,9532
11.695672799442875,9533
5.786189567093553,9534
-45.81675572662452,9535
-43.543893434016375,9536
11.327616482945022,9537
-29.746880339394025,9538
7.641684851123561,9539
-29.292038248782223,9540
13.173317268001917,9541
9.898114805663845,9542
-21.505446979323338,9543
-10.290939380628803,9544
-21.818537285087483,9545
10.574600717759502,9546
9.685191089725901,9547
11.639568705243143,9548
14.8377653053352,9549
-15.707832231467478,9550
10.743837070931686,9551
14.806110354935079,9552
14.164897103473592,9553
-18.95516998307484,9554
-15.315924412272814,9555
-20.728739423818013,9556
22.92168253490063,9557
15.407358827595012,9558
-18.510416470604262,9559
14.988662474443686,9560
-30.24128367402172,9561
-21.038961898817874,9562
7.0866764495090475,9563
15.85309766599243,9564
11.489851329536318,9565
3.351802858042239,9566
15.242932018591738,9567
-32.533328873841484,9568
-13.31705525273457,9569
24.52320094647055,9570
4.5383617084669865,9571
9.303398543648669,9572
-15.48287218444443,9573
-2.153717309390062,9574
4.20736668583751,9575
20.879120659614077,9576
4.885660401588625,9577
-21.617880160715714,9578
-16.699944048738757,9579
15.313404101256545,9580
-0.5796728807919136,9581
-15.67645154063472,9582
11.644977508962416,9583
-16.068068286586936,9584
7.90675043894519,9585
-18.9452793864469,9586
14.99861358153608,9587
11.399021381715933,9588
-25.68071552011241,9589
-1.6084100264243002,9590
5.822510042550887,9591
8.2035234680058,9592
-26.81200053172394,9593
14.138316302614442,9594
-2.459255049809818,9595
6.301195107864061,9596
-15.275198118382356,9597
-40.02427002785477,9598
-10.213716956850224,9599
-18.552610948834314,9600
9.301543096012658,9601
4.474571729311933,9602
-31.10800441634564,9603
-16.319362062591736,9604
2.964501729039087,9605
-25.661805060176633,9606
-7.982843140897329,9607
6.840028686947463,9608
15.011952687055732,9609
-14.138706578475038,9610
-7.065733270370237,9611
-8.65581055633065,9612
-23.773714287833418,9613
-12.422754747568753,9614
2.761037467146945,9615
14.600638828822113,9616
-21.637737399683182,9617
-25.45682667957111,9618
25.55650399296974,9619
-26.501657696929726,9620
12.339675652330168,9621
-15.829500664232176,9622
-21.375360587611606,9623
-16.47661413616104,9624
4.188871234637258,9625
5.988406217304714,9626
-29.288588232037345,9627
-14.522197815064205,9628
-32.39814107365172,9629
-15.78057726756564,9630
-18.582315825645754,9631
7.290820739434913,9632
-42.561384182041444,9633
5.868860919735013,9634
-22.155160250987024,9635
-31.96132267994144,9636
23.844534354419267,9637
-16.759291861665545,9638
11.9710136063418,9639
11.37569444183682,9640
12.648227037818046,9641
-19.590205568405736,9642
18.841237004981966,9643
5.282192086421505,9644
-10.950178727508538,9645
0.4950780102415919,9646
-3.746043806639185,9647
7.352160097059814,9648
-16.987037867818675,9649
-0.3616190604445908,9650
-13.150698473969815,9651
-27.45738560677936,9652
19.77525474796025,9653
-1.9245296166882913,9654
17.122539344620677,9655
9.706427399251638,9656
-33.61186927355017,9657
-23.948189168694867,9658
-12.365079627534929,9659
-20.18330015476196,9660
11.360534940847327,9661
-13.55687607135176,9662
-31.22085712175339,9663
29.85468350061373,9664
-15.872411983652736,9665
-13.02154364147531,9666
-22.949188091005954,9667
6.712415219140327,9668
-16.107941454510136,9669
17.33718463353936,9670
-19.694873333878352,9671
-26.145726318386757,9672
-12.081495297505866,9673
-24.635783521331216,9674
4.958792782298659,9675
-33.375447538122074,9676
9.346337498578158,9677
17.502584937740373,9678
14.21882375478895,9679
-25.12106240577407,9680
19.292189919588072,9681
20.758147570996833,9682
-18.81048435102491,9683
-21.256939862202692,9684
4.569775769201964,9685
16.730597029440066,9686
21.812647475252113,9687
-26.283997920826334,9688
-17.078369282901512,9689
13.601944382239179,9690
4.052211174931994,9691
10.066190052144982,9692
-0.0238530068702687,9693
-23.415889572141037,9694
-21.382718285998667,9695
-14.396921814154355,9696
20.917413246986467,9697
6.219164965205065,9698
-15.940214934597272,9699
-26.478287420145598,9700
8.433996249675474,9701
15.785697370015505,9702
-14.078636546080242,9703
9.186975130452735,9704
12.190106105662903,9705
-17.26881512188301,9706
-18.337900115322427,9707
3.0487439172985447,9708
4.228794851071861,9709
-26.87520338682248,9710
-0.8409394781456276,9711
12.25739397034253,9712
-6.118332848489754,9713
11.065285964912064,9714
-31.501913745180204,9715
3.3454902843020466,9716
13.30226792100121,9717
-21.977081896165313,9718
15.490567309844433,9719
11.191208610485514,9720
-17.38641318696394,9721
-15.386862234640887,9722
-16.237401874794266,9723
5.882119935983937,9724
-25.348686532564262,9725
-24.610121228738166,9726
21.29006668766666,9727
6.551484043513895,9728
-14.443934073744542,9729
-14.62393580757157,9730
-22.833037062679683,9731
-41.81116567295196,9732
12.750984529402814,9733
-8.82380083560867,9734
18.179386049359568,9735
12.256380062191454,9736
13.061745208555042,9737
-13.945338754826214,9738
8.986039445901442,9739
-17.8683726004343,9740
2.462309521378298,9741
12.918026748381873,9742
16.16011725213026,9743
-29.688271916100216,9744
-40.294390842193174,9745
7.093838328290818,9746
-1.4624010283982498,9747
6.366208267051142,9748
13.04696111159154,9749
9.280117514966006,9750
-21.578779098441498,9751
-12.76251918746049,9752
10.357062489748014,9753
-26.69938606403827,9754
-4.688236093769291,9755
-18.552123375490957,9756
-14.806482803989892,9757
-27.859417861423957,9758
-14.235537838238509,9759
7.541610070593826,9760
1.2901910118091102,9761
-30.366704971352615,9762
-25.121897002577434,9763
5.125141694933575,9764
-13.610210709977027,9765
-13.64509134672699,9766
-16.004018616888146,9767
-10.195606954047285,9768
-16.615136769257795,9769
27.196941387161786,9770
17.0640974642662,9771
-31.82066385788273,9772
-14.856434634732716,9773
14.440675464897183,9774
-24.089676647299964,9775
-7.362362116282305,9776
5.3203303887130176,9777
-14.631859643127324,9778
8.378029911790096,9779
-23.414668057328488,9780
5.351123376967452,9781
-1.7889888961701956,9782
13.21966008612819,9783
-23.225638302026187,9784
-20.96962124685703,9785
-11.91229946473156,9786
14.420408851033368,9787
10.63687757774903,9788
-38.32976907399032,9789
-23.45811675879162,9790
-20.997141131518816,9791
-25.15916340623455,9792
-2.3900668961672227,9793
-31.425524399140027,9794
7.2102948203906845,9795
-18.846938491188716,9796
-27.148091685058453,9797
-26.77269497155779,9798
-12.746405307945487,9799
5.955431760832621,9800
16.80792800119328,9801
-20.34299213453324,9802
5.924116304751513,9803
9.835224452284624,9804
24.27765674375545,9805
21.988685823682495,9806
9.567373584640563,9807
-21.81150609554565,9808
-36.2697387357237,9809
23.008601453624383,9810
-28.03926747650178,9811
-20.450708230787967,9812
-33.214917098033084,9813
6.1072315101317205,9814
11.327422546176876,9815
-7.858100238886252,9816
4.350742087895567,9817
19.871615451004498,9818
-27.296363817075953,9819
14.302018841409634,9820
-20.05887334327911,9821
-31.57204457346127,9822
8.30898086306866,9823
5.986634544211077,9824
-13.107507350634494,9825
-6.853785275334625,9826
-17.93593048730649,9827
-8.27805266799323,9828
8.197464513014722,9829
-9.190211756193786,9830
-5.019041364744129,9831
-16.842003299208596,9832
22.431561498864845,9833
-0.7321073972716539,9834
-2.826118907944496,9835
-30.042361558968413,9836
-0.2861469432553978,9837
-20.38952049281201,9838
19.708547070519455,9839
-28.304391207671504,9840
-16.21599244291362,9841
3.2309810282151528,9842
-8.48816173742703,9843
-15.978048646315951,9844
-22.239224083865405,9845
11.649185527180972,9846
-25.539448432148873,9847
-9.481955950709283,9848
8.922338342310994,9849
10.03718408077121,9850
-29.63765715120008,9851
-17.759581438893584,9852
9.343695878801979,9853
-27.203869574950502,9854
-22.86342941707017,9855
13.194080195826373,9856
-21.286109038340186,9857
-7.364053876075875,9858
27.49968915642826,9859
10.44652452627378,9860
5.865096556397166,9861
-24.827137553290058,9862
-18.346205244134868,9863
9.688020380468457,9864
-25.8746634436091,9865
-0.32821330260979487,9866
-21.874002087981808,9867
1.557692787915463,9868
8.125693365200952,9869
-9.18163040207245,9870
0.44549680301263805,9871
13.640209333220874,9872
-34.065636306480535,9873
-48.83317530207684,9874
13.137913829813321,9875
5.135897790672832,9876
4.340282120665343,9877
-32.6420508273565,9878
-29.61410714402403,9879
-24.57603541572806,9880
20.365056074978867,9881
-23.13251761071788,9882
-12.316001239571278,9883
-16.459726238483057,9884
16.865556137354922,9885
-28.169318517360534,9886
-13.87206565475455,9887
17.25859855164969,9888
-3.136325182567767,9889
-12.386869506936767,9890
31.537918106546762,9891
-15.261871617246122,9892
-18.317568904230953,9893
-23.382377603566958,9894
-17.410196253943198,9895
6.469089635270279,9896
-23.77817643279447,9897
-26.476888554531747,9898
-40.810633588319554,9899
7.983270739505709,9900
0.10389601022237471,9901
8.4177703904192,9902
-18.330320543046735,9903
-7.5392700396946,9904
10.736068549994929,9905
-19.251574163118715,9906
12.71678632328021,9907
-33.27920616427084,9908
-9.004647197662177,9909
-17.45540574161916,9910
-23.004311004223997,9911
-14.31449498577194,9912
6.078515936367767,9913
24.211912278238746,9914
-0.5871407483031437,9915
3.1798645778304326,9916
-21.199231937299416,9917
-41.47540104218461,9918
-23.739944050746992,9919
10.574585329966649,9920
-13.384052101724981,9921
-5.64500055816634,9922
-20.490141332568086,9923
-19.099086436381043,9924
9.657465634928274,9925
-28.02852925869758,9926
0.04240766786817307,9927
-10.980771778226597,9928
5.875562300870886,9929
-20.074849147460498,9930
-24.399904328388526,9931
-22.460481747726696,9932
4.5385047601518895,9933
9.265193442385408,9934
10.28166658365639,9935
6.993496416662611,9936
0.392889045303467,9937
-11.32250344802206,9938
-11.191626954656334,9939
18.683809725570473,9940
-15.116298431051803,9941
-23.80679253889849,9942
21.871069001851733,9943
27.458226629619702,9944
16.55084993517021,9945
9.12464931100022,9946
7.122387359887606,9947
-16.143000257260773,9948
-4.44446031614682,9949
3.9268253307740633,9950
-14.61143883615375,9951
-28.619770931473493,9952
-24.968842384313394,9953
-12.51449375047051,9954
-14.079384617284846,9955
6.2565574528318315,9956
-6.2513952745672,9957
-7.573468745014443,9958
-4.838359049198315,9959
16.358776340787482,9960
15.688360250269145,9961
-14.041788072468838,9962
-4.5524128254737946,9963
4.786142602878712,9964
1.8722230890398253,9965
-0.1263604030163359,9966
-2.9202137562554213,9967
-9.950140401945,9968
9.301952946330923,9969
7.457969815288532,9970
27.149846849400937,9971
4.216832572819001,9972
12.457699766609242,9973
-18.446033165235114,9974
-29.450187518828614,9975
0.36553282042714397,9976
-10.658576247004355,9977
20.08817307598528,9978
1.7109026662616662,9979
-10.720415568220416,9980
-22.758065355905604,9981
-17.419117928352843,9982
-23.114714641187604,9983
5.023424689866022,9984
11.815680931803737,9985
-31.866467138692318,9986
15.55232694198719,9987
15.95641847245125,9988
8.245226320380995,9989
-34.78494046650936,9990
4.629648731349825,9991
-23.77783870683825,9992
-11.574508103943039,9993
11.647016015792683,9994
13.687690825253966,9995
-12.036182512895108,9996
5.734096073280929,9997
-32.71456150690485,9998
-43.1750165417618,9999
