iter	RMSE
0	16.82807909
1	16.55656007
2	16.29366035
3	16.02444099
4	15.7919726
5	15.54451608
6	15.29728256
7	15.05665913
8	14.83410758
9	14.60149081
10	14.38914676
11	14.16057793
12	13.92882569
13	13.70382551
14	13.48215739
15	13.28612916
16	13.08972864
17	12.88846867
18	12.70198024
19	12.51018453
20	12.33659913
21	12.154297
22	11.99576567
23	11.81411441
24	11.63479446
25	11.46284638
26	11.30126292
27	11.13297521
28	10.97744857
29	10.81610592
30	10.67421558
31	10.52289892
32	10.3733173
33	10.2480433
34	10.11567293
35	9.977563329
36	9.844811478
37	9.715329282
38	9.567892442
39	9.448701423
40	9.317622237
41	9.186091293
42	9.060399072
43	8.938752162
44	8.826674958
45	8.712176849
46	8.591504245
47	8.482212448
48	8.386435136
49	8.267264302
50	8.163925432
51	8.043984202
52	7.932699135
53	7.824483925
54	7.712912621
55	7.606110493
56	7.524661412
57	7.430823945
58	7.33926305
59	7.25014772
60	7.163574329
61	7.063154034
62	6.992485218
63	6.903758655
64	6.823908236
65	6.734077237
66	6.651188352
67	6.567861977
68	6.489277493
69	6.411339292
70	6.33578051
71	6.254608296
72	6.182271546
73	6.109427795
74	6.045935236
75	5.983831947
76	5.917473839
77	5.852418907
78	5.784379141
79	5.723570439
80	5.651691949
81	5.596132084
82	5.532289746
83	5.464699934
84	5.404125523
85	5.352824728
86	5.285210497
87	5.227777114
88	5.174078652
89	5.124121961
90	5.071791242
91	5.01142132
92	4.95914026
93	4.907440364
94	4.867466948
95	4.809795617
96	4.75791109
97	4.702229551
98	4.660247941
99	4.616893956
100	4.56251096
101	4.511253797
102	4.467435361
103	4.414368237
104	4.374865295
105	4.324196156
106	4.282342669
107	4.240245275
108	4.19899421
109	4.155148482
110	4.114918223
111	4.076532647
112	4.042097236
113	3.999927488
114	3.964129334
115	3.931503682
116	3.891408969
117	3.856542574
118	3.818848999
119	3.788814133
120	3.74919186
121	3.715579878
122	3.68598815
123	3.649855691
124	3.621853539
125	3.603435138
126	3.57678899
127	3.541547504
128	3.516323065
129	3.490245279
130	3.45423448
131	3.425670317
132	3.397513674
133	3.370774375
134	3.344329281
135	3.31536653
136	3.290337954
137	3.265901357
138	3.23468417
139	3.212739596
140	3.188859719
141	3.168017519
142	3.144263404
143	3.1216301
144	3.092723668
145	3.06986907
146	3.042344577
147	3.020926271
148	3.000699304
149	2.971831512
150	2.946047463
151	2.926709174
152	2.909506728
153	2.884440366
154	2.868826498
155	2.851114876
156	2.833686319
157	2.808356202
158	2.781881175
159	2.765154275
160	2.740423383
161	2.724339925
162	2.705147222
163	2.68022124
164	2.661089539
165	2.649188635
166	2.632326363
167	2.611137534
168	2.594020238
169	2.578479054
170	2.561674921
171	2.550665618
172	2.537848346
173	2.521282557
174	2.497777474
175	2.482251377
176	2.47096754
177	2.457891959
178	2.442630891
179	2.429255136
180	2.414027666
181	2.404110985
182	2.382955829
183	2.363833862
184	2.343893119
185	2.325567774
186	2.313047222
187	2.303617523
188	2.284124939
189	2.269818117
190	2.252073863
191	2.241474237
192	2.23221578
193	2.216765202
194	2.20466927
195	2.197685745
196	2.189543486
197	2.180171249
198	2.168776316
199	2.158272453
200	2.148230614
201	2.136716843
202	2.125919942
203	2.110446583
204	2.100032166
205	2.082393365
206	2.070085108
207	2.0595856
208	2.054241057
209	2.045002884
210	2.034294714
211	2.028763701
212	2.023077827
213	2.009170027
214	2.000503534
215	1.98654063
216	1.981330619
217	1.972854461
218	1.966593041
219	1.951717818
220	1.937791139
221	1.93230696
222	1.92118709
223	1.909555967
224	1.900520111
225	1.890156648
226	1.883698877
227	1.879827443
228	1.864884105
229	1.855379656
230	1.850452024
231	1.841290933
232	1.827040434
233	1.820937021
234	1.817114234
235	1.813225334
236	1.809946471
237	1.798394672
238	1.787871715
239	1.784325134
240	1.776733037
241	1.770450415
242	1.767186348
243	1.76400405
244	1.75868134
245	1.750639991
246	1.738889665
247	1.73560273
248	1.732897053
249	1.721931746
250	1.719112303
251	1.704987046
252	1.694739905
253	1.683796253
254	1.670821137
255	1.666301195
256	1.658384864
257	1.654111534
258	1.642784188
259	1.63065736
260	1.624170561
261	1.611430145
262	1.605240972
263	1.598512944
264	1.59449394
265	1.592407229
266	1.586367056
267	1.583756959
268	1.578390496
269	1.56830988
270	1.563078404
271	1.555122487
272	1.543572362
273	1.540103034
274	1.536320466
275	1.527527605
276	1.525168593
277	1.517355561
278	1.505935121
279	1.503678406
280	1.497345966
281	1.491639469
282	1.488567144
283	1.485018009
284	1.480704981
285	1.475431481
286	1.471280101
287	1.464290314
288	1.459087808
289	1.457491952
290	1.451187926
291	1.445997687
292	1.438512122
293	1.436666924
294	1.432798398
295	1.427877278
296	1.422998942
297	1.421267928
298	1.412014387
299	1.411123115
300	1.405454575
301	1.40324953
302	1.397761648
303	1.394001617
304	1.387406174
305	1.37806412
306	1.371445101
307	1.369620892
308	1.368699831
309	1.366681603
310	1.359958898
311	1.358278915
312	1.356732527
313	1.3506675
314	1.346431595
315	1.344152008
316	1.337481136
317	1.329809286
318	1.325565574
319	1.323434492
320	1.314583205
321	1.305840558
322	1.304829595
323	1.295330287
324	1.293343118
325	1.291039586
326	1.289350945
327	1.288238161
328	1.282095439
329	1.278034723
330	1.277346849
331	1.275791356
332	1.274217319
333	1.269339716
334	1.260615391
335	1.258909457
336	1.257977179
337	1.251530364
338	1.248488158
339	1.241786532
340	1.233915107
341	1.232203186
342	1.229515892
343	1.223913585
344	1.22286854
345	1.222305021
346	1.214108195
347	1.209129453
348	1.20812358
349	1.199104155
350	1.194725851
351	1.19305883
352	1.188407373
353	1.186936495
354	1.183253214
355	1.178966328
356	1.177343928
357	1.174844312
358	1.170230312
359	1.167869616
360	1.167029637
361	1.162700429
362	1.153057914
363	1.146496459
364	1.138359816
365	1.129935002
366	1.129388868
367	1.128668122
368	1.128068483
369	1.127425335
370	1.121262327
371	1.120530015
372	1.119813373
373	1.114767972
374	1.109510507
375	1.10429584
376	1.101753326
377	1.101055247
378	1.099726416
379	1.098975427
380	1.096581596
381	1.089679636
382	1.08829359
383	1.087810613
384	1.081828892
385	1.081005676
386	1.08029723
387	1.074276248
388	1.073641601
389	1.068808082
390	1.066318767
391	1.065201659
392	1.059553603
393	1.054131855
394	1.048873404
395	1.043831711
396	1.039686358
397	1.034661822
398	1.030234943
399	1.024039669
400	1.022639045
401	1.019321079
402	1.018698202
403	1.016371599
404	1.014087365
405	1.007697153
406	1.005242585
407	0.997409974
408	0.996885931
409	0.9922986002
410	0.9892416558
411	0.9831840315
412	0.9801599892
413	0.9790710328
414	0.9758226493
415	0.9735145814
416	0.9728170405
417	0.9720170864
418	0.9702888263
419	0.9643350623
420	0.9590288548
421	0.9571865224
422	0.953242586
423	0.9519663398
424	0.9492744634
425	0.9476512003
426	0.943745438
427	0.9363576632
428	0.9310458889
429	0.9297925161
430	0.9268880834
431	0.9263891911
432	0.9260154186
433	0.9247836212
434	0.9244333206
435	0.9240934884
436	0.9181425137
437	0.9169646294
438	0.9119169484
439	0.9101875208
440	0.9039754816
441	0.9004916105
442	0.8997318333
443	0.8951936652
444	0.8947396073
445	0.8928574356
446	0.8921099635
447	0.8854107719
448	0.8808523952
449	0.8763792978
450	0.873476047
451	0.873138724
452	0.8728210416
453	0.8660728697
454	0.8635279033
455	0.8602911264
456	0.857231008
457	0.8505732132
458	0.8500054919
459	0.8495515327
460	0.8463320962
461	0.8416119712
462	0.841141473
463	0.8370170391
464	0.8330354558
465	0.8277757593
466	0.8242163324
467	0.8209570135
468	0.8174621108
469	0.8168347396
470	0.8134464707
471	0.8126028917
472	0.8076718879
473	0.8056598728
474	0.8026167446
475	0.802252883
476	0.798605178
477	0.7979176634
478	0.7967465447
479	0.7921038779
480	0.7917961443
481	0.7886699492
482	0.7879010137
483	0.7861479405
484	0.7855269028
485	0.784192466
486	0.780377936
487	0.7773624685
488	0.7770981447
489	0.7767314309
490	0.7724051577
491	0.7720673298
492	0.7714937776
493	0.7706285917
494	0.7684536913
495	0.7663260869
496	0.7642172642
497	0.7590781882
498	0.7572190825
499	0.752468107
500	0.7521673549
501	0.7495463803
502	0.7492347665
503	0.7475639813
504	0.744633089
505	0.7401620091
506	0.7378962535
507	0.7368342728
508	0.7365691735
509	0.7362254534
510	0.7341111336
511	0.7327928867
512	0.7282698111
513	0.7262279643
514	0.7245502311
515	0.7242511322
516	0.7239477599
517	0.7222679481
518	0.7199775536
519	0.716438242
520	0.7136839164
521	0.7134385838
522	0.7127310529
523	0.712455763
524	0.7116436365
525	0.7104986414
526	0.7103080374
527	0.710059949
528	0.7065942954
529	0.7063372474
530	0.705717365
531	0.7027990913
532	0.7002010838
533	0.6968061993
534	0.6966043787
535	0.6963591631
536	0.6930598531
537	0.6929027661
538	0.6926635277
539	0.6895491647
540	0.6880995948
541	0.6875409895
542	0.6862183906
543	0.6858731473
544	0.6814857695
545	0.6810169405
546	0.6808257398
547	0.6804648709
548	0.6802434511
549	0.6784056079
550	0.6767233764
551	0.6753199708
552	0.6750594468
553	0.6720081289
554	0.6716871723
555	0.6697404153
556	0.6695357845
557	0.6686564313
558	0.6681589978
559	0.6673316138
560	0.6655046904
561	0.6638854689
562	0.661075333
563	0.6601312987
564	0.659615788
565	0.6559431051
566	0.6556674965
567	0.6553538998
568	0.6538123875
569	0.653666808
570	0.653294566
571	0.650686411
572	0.6496706606
573	0.6486746743
574	0.6479219612
575	0.6476152752
576	0.6467429131
577	0.6464574825
578	0.6463324704
579	0.6458525662
580	0.642011321
581	0.6385830205
582	0.6378683282
583	0.6366392854
584	0.6338371025
585	0.6336714797
586	0.630351551
587	0.627951907
588	0.6277386294
589	0.6258194795
590	0.624842742
591	0.6236011026
592	0.6223840775
593	0.6203982237
594	0.6202422414
595	0.6193921109
596	0.6155694266
597	0.6151945194
598	0.6128657629
599	0.6126872165
600	0.6125305615
601	0.6107828237
602	0.6105271406
603	0.6097931792
604	0.6096331773
605	0.6075063934
606	0.6073515218
607	0.6059702173
608	0.6058404481
609	0.6057007161
610	0.6055772817
611	0.6054361789
612	0.6053047853
613	0.6051670238
614	0.6050395015
615	0.6049240409
616	0.6047744777
617	0.6046520169
618	0.6045342525
619	0.6044269614
620	0.6043206164
621	0.6041831943
622	0.6040737376
623	0.6039198889
624	0.6035779503
625	0.602807821
626	0.6025679826
627	0.6024608177
628	0.6018329542
629	0.6010536072
630	0.5992936072
631	0.5977327091
632	0.5975330776
633	0.5974220324
634	0.5973091502
635	0.5972150581
636	0.5969823552
637	0.5965359615
638	0.5963239968
639	0.5961386367
640	0.5955767539
641	0.5954773999
642	0.5953836868
643	0.5952977675
644	0.5937267079
645	0.5935294422
646	0.5934456302
647	0.5923300595
648	0.5922324053
649	0.5913045394
650	0.5912187656
651	0.5903637772
652	0.5882924409
653	0.588212929
654	0.5880982039
655	0.5880008854
656	0.5878909873
657	0.5871551894
658	0.5870913073
659	0.5867525016
660	0.5866807862
661	0.5864313455
662	0.5845750631
663	0.5844948016
664	0.584415926
665	0.5838077522
666	0.5826466093
667	0.5823663801
668	0.5822510673
669	0.5821472286
670	0.5817249977
671	0.5792587373
672	0.5783106176
673	0.5782272149
674	0.5777702099
675	0.5769908947
676	0.5769099661
677	0.5748154571
678	0.5747387228
679	0.5746396584
680	0.5745701514
681	0.5740985484
682	0.5740222657
683	0.5730866327
684	0.5729784983
685	0.572917125
686	0.5719567085
687	0.5718771273
688	0.5718043174
689	0.5711296289
690	0.5709834608
691	0.5700014914
692	0.5692708851
693	0.5679803905
694	0.567018859
695	0.5651398794
696	0.5648250312
697	0.5647652785
698	0.5646861756
699	0.5638225832
700	0.56325419
701	0.5628474372
702	0.562790016
703	0.5622236331
704	0.5598386194
705	0.5586018003
706	0.5575858416
707	0.5575089847
708	0.5568512325
709	0.5549051553
710	0.554721433
711	0.5526658427
712	0.5526066243
713	0.5523622216
714	0.552079584
715	0.549972633
716	0.5485196103
717	0.5484713482
718	0.5482923971
719	0.5479395808
720	0.5464228779
721	0.5462302713
722	0.5461736553
723	0.5444835034
724	0.5444346004
725	0.5438732381
726	0.5434891343
727	0.5425896836
728	0.5421781362
729	0.5421101299
730	0.541602206
731	0.5397377779
732	0.5396804297
733	0.5395618475
734	0.5386208553
735	0.5369559829
736	0.5366643554
737	0.5366022263
738	0.5348323279
739	0.5347684787
740	0.5344045955
741	0.5312234408
742	0.5305637204
743	0.528695095
744	0.528148694
745	0.5280909225
746	0.5280379655
747	0.5262463106
748	0.5261881225
749	0.5260344021
750	0.5259761715
751	0.5259209117
752	0.5243346505
753	0.5242700112
754	0.5242082695
755	0.5241568428
756	0.5232222726
757	0.5223939573
758	0.5222975309
759	0.5206422649
760	0.5189288855
761	0.5173339155
762	0.5153861374
763	0.5127189378
764	0.5121329994
765	0.5104321924
766	0.5103611741
767	0.5089994424
768	0.5089406174
769	0.5088826019
770	0.5073093527
771	0.5057639519
772	0.5040778857
773	0.5040242118
774	0.5027153762
775	0.5021524905
776	0.5005702973
777	0.5001016903
778	0.4996573949
779	0.4991587552
780	0.4990944791
781	0.4962792184
782	0.4958241447
783	0.4942294872
784	0.494172275
785	0.4913588722
786	0.4912684738
787	0.4912120151
788	0.4897465734
789	0.4881529094
790	0.4857426424
791	0.48568828
792	0.4856296237
793	0.4842212876
794	0.4828404314
795	0.4826792073
796	0.4812354443
797	0.4804808753
798	0.4804274061
799	0.4777780762
800	0.4762058194
801	0.4761475097
802	0.4757374284
803	0.4744665666
804	0.4731598224
805	0.4730433164
806	0.471580371
807	0.4698941164
808	0.4698452955
809	0.4695560807
810	0.469167898
811	0.4676582048
812	0.4672676242
813	0.4647571057
814	0.4636610985
815	0.4632590817
816	0.4616588427
817	0.4616064148
818	0.4602749013
819	0.4589169809
820	0.4585096061
821	0.4581118181
822	0.4580590115
823	0.4577747821
824	0.4576351497
825	0.4572471903
826	0.4571966853
827	0.4568554194
828	0.4552270604
829	0.4551784461
830	0.4537593215
831	0.452519371
832	0.4512066141
833	0.4497735159
834	0.4492943958
835	0.4480317912
836	0.4475899638
837	0.4475373528
838	0.4474915722
839	0.44744294
840	0.4472524365
841	0.4471998361
842	0.4471473914
843	0.4447747614
844	0.4416217125
845	0.4414685542
846	0.4402854681
847	0.440240312
848	0.4401949021
849	0.4401431133
850	0.4388878467
851	0.4388523986
852	0.4388108474
853	0.4383828116
854	0.4371118856
855	0.4370564524
856	0.436980831
857	0.4366240238
858	0.4354299321
859	0.4350418255
860	0.4346600359
861	0.4337371023
862	0.4324790677
863	0.430383972
864	0.4292076809
865	0.4291564603
866	0.4291065749
867	0.429022976
868	0.4288528309
869	0.4288054149
870	0.4274270661
871	0.4271519288
872	0.4270916368
873	0.4270425034
874	0.4267910965
875	0.4256921921
876	0.4244793848
877	0.4225407085
878	0.422492698
879	0.4224437429
880	0.4221149716
881	0.4220254846
882	0.4213643355
883	0.4210706739
884	0.4208296754
885	0.4200523653
886	0.4200085073
887	0.4199649294
888	0.4197333381
889	0.4188603777
890	0.4176177062
891	0.4175709809
892	0.4164607924
893	0.4164162479
894	0.4163346091
895	0.4158931992
896	0.4158512958
897	0.4158062911
898	0.4131930089
899	0.4114570312
900	0.4114062056
901	0.4103373377
902	0.4082695194
903	0.4082252948
904	0.4079714574
905	0.4068934893
906	0.4065084789
907	0.4052389024
908	0.4051953519
909	0.4048180503
910	0.4047772246
911	0.4030308719
912	0.4029963759
913	0.4020119745
914	0.4016331124
915	0.4015209745
916	0.40148469
917	0.4011198124
918	0.4010675327
919	0.3994347691
920	0.3993909431
921	0.3981478333
922	0.3974282831
923	0.396429109
924	0.3940398753
925	0.3937499967
926	0.3936988729
927	0.3934013624
928	0.3923014717
929	0.3922570579
930	0.3919268641
931	0.3918801012
932	0.3906720859
933	0.3906247907
934	0.3905864437
935	0.3905204344
936	0.389959871
937	0.3882605091
938	0.3872860701
939	0.3872443809
940	0.3862320815
941	0.3856635122
942	0.3856284128
943	0.3838635109
944	0.3833959974
945	0.3824886709
946	0.3821374474
947	0.3804594873
948	0.3804141443
949	0.3795518843
950	0.3780398797
951	0.3772213638
952	0.3771731863
953	0.3762963382
954	0.3754730316
955	0.3748887903
956	0.3739890637
957	0.3739491702
958	0.3739101495
959	0.3736498577
960	0.3727368517
961	0.3724266622
962	0.3709816448
963	0.3709365473
964	0.3708919108
965	0.37083241
966	0.3699654317
967	0.3695249897
968	0.368463042
969	0.3677520083
970	0.3677098974
971	0.367662291
972	0.3660904817
973	0.3646280208
974	0.3643783862
975	0.3643504041
976	0.3643131904
977	0.3623024139
978	0.3620453498
979	0.3613482573
980	0.3613037829
981	0.3604652538
982	0.3595999043
983	0.3586492576
984	0.3584113073
985	0.3564573434
986	0.3564289433
987	0.3563856944
988	0.3561041872
989	0.3547080871
990	0.3528558054
991	0.3521294398
992	0.3520867496
993	0.3513623396
994	0.3506003396
995	0.3505629606
996	0.3505225426
997	0.3496855243
998	0.3489409102
999	0.3480461739
1000	0.34800936
1001	0.3474519616
1002	0.3466750335
1003	0.3463865536
1004	0.3463469337
1005	0.3461210531
1006	0.3460927382
1007	0.3443110856
1008	0.3438525553
1009	0.3433486096
1010	0.3433140459
1011	0.343276966
1012	0.3426887269
1013	0.3422829071
1014	0.3422456317
1015	0.3422109021
1016	0.3408761462
1017	0.3401077806
1018	0.3400700117
1019	0.3400379228
1020	0.3400034392
1021	0.3399672515
1022	0.3391132946
1023	0.3379356836
1024	0.3370188768
1025	0.336742259
1026	0.3367030308
1027	0.335992589
1028	0.335404152
1029	0.3353757251
1030	0.334696131
1031	0.3346587269
1032	0.3346227111
1033	0.3345882679
1034	0.3340825183
1035	0.3338624568
1036	0.3336548531
1037	0.3324550318
1038	0.3321820878
1039	0.3309500897
1040	0.3302674244
1041	0.3297428501
1042	0.3292576084
1043	0.3292144022
1044	0.3291785373
1045	0.3287941111
1046	0.3287533382
1047	0.3280545605
1048	0.3267975995
1049	0.3267536319
1050	0.3261837294
1051	0.3245688719
1052	0.3237242782
1053	0.3230810473
1054	0.3230510024
1055	0.3227034129
1056	0.3225057313
1057	0.3222954922
1058	0.3222626863
1059	0.3211164874
1060	0.3205098001
1061	0.3197978701
1062	0.3197620274
1063	0.3187059878
1064	0.31792424
1065	0.317890503
1066	0.3174119293
1067	0.3173095663
1068	0.3166959414
1069	0.3166548531
1070	0.3166176737
1071	0.3161466445
1072	0.3158740294
1073	0.3152485028
1074	0.315036947
1075	0.3149846801
1076	0.314447762
1077	0.3144164448
1078	0.3138812846
1079	0.312452291
1080	0.3119107412
1081	0.3104195278
1082	0.3101562551
1083	0.3099832189
1084	0.3095533182
1085	0.3095292069
1086	0.3088020201
1087	0.3084713138
1088	0.3083929955
1089	0.3079719267
1090	0.3077644118
1091	0.3073810421
1092	0.3071517277
1093	0.3067963806
1094	0.306758225
1095	0.305648462
1096	0.3056198443
1097	0.305021198
1098	0.3045292277
1099	0.3043298267
1100	0.304017161
1101	0.3034422901
1102	0.3026424308
1103	0.3025658185
1104	0.302525815
1105	0.3024881165
1106	0.301947704
1107	0.3010445923
1108	0.3010080749
1109	0.3009213693
1110	0.3005369571
1111	0.3000057159
1112	0.2999732644
1113	0.2994365319
1114	0.2989268429
1115	0.2988862324
1116	0.2984920018
1117	0.2980203065
1118	0.2979891413
1119	0.2975673788
1120	0.2967126912
1121	0.2966898669
1122	0.2966513505
1123	0.2960560353
1124	0.2960015281
1125	0.2951737285
1126	0.2951350757
1127	0.294850823
1128	0.2933483799
1129	0.2932381348
1130	0.2932025405
1131	0.292897592
1132	0.2928693539
1133	0.2926506334
1134	0.2923938421
1135	0.29235485
1136	0.2923236364
1137	0.2909990461
1138	0.2903796658
1139	0.2903424746
1140	0.2903045485
1141	0.2902680674
1142	0.2899340148
1143	0.2894598345
1144	0.2892449981
1145	0.289214001
1146	0.2888841606
1147	0.2888023782
1148	0.2884317863
1149	0.2882260046
1150	0.2881887279
1151	0.2878761447
1152	0.287661311
1153	0.2876215777
1154	0.2875872452
1155	0.2875582902
1156	0.2875250296
1157	0.2874997129
1158	0.286935838
1159	0.2867426032
1160	0.2861836468
1161	0.2861467317
1162	0.2861103286
1163	0.2860767494
1164	0.2860305475
1165	0.2857099871
1166	0.285679012
1167	0.285643193
1168	0.2852665479
1169	0.2852371104
1170	0.2851487522
1171	0.2848469775
1172	0.2838467546
1173	0.2838107632
1174	0.2837753235
1175	0.282502847
1176	0.282029565
1177	0.2819926111
1178	0.2818005706
1179	0.2814840889
1180	0.2811820244
1181	0.2809976893
1182	0.2809704917
1183	0.2809448818
1184	0.2803754255
1185	0.2799229119
1186	0.2795818744
1187	0.2793891617
1188	0.2791843858
1189	0.2785763614
1190	0.277722337
1191	0.2776927537
1192	0.2772872032
1193	0.2769549799
1194	0.2767579933
1195	0.2766611618
1196	0.2762671765
1197	0.2760839053
1198	0.2759245406
1199	0.2759003822
1200	0.2758613439
1201	0.2755522614
1202	0.2753885049
1203	0.2741661806
1204	0.2736837436
1205	0.2725154214
1206	0.2724777448
1207	0.2722082492
1208	0.2721644179
1209	0.2721258547
1210	0.2720899232
1211	0.2717144321
1212	0.2716817321
1213	0.2716401489
1214	0.2715996482
1215	0.2715774089
1216	0.2714151152
1217	0.2713797856
1218	0.271301064
1219	0.2707391071
1220	0.2707144418
1221	0.2706739093
1222	0.2706428957
1223	0.2704721928
1224	0.2704463036
1225	0.2704123875
1226	0.2703820308
1227	0.2703470359
1228	0.270177467
1229	0.2701479287
1230	0.2692770067
1231	0.2692372986
1232	0.2684388524
1233	0.2684063978
1234	0.2683775733
1235	0.2682134415
1236	0.2681846263
1237	0.2670702785
1238	0.2670263764
1239	0.2667187927
1240	0.2665597513
1241	0.2665362474
1242	0.2665043044
1243	0.2663616884
1244	0.2663349751
1245	0.2663091843
1246	0.2662836132
1247	0.2652820455
1248	0.2649410475
1249	0.2649114576
1250	0.2647707315
1251	0.2647375157
1252	0.2647128852
1253	0.2646894436
1254	0.2646660874
1255	0.2636310878
1256	0.2633636724
1257	0.26333827
1258	0.2633006554
1259	0.2632668433
1260	0.2632338693
1261	0.2632087153
1262	0.2629622899
1263	0.2628095989
1264	0.2624137389
1265	0.2623900168
1266	0.2622447257
1267	0.2621196327
1268	0.2620834558
1269	0.2613062058
1270	0.261273437
1271	0.2612547606
1272	0.2602407688
1273	0.2602130458
1274	0.260189338
1275	0.2597764218
1276	0.2597488025
1277	0.2597234241
1278	0.2596943092
1279	0.2587379804
1280	0.2586581785
1281	0.2577683104
1282	0.2577438353
1283	0.257720462
1284	0.2576921094
1285	0.2571595987
1286	0.2571310646
1287	0.2565925886
1288	0.2562016213
1289	0.2559013732
1290	0.2553115685
1291	0.2551640834
1292	0.255134495
1293	0.2547391047
1294	0.2544583258
1295	0.2543069281
1296	0.2542715992
1297	0.2540206918
1298	0.2538673133
1299	0.2534344896
1300	0.2534015916
1301	0.2530092466
1302	0.2529865497
1303	0.2529628359
1304	0.2526742853
1305	0.2522263797
1306	0.2522010383
1307	0.2517065109
1308	0.2516802207
1309	0.2515623333
1310	0.2515319902
1311	0.2515099338
1312	0.2513710379
1313	0.2513469262
1314	0.2511340272
1315	0.2511089682
1316	0.2510871427
1317	0.2509352144
1318	0.2509060461
1319	0.249822783
1320	0.2497911789
1321	0.2493410661
1322	0.2488756125
1323	0.248849898
1324	0.2488200364
1325	0.2483285994
1326	0.248308389
1327	0.2481447823
1328	0.247774408
1329	0.2477565114
1330	0.2477327538
1331	0.2477047243
1332	0.2473156201
1333	0.2467672069
1334	0.2461899514
1335	0.2454097867
1336	0.2450031295
1337	0.244172399
1338	0.2441455388
1339	0.2441153353
1340	0.2440849404
1341	0.2436981933
1342	0.2435684521
1343	0.2434438454
1344	0.2430235394
1345	0.2429749814
1346	0.2423888182
1347	0.2423578833
1348	0.2413657258
1349	0.2411122803
1350	0.2407864538
1351	0.2404042426
1352	0.2401722514
1353	0.24014051
1354	0.2401167475
1355	0.2400923472
1356	0.2397576891
1357	0.2397339179
1358	0.2397038927
1359	0.2393383267
1360	0.2390437056
1361	0.2388174436
1362	0.2387976793
1363	0.2387142736
1364	0.2383918671
1365	0.2380671719
1366	0.2380464475
1367	0.2378050623
1368	0.2377723242
1369	0.2373103505
1370	0.2372730412
1371	0.2368453085
1372	0.2368179146
1373	0.2365034374
1374	0.2362594969
1375	0.236044099
1376	0.2354470389
1377	0.2352892834
1378	0.2349979629
1379	0.2346129128
1380	0.2343970638
1381	0.2337056038
1382	0.2335726127
1383	0.2333460329
1384	0.233316161
1385	0.2332904263
1386	0.2332610995
1387	0.2328546117
1388	0.2328239259
1389	0.2327101926
1390	0.2326786886
1391	0.2320009691
1392	0.2314093503
1393	0.2313023247
1394	0.2312792916
1395	0.2312610474
1396	0.2312255208
1397	0.2310665825
1398	0.231042568
1399	0.23102458
1400	0.2309979826
1401	0.2308637226
1402	0.2307934055
1403	0.2305980634
1404	0.230575095
1405	0.2297120683
1406	0.2296820351
1407	0.2296502841
1408	0.2296155607
1409	0.2290882625
1410	0.2287557355
1411	0.2284540253
1412	0.2283885326
1413	0.2283623322
1414	0.2283403474
1415	0.228145114
1416	0.2281251539
1417	0.2280973322
1418	0.2279778391
1419	0.2271897069
1420	0.2268663848
1421	0.2268491126
1422	0.2268226998
1423	0.2265517983
1424	0.2265193322
1425	0.2264913683
1426	0.226162774
1427	0.2259011389
1428	0.2257778555
1429	0.2252611693
1430	0.2249919195
1431	0.2247971352
1432	0.2242720963
1433	0.2242414731
1434	0.2237540503
1435	0.2237324227
1436	0.2234772172
1437	0.2233556078
1438	0.2233309211
1439	0.2231970534
1440	0.2231267574
1441	0.2226601302
1442	0.2226418787
1443	0.2223337865
1444	0.2216169595
1445	0.2215031057
1446	0.2214743934
1447	0.2211538695
1448	0.2211199543
1449	0.2208402551
1450	0.2207220056
1451	0.220694147
1452	0.2202295844
1453	0.2201939412
1454	0.2201349317
1455	0.2201163097
1456	0.2193695643
1457	0.2193407779
1458	0.2191469678
1459	0.219107818
1460	0.2184295753
1461	0.2183788099
1462	0.2181635696
1463	0.2180844099
1464	0.2177915184
1465	0.2174171669
1466	0.2173227297
1467	0.217154442
1468	0.2171237945
1469	0.2171069639
1470	0.2170856401
1471	0.2170668053
1472	0.2170395285
1473	0.2170065062
1474	0.2169799995
1475	0.2168906354
1476	0.216606048
1477	0.216587694
1478	0.2164119429
1479	0.216386651
1480	0.2163609221
1481	0.2163025745
1482	0.2162797886
1483	0.2162489336
1484	0.2162276227
1485	0.216209988
1486	0.216190269
1487	0.2154790341
1488	0.2154529738
1489	0.2148170876
1490	0.2143192717
1491	0.2143010764
1492	0.2139701815
1493	0.2139388147
1494	0.2136697363
1495	0.2130157446
1496	0.2129918549
1497	0.2129716684
1498	0.2126148841
1499	0.2125535051
1500	0.2125026068
1501	0.2124787511
1502	0.2120029268
1503	0.2119824372
1504	0.2119539589
1505	0.2118691306
1506	0.2116901564
1507	0.2111085358
1508	0.2109605029
1509	0.2106829636
1510	0.2106649521
1511	0.2104973654
1512	0.2103946834
1513	0.2102608031
1514	0.2096526197
1515	0.209387865
1516	0.2093618985
1517	0.2091783702
1518	0.2091510295
1519	0.208803282
1520	0.2086289084
1521	0.208238314
1522	0.2082168882
1523	0.2081514627
1524	0.2080661792
1525	0.2080061484
1526	0.2079741509
1527	0.2079518796
1528	0.2076190643
1529	0.2073099337
1530	0.2072177228
1531	0.2071894033
1532	0.2071383648
1533	0.2071115077
1534	0.2070597507
1535	0.2070429177
1536	0.2068223906
1537	0.2062808356
1538	0.2062603376
1539	0.2060442553
1540	0.2060242526
1541	0.2060062033
1542	0.2059779155
1543	0.2059483573
1544	0.2057654399
1545	0.2057494176
1546	0.2054370196
1547	0.2053877222
1548	0.2052300568
1549	0.2052037469
1550	0.2050978259
1551	0.2048946657
1552	0.2046514551
1553	0.2046280527
1554	0.2045291649
1555	0.2044966623
1556	0.2044752515
1557	0.2044528939
1558	0.2042962036
1559	0.2041271413
1560	0.2041073899
1561	0.2040878572
1562	0.2040680635
1563	0.204046902
1564	0.2039989513
1565	0.2039799137
1566	0.2039009539
1567	0.2038754745
1568	0.2038441365
1569	0.2038078452
1570	0.2032889639
1571	0.2032728929
1572	0.2032549729
1573	0.2032263224
1574	0.2030442356
1575	0.2028331979
1576	0.2026845918
1577	0.2023364909
1578	0.2021368508
1579	0.2021196872
1580	0.2021009056
1581	0.2018876579
1582	0.2018593162
1583	0.2018408099
1584	0.2018252333
1585	0.2018065483
1586	0.2017524143
1587	0.2016966636
1588	0.201675099
1589	0.201653139
1590	0.2016271705
1591	0.2014519542
1592	0.2014307665
1593	0.2013941975
1594	0.2008401586
1595	0.2008161576
1596	0.2007629457
1597	0.2002845143
1598	0.1997623447
1599	0.1997451402
1600	0.1997294769
1601	0.1994176188
1602	0.1993952521
1603	0.1990948621
1604	0.199071767
1605	0.1989161945
1606	0.1988298554
1607	0.1988086425
1608	0.1986781923
1609	0.1984630495
1610	0.1983814378
1611	0.1981252528
1612	0.1980980368
1613	0.1980779456
1614	0.1977923956
1615	0.1977648134
1616	0.1977473051
1617	0.1977287653
1618	0.197709093
1619	0.1976941545
1620	0.1976678864
1621	0.1973783565
1622	0.1973596103
1623	0.1973425235
1624	0.1973244414
1625	0.1971188681
1626	0.1970998314
1627	0.1970816662
1628	0.1966499604
1629	0.1966330268
1630	0.1966154971
1631	0.1965987576
1632	0.1965371399
1633	0.1965141274
1634	0.1964962626
1635	0.196479587
1636	0.1964617036
1637	0.1964447918
1638	0.1964210304
1639	0.1963973096
1640	0.1961788182
1641	0.196084141
1642	0.1960621181
1643	0.1960393129
1644	0.1957605036
1645	0.195264956
1646	0.1951272397
1647	0.1950959247
1648	0.1950760454
1649	0.1950590004
1650	0.1950364393
1651	0.1949632394
1652	0.1949498593
1653	0.1949356224
1654	0.1947246958
1655	0.1946983059
1656	0.1942382681
1657	0.194219728
1658	0.1938991982
1659	0.1936610633
1660	0.1936445697
1661	0.1936130072
1662	0.1935961246
1663	0.1935098636
1664	0.1934849866
1665	0.1933259143
1666	0.1933033487
1667	0.1930915821
1668	0.1930702073
1669	0.1928505
1670	0.192774898
1671	0.1925179798
1672	0.1922773538
1673	0.1920173921
1674	0.1918134403
1675	0.1917280936
1676	0.1916411716
1677	0.1916201477
1678	0.1916018379
1679	0.1915303638
1680	0.1913470805
1681	0.1913145578
1682	0.1912951878
1683	0.1911030417
1684	0.1910164215
1685	0.1908858472
1686	0.1907420447
1687	0.190675796
1688	0.1906566892
1689	0.1906377706
1690	0.1905498961
1691	0.1904748358
1692	0.1903709195
1693	0.1903449894
1694	0.1899644557
1695	0.1899464004
1696	0.1899133442
1697	0.1898936124
1698	0.1896793943
1699	0.1896593602
1700	0.189236003
1701	0.1892142818
1702	0.1891422484
1703	0.1891267393
1704	0.1891084145
1705	0.1889502459
1706	0.1888966351
1707	0.1888842014
1708	0.1888675667
1709	0.1887662909
1710	0.1887541967
1711	0.1886868208
1712	0.1886544338
1713	0.1885378339
1714	0.188402896
1715	0.1883666351
1716	0.1883470172
1717	0.1883346948
1718	0.188199841
1719	0.1881856598
1720	0.1881693839
1721	0.1880391812
1722	0.1880173055
1723	0.187811156
1724	0.1877856294
1725	0.1877482347
1726	0.1877358297
1727	0.1877207847
1728	0.1873479237
1729	0.1869497054
1730	0.1869333029
1731	0.1869164531
1732	0.1868931457
1733	0.1867018146
1734	0.1866297181
1735	0.1865582483
1736	0.1865352244
1737	0.1861453743
1738	0.1861150354
1739	0.1860544146
1740	0.1858552103
1741	0.1854824407
1742	0.1854626894
1743	0.1854416409
1744	0.1854263254
1745	0.1853604815
1746	0.1853431926
1747	0.1853185774
1748	0.1853016954
1749	0.1850931148
1750	0.1850773759
1751	0.1850079488
1752	0.1848363976
1753	0.184820571
1754	0.1847468712
1755	0.1847264922
1756	0.1847109658
1757	0.1846739465
1758	0.1846587007
1759	0.1846159683
1760	0.184594606
1761	0.1845196055
1762	0.1844918675
1763	0.1842894548
1764	0.1842236545
1765	0.1842024389
1766	0.1841815331
1767	0.1841624379
1768	0.1840205912
1769	0.1839997584
1770	0.1839719056
1771	0.1839499268
1772	0.1837996287
1773	0.1837881169
1774	0.1837639049
1775	0.1837167227
1776	0.1837030493
1777	0.1834926139
1778	0.1833262341
1779	0.1832570775
1780	0.1831013868
1781	0.1830133505
1782	0.1829042381
1783	0.1828901048
1784	0.1828743245
1785	0.182858236
1786	0.1828415019
1787	0.1828044751
1788	0.1826577116
1789	0.1826387931
1790	0.1826095499
1791	0.1825769879
1792	0.1825299429
1793	0.1824883299
1794	0.1824629078
1795	0.1823974566
1796	0.1823831087
1797	0.1821037171
1798	0.1820297556
1799	0.1820122444
1800	0.1819982451
1801	0.1819415938
1802	0.1819248806
1803	0.1818810097
1804	0.1818693452
1805	0.1817659406
1806	0.1817459869
1807	0.1816458936
1808	0.1815536953
1809	0.1814327241
1810	0.1812239272
1811	0.1812008331
1812	0.1810807022
1813	0.1810645335
1814	0.1810471397
1815	0.181029338
1816	0.181012538
1817	0.1807987099
1818	0.1807822029
1819	0.1805634596
1820	0.1805025196
1821	0.1804804973
1822	0.1803191795
1823	0.1803022799
1824	0.1802477514
1825	0.180004138
1826	0.1799807134
1827	0.1797510719
1828	0.179731674
1829	0.1796954781
1830	0.1795461355
1831	0.1795251989
1832	0.1795115775
1833	0.1794970246
1834	0.1794681556
1835	0.179330097
1836	0.1793157627
1837	0.1792747166
1838	0.1791089938
1839	0.1790043636
1840	0.1789850486
1841	0.1789242381
1842	0.1788619624
1843	0.1787470849
1844	0.1784272528
1845	0.1782579192
1846	0.1782372003
1847	0.1780467007
1848	0.1780326466
1849	0.1780164904
1850	0.1780029571
1851	0.1779746244
1852	0.177924394
1853	0.1777544108
1854	0.1775702889
1855	0.1775556832
1856	0.1775257507
1857	0.1773618355
1858	0.1773480952
1859	0.1772194813
1860	0.1770674113
1861	0.1770513102
1862	0.1768708552
1863	0.1768490647
1864	0.1768244856
1865	0.1766835181
1866	0.1766682435
1867	0.1765813935
1868	0.1765211794
1869	0.1764843709
1870	0.1763509879
1871	0.1763365782
1872	0.1761797002
1873	0.1761574095
1874	0.1760957878
1875	0.1759284088
1876	0.1758820556
1877	0.1758275045
1878	0.1758145193
1879	0.1758033147
1880	0.1757466636
1881	0.1757341685
1882	0.1757202362
1883	0.1757047228
1884	0.1754257999
1885	0.1754074971
1886	0.1753927481
1887	0.175233146
1888	0.1751430846
1889	0.1750540376
1890	0.1749512626
1891	0.1747911437
1892	0.1747767257
1893	0.1747636862
1894	0.1747395125
1895	0.1746863622
1896	0.1746422737
1897	0.1746266607
1898	0.1746103098
1899	0.174594406
1900	0.1745486109
1901	0.1744758719
1902	0.1744550551
1903	0.1743291067
1904	0.1742544698
1905	0.1742330047
1906	0.1740996233
1907	0.1740838643
1908	0.1740616398
1909	0.1739392946
1910	0.1737908855
1911	0.1737775787
1912	0.1736680698
1913	0.1736470978
1914	0.173609496
1915	0.1734775076
1916	0.1733143235
1917	0.1733003011
1918	0.1732680554
1919	0.1730725302
1920	0.1730513665
1921	0.1730371482
1922	0.1729044678
1923	0.1728951243
1924	0.1728141071
1925	0.1728024581
1926	0.1726260496
1927	0.1725880289
1928	0.1725758365
1929	0.1725626228
1930	0.172546677
1931	0.1725247461
1932	0.1725102486
1933	0.1724561413
1934	0.1723730573
1935	0.1723595781
1936	0.1723410379
1937	0.17228293
1938	0.1721258798
1939	0.1720301613
1940	0.1720128149
1941	0.1719951902
1942	0.1719441838
1943	0.1719103358
1944	0.1718872908
1945	0.1717450278
1946	0.1715813013
1947	0.1715324875
1948	0.1715162061
1949	0.1713927491
1950	0.1713721325
1951	0.1712596531
1952	0.1711956939
1953	0.171180731
1954	0.1711620902
1955	0.1711440506
1956	0.1709955613
1957	0.1709056074
1958	0.1708924405
1959	0.1708777631
1960	0.1708332918
1961	0.1706989928
1962	0.1706776226
1963	0.1706336978
1964	0.1705254059
1965	0.1704259657
1966	0.1704036152
1967	0.1703729711
1968	0.1703517115
1969	0.1702997007
1970	0.1702394382
1971	0.1700827221
1972	0.1700319241
1973	0.1700191921
1974	0.1699232097
1975	0.1698723759
1976	0.1698367411
1977	0.1697557062
1978	0.1697309216
1979	0.1697179721
1980	0.1696832561
1981	0.1696268601
1982	0.1696134342
1983	0.169576819
1984	0.1695572238
1985	0.1695387836
1986	0.1694075029
1987	0.1692746722
1988	0.1692595083
1989	0.1692422946
1990	0.1691441276
1991	0.1691274566
1992	0.1691142937
1993	0.1690554121
1994	0.1690207596
1995	0.1690064652
1996	0.1688870714
1997	0.1688181821
1998	0.1686186118
1999	0.1685980218
2000	0.1685805106
2001	0.1685614322
2002	0.1684332775
2003	0.1682525322
2004	0.1682278298
2005	0.1681109217
2006	0.1680524478
2007	0.1680357496
2008	0.1680163113
2009	0.1678903833
2010	0.1676470212
2011	0.1676344582
2012	0.1675208574
2013	0.1675019953
2014	0.1674900741
2015	0.167442404
2016	0.1673919413
2017	0.1673630947
2018	0.1672843071
2019	0.1672698694
2020	0.1672367225
2021	0.1671870785
2022	0.1671722741
2023	0.1671598729
2024	0.1670501859
2025	0.1670005599
2026	0.1668824938
2027	0.1668668309
2028	0.166763602
2029	0.1667373357
2030	0.1666377949
2031	0.1664887411
2032	0.1664753459
2033	0.1664535899
2034	0.1663707226
2035	0.1663499109
2036	0.1661201771
2037	0.1659753636
2038	0.165961931
2039	0.1659233485
2040	0.1658722134
2041	0.1657810734
2042	0.1657603845
2043	0.1657430216
2044	0.1657268034
2045	0.1657116121
2046	0.1656891053
2047	0.1655275027
2048	0.1655033938
2049	0.165357452
2050	0.1652347019
2051	0.165135849
2052	0.1650957349
2053	0.1650807534
2054	0.165054452
2055	0.1650414869
2056	0.1649934774
2057	0.1649765377
2058	0.1649329988
2059	0.1649166667
2060	0.1648674328
2061	0.1647738774
2062	0.1647247471
2063	0.1647047534
2064	0.1646782069
2065	0.1646112872
2066	0.1645832143
2067	0.1645662853
2068	0.1645113619
2069	0.1644838791
2070	0.1644684035
2071	0.1644524211
2072	0.1644407133
2073	0.1644008122
2074	0.1643814337
2075	0.1643558098
2076	0.1643134713
2077	0.1642025247
2078	0.1641211112
2079	0.1641068067
2080	0.1640145814
2081	0.1639977967
2082	0.1639148498
2083	0.1638683719
2084	0.1638261427
2085	0.1637368263
2086	0.1636564383
2087	0.1636385425
2088	0.1635898415
2089	0.163571141
2090	0.1635602012
2091	0.1635443494
2092	0.1634663307
2093	0.1633649017
2094	0.1632532586
2095	0.1632429736
2096	0.1630588819
2097	0.1630224071
2098	0.1630079683
2099	0.1629993972
2100	0.1629856877
2101	0.1629097465
2102	0.1628444869
2103	0.1627694575
2104	0.1627567376
2105	0.1626922015
2106	0.1626799951
2107	0.1626605587
2108	0.16264751
2109	0.1626217764
2110	0.1626064602
2111	0.1625625518
2112	0.1623854667
2113	0.1623435596
2114	0.1622659988
2115	0.1622514716
2116	0.1622291405
2117	0.1621395484
2118	0.1620377778
2119	0.1620200325
2120	0.1619634252
2121	0.1618860008
2122	0.1618213103
2123	0.161626411
2124	0.1615760444
2125	0.161448323
2126	0.161430456
2127	0.1613443549
2128	0.1612551301
2129	0.1612440741
2130	0.16122972
2131	0.1612117897
2132	0.1612006235
2133	0.1611298063
2134	0.1611137856
2135	0.1610980264
2136	0.161083368
2137	0.160949907
2138	0.1609369488
2139	0.1609216669
2140	0.1608637461
2141	0.1608486972
2142	0.1607701242
2143	0.1607011133
2144	0.1606864762
2145	0.1606729368
2146	0.1606599126
2147	0.1606376625
2148	0.1605366916
2149	0.1605203247
2150	0.1604822783
2151	0.160445828
2152	0.1603909799
2153	0.1603772503
2154	0.160358071
2155	0.1603453539
2156	0.160332853
2157	0.1601463294
2158	0.1601022996
2159	0.1600570074
2160	0.159957941
2161	0.1598962127
2162	0.1598796018
2163	0.159821042
2164	0.1597489541
2165	0.1596692627
2166	0.1596530502
2167	0.1596362233
2168	0.1596239154
2169	0.1596128686
2170	0.1594091775
2171	0.159381408
2172	0.1593466522
2173	0.1593281788
2174	0.1593141343
2175	0.1592264326
2176	0.1591431018
2177	0.1591281621
2178	0.1589321271
2179	0.1589162024
2180	0.1587954693
2181	0.1587833831
2182	0.1587731835
2183	0.1586990717
2184	0.1586803893
2185	0.158573016
2186	0.158559995
2187	0.158489282
2188	0.1584196618
2189	0.1583733925
2190	0.1582533582
2191	0.1581765038
2192	0.1581624708
2193	0.1580798447
2194	0.1580442658
2195	0.1579789342
2196	0.157942835
2197	0.1578383103
2198	0.1577236302
2199	0.1575565146
2200	0.1574913811
2201	0.15747583
2202	0.1574596535
2203	0.157446859
2204	0.1574116614
2205	0.1573956211
2206	0.1573395112
2207	0.1573259604
2208	0.1572807668
2209	0.1572060863
2210	0.1571929544
2211	0.1571778383
2212	0.1571647646
2213	0.1571039883
2214	0.1569933987
2215	0.156966682
2216	0.1568945845
2217	0.1568823792
2218	0.1568301534
2219	0.1568186883
2220	0.1566545999
2221	0.1566365906
2222	0.1566097488
2223	0.1565382015
2224	0.1565247266
2225	0.1565104873
2226	0.1564972589
2227	0.1564790557
2228	0.1564578651
2229	0.1564409028
2230	0.1563440647
2231	0.1562866756
2232	0.1561919076
2233	0.1561311663
2234	0.1559895682
2235	0.1558729208
2236	0.1558272504
2237	0.1557751555
2238	0.1557636844
2239	0.1556857616
2240	0.1556599492
2241	0.1556411626
2242	0.1556271688
2243	0.1556134987
2244	0.1555536747
2245	0.1554673937
2246	0.1554538404
2247	0.1553551509
2248	0.1553407882
2249	0.1553247661
2250	0.1553093006
2251	0.1552609939
2252	0.1552466618
2253	0.1550993038
2254	0.1550642057
2255	0.1550517047
2256	0.1550298231
2257	0.1549261308
2258	0.1547777857
2259	0.1547073948
2260	0.1546851038
2261	0.1546184896
2262	0.1545595017
2263	0.1545354649
2264	0.1544333484
2265	0.1543705649
2266	0.1543599571
2267	0.1543168388
2268	0.1543048197
2269	0.1542813906
2270	0.1542649991
2271	0.1542132759
2272	0.154203379
2273	0.1541885395
2274	0.1541695407
2275	0.1541527477
2276	0.1541368998
2277	0.1541244024
2278	0.1540874678
2279	0.1540715798
2280	0.154057579
2281	0.1540371431
2282	0.1539504733
2283	0.1538557337
2284	0.1538444024
2285	0.1538285684
2286	0.1537924674
2287	0.1537790655
2288	0.1537642808
2289	0.1537267421
2290	0.1536634428
2291	0.1536462803
2292	0.1536302995
2293	0.1535879803
2294	0.1535751938
2295	0.1535589622
2296	0.1535415958
2297	0.1534736291
2298	0.1533103171
2299	0.1532948119
2300	0.1532593489
2301	0.1532067132
2302	0.1531644704
2303	0.1531129015
2304	0.1530852925
2305	0.1530660989
2306	0.1530527539
2307	0.1530237857
2308	0.1529765239
2309	0.1529461318
2310	0.15284778
2311	0.1527510614
2312	0.1527358917
2313	0.1527061512
2314	0.1526919801
2315	0.152609365
2316	0.1525660279
2317	0.1525551309
2318	0.1525444228
2319	0.1525336867
2320	0.1524986369
2321	0.1523720136
2322	0.1523530053
2323	0.152342981
2324	0.1522775277
2325	0.1522622027
2326	0.1522477099
2327	0.1521815371
2328	0.152093445
2329	0.1520250928
2330	0.1519909106
2331	0.1519776561
2332	0.1519628435
2333	0.1519230649
2334	0.1519123203
2335	0.1518523111
2336	0.1518386363
2337	0.1517862801
2338	0.1517294941
2339	0.151594619
2340	0.1514756298
2341	0.1514140734
2342	0.1513850656
2343	0.1513347378
2344	0.1513196464
2345	0.1512546342
2346	0.1512233444
2347	0.151208784
2348	0.1511941559
2349	0.1511592744
2350	0.1511216739
2351	0.1511103383
2352	0.1510725595
2353	0.1509511703
2354	0.1509355894
2355	0.1508567186
2356	0.1508458408
2357	0.1507470808
2358	0.1507337797
2359	0.1507198069
2360	0.1506656449
2361	0.150628493
2362	0.1506136816
2363	0.1505641903
2364	0.1505354997
2365	0.1504664961
2366	0.150430528
2367	0.1504170734
2368	0.1504011583
2369	0.1503889487
2370	0.1503747114
2371	0.1503603914
2372	0.1503485949
2373	0.1502788623
2374	0.1502466118
2375	0.1502275261
2376	0.1502141443
2377	0.150185695
2378	0.1501754253
2379	0.1501622821
2380	0.1501532161
2381	0.1501380845
2382	0.150109162
2383	0.1500656223
2384	0.1500471383
2385	0.1500137421
2386	0.1500005526
2387	0.1499639377
2388	0.1499541981
2389	0.149936023
2390	0.1498799042
2391	0.1497899567
2392	0.1497340484
2393	0.1496647252
2394	0.1496515527
2395	0.1496349554
2396	0.1495919573
2397	0.1495814071
2398	0.1495707402
2399	0.1494892732
2400	0.1494260618
2401	0.1494160863
2402	0.1493773251
2403	0.1493609398
2404	0.1493195838
2405	0.1493104747
2406	0.1492970636
2407	0.1492335529
2408	0.1492248639
2409	0.1492111929
2410	0.1491975197
2411	0.1491353117
2412	0.1491110557
2413	0.1490974665
2414	0.1490147996
2415	0.1489730596
2416	0.1489006892
2417	0.148880154
2418	0.1488640126
2419	0.1488487759
2420	0.1488344489
2421	0.1488201592
2422	0.1487948606
2423	0.148779274
2424	0.148709719
2425	0.1486943315
2426	0.1486832713
2427	0.1486692107
2428	0.1486076872
2429	0.1485870919
2430	0.148574528
2431	0.1485232756
2432	0.1484642127
2433	0.1484490612
2434	0.1484349341
2435	0.1484226132
2436	0.1483343724
2437	0.1482854273
2438	0.1481913242
2439	0.1481560537
2440	0.1480797635
2441	0.1480668106
2442	0.1480265216
2443	0.1480166542
2444	0.1480037675
2445	0.1479213746
2446	0.1479094793
2447	0.147802943
2448	0.1477881017
2449	0.1477711727
2450	0.1477174184
2451	0.1476196517
2452	0.1476065476
2453	0.1475895228
2454	0.1475755894
2455	0.1475649096
2456	0.1475337329
2457	0.1474755272
2458	0.1474454638
2459	0.1474327063
2460	0.1474151375
2461	0.1473724135
2462	0.1473569781
2463	0.1473384921
2464	0.1473273687
2465	0.147315145
2466	0.1472347605
2467	0.1471926394
2468	0.1471538539
2469	0.1471418406
2470	0.1471337621
2471	0.1471206001
2472	0.1470919811
2473	0.1470584091
2474	0.1470456371
2475	0.1470338315
2476	0.1469993743
2477	0.146967454
2478	0.1469247741
2479	0.1469139966
2480	0.1468680784
2481	0.1467946948
2482	0.1467856874
2483	0.1467726153
2484	0.1466961317
2485	0.146685621
2486	0.1466755737
2487	0.1466104301
2488	0.1465498134
2489	0.1465372344
2490	0.146528444
2491	0.1465181109
2492	0.1464688748
2493	0.1463963299
2494	0.1463586087
2495	0.1463426401
2496	0.146282822
2497	0.1462309348
2498	0.1462195953
2499	0.14616906
2500	0.1461598863
2501	0.1460995577
2502	0.1460827078
2503	0.1460432336
2504	0.145997739
2505	0.14597943
2506	0.1458820983
2507	0.145869689
2508	0.145819291
2509	0.1457806286
2510	0.1457701591
2511	0.1457369827
2512	0.1457171353
2513	0.1457029705
2514	0.1456501866
2515	0.1456109421
2516	0.145600633
2517	0.1455718692
2518	0.1455331304
2519	0.1455075102
2520	0.1454748691
2521	0.1454302782
2522	0.1454184894
2523	0.1454081415
2524	0.1453956932
2525	0.1453428689
2526	0.1453130653
2527	0.1452710189
2528	0.1452430735
2529	0.1452305892
2530	0.145215668
2531	0.1451709403
2532	0.1451083934
2533	0.1450954901
2534	0.1450767031
2535	0.145063335
2536	0.1450522899
2537	0.1450429624
2538	0.1450281803
2539	0.1450163551
2540	0.1450015975
2541	0.1449919119
2542	0.1449028245
2543	0.1448909134
2544	0.1448729912
2545	0.1448266809
2546	0.1447889831
2547	0.1447772773
2548	0.1447665351
2549	0.144744709
2550	0.1447324969
2551	0.144723505
2552	0.144665277
2553	0.1446308017
2554	0.1445437953
2555	0.1445228904
2556	0.144507445
2557	0.1444938755
2558	0.1444605349
2559	0.1444068049
2560	0.1443881309
2561	0.1443359103
2562	0.1442521834
2563	0.144242371
2564	0.1442095581
2565	0.1441969717
2566	0.1441783539
2567	0.1441566988
2568	0.1441153917
2569	0.1440863437
2570	0.1440480181
2571	0.1440330428
2572	0.1440198493
2573	0.1440071212
2574	0.1439921357
2575	0.1439787623
2576	0.1439034191
2577	0.1438875206
2578	0.1438762235
2579	0.1438602407
2580	0.143802048
2581	0.1437865631
2582	0.1437762252
2583	0.1437563225
2584	0.1437357606
2585	0.1437133183
2586	0.1436827197
2587	0.1436731617
2588	0.1436351415
2589	0.1436232658
2590	0.1436105918
2591	0.1435710775
2592	0.143556039
2593	0.1435459572
2594	0.1435312081
2595	0.1435014911
2596	0.1434755286
2597	0.1434412417
2598	0.1434274468
2599	0.1433133377
2600	0.1433035954
2601	0.1432926431
2602	0.1432717496
2603	0.1432583986
2604	0.1432474351
2605	0.1432384977
2606	0.1432276694
2607	0.143147187
2608	0.1431365413
2609	0.1430578944
2610	0.1430482142
2611	0.1430349193
2612	0.1430219128
2613	0.1430076476
2614	0.1429746639
2615	0.1429275299
2616	0.1429011949
2617	0.1428768663
2618	0.1428011694
2619	0.1427848848
2620	0.1427756785
2621	0.1427647368
2622	0.142749134
2623	0.1427047336
2624	0.1426968685
2625	0.1426832989
2626	0.1426750825
2627	0.1425602694
2628	0.1425095653
2629	0.142500872
2630	0.1424905063
2631	0.1424271208
2632	0.1424175527
2633	0.1423573148
2634	0.1423433777
2635	0.1422243862
2636	0.1421595342
2637	0.1421158387
2638	0.1420987167
2639	0.1420797492
2640	0.1420721318
2641	0.1420422533
2642	0.1419956905
2643	0.141982075
2644	0.1419559623
2645	0.1419453873
2646	0.1419323479
2647	0.1419220043
2648	0.141885583
2649	0.1418604429
2650	0.1417546778
2651	0.141743361
2652	0.1416897536
2653	0.1416571981
2654	0.141642696
2655	0.1416203503
2656	0.1416063888
2657	0.1415112885
2658	0.141497715
2659	0.141485516
2660	0.1414588091
2661	0.1414462787
2662	0.1414299402
2663	0.1414204793
2664	0.1414087873
2665	0.1413755602
2666	0.1413598212
2667	0.1413329866
2668	0.1412595662
2669	0.1412320717
2670	0.1411735674
2671	0.1411438355
2672	0.1411257526
2673	0.1410907874
2674	0.141074854
2675	0.1410623799
2676	0.141031462
2677	0.1410218909
2678	0.1410121403
2679	0.1409801115
2680	0.1409670102
2681	0.1409149375
2682	0.1408737498
2683	0.140861665
2684	0.1408501893
2685	0.1408369488
2686	0.1408253876
2687	0.1407806634
2688	0.1407473707
2689	0.1406975937
2690	0.1406865598
2691	0.1406783142
2692	0.1406138924
2693	0.1405852085
2694	0.1405281873
2695	0.1405014625
2696	0.1404884289
2697	0.1404753867
2698	0.140466173
2699	0.1404534507
2700	0.14043157
2701	0.1404207065
2702	0.1403585204
2703	0.1403443934
2704	0.1403339646
2705	0.1402288164
2706	0.1402136926
2707	0.1402025305
2708	0.1401586777
2709	0.1401244336
2710	0.1400771103
2711	0.1400519991
2712	0.1399933341
2713	0.13995161
2714	0.1399395376
2715	0.1398721193
2716	0.1398615176
2717	0.1398507053
2718	0.1398099783
2719	0.1398018128
2720	0.1397844568
2721	0.1397285946
2722	0.1397053735
2723	0.139679472
2724	0.1396525638
2725	0.1396417275
2726	0.1395972882
2727	0.139507771
2728	0.1394110724
2729	0.139358586
2730	0.1393052619
2731	0.1392539874
2732	0.1392416624
2733	0.1391988971
2734	0.1391640041
2735	0.1391499038
2736	0.1391236978
2737	0.1390977341
2738	0.1390573748
2739	0.1390432829
2740	0.1390352488
2741	0.1390209911
2742	0.1390049677
2743	0.1389877698
2744	0.1389743699
2745	0.1389357835
2746	0.1389264799
2747	0.1388995063
2748	0.1388895313
2749	0.1388756677
2750	0.1388153847
2751	0.1388075082
2752	0.1387944872
2753	0.1387844101
2754	0.1387630549
2755	0.1387495118
2756	0.1387420874
2757	0.1386889079
2758	0.1386776861
2759	0.1386646872
2760	0.1386237334
2761	0.1385741461
2762	0.1385179498
2763	0.1385060863
2764	0.138494137
2765	0.1384810278
2766	0.1384688742
2767	0.1384603376
2768	0.1384486391
2769	0.1383834065
2770	0.1383403435
2771	0.1382768661
2772	0.1382337687
2773	0.1382228909
2774	0.1382135574
2775	0.1382003176
2776	0.1381594907
2777	0.1381370463
2778	0.1380824257
2779	0.1380679391
2780	0.1380395259
2781	0.1380232432
2782	0.1380134397
2783	0.1379950834
2784	0.1379864604
2785	0.1379759084
2786	0.1379657004
2787	0.1379577356
2788	0.137944264
2789	0.1379319462
2790	0.1379194305
2791	0.1378476881
2792	0.1378345194
2793	0.1378232565
2794	0.1378068079
2795	0.1377505801
2796	0.1377261154
2797	0.1377139181
2798	0.1376854421
2799	0.137675549
2800	0.1376616239
2801	0.1376490228
2802	0.137637297
2803	0.1376189144
2804	0.1375469256
2805	0.1374689553
2806	0.1374558735
2807	0.137413209
2808	0.1373870378
2809	0.1373778526
2810	0.1373388262
2811	0.1373255214
2812	0.1373130524
2813	0.1372814696
2814	0.1372702237
2815	0.1372624043
2816	0.1372354544
2817	0.1372240064
2818	0.1371530546
2819	0.1371411866
2820	0.1370926716
2821	0.1370299349
2822	0.1370000008
2823	0.1369918199
2824	0.1369791222
2825	0.136955393
2826	0.1369418071
2827	0.1369292877
2828	0.1369191057
2829	0.136878606
2830	0.1368671039
2831	0.1368308694
2832	0.1368156118
2833	0.136804137
2834	0.1367538052
2835	0.136744035
2836	0.1367319123
2837	0.136701607
2838	0.1366889302
2839	0.1366697519
2840	0.136638643
2841	0.1366255142
2842	0.1366150348
2843	0.1365846749
2844	0.1365752227
2845	0.1365163275
2846	0.1364717107
2847	0.1364637171
2848	0.1364540194
2849	0.1364427478
2850	0.1364353835
2851	0.1364040901
2852	0.1363639275
2853	0.1363512241
2854	0.1362852482
2855	0.1362754856
2856	0.1362574233
2857	0.1362479024
2858	0.1362397815
2859	0.1362279645
2860	0.1362184851
2861	0.1361905424
2862	0.1361793756
2863	0.136123604
2864	0.1361134046
2865	0.1361041137
2866	0.1360935973
2867	0.1360837918
2868	0.1360429256
2869	0.136033051
2870	0.1360016938
2871	0.1359436049
2872	0.1359321144
2873	0.1358936432
2874	0.1358636685
2875	0.1358430795
2876	0.1358333758
2877	0.1358061917
2878	0.1357949336
2879	0.1357860513
2880	0.1357744324
2881	0.1357533566
2882	0.1357400573
2883	0.1356956081
2884	0.1356668491
2885	0.135657191
2886	0.1356393282
2887	0.1356280305
2888	0.1356139609
2889	0.135603625
2890	0.1355938397
2891	0.1355831451
2892	0.1355565381
2893	0.1355476572
2894	0.1355286243
2895	0.1355160031
2896	0.1354771148
2897	0.1354483022
2898	0.135435911
2899	0.1354249708
2900	0.135412828
2901	0.1354001456
2902	0.1353615284
2903	0.1353514319
2904	0.1353350867
2905	0.1352835843
2906	0.1352628984
2907	0.1352402092
2908	0.1352153662
2909	0.1352061434
2910	0.135197596
2911	0.1351548258
2912	0.1351214802
2913	0.135111055
2914	0.1350844083
2915	0.1350400468
2916	0.1350289986
2917	0.1350174741
2918	0.1350087306
2919	0.1350001753
2920	0.134990086
2921	0.1349415737
2922	0.1349295065
2923	0.1348890459
2924	0.1348775565
2925	0.1348651102
2926	0.1348547276
2927	0.1348403212
2928	0.1348174562
2929	0.1348069577
2930	0.1347975242
2931	0.1347549076
2932	0.1347117895
2933	0.1346562669
2934	0.1346488374
2935	0.1346140931
2936	0.1345700086
2937	0.1345577672
2938	0.1344890756
2939	0.13447755
2940	0.1344404864
2941	0.1343856741
2942	0.1343745711
2943	0.1343645454
2944	0.1343176129
2945	0.1343067514
2946	0.1342731502
2947	0.1342571337
2948	0.1342472474
2949	0.1342363461
2950	0.134216704
2951	0.1341877604
2952	0.1341772991
2953	0.1341656822
2954	0.1341559535
2955	0.1341466798
2956	0.1341342373
2957	0.1341230804
2958	0.1340888828
2959	0.1340786888
2960	0.1340408143
2961	0.1340287479
2962	0.1340054352
2963	0.1339940586
2964	0.1339520877
2965	0.1339114501
2966	0.1339046629
2967	0.1338961886
2968	0.1338475962
2969	0.1338343219
2970	0.1338019443
2971	0.1337655177
2972	0.1337527598
2973	0.1337444904
2974	0.1337018997
2975	0.1336767411
2976	0.1336517056
2977	0.1336398999
2978	0.1336295329
2979	0.1336174902
2980	0.1335548945
2981	0.1335137261
2982	0.1335030069
2983	0.1334512159
2984	0.1334326867
2985	0.1334219826
2986	0.1333977146
2987	0.1333909859
2988	0.1333375801
2989	0.1333269353
2990	0.1332980118
2991	0.1332476157
2992	0.1332404147
2993	0.1332320251
2994	0.1332075191
2995	0.1331288986
2996	0.133117585
2997	0.1330905428
2998	0.1330804674
2999	0.1330675645
3000	0.1330576381
3001	0.1330156169
3002	0.1329844739
3003	0.1329455752
3004	0.1329365544
3005	0.1328980876
3006	0.1328809704
3007	0.1328592763
3008	0.1328318866
3009	0.1328161675
3010	0.1327751795
3011	0.1327500757
3012	0.1327365139
3013	0.1326987965
3014	0.1326741685
3015	0.1326477289
3016	0.1326349558
3017	0.1326115715
3018	0.1325730379
3019	0.1325629741
3020	0.1325327833
3021	0.1325073251
3022	0.1324805624
3023	0.1324565303
3024	0.1324454293
3025	0.1324351079
3026	0.1323995489
3027	0.132387625
3028	0.1323744301
3029	0.1323631332
3030	0.1323372787
3031	0.1323293975
3032	0.1323162715
3033	0.1323083374
3034	0.1322988251
3035	0.1322897705
3036	0.1322744717
3037	0.1322685124
3038	0.1322466836
3039	0.1322271919
3040	0.1321821861
3041	0.1321724485
3042	0.13212504
3043	0.1321155111
3044	0.1320996877
3045	0.1320927988
3046	0.1320833777
3047	0.1320497238
3048	0.1319894603
3049	0.1319325661
3050	0.1319002928
3051	0.1318877936
3052	0.1318761815
3053	0.1318403518
3054	0.1318292918
3055	0.1318215707
3056	0.1318114008
3057	0.1318009579
3058	0.1317621275
3059	0.1317493273
3060	0.131710126
3061	0.1316502722
3062	0.1316421785
3063	0.1316255482
3064	0.1316154868
3065	0.131604022
3066	0.131595929
3067	0.1315814203
3068	0.1315301688
3069	0.1315054286
3070	0.1314632112
3071	0.1314486367
3072	0.1314294077
3073	0.1314045276
3074	0.1313788389
3075	0.1313549352
3076	0.1313471196
3077	0.1313373147
3078	0.1313265295
3079	0.1312670133
3080	0.1312558276
3081	0.1312227737
3082	0.1311708114
3083	0.1311501957
3084	0.1311346939
3085	0.1311208858
3086	0.1310734358
3087	0.1310324978
3088	0.1310130751
3089	0.1309841528
3090	0.1309358158
3091	0.1309261131
3092	0.1309028878
3093	0.1308789366
3094	0.1308323944
3095	0.1308227402
3096	0.130783242
3097	0.13077285
3098	0.1307598539
3099	0.1307139958
3100	0.1307050931
3101	0.1306589362
3102	0.1306235912
3103	0.1305743169
3104	0.1305634859
3105	0.1305551115
3106	0.130511267
3107	0.1305006088
3108	0.1304684295
3109	0.1304602725
3110	0.1304445465
3111	0.1304124735
3112	0.1303809538
3113	0.1303717542
3114	0.1303605164
3115	0.130337592
3116	0.1303178068
3117	0.1303034068
3118	0.1302848261
3119	0.1302594677
3120	0.130214343
3121	0.130206226
3122	0.130189728
3123	0.1301539301
3124	0.1301261665
3125	0.1301143526
3126	0.1301040247
3127	0.1300899348
3128	0.1300800797
3129	0.1300547144
3130	0.1300463675
3131	0.1300267533
3132	0.1300156836
3133	0.1300054265
3134	0.1299886006
3135	0.1299648395
3136	0.1299513756
3137	0.1299405126
3138	0.1299026001
3139	0.1298640558
3140	0.129852268
3141	0.129842996
3142	0.1298103316
3143	0.1297486073
3144	0.1297253344
3145	0.1297165871
3146	0.1296995085
3147	0.1296914498
3148	0.1296694747
3149	0.1296407363
3150	0.129631385
3151	0.1296201641
3152	0.129611622
3153	0.1295825518
3154	0.1295764406
3155	0.1295548441
3156	0.1294997241
3157	0.1294900387
3158	0.129441569
3159	0.129429399
3160	0.1293858928
3161	0.1293689137
3162	0.1293605816
3163	0.1293538972
3164	0.1293462504
3165	0.1293256839
3166	0.1292713502
3167	0.129255599
3168	0.1292270274
3169	0.1292006049
3170	0.1291487934
3171	0.1291368617
3172	0.1291294631
3173	0.1290990463
3174	0.1290941193
3175	0.129067342
3176	0.1290591255
3177	0.1290148258
3178	0.1289952274
3179	0.1289839762
3180	0.1289763864
3181	0.1289571978
3182	0.1289486333
3183	0.1289389016
3184	0.1289188043
3185	0.1289109701
3186	0.1288891659
3187	0.1288459039
3188	0.1288025662
3189	0.1287927509
3190	0.1287820528
3191	0.1287135056
3192	0.1286991482
3193	0.128689451
3194	0.1286486429
3195	0.1286136285
3196	0.1285945234
3197	0.128586767
3198	0.1285727387
3199	0.1285399858
3200	0.1285293181
3201	0.1285206353
3202	0.1284944506
3203	0.128475335
3204	0.1284352891
3205	0.1284017952
3206	0.1283807449
3207	0.1283681238
3208	0.1283619097
3209	0.1283391604
3210	0.1283308868
3211	0.1283209568
3212	0.128297961
3213	0.1282806321
3214	0.1282326618
3215	0.1281935904
3216	0.1281809822
3217	0.1281551553
3218	0.1281228193
3219	0.1281141141
3220	0.1281035852
3221	0.1280867742
3222	0.1280753234
3223	0.1280540306
3224	0.1280143451
3225	0.1279936441
3226	0.1279577967
3227	0.1279478209
3228	0.127927223
3229	0.1279153133
3230	0.1279064195
3231	0.1278795306
3232	0.127871958
3233	0.1278581838
3234	0.1278490612
3235	0.1278196338
3236	0.1278077407
3237	0.1277508825
3238	0.1277187007
3239	0.1277109632
3240	0.1277022808
3241	0.1276830919
3242	0.1276728824
3243	0.1276644725
3244	0.127644393
3245	0.1276221536
3246	0.1276131723
3247	0.1275799601
3248	0.1275562643
3249	0.1275265819
3250	0.1274891707
3251	0.1274563541
3252	0.1273935521
3253	0.127381448
3254	0.1273286224
3255	0.1273006814
3256	0.1272844765
3257	0.1272518988
3258	0.1272273908
3259	0.1272163744
3260	0.1272063832
3261	0.1271974472
3262	0.1271879042
3263	0.1271782302
3264	0.1271588396
3265	0.1271451758
3266	0.1271220542
3267	0.1271119187
3268	0.1271024797
3269	0.1270910904
3270	0.1270756824
3271	0.1270347253
3272	0.1269842051
3273	0.1269473454
3274	0.1269197662
3275	0.1268896546
3276	0.1268819601
3277	0.1268730075
3278	0.1268636137
3279	0.1268450158
3280	0.1268107514
3281	0.1268027647
3282	0.1267747042
3283	0.1267660516
3284	0.1267514282
3285	0.126740734
3286	0.126723721
3287	0.1267157937
3288	0.126702636
3289	0.126691617
3290	0.1266827253
3291	0.1266719134
3292	0.1266591399
3293	0.1266315097
3294	0.1266238862
3295	0.126603313
3296	0.1265877922
3297	0.1265461854
3298	0.1265259596
3299	0.1265079506
3300	0.1264949791
3301	0.1264726974
3302	0.1264559615
3303	0.126436876
3304	0.1264217734
3305	0.12641025
3306	0.1263885216
3307	0.126352086
3308	0.1263184893
3309	0.1263101845
3310	0.1262939397
3311	0.1262856604
3312	0.126271452
3313	0.1262362388
3314	0.1262270001
3315	0.1261970811
3316	0.1261892118
3317	0.1261799994
3318	0.126158846
3319	0.1261293452
3320	0.1261204024
3321	0.1261102664
3322	0.1260911831
3323	0.126083142
3324	0.1260750209
3325	0.126056083
3326	0.1260314467
3327	0.126024856
3328	0.1259770205
3329	0.1259684086
3330	0.1259600864
3331	0.125949996
3332	0.1259402617
3333	0.1259114919
3334	0.12588651
3335	0.1258790927
3336	0.1258688003
3337	0.1258559821
3338	0.1258479589
3339	0.1258370307
3340	0.1258290346
3341	0.1258197268
3342	0.1257907089
3343	0.125781948
3344	0.1257769772
3345	0.1257384581
3346	0.1257268001
3347	0.1257173892
3348	0.1257020717
3349	0.1256887671
3350	0.1256360865
3351	0.1256301798
3352	0.125615061
3353	0.1256078879
3354	0.1255828893
3355	0.1255736344
3356	0.1255658905
3357	0.1255484734
3358	0.1255284856
3359	0.1255105648
3360	0.1254992134
3361	0.1254639622
3362	0.1254392397
3363	0.1254130905
3364	0.1253951404
3365	0.1253778878
3366	0.1253531909
3367	0.1253353873
3368	0.1253242771
3369	0.1253145097
3370	0.1253094934
3371	0.1252763263
3372	0.1252468505
3373	0.1252153606
3374	0.1252071876
3375	0.125197349
3376	0.1251876427
3377	0.1251773316
3378	0.1251623864
3379	0.1251515166
3380	0.1251289878
3381	0.1251206854
3382	0.1251121974
3383	0.1251074949
3384	0.1250943463
3385	0.1250882482
3386	0.1250788595
3387	0.1250683097
3388	0.125058506
3389	0.1250490136
3390	0.1250424736
3391	0.1250107194
3392	0.1249759706
3393	0.1249672723
3394	0.1249576287
3395	0.1249470031
3396	0.124911843
3397	0.1248631685
3398	0.1248559314
3399	0.1248394958
3400	0.1248284607
3401	0.1248104476
3402	0.1248027192
3403	0.1247947091
3404	0.1247821213
3405	0.1247723758
3406	0.1247657027
3407	0.1247474834
3408	0.1247214298
3409	0.1246926453
3410	0.1246788177
3411	0.1246627391
3412	0.1246531716
3413	0.1246166922
3414	0.1246067781
3415	0.1246006788
3416	0.1245796113
3417	0.1245702989
3418	0.1245614418
3419	0.124544738
3420	0.1245381501
3421	0.1245282946
3422	0.1244944457
3423	0.1244579411
3424	0.1244466545
3425	0.1244401876
3426	0.1244006172
3427	0.1243919748
3428	0.1243761453
3429	0.1243625713
3430	0.1243551763
3431	0.1243460072
3432	0.124299197
3433	0.1242812635
3434	0.1242712366
3435	0.1242355776
3436	0.1242018506
3437	0.1241911554
3438	0.1241784015
3439	0.1241725966
3440	0.1241641225
3441	0.12414063
3442	0.1241159217
3443	0.1241063967
3444	0.124094094
3445	0.124085126
3446	0.1240483217
3447	0.1240154178
3448	0.1239987682
3449	0.1239840584
3450	0.1239606201
3451	0.1239379232
3452	0.1239178124
3453	0.1239077841
3454	0.1238839657
3455	0.1238766726
3456	0.1238506698
3457	0.123840912
3458	0.1238268418
3459	0.1238108436
3460	0.1238013827
3461	0.1237936444
3462	0.123770677
3463	0.1237617173
3464	0.1237495736
3465	0.1237421131
3466	0.123731711
3467	0.1237014758
3468	0.1236967266
3469	0.1236556561
3470	0.1236469109
3471	0.1236151048
3472	0.1235858751
3473	0.1235797864
3474	0.1235574626
3475	0.1235468645
3476	0.1235166497
3477	0.1234908283
3478	0.1234826404
3479	0.1234768337
3480	0.1234501634
3481	0.123416492
3482	0.123400337
3483	0.1233934077
3484	0.1233625317
3485	0.1233307723
3486	0.1233252764
3487	0.1233161405
3488	0.1233060426
3489	0.1232922694
3490	0.1232672305
3491	0.1232479073
3492	0.1232198894
3493	0.1232101193
3494	0.1232031754
3495	0.1231952065
3496	0.1231844444
3497	0.1231695372
3498	0.1231610593
3499	0.1231529302
3500	0.1231453924
3501	0.1231345659
3502	0.1231238105
3503	0.1231141229
3504	0.1230879357
3505	0.1230779861
3506	0.1230634833
3507	0.1230539419
3508	0.1230464947
3509	0.123030266
3510	0.1230024297
3511	0.1229821769
3512	0.1229724296
3513	0.122950508
3514	0.1229414956
3515	0.1229129097
3516	0.1229042742
3517	0.1228995672
3518	0.1228905164
3519	0.122882908
3520	0.1228743761
3521	0.1228432542
3522	0.1228262036
3523	0.122820218
3524	0.1228132988
3525	0.1227976868
3526	0.1227863685
3527	0.1227744162
3528	0.1227535318
3529	0.1227127763
3530	0.1227054743
3531	0.1226732155
3532	0.1226424619
3533	0.1226349462
3534	0.122627407
3535	0.1226179637
3536	0.1226058077
3537	0.1225785628
3538	0.1225586071
3539	0.1225492063
3540	0.122531954
3541	0.122519004
3542	0.1225107784
3543	0.1224580268
3544	0.1224402663
3545	0.1224038826
3546	0.1223793707
3547	0.1223677157
3548	0.122359924
3549	0.1223474934
3550	0.1223294462
3551	0.1223192922
3552	0.1223068713
3553	0.1222978665
3554	0.1222870274
3555	0.1222799325
3556	0.1222718504
3557	0.1222492137
3558	0.1222339523
3559	0.1222207412
3560	0.1221895069
3561	0.1221804199
3562	0.1221458274
3563	0.1221405721
3564	0.1221316635
3565	0.1221224723
3566	0.122114493
3567	0.1221052992
3568	0.1220817407
3569	0.1220734459
3570	0.1220661537
3571	0.1220577579
3572	0.1220477153
3573	0.1220390126
3574	0.1220226094
3575	0.1220150751
3576	0.1219769579
3577	0.1219704385
3578	0.1219521968
3579	0.1219431993
3580	0.1218997759
3581	0.1218831851
3582	0.1218738656
3583	0.1218676142
3584	0.121862726
3585	0.1218554667
3586	0.1218274371
3587	0.1218187093
3588	0.1217844288
3589	0.1217532644
3590	0.1217322745
3591	0.1217265217
3592	0.1217182867
3593	0.1217024953
3594	0.1216954137
3595	0.1216646286
3596	0.1216563201
3597	0.1216475592
3598	0.1216363073
3599	0.1216258285
3600	0.1215983682
3601	0.1215888606
3602	0.1215831013
3603	0.1215742549
3604	0.121558215
3605	0.1215419961
3606	0.1215239551
3607	0.1214975389
3608	0.1214834627
3609	0.1214483995
3610	0.1214394461
3611	0.121431298
3612	0.1214217128
3613	0.1214112344
3614	0.1213833923
3615	0.1213380602
3616	0.1213304122
3617	0.1213231049
3618	0.1213161754
3619	0.121288645
3620	0.1212648516
3621	0.1212366784
3622	0.12121098
3623	0.121203627
3624	0.1211958186
3625	0.121185533
3626	0.121178629
3627	0.1211667407
3628	0.1211598484
3629	0.1211538135
3630	0.1211442923
3631	0.1211128028
3632	0.1211043986
3633	0.1210901016
3634	0.121078012
3635	0.1210679257
3636	0.1210399911
3637	0.1210327792
3638	0.1210241911
3639	0.1210073783
3640	0.1209856144
3641	0.1209721666
3642	0.1209527291
3643	0.1209161864
3644	0.1208955523
3645	0.1208875055
3646	0.120866544
3647	0.1208482237
3648	0.1208411353
3649	0.1208204436
3650	0.1208120428
3651	0.1207942579
3652	0.1207768405
3653	0.1207682101
3654	0.1207610116
3655	0.1207527848
3656	0.120703006
3657	0.120674942
3658	0.1206659816
3659	0.1206505421
3660	0.1206401082
3661	0.1206190791
3662	0.1206113614
3663	0.1206031411
3664	0.1205718492
3665	0.1205656478
3666	0.1205571044
3667	0.1205416407
3668	0.1205105455
3669	0.1204992538
3670	0.1204887591
3671	0.1204784353
3672	0.1204703592
3673	0.1204634805
3674	0.1204411181
3675	0.1204331539
3676	0.1204230985
3677	0.120408798
3678	0.1204025438
3679	0.1203797075
3680	0.1203677916
3681	0.120330117
3682	0.1203208126
3683	0.1202939026
3684	0.1202850047
3685	0.1202772397
3686	0.1202714858
3687	0.1202628476
3688	0.1202403345
3689	0.1202330488
3690	0.1202224965
3691	0.1202140738
3692	0.1202051815
3693	0.120196435
3694	0.120186034
3695	0.1201756618
3696	0.1201650206
3697	0.1201452616
3698	0.1201379799
3699	0.1201261241
3700	0.1201189044
3701	0.1201055074
3702	0.1200991035
3703	0.120091377
3704	0.1200653961
3705	0.1200384194
3706	0.1200288726
3707	0.1200176743
3708	0.1200104824
3709	0.1199980041
3710	0.1199913896
3711	0.1199828526
3712	0.1199752847
3713	0.1199471415
3714	0.1199371113
3715	0.1199286598
3716	0.1199185297
3717	0.1199104994
3718	0.1198793745
3719	0.1198665321
3720	0.1198611584
3721	0.1198466977
3722	0.1198371781
3723	0.119829444
3724	0.1198214295
3725	0.1198087604
3726	0.1198004304
3727	0.11979286
3728	0.119778296
3729	0.1197560157
3730	0.1197480626
3731	0.119736698
3732	0.1197302838
3733	0.1196794056
3734	0.1196610747
3735	0.1196560024
3736	0.1196489229
3737	0.1196322551
3738	0.1196209414
3739	0.1196066428
3740	0.11959962
3741	0.1195915989
3742	0.1195845842
3743	0.1195762228
3744	0.1195663478
3745	0.1195475814
3746	0.1195150943
3747	0.1195048041
3748	0.1194908103
3749	0.119478041
3750	0.119454541
3751	0.1194474467
3752	0.1194242753
3753	0.1194192895
3754	0.119393286
3755	0.1193687775
3756	0.1193615265
3757	0.1193251326
3758	0.1193190017
3759	0.1193007683
3760	0.1192930127
3761	0.1192849977
3762	0.1192764863
3763	0.119267693
3764	0.1192541473
3765	0.1192450867
3766	0.1192374854
3767	0.1192075734
3768	0.119201051
3769	0.11919272
3770	0.1191854534
3771	0.1191599046
3772	0.1191518866
3773	0.1191452013
3774	0.1191366537
3775	0.1191258631
3776	0.1191160973
3777	0.1191016592
3778	0.1190718983
3779	0.1190646963
3780	0.1190422879
3781	0.1190336424
3782	0.1190251366
3783	0.1190189267
3784	0.1190098504
3785	0.1190013413
3786	0.1189893114
3787	0.1189792907
3788	0.1189565444
3789	0.1189479601
3790	0.118939487
3791	0.1189285803
3792	0.1189212918
3793	0.118897712
3794	0.1188886102
3795	0.1188659581
3796	0.1188475468
3797	0.1188125719
3798	0.1188010004
3799	0.1187921287
3800	0.1187829729
3801	0.1187754144
3802	0.1187683762
3803	0.1187596115
3804	0.1187452114
3805	0.1187250307
3806	0.1187163326
3807	0.1186725948
3808	0.1186561409
3809	0.1186483215
3810	0.1186415635
3811	0.1186318875
3812	0.1186244279
3813	0.1186073041
3814	0.1185977063
3815	0.1185839152
3816	0.1185782109
3817	0.1185704206
3818	0.1185641613
3819	0.1185494981
3820	0.1185247848
3821	0.1185159395
3822	0.1184989699
3823	0.1184920978
3824	0.1184844897
3825	0.1184788835
3826	0.1184640774
3827	0.1184562292
3828	0.1184436862
3829	0.1184184089
3830	0.1184112723
3831	0.1184064559
3832	0.1183921515
3833	0.1183856989
3834	0.118379126
3835	0.1183615012
3836	0.1183539944
3837	0.1183405122
3838	0.1183340324
3839	0.1183210963
3840	0.1183122765
3841	0.1183028884
3842	0.1182858059
3843	0.1182791985
3844	0.1182721793
3845	0.118248715
3846	0.1182290237
3847	0.1182212099
3848	0.1182142745
3849	0.1182075403
3850	0.1181989918
3851	0.1181915458
3852	0.1181615008
3853	0.1181533011
3854	0.1181479167
3855	0.1181389479
3856	0.1181251094
3857	0.1181011039
3858	0.1180943675
3859	0.118079729
3860	0.1180613441
3861	0.1180545696
3862	0.1180288509
3863	0.1180216513
3864	0.1180007143
3865	0.1179839644
3866	0.1179767551
3867	0.1179698848
3868	0.1179622665
3869	0.1179496034
3870	0.1179302576
3871	0.1179230453
3872	0.1179142695
3873	0.1179071777
3874	0.1178955322
3875	0.1178803753
3876	0.1178710754
3877	0.1178670441
3878	0.1178429659
3879	0.1178356197
3880	0.1178249366
3881	0.1177971184
3882	0.1177763282
3883	0.1177707151
3884	0.1177584876
3885	0.1177522392
3886	0.1177457321
3887	0.1177198221
3888	0.1177131388
3889	0.1176971169
3890	0.1176914058
3891	0.1176826484
3892	0.1176751947
3893	0.1176596429
3894	0.1176379905
3895	0.1176301207
3896	0.1176253629
3897	0.1176185944
3898	0.1176093814
3899	0.1175922929
3900	0.1175829627
3901	0.1175750485
3902	0.1175517157
3903	0.1175270333
3904	0.1175192299
3905	0.1175094605
3906	0.1174917583
3907	0.1174793015
3908	0.1174671021
3909	0.1174585606
3910	0.117423167
3911	0.1173917998
3912	0.1173686314
3913	0.1173616579
3914	0.1173359871
3915	0.1173203005
3916	0.1173148818
3917	0.1173007855
3918	0.1172936483
3919	0.1172854987
3920	0.1172793618
3921	0.1172381126
3922	0.1172303773
3923	0.1172010364
3924	0.1171948004
3925	0.1171785825
3926	0.117166564
3927	0.1171587803
3928	0.1171532008
3929	0.1171284673
3930	0.1171202867
3931	0.1171116365
3932	0.1170995271
3933	0.1170897117
3934	0.1170805272
3935	0.1170707215
3936	0.1170613552
3937	0.1170470837
3938	0.1170284106
3939	0.1170021607
3940	0.116970729
3941	0.1169636362
3942	0.1169542065
3943	0.1169471199
3944	0.116940662
3945	0.116932799
3946	0.116909391
3947	0.1168981278
3948	0.1168916051
3949	0.1168817443
3950	0.1168685414
3951	0.1168579213
3952	0.1168487331
3953	0.1168358268
3954	0.1168277651
3955	0.1168193729
3956	0.1168053424
3957	0.1167862424
3958	0.1167780659
3959	0.1167651535
3960	0.1167572468
3961	0.1167477073
3962	0.1167416747
3963	0.1167345999
3964	0.1167217854
3965	0.1167165077
3966	0.1167008891
3967	0.1166859805
3968	0.1166794451
3969	0.1166706549
3970	0.1166546977
3971	0.1166472845
3972	0.1166327961
3973	0.1166107121
3974	0.1166048457
3975	0.1165946331
3976	0.1165887954
3977	0.1165825516
3978	0.1165684784
3979	0.1165562213
3980	0.1165419931
3981	0.1165326371
3982	0.1165251165
3983	0.1165149962
3984	0.1165064775
3985	0.1165013515
3986	0.1164939212
3987	0.1164869888
3988	0.1164578511
3989	0.1164395439
3990	0.1164299218
3991	0.1164217867
3992	0.1164150023
3993	0.1164087833
3994	0.1163988433
3995	0.1163916035
3996	0.1163848528
3997	0.1163756632
3998	0.1163611978
3999	0.1163198913
4000	0.1163153705
4001	0.1163109483
4002	0.1163037122
4003	0.1162822863
4004	0.1162768187
4005	0.1162689968
4006	0.1162628816
4007	0.1162574363
4008	0.1162516605
4009	0.1162434266
4010	0.1162226689
4011	0.1162138634
4012	0.1161947108
4013	0.1161854891
4014	0.1161778686
4015	0.1161708578
4016	0.1161578921
4017	0.1161525101
4018	0.1161292624
4019	0.1161179269
4020	0.1161115194
4021	0.1161041163
4022	0.1160966263
4023	0.1160835886
4024	0.1160676771
4025	0.1160447448
4026	0.1160378511
4027	0.1160156402
4028	0.1160003659
4029	0.1159891662
4030	0.1159770274
4031	0.1159704588
4032	0.1159539907
4033	0.1159462865
4034	0.1159166772
4035	0.1159093644
4036	0.115899738
4037	0.1158918529
4038	0.1158852031
4039	0.1158764574
4040	0.1158582469
4041	0.1158318939
4042	0.1158249833
4043	0.1158129687
4044	0.115804938
4045	0.1157840497
4046	0.11577528
4047	0.1157597704
4048	0.1157547755
4049	0.1157469684
4050	0.1157384208
4051	0.1157315355
4052	0.1157033706
4053	0.1156878387
4054	0.1156656988
4055	0.1156583201
4056	0.1156371124
4057	0.1156280356
4058	0.1156151767
4059	0.1156097816
4060	0.1155929838
4061	0.1155802775
4062	0.1155708145
4063	0.1155637744
4064	0.1155466731
4065	0.1155397098
4066	0.1155301798
4067	0.1155240314
4068	0.1155151597
4069	0.1155076654
4070	0.1155028855
4071	0.1154966843
4072	0.1154899449
4073	0.1154815004
4074	0.1154696472
4075	0.1154515394
4076	0.1154425789
4077	0.1154365731
4078	0.115424181
4079	0.1154103078
4080	0.1153994178
4081	0.1153910287
4082	0.1153834823
4083	0.1153743271
4084	0.115368561
4085	0.1153538405
4086	0.1153455428
4087	0.1153370974
4088	0.1153308084
4089	0.1153234454
4090	0.1153159117
4091	0.1153080338
4092	0.1152980477
4093	0.1152911769
4094	0.1152820018
4095	0.1152622052
4096	0.1152517861
4097	0.1152461012
4098	0.1152115967
4099	0.115203502
4100	0.1151891669
4101	0.1151742146
4102	0.1151616013
4103	0.1151531165
4104	0.1151440996
4105	0.115123616
4106	0.1150913515
4107	0.1150836257
4108	0.1150576073
4109	0.1150424518
4110	0.11503678
4111	0.1150309753
4112	0.1150257918
4113	0.1150193854
4114	0.1150039134
4115	0.1149984085
4116	0.1149861156
4117	0.1149710307
4118	0.114963845
4119	0.1149566979
4120	0.114952353
4121	0.1149134987
4122	0.1148999181
4123	0.1148783116
4124	0.1148690489
4125	0.114862419
4126	0.1148513464
4127	0.1148368809
4128	0.1148299973
4129	0.1148215071
4130	0.1148155453
4131	0.1148076508
4132	0.1148025058
4133	0.1147831722
4134	0.1147770731
4135	0.1147705823
4136	0.1147621114
4137	0.1147551646
4138	0.1147386727
4139	0.1147158003
4140	0.1147087593
4141	0.1146941582
4142	0.1146800082
4143	0.1146727137
4144	0.1146585801
4145	0.1146355701
4146	0.1146241449
4147	0.1146169465
4148	0.1146050408
4149	0.1145943114
4150	0.1145810922
4151	0.1145718803
4152	0.1145577714
4153	0.1145524326
4154	0.1145453151
4155	0.1145377276
4156	0.114519666
4157	0.1145096861
4158	0.1144933237
4159	0.1144781284
4160	0.1144585982
4161	0.1144474037
4162	0.1144390419
4163	0.1144266939
4164	0.1144202717
4165	0.1144137437
4166	0.1144079838
4167	0.114399242
4168	0.1143720068
4169	0.1143628045
4170	0.1143451567
4171	0.1143362363
4172	0.114325529
4173	0.1143201468
4174	0.1143111213
4175	0.1142860593
4176	0.114276975
4177	0.1142590645
4178	0.1142377876
4179	0.1142286337
4180	0.1142225038
4181	0.1142154485
4182	0.1141967975
4183	0.114189936
4184	0.1141858021
4185	0.1141794079
4186	0.1141749074
4187	0.1141546956
4188	0.1141493441
4189	0.1141413845
4190	0.1141346584
4191	0.1141258913
4192	0.1141183239
4193	0.1141041904
4194	0.1140915863
4195	0.1140838036
4196	0.1140596823
4197	0.1140429085
4198	0.1140332303
4199	0.1140243585
4200	0.1140010226
4201	0.1139841651
4202	0.1139766097
4203	0.1139658537
4204	0.1139492691
4205	0.1139436962
4206	0.1139340564
4207	0.113926816
4208	0.1139172813
4209	0.1139050199
4210	0.1138953748
4211	0.1138884575
4212	0.1138765484
4213	0.1138694561
4214	0.1138649504
4215	0.113857565
4216	0.1138407283
4217	0.1138324265
4218	0.1138282607
4219	0.1138176628
4220	0.1138100287
4221	0.1138029547
4222	0.1137946933
4223	0.1137639933
4224	0.1137560009
4225	0.1137476826
4226	0.1137412689
4227	0.1137352918
4228	0.1137275763
4229	0.113700479
4230	0.1136942312
4231	0.1136873759
4232	0.1136814972
4233	0.1136713089
4234	0.1136656141
4235	0.1136490818
4236	0.1136424722
4237	0.1136290103
4238	0.1136215417
4239	0.1136185857
4240	0.1136105203
4241	0.1136036256
4242	0.1135932505
4243	0.1135859571
4244	0.1135801102
4245	0.1135719628
4246	0.1135460713
4247	0.1135392511
4248	0.1135320988
4249	0.1135042404
4250	0.1134970059
4251	0.1134813762
4252	0.113451837
4253	0.1134433897
4254	0.1134339326
4255	0.1134234986
4256	0.113417622
4257	0.1134096064
4258	0.1134033305
4259	0.1133962988
4260	0.1133851184
4261	0.1133680855
4262	0.1133619957
4263	0.1133572377
4264	0.1133396913
4265	0.1133296246
4266	0.1133244259
4267	0.1133049043
4268	0.1132793711
4269	0.1132681865
4270	0.1132609368
4271	0.1132534517
4272	0.1132435793
4273	0.1132370286
4274	0.1132180958
4275	0.1132114991
4276	0.1132049391
4277	0.1131988353
4278	0.1131884028
4279	0.1131803486
4280	0.1131661577
4281	0.1131579447
4282	0.113152098
4283	0.1131300001
4284	0.1131198922
4285	0.1131130375
4286	0.1130977677
4287	0.113089977
4288	0.113079992
4289	0.1130728204
4290	0.1130673882
4291	0.1130507278
4292	0.1130441784
4293	0.1130378792
4294	0.1130289166
4295	0.1130185571
4296	0.1130110741
4297	0.1129950794
4298	0.1129887951
4299	0.1129846118
4300	0.1129774308
4301	0.1129705892
4302	0.1129640872
4303	0.1129583621
4304	0.1129516947
4305	0.1129481173
4306	0.112942168
4307	0.1129353585
4308	0.1129298653
4309	0.1129233318
4310	0.1129170719
4311	0.1128926756
4312	0.1128806029
4313	0.1128728871
4314	0.1128610195
4315	0.1128396955
4316	0.1128288912
4317	0.1128050109
4318	0.1127980023
4319	0.1127889254
4320	0.1127778955
4321	0.1127697679
4322	0.1127652039
4323	0.1127510188
4324	0.1127429989
4325	0.1127339635
4326	0.1127284026
4327	0.1127183783
4328	0.1127059884
4329	0.112690683
4330	0.1126866038
4331	0.1126798359
4332	0.1126739542
4333	0.1126634871
4334	0.1126579314
4335	0.1126509573
4336	0.1126441843
4337	0.1126358115
4338	0.1126292054
4339	0.1126144353
4340	0.1126089018
4341	0.112583036
4342	0.1125592382
4343	0.1125396776
4344	0.1125328437
4345	0.112527059
4346	0.1125007583
4347	0.1124954705
4348	0.1124915658
4349	0.1124865564
4350	0.1124731923
4351	0.112465452
4352	0.1124351996
4353	0.1124285871
4354	0.1124051992
4355	0.1123798637
4356	0.1123717971
4357	0.1123596702
4358	0.1123529599
4359	0.1123471325
4360	0.1123401268
4361	0.112333191
4362	0.1123156698
4363	0.112309752
4364	0.1123040314
4365	0.1122979359
4366	0.1122910081
4367	0.1122716629
4368	0.1122653385
4369	0.1122602875
4370	0.1122534238
4371	0.1122441655
4372	0.1122167048
4373	0.1122074411
4374	0.1122013502
4375	0.112193887
4376	0.1121884338
4377	0.1121821364
4378	0.112176426
4379	0.1121572968
4380	0.1121461515
4381	0.1121289897
4382	0.1121218549
4383	0.1121162682
4384	0.1121060077
4385	0.1121007904
4386	0.1120954559
4387	0.1120893412
4388	0.1120712245
4389	0.1120636811
4390	0.1120387374
4391	0.112010366
4392	0.1120048168
4393	0.1119996147
4394	0.11199494
4395	0.1119872315
4396	0.1119682466
4397	0.1119606442
4398	0.111953128
4399	0.1119463163
4400	0.1119410222
4401	0.1119332381
4402	0.1119175862
4403	0.1119117181
4404	0.1118935711
4405	0.1118875136
4406	0.1118784754
4407	0.1118723401
4408	0.111853769
4409	0.1118470817
4410	0.1118288813
4411	0.1118251557
4412	0.1118184534
4413	0.1118060924
4414	0.1117990114
4415	0.1117919297
4416	0.1117842246
4417	0.1117759075
4418	0.1117657677
4419	0.1117586341
4420	0.1117540052
4421	0.1117486356
4422	0.111736233
4423	0.1117300833
4424	0.1117229922
4425	0.111716533
4426	0.1117016451
4427	0.1116718891
4428	0.1116527153
4429	0.1116285571
4430	0.1116231435
4431	0.1116168266
4432	0.111610555
4433	0.111589919
4434	0.1115795522
4435	0.1115706325
4436	0.1115534977
4437	0.1115300264
4438	0.111524925
4439	0.111514491
4440	0.111508463
4441	0.1115004339
4442	0.1114809709
4443	0.1114741904
4444	0.1114659725
4445	0.111432284
4446	0.1114258233
4447	0.1114203207
4448	0.1114141315
4449	0.111407872
4450	0.1113857744
4451	0.1113787098
4452	0.1113523563
4453	0.1113441235
4454	0.1113389412
4455	0.1113179512
4456	0.1113106947
4457	0.1112999974
4458	0.111285581
4459	0.1112783682
4460	0.1112714213
4461	0.1112488475
4462	0.1112322459
4463	0.1112282342
4464	0.1112216524
4465	0.1112156455
4466	0.1112074124
4467	0.1112024884
4468	0.1111899616
4469	0.1111826278
4470	0.1111721704
4471	0.1111649397
4472	0.1111482304
4473	0.111137934
4474	0.1111232477
4475	0.1111163182
4476	0.1111120569
4477	0.1110866779
4478	0.1110813039
4479	0.1110748057
4480	0.1110582404
4481	0.1110510375
4482	0.1110431913
4483	0.1110360834
4484	0.1110258157
4485	0.1110200293
4486	0.1110081561
4487	0.1110016133
4488	0.110985438
4489	0.1109789451
4490	0.1109735673
4491	0.1109653484
4492	0.1109599218
4493	0.1109400994
4494	0.1109322211
4495	0.110924692
4496	0.1109187637
4497	0.1109123673
4498	0.1109064425
4499	0.1108922174
4500	0.1108850755
4501	0.1108717642
4502	0.1108587345
4503	0.1108523111
4504	0.110846418
4505	0.1108409699
4506	0.1108336677
4507	0.1108236212
4508	0.110816765
4509	0.1108049104
4510	0.1107957757
4511	0.1107838075
4512	0.110771963
4513	0.1107665857
4514	0.1107596656
4515	0.1107487866
4516	0.1107402924
4517	0.1107345636
4518	0.1107231881
4519	0.1107175479
4520	0.110701316
4521	0.1106890154
4522	0.1106841351
4523	0.1106558661
4524	0.1106456381
4525	0.1106407831
4526	0.1106346035
4527	0.1106276888
4528	0.1106206559
4529	0.1106101054
4530	0.1105968788
4531	0.1105902064
4532	0.1105828552
4533	0.1105768438
4534	0.1105718055
4535	0.1105651029
4536	0.1105592372
4537	0.1105501747
4538	0.1105444922
4539	0.1105272872
4540	0.1105102834
4541	0.1105019425
4542	0.1104954969
4543	0.1104905015
4544	0.1104845982
4545	0.1104783304
4546	0.1104739735
4547	0.1104560307
4548	0.1104467534
4549	0.1104304897
4550	0.1104238509
4551	0.1104074956
4552	0.1104001928
4553	0.1103958156
4554	0.110390319
4555	0.1103835246
4556	0.1103736112
4557	0.1103671212
4558	0.1103617769
4559	0.1103558088
4560	0.1103479849
4561	0.1103426079
4562	0.1103210573
4563	0.1103118604
4564	0.1103051732
4565	0.1102924281
4566	0.110289103
4567	0.1102829712
4568	0.1102781565
4569	0.1102724683
4570	0.1102549201
4571	0.110223873
4572	0.1102173248
4573	0.1102077765
4574	0.1102018112
4575	0.110195509
4576	0.1101773147
4577	0.1101709528
4578	0.1101668755
4579	0.1101611129
4580	0.1101515831
4581	0.1101455483
4582	0.1101281461
4583	0.1101230734
4584	0.1101137122
4585	0.1101107253
4586	0.1100999976
4587	0.1100949036
4588	0.1100888101
4589	0.1100696856
4590	0.1100482693
4591	0.1100109435
4592	0.1100017379
4593	0.109996041
4594	0.109986172
4595	0.1099677894
4596	0.1099589336
4597	0.1099525294
4598	0.1099408025
4599	0.1099356341
4600	0.1099267166
4601	0.1099048892
4602	0.1098998441
4603	0.1098930872
4604	0.1098835303
4605	0.1098772619
4606	0.1098738957
4607	0.1098673295
4608	0.1098597377
4609	0.1098539293
4610	0.1098442422
4611	0.1098379354
4612	0.1098319372
4613	0.109825518
4614	0.109808441
4615	0.1097829405
4616	0.1097659181
4617	0.1097601793
4618	0.1097559831
4619	0.1097221519
4620	0.1097149676
4621	0.1097088812
4622	0.1097036022
4623	0.1096987199
4624	0.109676704
4625	0.1096666092
4626	0.1096531839
4627	0.1096472416
4628	0.1096414406
4629	0.109635952
4630	0.1096288988
4631	0.1096233293
4632	0.1096150787
4633	0.1096093609
4634	0.1096026019
4635	0.1095936282
4636	0.1095839822
4637	0.1095783792
4638	0.1095731818
4639	0.1095647206
4640	0.1095519055
4641	0.1095469537
4642	0.1095332535
4643	0.1095198154
4644	0.1095133409
4645	0.1095060107
4646	0.1095002719
4647	0.1094691053
4648	0.1094632509
4649	0.1094446
4650	0.1094361761
4651	0.1094288345
4652	0.1094188326
4653	0.1094123692
4654	0.1094043306
4655	0.1093981005
4656	0.1093922345
4657	0.1093857375
4658	0.1093794996
4659	0.1093729104
4660	0.1093668974
4661	0.1093536935
4662	0.1093471142
4663	0.1093363568
4664	0.1093261077
4665	0.1093140392
4666	0.1093075129
4667	0.1092931574
4668	0.1092881775
4669	0.1092800011
4670	0.1092744816
4671	0.1092564598
4672	0.1092447512
4673	0.109237067
4674	0.1092256626
4675	0.1092145933
4676	0.1091998851
4677	0.1091867298
4678	0.1091806444
4679	0.1091747127
4680	0.1091699955
4681	0.1091633646
4682	0.109155494
4683	0.1091482263
4684	0.1091419691
4685	0.1091333262
4686	0.1091236825
4687	0.1091131822
4688	0.1091010559
4689	0.1090959066
4690	0.1090840726
4691	0.1090776566
4692	0.1090675717
4693	0.1090626458
4694	0.1090566751
4695	0.1090425416
4696	0.1090327263
4697	0.1090283182
4698	0.1090197545
4699	0.1090139397
4700	0.1090081294
4701	0.1090019671
4702	0.1089955599
4703	0.1089905927
4704	0.1089857088
4705	0.1089786112
4706	0.1089694229
4707	0.1089613307
4708	0.1089545926
4709	0.108948492
4710	0.1089433008
4711	0.1089345897
4712	0.1089286141
4713	0.1089195658
4714	0.1089131647
4715	0.1089077475
4716	0.1088999822
4717	0.108894262
4718	0.108886173
4719	0.1088742106
4720	0.1088689657
4721	0.1088631535
4722	0.1088557605
4723	0.1088501099
4724	0.1088395794
4725	0.1088333533
4726	0.1088288693
4727	0.1088227093
4728	0.1088158437
4729	0.1088041038
4730	0.1087979529
4731	0.108775567
4732	0.1087720341
4733	0.1087643968
4734	0.1087581278
4735	0.1087510656
4736	0.1087469228
4737	0.1087412591
4738	0.1087341214
4739	0.1087264438
4740	0.1087190239
4741	0.1087135394
4742	0.1086993065
4743	0.1086913926
4744	0.1086785842
4745	0.1086606165
4746	0.1086560137
4747	0.1086493309
4748	0.1086454859
4749	0.1086383506
4750	0.1086328038
4751	0.1086231842
4752	0.1086170198
4753	0.1086023649
4754	0.1085908761
4755	0.1085711559
4756	0.1085651128
4757	0.1085551502
4758	0.1085507397
4759	0.1085267603
4760	0.1085105547
4761	0.1085027229
4762	0.1084978117
4763	0.1084873762
4764	0.1084824143
4765	0.108477982
4766	0.1084728726
4767	0.1084645707
4768	0.1084599557
4769	0.1084543745
4770	0.1084486553
4771	0.1084384373
4772	0.1084317078
4773	0.1084247442
4774	0.1084197938
4775	0.1084126898
4776	0.1084070979
4777	0.1084008952
4778	0.1083960803
4779	0.1083821214
4780	0.1083759383
4781	0.1083684705
4782	0.1083590191
4783	0.1083524278
4784	0.1083445518
4785	0.108338585
4786	0.1083327137
4787	0.1083094243
4788	0.1083027419
4789	0.1082924947
4790	0.1082829041
4791	0.1082724387
4792	0.1082510969
4793	0.1082443504
4794	0.1082385976
4795	0.1082336068
4796	0.1082268395
4797	0.1082211329
4798	0.1082040523
4799	0.1081874262
4800	0.108179928
4801	0.1081738283
4802	0.1081697946
4803	0.108165278
4804	0.1081561679
4805	0.1081494248
4806	0.1081272085
4807	0.1081215896
4808	0.1081100088
4809	0.1081040879
4810	0.108099254
4811	0.1080936614
4812	0.1080855764
4813	0.1080758526
4814	0.108067529
4815	0.1080616477
4816	0.1080553222
4817	0.1080490369
4818	0.1080432505
4819	0.1080373455
4820	0.1080222073
4821	0.1080168207
4822	0.1080091099
4823	0.1080033376
4824	0.1079931588
4825	0.1079874296
4826	0.1079730983
4827	0.107967336
4828	0.107961881
4829	0.1079562633
4830	0.1079439371
4831	0.1079370184
4832	0.1079150865
4833	0.1078849567
4834	0.1078787175
4835	0.1078680352
4836	0.1078459961
4837	0.1078401602
4838	0.1078164795
4839	0.1078101506
4840	0.1078051215
4841	0.1078007126
4842	0.1077896345
4843	0.1077838421
4844	0.1077769229
4845	0.1077710421
4846	0.107764732
4847	0.1077596488
4848	0.1077552536
4849	0.1077491241
4850	0.1077426782
4851	0.1077364395
4852	0.1077316166
4853	0.107724973
4854	0.1077196105
4855	0.1077152431
4856	0.1077031483
4857	0.1076970322
4858	0.1076907463
4859	0.1076827683
4860	0.107673318
4861	0.107659217
4862	0.107653014
4863	0.1076380694
4864	0.1076246619
4865	0.1076189172
4866	0.1076125154
4867	0.1076069716
4868	0.1076023566
4869	0.1075960894
4870	0.107588875
4871	0.1075797857
4872	0.1075743519
4873	0.1075696876
4874	0.1075614143
4875	0.1075561577
4876	0.1075501744
4877	0.1075431661
4878	0.1075377431
4879	0.1075219798
4880	0.1075146873
4881	0.1075101472
4882	0.1075057015
4883	0.1074902862
4884	0.1074855667
4885	0.1074802684
4886	0.1074710593
4887	0.1074572952
4888	0.1074491078
4889	0.1074433541
4890	0.1074355553
4891	0.1074293781
4892	0.1074085879
4893	0.1074019232
4894	0.1073928709
4895	0.1073863997
4896	0.1073823499
4897	0.1073779898
4898	0.1073674379
4899	0.1073604094
4900	0.1073567448
4901	0.1073493588
4902	0.107342634
4903	0.1073364371
4904	0.1073313997
4905	0.107324953
4906	0.1073189686
4907	0.1073135016
4908	0.1073087212
4909	0.1073019389
4910	0.1072961119
4911	0.1072804593
4912	0.1072772236
4913	0.1072714009
4914	0.1072641383
4915	0.1072587857
4916	0.1072443555
4917	0.107237053
4918	0.1072299309
4919	0.1072200017
4920	0.1072154842
4921	0.1072108417
4922	0.1072039801
4923	0.107197745
4924	0.1071905788
4925	0.1071822557
4926	0.1071761229
4927	0.1071689848
4928	0.1071590707
4929	0.1071539743
4930	0.1071481976
4931	0.1071407239
4932	0.1071341099
4933	0.1071244852
4934	0.1071191716
4935	0.107092099
4936	0.1070729415
4937	0.1070678666
4938	0.1070627848
4939	0.1070498474
4940	0.1070437778
4941	0.1070377751
4942	0.1070330775
4943	0.1070063063
4944	0.1070032108
4945	0.1069942783
4946	0.1069894653
4947	0.1069829924
4948	0.1069769045
4949	0.1069712362
4950	0.106965158
4951	0.1069583926
4952	0.1069497064
4953	0.1069431051
4954	0.1069368109
4955	0.1069308121
4956	0.1069266419
4957	0.1069036828
4958	0.1068875515
4959	0.1068725889
4960	0.1068662565
4961	0.1068587472
4962	0.1068519142
4963	0.1068262154
4964	0.106821105
4965	0.106815199
4966	0.1068102746
4967	0.1068015559
4968	0.1067830639
4969	0.1067775973
4970	0.1067707359
4971	0.1067635658
4972	0.1067574838
4973	0.1067527396
4974	0.106747481
4975	0.1067428243
4976	0.1067383868
4977	0.1067286512
4978	0.1067183692
4979	0.1067116566
4980	0.1066904165
4981	0.1066862466
4982	0.1066680817
4983	0.106663345
4984	0.1066574035
4985	0.1066526857
4986	0.1066455026
4987	0.1066403218
4988	0.1066351621
4989	0.1066241365
4990	0.1066132858
4991	0.106596241
4992	0.1065839715
4993	0.106564273
4994	0.1065431846
4995	0.1065378241
4996	0.1065308665
4997	0.1065231372
4998	0.1065107172
4999	0.1065048122
5000	0.1064992796
5001	0.1064872662
5002	0.1064729938
5003	0.1064484906
5004	0.1064378914
5005	0.1064281628
5006	0.1064214181
5007	0.1064150513
5008	0.1064097309
5009	0.1064046941
5010	0.106393441
5011	0.1063827885
5012	0.1063675785
5013	0.1063634552
5014	0.1063591497
5015	0.1063520105
5016	0.1063365687
5017	0.1063258136
5018	0.1063198629
5019	0.1063127131
5020	0.1063081002
5021	0.1063009361
5022	0.10629203
5023	0.1062856691
5024	0.1062760856
5025	0.1062693551
5026	0.1062638974
5027	0.1062565664
5028	0.106251746
5029	0.10624605
5030	0.106240895
5031	0.1062259184
5032	0.1062206428
5033	0.106212848
5034	0.1062078784
5035	0.106197584
5036	0.1061851854
5037	0.1061737806
5038	0.1061679808
5039	0.1061621913
5040	0.106155068
5041	0.1061364319
5042	0.1061323248
5043	0.1061279685
5044	0.1061238739
5045	0.1061165503
5046	0.10610952
5047	0.1060959035
5048	0.1060831987
5049	0.1060771907
5050	0.1060695022
5051	0.1060628162
5052	0.1060571485
5053	0.1060511526
5054	0.1060447417
5055	0.106040185
5056	0.1060353548
5057	0.106029549
5058	0.1060168244
5059	0.1059989948
5060	0.1059944799
5061	0.1059826521
5062	0.1059774422
5063	0.1059721761
5064	0.1059679797
5065	0.1059626308
5066	0.1059581191
5067	0.105951884
5068	0.1059464507
5069	0.1059380548
5070	0.1059308112
5071	0.1059251212
5072	0.1059147862
5073	0.1059016045
5074	0.1058959307
5075	0.1058914232
5076	0.1058850229
5077	0.1058801515
5078	0.1058743279
5079	0.1058553013
5080	0.10584305
5081	0.1058378103
5082	0.1058318774
5083	0.1058257483
5084	0.1058203496
5085	0.1058148008
5086	0.1058099702
5087	0.1058056479
5088	0.105801114
5089	0.1057954424
5090	0.105783654
5091	0.1057650665
5092	0.1057603959
5093	0.1057543282
5094	0.1057499779
5095	0.1057447733
5096	0.1057391704
5097	0.1057333222
5098	0.1057136309
5099	0.1057091143
5100	0.1057029722
5101	0.1056963385
5102	0.1056910439
5103	0.1056863157
5104	0.1056740699
5105	0.1056686746
5106	0.1056634376
5107	0.1056579212
5108	0.1056501994
5109	0.1056384558
5110	0.1056179247
5111	0.1056138387
5112	0.1056046412
5113	0.1055986073
5114	0.1055936816
5115	0.1055787864
5116	0.1055705858
5117	0.1055597751
5118	0.1055539529
5119	0.1055463902
5120	0.1055375329
5121	0.1055326183
5122	0.1055263733
5123	0.1055202934
5124	0.1055106935
5125	0.1054960802
5126	0.105490692
5127	0.1054755009
5128	0.1054582741
5129	0.1054520959
5130	0.105444785
5131	0.1054397707
5132	0.1054355954
5133	0.1054315358
5134	0.1054176673
5135	0.105411937
5136	0.1053981929
5137	0.1053817409
5138	0.1053749497
5139	0.1053589873
5140	0.1053534411
5141	0.105349031
5142	0.1053304764
5143	0.1053247373
5144	0.105319886
5145	0.1053127395
5146	0.1053072102
5147	0.1053026645
5148	0.1052946715
5149	0.1052903832
5150	0.1052818701
5151	0.1052768717
5152	0.1052666272
5153	0.1052610145
5154	0.1052553573
5155	0.105249169
5156	0.1052432473
5157	0.1052359052
5158	0.1052300468
5159	0.1052251496
5160	0.1052178931
5161	0.1052126241
5162	0.105206181
5163	0.105199287
5164	0.1051903802
5165	0.1051836646
5166	0.1051783669
5167	0.1051720609
5168	0.1051663642
5169	0.1051598281
5170	0.1051367261
5171	0.1051297933
5172	0.1051193192
5173	0.1051001372
5174	0.1050828714
5175	0.1050775832
5176	0.1050672373
5177	0.1050641326
5178	0.1050592358
5179	0.1050449238
5180	0.1050378918
5181	0.1050244583
5182	0.105021251
5183	0.1050140579
5184	0.1050106253
5185	0.1050055051
5186	0.1050017736
5187	0.1049963617
5188	0.1049908672
5189	0.1049831825
5190	0.1049741119
5191	0.1049661678
5192	0.1049580263
5193	0.1049407094
5194	0.1049356781
5195	0.1049267632
5196	0.1049212519
5197	0.1049134072
5198	0.104902915
5199	0.1048976623
5200	0.1048921504
5201	0.1048870972
5202	0.1048741358
5203	0.1048672863
5204	0.1048617916
5205	0.1048580473
5206	0.1048505917
5207	0.1048436398
5208	0.1048304457
5209	0.104825354
5210	0.1048196515
5211	0.1048136398
5212	0.1048080682
5213	0.1047944711
5214	0.1047892107
5215	0.1047842869
5216	0.1047780144
5217	0.1047737797
5218	0.1047694345
5219	0.10476376
5220	0.1047578497
5221	0.1047526589
5222	0.1047497243
5223	0.1047400474
5224	0.1047335708
5225	0.1047274075
5226	0.1047222081
5227	0.1047176594
5228	0.1047131017
5229	0.1047086139
5230	0.1047039923
5231	0.1046807615
5232	0.1046722329
5233	0.1046663949
5234	0.1046572175
5235	0.104640497
5236	0.1046292357
5237	0.1046195333
5238	0.1046111508
5239	0.1046062931
5240	0.1046017767
5241	0.1045955166
5242	0.1045726679
5243	0.1045667799
5244	0.1045616334
5245	0.1045548846
5246	0.104548278
5247	0.1045414092
5248	0.1045359446
5249	0.1045288995
5250	0.1045163094
5251	0.1045110272
5252	0.1045062666
5253	0.1044963643
5254	0.1044915857
5255	0.1044859729
5256	0.1044799839
5257	0.1044664692
5258	0.1044596397
5259	0.1044530414
5260	0.1044468292
5261	0.1044327218
5262	0.1044284132
5263	0.1044079623
5264	0.1044015185
5265	0.1043965498
5266	0.1043918947
5267	0.1043860422
5268	0.1043764164
5269	0.1043695252
5270	0.1043647228
5271	0.1043574158
5272	0.1043517467
5273	0.1043450802
5274	0.1043413215
5275	0.1043370617
5276	0.10432947
5277	0.1043247364
5278	0.1043143014
5279	0.1042981001
5280	0.1042931564
5281	0.1042886849
5282	0.1042818095
5283	0.1042755677
5284	0.1042709052
5285	0.1042641999
5286	0.104255891
5287	0.1042508821
5288	0.1042435101
5289	0.1042382504
5290	0.1042302305
5291	0.104226515
5292	0.1042225644
5293	0.1042030806
5294	0.1041861513
5295	0.1041783982
5296	0.1041729747
5297	0.1041661719
5298	0.1041599749
5299	0.1041543869
5300	0.1041484452
5301	0.1041443224
5302	0.1041339932
5303	0.1041268007
5304	0.1041184966
5305	0.1041053155
5306	0.1041004764
5307	0.1040954534
5308	0.1040911067
5309	0.1040859825
5310	0.1040793411
5311	0.1040739552
5312	0.1040688869
5313	0.1040635887
5314	0.10406041
5315	0.1040544674
5316	0.1040391643
5317	0.1040336169
5318	0.104029499
5319	0.1040258254
5320	0.1040179673
5321	0.1040109652
5322	0.1039879363
5323	0.103982691
5324	0.1039751832
5325	0.1039681038
5326	0.1039557047
5327	0.1039511683
5328	0.1039478643
5329	0.1039433474
5330	0.1039333462
5331	0.1039268536
5332	0.1039146485
5333	0.1039096041
5334	0.1039046208
5335	0.1038998995
5336	0.1038900714
5337	0.1038849945
5338	0.1038754718
5339	0.1038682006
5340	0.1038645755
5341	0.1038588872
5342	0.1038509068
5343	0.1038448584
5344	0.1038397317
5345	0.1038337037
5346	0.1038198791
5347	0.1038153178
5348	0.1038092841
5349	0.1038037705
5350	0.1037950861
5351	0.1037893012
5352	0.103781858
5353	0.1037694157
5354	0.1037515257
5355	0.1037488233
5356	0.1037399561
5357	0.1037322114
5358	0.1037276748
5359	0.1037213942
5360	0.1037158287
5361	0.1037072371
5362	0.1037012631
5363	0.1036955142
5364	0.1036873784
5365	0.1036816585
5366	0.1036765348
5367	0.1036733481
5368	0.1036689884
5369	0.1036610608
5370	0.1036561929
5371	0.1036512351
5372	0.103636701
5373	0.1036317431
5374	0.103625671
5375	0.1036220253
5376	0.1036098359
5377	0.1035943333
5378	0.1035890557
5379	0.1035835701
5380	0.103567096
5381	0.1035590168
5382	0.103543646
5383	0.1035386336
5384	0.1035330809
5385	0.1035211964
5386	0.1035152834
5387	0.1035074652
5388	0.1035036853
5389	0.1034983859
5390	0.1034930983
5391	0.1034886243
5392	0.1034793226
5393	0.1034751011
5394	0.1034704582
5395	0.103464737
5396	0.1034536942
5397	0.1034479797
5398	0.1034371573
5399	0.1034322057
5400	0.1034165665
5401	0.1034124442
5402	0.1034072462
5403	0.1034016787
5404	0.1033968466
5405	0.1033829131
5406	0.1033774182
5407	0.1033724334
5408	0.10336517
5409	0.1033605686
5410	0.103357821
5411	0.1033404108
5412	0.1033289286
5413	0.1033154432
5414	0.1033112316
5415	0.1033060358
5416	0.1033001792
5417	0.1032947622
5418	0.1032874564
5419	0.1032792331
5420	0.1032751033
5421	0.1032633644
5422	0.1032579677
5423	0.1032521652
5424	0.1032480551
5425	0.1032332303
5426	0.1032288947
5427	0.1032229823
5428	0.1032181529
5429	0.1032132959
5430	0.1032066398
5431	0.1031928573
5432	0.1031872912
5433	0.1031776416
5434	0.1031640288
5435	0.1031595213
5436	0.103154902
5437	0.1031488913
5438	0.103141858
5439	0.1031376944
5440	0.1031336107
5441	0.1031281948
5442	0.103122036
5443	0.1031158775
5444	0.1031131164
5445	0.1031048673
5446	0.103099479
5447	0.1030960624
5448	0.103091605
5449	0.1030868271
5450	0.1030824892
5451	0.1030747316
5452	0.1030705251
5453	0.103065439
5454	0.1030607131
5455	0.1030545437
5456	0.1030392964
5457	0.1030339792
5458	0.1030290929
5459	0.1030244313
5460	0.1030200203
5461	0.1030160839
5462	0.1030114604
5463	0.1030073378
5464	0.1030026561
5465	0.1029959387
5466	0.1029887032
5467	0.1029815596
5468	0.1029767653
5469	0.102970379
5470	0.1029613838
5471	0.1029558156
5472	0.1029510587
5473	0.1029470197
5474	0.1029397372
5475	0.1029356288
5476	0.10293175
5477	0.1029274875
5478	0.1029249591
5479	0.1029202948
5480	0.1029087254
5481	0.1029000799
5482	0.1028946032
5483	0.1028898883
5484	0.1028854676
5485	0.1028734659
5486	0.1028695727
5487	0.1028572217
5488	0.1028519314
5489	0.1028480242
5490	0.1028426313
5491	0.1028368344
5492	0.1028313802
5493	0.1028174077
5494	0.1028114617
5495	0.1028073525
5496	0.1028052191
5497	0.1027965551
5498	0.1027886762
5499	0.102776879
5500	0.1027716952
5501	0.1027670227
5502	0.102756701
5503	0.1027516437
5504	0.1027437239
5505	0.1027400122
5506	0.1027351747
5507	0.1027277833
5508	0.1027121786
5509	0.1027086016
5510	0.1027046371
5511	0.1026999898
5512	0.1026934518
5513	0.1026861095
5514	0.1026749927
5515	0.1026696215
5516	0.1026655264
5517	0.1026600078
5518	0.102654402
5519	0.1026500225
5520	0.1026454738
5521	0.102638778
5522	0.102632463
5523	0.1026273786
5524	0.1026212157
5525	0.1026164382
5526	0.1026080196
5527	0.1026023449
5528	0.1025914735
5529	0.1025859902
5530	0.1025670456
5531	0.1025616225
5532	0.1025545465
5533	0.1025506031
5534	0.1025466936
5535	0.1025409697
5536	0.1025346562
5537	0.1025306412
5538	0.1025261459
5539	0.102517298
5540	0.1025112528
5541	0.1025071892
5542	0.1025023028
5543	0.102496694
5544	0.1024918748
5545	0.1024865993
5546	0.1024813265
5547	0.1024714375
5548	0.1024634192
5549	0.1024571957
5550	0.1024522292
5551	0.1024495376
5552	0.1024437809
5553	0.1024382745
5554	0.102433824
5555	0.1024271441
5556	0.1024225448
5557	0.1024179789
5558	0.1024096057
5559	0.1024045336
5560	0.1023985184
5561	0.1023886731
5562	0.1023829135
5563	0.1023789782
5564	0.1023741561
5565	0.1023701724
5566	0.1023617626
5567	0.1023558213
5568	0.1023509131
5569	0.1023463215
5570	0.1023390393
5571	0.1023329237
5572	0.1023290312
5573	0.1023228593
5574	0.1023164732
5575	0.1023127609
5576	0.1023049643
5577	0.1022993386
5578	0.1022970383
5579	0.1022929232
5580	0.1022890102
5581	0.1022834926
5582	0.1022640251
5583	0.1022585413
5584	0.1022513853
5585	0.1022472282
5586	0.1022419434
5587	0.102238522
5588	0.1022293005
5589	0.1022218551
5590	0.1022155144
5591	0.1022093193
5592	0.1022059606
5593	0.1021996551
5594	0.1021961226
5595	0.1021915225
5596	0.102185842
5597	0.1021813582
5598	0.102176781
5599	0.1021684742
5600	0.1021639553
5601	0.1021573844
5602	0.1021530663
5603	0.1021352917
5604	0.1021306025
5605	0.1021261098
5606	0.1021043821
5607	0.1020994412
5608	0.1020927105
5609	0.1020807357
5610	0.1020730509
5611	0.1020622924
5612	0.1020573078
5613	0.102044682
5614	0.1020416573
5615	0.1020332276
5616	0.1020247436
5617	0.1020195783
5618	0.1020152235
5619	0.1020108844
5620	0.1020063349
5621	0.1020009017
5622	0.1019943363
5623	0.1019798506
5624	0.1019759789
5625	0.1019712967
5626	0.1019657696
5627	0.1019617669
5628	0.1019582103
5629	0.1019519718
5630	0.1019453048
5631	0.1019385628
5632	0.1019339998
5633	0.1019197176
5634	0.1019157383
5635	0.1019079707
5636	0.1018946357
5637	0.101882965
5638	0.1018701559
5639	0.1018661077
5640	0.1018619504
5641	0.101856282
5642	0.1018506268
5643	0.1018461984
5644	0.1018281252
5645	0.1018240312
5646	0.1018200582
5647	0.1018135702
5648	0.101809461
5649	0.1018050996
5650	0.1017995618
5651	0.1017950672
5652	0.1017898805
5653	0.101771286
5654	0.1017673561
5655	0.1017614184
5656	0.1017564688
5657	0.1017385801
5658	0.1017339021
5659	0.1017277683
5660	0.1017226824
5661	0.1017181771
5662	0.1017101113
5663	0.101697601
5664	0.1016914806
5665	0.101685083
5666	0.1016819724
5667	0.1016779568
5668	0.1016672687
5669	0.1016511844
5670	0.1016314082
5671	0.1016254465
5672	0.1016186972
5673	0.101603585
5674	0.1015963854
5675	0.1015909213
5676	0.101585276
5677	0.1015784538
5678	0.101574083
5679	0.1015686279
5680	0.1015625192
5681	0.1015596432
5682	0.1015542426
5683	0.1015414604
5684	0.1015347854
5685	0.1015295553
5686	0.1015160865
5687	0.1015103883
5688	0.1015033554
5689	0.1014987062
5690	0.1014915485
5691	0.1014742716
5692	0.1014616365
5693	0.1014568499
5694	0.1014463402
5695	0.1014417948
5696	0.1014348954
5697	0.1014286439
5698	0.1014226173
5699	0.1014045397
5700	0.1014003187
5701	0.1013942133
5702	0.1013898156
5703	0.1013864409
5704	0.1013823648
5705	0.1013769323
5706	0.1013724552
5707	0.1013655774
5708	0.1013572876
5709	0.1013538043
5710	0.1013491406
5711	0.1013429226
5712	0.1013391195
5713	0.1013225445
5714	0.1013139955
5715	0.1012999326
5716	0.1012908992
5717	0.1012858213
5718	0.1012724635
5719	0.101268307
5720	0.101253124
5721	0.1012494425
5722	0.1012461028
5723	0.1012396517
5724	0.1012343897
5725	0.1012298688
5726	0.1012215962
5727	0.1012179706
5728	0.1012074822
5729	0.1011994238
5730	0.1011954129
5731	0.101191021
5732	0.1011835619
5733	0.1011785023
5734	0.1011737068
5735	0.101165921
5736	0.1011601027
5737	0.1011557741
5738	0.1011359199
5739	0.1011310456
5740	0.1011154827
5741	0.1011108016
5742	0.1011059696
5743	0.1010981435
5744	0.1010935244
5745	0.1010895871
5746	0.1010836958
5747	0.1010796184
5748	0.1010717086
5749	0.101061944
5750	0.1010507684
5751	0.1010452443
5752	0.1010398263
5753	0.1010339876
5754	0.1010297889
5755	0.1010228176
5756	0.101018769
5757	0.1010140197
5758	0.1010037268
5759	0.1009988662
5760	0.1009940587
5761	0.1009701651
5762	0.1009675606
5763	0.1009620866
5764	0.1009564836
5765	0.1009503577
5766	0.100945165
5767	0.100939411
5768	0.1009344476
5769	0.1009292621
5770	0.1009192853
5771	0.1009088579
5772	0.1009028757
5773	0.1008990401
5774	0.1008933634
5775	0.1008866841
5776	0.100882233
5777	0.1008767345
5778	0.1008722641
5779	0.1008681516
5780	0.1008602556
5781	0.1008529929
5782	0.1008490374
5783	0.1008445616
5784	0.1008398716
5785	0.1008320716
5786	0.1008235797
5787	0.1008195286
5788	0.1008144644
5789	0.100809835
5790	0.100806923
5791	0.1008024558
5792	0.1007956748
5793	0.1007904267
5794	0.1007852805
5795	0.1007798529
5796	0.1007752148
5797	0.1007709938
5798	0.1007668147
5799	0.10075655
5800	0.1007524195
5801	0.1007470123
5802	0.100741807
5803	0.1007352687
5804	0.1007305937
5805	0.100725479
5806	0.1007206514
5807	0.1007138721
5808	0.1007012928
5809	0.1006831019
5810	0.1006778681
5811	0.1006742697
5812	0.1006690427
5813	0.1006643748
5814	0.1006575775
5815	0.1006425175
5816	0.1006374046
5817	0.1006326574
5818	0.1006288497
5819	0.1006244942
5820	0.1006204396
5821	0.1006141678
5822	0.1006013414
5823	0.1005975143
5824	0.1005890189
5825	0.1005838975
5826	0.1005769294
5827	0.1005725042
5828	0.1005686031
5829	0.1005630513
5830	0.1005572163
5831	0.1005520427
5832	0.1005469967
5833	0.100544206
5834	0.1005299219
5835	0.1005237804
5836	0.1005189501
5837	0.100514902
5838	0.1005035792
5839	0.1004996878
5840	0.1004946394
5841	0.1004903029
5842	0.1004827374
5843	0.1004769622
5844	0.1004732426
5845	0.1004676188
5846	0.1004530933
5847	0.1004474729
5848	0.1004454666
5849	0.1004407123
5850	0.1004330247
5851	0.1004268179
5852	0.1004196843
5853	0.100414826
5854	0.1004093989
5855	0.1004051106
5856	0.1004004439
5857	0.1003937618
5858	0.1003884961
5859	0.1003826782
5860	0.100378653
5861	0.1003713321
5862	0.1003671086
5863	0.1003629974
5864	0.1003596508
5865	0.100352357
5866	0.1003463102
5867	0.1003421458
5868	0.100335933
5869	0.1003308339
5870	0.1003247952
5871	0.1003142202
5872	0.1003088802
5873	0.1003026831
5874	0.1002954638
5875	0.1002909856
5876	0.1002878203
5877	0.1002660324
5878	0.100261911
5879	0.10024882
5880	0.1002457906
5881	0.1002415113
5882	0.1002359009
5883	0.100227576
5884	0.1002226082
5885	0.1002179101
5886	0.1002100034
5887	0.1002055371
5888	0.1001965767
5889	0.1001926289
5890	0.1001881008
5891	0.1001762985
5892	0.1001714381
5893	0.1001632647
5894	0.1001569034
5895	0.1001459372
5896	0.1001418154
5897	0.1001382649
5898	0.1001335134
5899	0.1001226361
5900	0.1001181532
5901	0.1001129669
5902	0.100107858
5903	0.1000940701
5904	0.1000890654
5905	0.1000834749
5906	0.1000753797
5907	0.1000657912
5908	0.1000539944
5909	0.1000489353
5910	0.1000435388
5911	0.1000349121
5912	0.1000312437
5913	0.1000286294
5914	0.1000221973
5915	0.10000827
5916	0.1000017132
5917	0.09999500551
5918	0.09999106398
5919	0.09998580323
5920	0.09998052335
5921	0.09996157572
5922	0.09995457157
5923	0.09994956786
5924	0.09994584954
5925	0.09993983721
5926	0.09993570148
5927	0.0999310319
5928	0.09992582955
5929	0.09992054708
5930	0.09991627088
5931	0.09991247357
5932	0.0999074367
5933	0.09990315175
5934	0.09989797642
5935	0.09989284854
5936	0.09988757446
5937	0.09988185733
5938	0.09987757997
5939	0.09987021643
5940	0.0998653832
5941	0.09985972488
5942	0.09985555923
5943	0.09984848156
5944	0.09984205654
5945	0.0998390431
5946	0.09983492148
5947	0.09982994576
5948	0.09982437041
5949	0.09981800549
5950	0.09981440902
5951	0.09980934432
5952	0.09980549935
5953	0.09980177102
5954	0.09979678513
5955	0.09979131051
5956	0.09978690751
5957	0.09978272091
5958	0.09977295002
5959	0.09976958423
5960	0.09976552421
5961	0.09975888504
5962	0.09974981551
5963	0.09974468087
5964	0.09973932081
5965	0.09972636897
5966	0.09972145361
5967	0.09971558534
5968	0.09970951656
5969	0.09970424518
5970	0.09969489699
5971	0.09968978092
5972	0.09968648368
5973	0.09968260842
5974	0.09967887774
5975	0.0996740443
5976	0.09965770731
5977	0.09965327372
5978	0.09964784242
5979	0.09964448684
5980	0.09963723468
5981	0.09963351978
5982	0.09962801718
5983	0.09961956848
5984	0.09961589723
5985	0.09959553448
5986	0.09958986634
5987	0.09957054931
5988	0.09956508588
5989	0.0995599733
5990	0.09955508045
5991	0.09955058582
5992	0.09954557604
5993	0.09954171483
5994	0.09953491735
5995	0.09952539448
5996	0.09952203608
5997	0.09951811146
5998	0.09951457241
5999	0.09951084249
6000	0.0994796817
6001	0.09946656558
6002	0.09946058227
6003	0.09945575131
6004	0.09945139531
6005	0.09944766507
6006	0.09944404981
6007	0.09944024809
6008	0.09943217518
6009	0.09942740594
6010	0.09942369539
6011	0.09941905402
6012	0.09941276364
6013	0.0994085869
6014	0.09940449272
6015	0.09940022214
6016	0.09939008777
6017	0.09938686826
6018	0.09938246185
6019	0.09937775308
6020	0.09937110867
6021	0.09936137746
6022	0.09935684576
6023	0.09934730623
6024	0.09934314654
6025	0.09933831342
6026	0.09933355459
6027	0.09932376862
6028	0.0993194896
6029	0.09931278277
6030	0.09930941559
6031	0.09930436892
6032	0.09930090836
6033	0.09929601011
6034	0.09929176013
6035	0.09928783929
6036	0.09927753074
6037	0.09927114513
6038	0.09926612279
6039	0.09925994099
6040	0.09925603094
6041	0.09925205983
6042	0.09924601811
6043	0.09923866495
6044	0.09923470016
6045	0.09922917825
6046	0.09922111081
6047	0.09921545275
6048	0.09921043329
6049	0.0992061589
6050	0.09920051869
6051	0.09919513706
6052	0.09918925304
6053	0.09915860224
6054	0.09914424691
6055	0.09913910219
6056	0.0991358534
6057	0.09913080855
6058	0.09912460556
6059	0.0991141067
6060	0.09910840129
6061	0.09909967787
6062	0.09909578749
6063	0.09909078922
6064	0.09908786056
6065	0.09908276137
6066	0.09907114641
6067	0.09906697444
6068	0.09905631632
6069	0.09904809083
6070	0.09904247949
6071	0.09903464252
6072	0.09902999927
6073	0.09902384874
6074	0.09900369505
6075	0.09899097725
6076	0.09897259539
6077	0.09896831415
6078	0.0989631626
6079	0.09896116449
6080	0.09895734346
6081	0.09895116137
6082	0.09893841136
6083	0.09893387347
6084	0.0989301737
6085	0.098910046
6086	0.09890255266
6087	0.0988997757
6088	0.09889725233
6089	0.09889320555
6090	0.09888843729
6091	0.09888468764
6092	0.09887993244
6093	0.09887499324
6094	0.09885920441
6095	0.09885520309
6096	0.09884171308
6097	0.09883744646
6098	0.09882326957
6099	0.09881978886
6100	0.09881574847
6101	0.09880792706
6102	0.09879959277
6103	0.0987947619
6104	0.09878762979
6105	0.09878150529
6106	0.09877738316
6107	0.09877250552
6108	0.09876912015
6109	0.09876449404
6110	0.09876034642
6111	0.09875623603
6112	0.09873633186
6113	0.09873132667
6114	0.09872574283
6115	0.09871970411
6116	0.09871549721
6117	0.09871001444
6118	0.09869809515
6119	0.09869353093
6120	0.09868736156
6121	0.09868235003
6122	0.09867147744
6123	0.09866729751
6124	0.09866322909
6125	0.09865956131
6126	0.09865491847
6127	0.09865005758
6128	0.09864541837
6129	0.09864041602
6130	0.09863438925
6131	0.0986301794
6132	0.09861765453
6133	0.09860462834
6134	0.09859860738
6135	0.09859552844
6136	0.09858954521
6137	0.09858633773
6138	0.09858209381
6139	0.09857784963
6140	0.09857464594
6141	0.09857004116
6142	0.09856659254
6143	0.09855907408
6144	0.09855527442
6145	0.09854933899
6146	0.09854514594
6147	0.09854151687
6148	0.09853618408
6149	0.09852811933
6150	0.09852377836
6151	0.09851348088
6152	0.09851020332
6153	0.09850509852
6154	0.09850237578
6155	0.09849751518
6156	0.09849267565
6157	0.09848686492
6158	0.09848278483
6159	0.09847227249
6160	0.09846903872
6161	0.09846559459
6162	0.09845668274
6163	0.09844860052
6164	0.09844404719
6165	0.09843956653
6166	0.09843527201
6167	0.0984303907
6168	0.09842568665
6169	0.0984149446
6170	0.09841179994
6171	0.0984069354
6172	0.0983966048
6173	0.09839230333
6174	0.09838581351
6175	0.09838223844
6176	0.09836889851
6177	0.09835797728
6178	0.09835241285
6179	0.09834891551
6180	0.09834505158
6181	0.09832789554
6182	0.09832031572
6183	0.09831495682
6184	0.09830947359
6185	0.09830181339
6186	0.0982964025
6187	0.09828969898
6188	0.09828461124
6189	0.09828229925
6190	0.09827957893
6191	0.098273348
6192	0.09826755005
6193	0.09826312617
6194	0.09825163954
6195	0.09824748398
6196	0.0982432246
6197	0.09823924063
6198	0.09822286473
6199	0.09821961055
6200	0.09820837007
6201	0.09820534535
6202	0.09819949587
6203	0.09819549269
6204	0.09819130021
6205	0.09818434049
6206	0.09817865797
6207	0.09817610134
6208	0.09817258191
6209	0.0981695984
6210	0.09816515099
6211	0.09815990688
6212	0.09815584468
6213	0.09815192504
6214	0.09814439301
6215	0.09813964956
6216	0.09813523259
6217	0.09812619494
6218	0.09812165122
6219	0.09811787067
6220	0.09811292513
6221	0.09810945035
6222	0.09810524713
6223	0.09810143937
6224	0.09808705372
6225	0.09808149049
6226	0.09807786485
6227	0.09807355945
6228	0.09806971347
6229	0.09806619937
6230	0.09806008916
6231	0.09805648781
6232	0.09804230465
6233	0.09803867122
6234	0.09803428025
6235	0.09801572766
6236	0.09801219581
6237	0.09800669051
6238	0.09800166403
6239	0.09799606085
6240	0.09799059383
6241	0.09798426028
6242	0.09798107077
6243	0.09797678631
6244	0.09797114231
6245	0.09796236433
6246	0.09795200086
6247	0.09794291398
6248	0.09793874727
6249	0.09793469534
6250	0.09793066583
6251	0.0979276418
6252	0.09792229776
6253	0.09791780342
6254	0.09791236997
6255	0.09790813048
6256	0.09790381075
6257	0.09789680434
6258	0.09787692821
6259	0.09787254589
6260	0.09786690444
6261	0.09786212444
6262	0.09785784256
6263	0.09785392688
6264	0.09785013664
6265	0.09784441978
6266	0.09784046263
6267	0.09783448633
6268	0.09783074387
6269	0.0978269363
6270	0.09782276618
6271	0.09781731361
6272	0.09781426117
6273	0.09780732963
6274	0.09779892417
6275	0.09779381588
6276	0.0977705114
6277	0.09776742669
6278	0.09776212099
6279	0.09775441471
6280	0.09775110282
6281	0.09774691181
6282	0.09773275306
6283	0.09772606695
6284	0.09772211001
6285	0.09771754313
6286	0.09771316394
6287	0.09770949587
6288	0.09770263455
6289	0.09769744036
6290	0.09769113452
6291	0.09768669807
6292	0.09768024166
6293	0.09767695502
6294	0.0976728697
6295	0.09766406051
6296	0.09766067488
6297	0.09765132638
6298	0.097641127
6299	0.09763584153
6300	0.09763017334
6301	0.09762707066
6302	0.09762164516
6303	0.09761711895
6304	0.09760915015
6305	0.0975933511
6306	0.09758688059
6307	0.09758320036
6308	0.09758020614
6309	0.0975656504
6310	0.09756230577
6311	0.09755381671
6312	0.09754480495
6313	0.09754027302
6314	0.09753601436
6315	0.09753358028
6316	0.09752760934
6317	0.09752546726
6318	0.09751481988
6319	0.09750932656
6320	0.09749209903
6321	0.09748961817
6322	0.09748569584
6323	0.09748207705
6324	0.09747845711
6325	0.09747478752
6326	0.09747120597
6327	0.09746577404
6328	0.09745858307
6329	0.0974540758
6330	0.09745030109
6331	0.09744493265
6332	0.09744137432
6333	0.09743639775
6334	0.09743006296
6335	0.09742510712
6336	0.09742068855
6337	0.09741737229
6338	0.09741249488
6339	0.09740718953
6340	0.09740452127
6341	0.09740127334
6342	0.09739361424
6343	0.09738938859
6344	0.09738428418
6345	0.09737980113
6346	0.0973724747
6347	0.097370535
6348	0.0973655422
6349	0.09735339348
6350	0.09734728937
6351	0.09734251843
6352	0.097337902
6353	0.09733179496
6354	0.09732695843
6355	0.09731896551
6356	0.09731405063
6357	0.09730452866
6358	0.09730091402
6359	0.09729329546
6360	0.09728860993
6361	0.09728548672
6362	0.09727546447
6363	0.09727034708
6364	0.09726180495
6365	0.09725330154
6366	0.09723538372
6367	0.0972308529
6368	0.09722674702
6369	0.09722220056
6370	0.09721763336
6371	0.09721388955
6372	0.09721046159
6373	0.09720602798
6374	0.09720266616
6375	0.09719684612
6376	0.09719325952
6377	0.09718923942
6378	0.09718423966
6379	0.09718037863
6380	0.09717591686
6381	0.09716200483
6382	0.09715794459
6383	0.09715273598
6384	0.0971428571
6385	0.09713825422
6386	0.09712994472
6387	0.09712256561
6388	0.09711836541
6389	0.09711537517
6390	0.0971122296
6391	0.09710789359
6392	0.09709759753
6393	0.09709349778
6394	0.097090274
6395	0.09708693857
6396	0.09707746224
6397	0.09706781109
6398	0.09706418466
6399	0.09705890775
6400	0.09705601388
6401	0.09704832887
6402	0.09703143696
6403	0.09702614414
6404	0.09702117168
6405	0.09701620033
6406	0.097011126
6407	0.09700488404
6408	0.09699984599
6409	0.09699649575
6410	0.09699008587
6411	0.09697902868
6412	0.09697672658
6413	0.09697130537
6414	0.09696576551
6415	0.09696078817
6416	0.09695622389
6417	0.09695073414
6418	0.09694518573
6419	0.09692917823
6420	0.09692583087
6421	0.0969164875
6422	0.09691437127
6423	0.09690932354
6424	0.09690541674
6425	0.09690155053
6426	0.09689335079
6427	0.09688340157
6428	0.0968795378
6429	0.09687271697
6430	0.09686762272
6431	0.09686431104
6432	0.09685937536
6433	0.09685578181
6434	0.09684602912
6435	0.09684125697
6436	0.09683491417
6437	0.0968269625
6438	0.09682364282
6439	0.09681641762
6440	0.09679850745
6441	0.09679484274
6442	0.09678972575
6443	0.09678473284
6444	0.09677480211
6445	0.09676647968
6446	0.09676264212
6447	0.09675896071
6448	0.09674878621
6449	0.09674473432
6450	0.0967398925
6451	0.09673540558
6452	0.09673119634
6453	0.09672702556
6454	0.09671902212
6455	0.09671504624
6456	0.09671100871
6457	0.09670716065
6458	0.09670296171
6459	0.09669298602
6460	0.09669024406
6461	0.09668467588
6462	0.09668235055
6463	0.09667721765
6464	0.0966734681
6465	0.09666853617
6466	0.09666452568
6467	0.096657908
6468	0.09665470159
6469	0.09665133386
6470	0.09664112379
6471	0.09663302275
6472	0.09662906632
6473	0.09662194832
6474	0.09661743008
6475	0.09661262517
6476	0.09660940448
6477	0.09660400116
6478	0.09659989155
6479	0.09659571594
6480	0.09659040539
6481	0.09658670901
6482	0.09658217486
6483	0.09657447013
6484	0.09656835502
6485	0.09656448885
6486	0.09655842636
6487	0.09655654691
6488	0.09655131611
6489	0.09654624416
6490	0.0965395605
6491	0.09653250656
6492	0.09652770345
6493	0.09652251983
6494	0.0965175016
6495	0.09651376907
6496	0.0965042189
6497	0.09650071829
6498	0.09648900601
6499	0.09648555953
6500	0.09647979623
6501	0.09647595051
6502	0.0964711636
6503	0.09646177523
6504	0.09645550631
6505	0.09645059223
6506	0.09643797723
6507	0.09643423222
6508	0.09642534688
6509	0.09642103149
6510	0.09641637405
6511	0.09641227693
6512	0.09639331417
6513	0.09637999738
6514	0.09637445646
6515	0.09637020497
6516	0.09636557955
6517	0.09636137845
6518	0.09635903464
6519	0.09634489935
6520	0.09633960378
6521	0.09633311921
6522	0.09632909104
6523	0.09632552872
6524	0.09631754452
6525	0.09631301514
6526	0.09630864399
6527	0.09628997154
6528	0.09628353848
6529	0.09626706533
6530	0.09626303808
6531	0.09625609831
6532	0.09625385792
6533	0.09625056575
6534	0.09624618823
6535	0.09624214798
6536	0.09623748122
6537	0.09623258258
6538	0.09622843678
6539	0.09622108621
6540	0.09621484028
6541	0.09620960105
6542	0.09620237443
6543	0.09619838469
6544	0.09619205422
6545	0.09618782987
6546	0.09618355214
6547	0.09617963114
6548	0.09616742387
6549	0.0961625341
6550	0.09615638715
6551	0.09615002002
6552	0.0961447504
6553	0.09614181588
6554	0.09612891555
6555	0.09612369696
6556	0.09611990435
6557	0.09611487569
6558	0.09611095284
6559	0.09610659068
6560	0.09610178582
6561	0.09609816823
6562	0.09609445162
6563	0.09609046121
6564	0.09608701942
6565	0.09608219521
6566	0.09607578821
6567	0.09607151825
6568	0.09606828683
6569	0.09606251519
6570	0.09605913999
6571	0.09605314583
6572	0.09604845328
6573	0.09604402707
6574	0.09603957688
6575	0.0960354469
6576	0.09602366504
6577	0.09601765396
6578	0.09601417728
6579	0.09600771506
6580	0.09600372606
6581	0.09599984322
6582	0.09599553092
6583	0.09599063052
6584	0.09598563185
6585	0.0959704219
6586	0.09596628659
6587	0.09596105906
6588	0.09595642386
6589	0.09595220901
6590	0.09594786013
6591	0.09593144618
6592	0.09592884221
6593	0.09592362446
6594	0.09592023839
6595	0.09591674412
6596	0.09591232246
6597	0.09590827058
6598	0.09590449796
6599	0.09589838262
6600	0.09589442761
6601	0.09589123136
6602	0.09588346068
6603	0.09587934662
6604	0.09587487677
6605	0.09586606504
6606	0.09586119013
6607	0.09585707233
6608	0.09585297255
6609	0.09584652758
6610	0.09583380474
6611	0.09583036771
6612	0.09582573756
6613	0.09581473396
6614	0.09581247964
6615	0.09580973452
6616	0.0958041997
6617	0.09579986485
6618	0.09579095454
6619	0.09577824161
6620	0.09577204202
6621	0.09576696401
6622	0.09576403263
6623	0.09574807265
6624	0.0957437409
6625	0.09573979256
6626	0.09573659783
6627	0.09573349675
6628	0.09572944998
6629	0.0957238753
6630	0.09571788866
6631	0.09571443062
6632	0.09570841958
6633	0.09570505767
6634	0.09570242127
6635	0.09569855268
6636	0.09569570556
6637	0.09569255062
6638	0.09568456969
6639	0.09568091017
6640	0.09567591615
6641	0.09567349294
6642	0.09566986154
6643	0.09565707829
6644	0.09564639874
6645	0.09564209262
6646	0.09563542917
6647	0.09563082234
6648	0.09562656936
6649	0.09562063258
6650	0.09561553951
6651	0.09561191285
6652	0.09560810688
6653	0.09559930593
6654	0.09559463506
6655	0.09559040412
6656	0.09558625904
6657	0.09558269918
6658	0.09557935241
6659	0.0955749282
6660	0.09557022401
6661	0.09556623583
6662	0.09556089772
6663	0.09555567159
6664	0.09555126443
6665	0.09554616718
6666	0.09553995492
6667	0.09553660852
6668	0.09553157248
6669	0.09552703483
6670	0.0955151183
6671	0.09551138566
6672	0.09550659404
6673	0.09549863955
6674	0.09549453251
6675	0.09549133357
6676	0.09547907531
6677	0.09547107962
6678	0.09546605773
6679	0.09546194419
6680	0.095459007
6681	0.09545338698
6682	0.09544723644
6683	0.09544185435
6684	0.09543260029
6685	0.09542893892
6686	0.09542412202
6687	0.09541847558
6688	0.09541406545
6689	0.0954091688
6690	0.09539947846
6691	0.09539436198
6692	0.09539085627
6693	0.09538593152
6694	0.0953687063
6695	0.09536424742
6696	0.09536068734
6697	0.095353988
6698	0.09534667616
6699	0.095331307
6700	0.09532683607
6701	0.09532369833
6702	0.09532068335
6703	0.09531756738
6704	0.09531273382
6705	0.09530903624
6706	0.09530493675
6707	0.09529807588
6708	0.09529040655
6709	0.09528648925
6710	0.0952805897
6711	0.09527527865
6712	0.09527140488
6713	0.09525658865
6714	0.09525325555
6715	0.09524651325
6716	0.09524145265
6717	0.0952384875
6718	0.09522516847
6719	0.09521956981
6720	0.09521535174
6721	0.09521100523
6722	0.09520576395
6723	0.09520259198
6724	0.09519831941
6725	0.09519382857
6726	0.09518629345
6727	0.0951814468
6728	0.09516863588
6729	0.09516432501
6730	0.09515959079
6731	0.09515310404
6732	0.09514670916
6733	0.09514354565
6734	0.09513897876
6735	0.09513243625
6736	0.09512749351
6737	0.09512061579
6738	0.09511550087
6739	0.09511189517
6740	0.09510371452
6741	0.0951006735
6742	0.09509628715
6743	0.09509219929
6744	0.09508412661
6745	0.09507728313
6746	0.09507383562
6747	0.09506866353
6748	0.09506506781
6749	0.09506040132
6750	0.09505634039
6751	0.09505072851
6752	0.0950371005
6753	0.09503258479
6754	0.09502557753
6755	0.09502197874
6756	0.09501778466
6757	0.09501356683
6758	0.0950092731
6759	0.09500294977
6760	0.09499895005
6761	0.09499467938
6762	0.09499139485
6763	0.09498812795
6764	0.09498283
6765	0.09497765341
6766	0.09497334264
6767	0.09496326856
6768	0.0949590405
6769	0.09495116327
6770	0.09494729073
6771	0.09494280664
6772	0.09493050328
6773	0.09492641162
6774	0.09491863925
6775	0.09491426837
6776	0.09491053903
6777	0.09490647795
6778	0.09489781286
6779	0.09489293164
6780	0.09488700262
6781	0.09487680796
6782	0.09486518619
6783	0.0948599938
6784	0.09485554123
6785	0.09485109731
6786	0.09484654663
6787	0.09483932531
6788	0.09483520342
6789	0.0948301092
6790	0.09482716789
6791	0.09482179657
6792	0.09481849786
6793	0.09481420562
6794	0.09480663937
6795	0.09480200831
6796	0.09479671224
6797	0.09479349621
6798	0.09479097666
6799	0.09478564966
6800	0.09478014832
6801	0.09477518244
6802	0.09477093729
6803	0.09475853713
6804	0.09475425969
6805	0.09475068557
6806	0.09474706577
6807	0.09474257534
6808	0.09473633033
6809	0.09473159733
6810	0.0947247589
6811	0.09472007798
6812	0.09471521527
6813	0.09471096515
6814	0.09470722086
6815	0.09470298051
6816	0.0946980619
6817	0.09469410569
6818	0.09469033331
6819	0.09468355326
6820	0.09467669263
6821	0.09467182304
6822	0.0946677065
6823	0.09466414214
6824	0.09466010508
6825	0.09465390384
6826	0.094650299
6827	0.09464527292
6828	0.09463552995
6829	0.09463105416
6830	0.09462762399
6831	0.09462301437
6832	0.0946189218
6833	0.09460843969
6834	0.09460407854
6835	0.09459668922
6836	0.09459332917
6837	0.09458581243
6838	0.09457970066
6839	0.09457374669
6840	0.09456893087
6841	0.09456596935
6842	0.09455901965
6843	0.09455246659
6844	0.09454563207
6845	0.09452792326
6846	0.09452218286
6847	0.09451680304
6848	0.09451290699
6849	0.09450941677
6850	0.09449973034
6851	0.09449561308
6852	0.09449059997
6853	0.09448520319
6854	0.09448179962
6855	0.09447822363
6856	0.09447452788
6857	0.09446250002
6858	0.09445619482
6859	0.09445070471
6860	0.0944367969
6861	0.09443192192
6862	0.09442697139
6863	0.09442321786
6864	0.09441662306
6865	0.09441122994
6866	0.09440652571
6867	0.09440271659
6868	0.09439922537
6869	0.09439550292
6870	0.09439134461
6871	0.09437040013
6872	0.09436830042
6873	0.09436355077
6874	0.09435901927
6875	0.09435387333
6876	0.09434842385
6877	0.09434472284
6878	0.09433715727
6879	0.09433055986
6880	0.09432488285
6881	0.09432012612
6882	0.09431244887
6883	0.09430424441
6884	0.094299707
6885	0.09429541564
6886	0.09429104883
6887	0.09428731001
6888	0.09428374708
6889	0.09427963022
6890	0.09427519031
6891	0.09427106315
6892	0.09426714381
6893	0.09426339406
6894	0.09425948476
6895	0.09424592974
6896	0.09424269013
6897	0.09423917575
6898	0.09423597939
6899	0.09423287139
6900	0.09422916022
6901	0.09422521865
6902	0.0942205134
6903	0.09420714042
6904	0.09420429647
6905	0.09420103975
6906	0.09419818569
6907	0.09418908617
6908	0.09417610234
6909	0.09416375619
6910	0.09416041085
6911	0.09415315593
6912	0.09414796842
6913	0.0941379328
6914	0.09413161384
6915	0.09412774853
6916	0.09412330944
6917	0.09411758206
6918	0.09411382676
6919	0.09410883252
6920	0.09410295706
6921	0.09409698212
6922	0.09409315056
6923	0.09409016193
6924	0.09408590351
6925	0.09408250789
6926	0.09407875391
6927	0.09407548199
6928	0.09407201482
6929	0.09405879007
6930	0.09405698899
6931	0.09405249089
6932	0.09404803486
6933	0.09404317997
6934	0.09403966989
6935	0.09403561107
6936	0.09402778249
6937	0.09401790074
6938	0.09401375578
6939	0.09400929888
6940	0.09400333616
6941	0.09399934491
6942	0.09399514175
6943	0.09399074622
6944	0.09398766386
6945	0.09398460357
6946	0.09397766867
6947	0.09397257876
6948	0.0939630274
6949	0.09395820634
6950	0.09395478544
6951	0.0939509651
6952	0.09394719
6953	0.09394388609
6954	0.09394047235
6955	0.09393699723
6956	0.09393181482
6957	0.09392805284
6958	0.09392056476
6959	0.09391800668
6960	0.09391325097
6961	0.09390784676
6962	0.09390211931
6963	0.09389955164
6964	0.09389292738
6965	0.09388972257
6966	0.09387899871
6967	0.09387260078
6968	0.09386937515
6969	0.09386470778
6970	0.09386216584
6971	0.09384697377
6972	0.0938408
6973	0.09383639542
6974	0.09383186334
6975	0.0938283921
6976	0.09382299576
6977	0.09381755886
6978	0.09381019486
6979	0.09380672406
6980	0.09380208192
6981	0.09379749576
6982	0.09379255148
6983	0.09378949252
6984	0.09378412555
6985	0.09378048346
6986	0.09377683002
6987	0.09377270611
6988	0.09376955028
6989	0.09376517699
6990	0.09376220962
6991	0.09375504773
6992	0.09375066497
6993	0.0937468795
6994	0.09374237853
6995	0.09373788054
6996	0.09373473686
6997	0.09372857413
6998	0.09372075122
6999	0.0937166401
7000	0.09371298829
7001	0.09370623152
7002	0.09370072235
7003	0.09369735021
7004	0.09369241532
7005	0.09368940179
7006	0.09368522398
7007	0.09368147559
7008	0.09367777531
7009	0.0936743108
7010	0.09367071712
7011	0.09366652045
7012	0.0936618047
7013	0.09365825161
7014	0.09365299257
7015	0.09364846619
7016	0.09364481474
7017	0.0936351856
7018	0.09363039625
7019	0.09362532001
7020	0.09362005703
7021	0.09361527347
7022	0.09360688606
7023	0.09360317244
7024	0.09359893139
7025	0.09359188332
7026	0.09358630706
7027	0.09358375669
7028	0.09357715362
7029	0.09357473059
7030	0.09356885242
7031	0.0935645641
7032	0.09355878173
7033	0.09355437104
7034	0.09354568405
7035	0.09354120323
7036	0.09353395167
7037	0.09353010469
7038	0.09352642096
7039	0.09351332622
7040	0.09350831743
7041	0.09350088692
7042	0.09349707641
7043	0.09348475407
7044	0.09347622053
7045	0.09347196522
7046	0.09346244264
7047	0.0934532088
7048	0.09344823972
7049	0.09344493162
7050	0.0934392277
7051	0.0934357912
7052	0.09343241738
7053	0.09342814624
7054	0.09341628053
7055	0.09341304744
7056	0.09340861992
7057	0.09339344825
7058	0.09337997927
7059	0.09337570485
7060	0.09337164034
7061	0.09336694616
7062	0.09336266949
7063	0.09335624347
7064	0.09335185224
7065	0.09333230157
7066	0.09332836144
7067	0.09332387396
7068	0.09331654063
7069	0.09331206283
7070	0.09330841032
7071	0.09330299788
7072	0.09329859884
7073	0.0932950172
7074	0.09329144137
7075	0.09328737462
7076	0.09327741454
7077	0.09327468582
7078	0.09327033231
7079	0.09326748423
7080	0.09326385515
7081	0.09325994556
7082	0.09325582187
7083	0.09325190587
7084	0.09324781069
7085	0.09324210659
7086	0.09324003329
7087	0.09323425329
7088	0.09322433168
7089	0.09322136977
7090	0.09321631983
7091	0.09321128312
7092	0.09320622416
7093	0.09320036171
7094	0.09319623043
7095	0.0931918592
7096	0.09318844552
7097	0.09318382317
7098	0.09317902539
7099	0.09317511688
7100	0.0931722545
7101	0.09316883007
7102	0.09315705217
7103	0.09315191346
7104	0.09314780441
7105	0.09314364679
7106	0.09313968447
7107	0.09313491852
7108	0.09313126513
7109	0.09312339021
7110	0.09311769105
7111	0.09311390569
7112	0.09310393153
7113	0.09309808358
7114	0.09309418728
7115	0.09309087319
7116	0.09308845432
7117	0.09308402234
7118	0.09308153554
7119	0.09306997368
7120	0.09306549584
7121	0.09306129115
7122	0.09305768978
7123	0.09305059246
7124	0.09304606612
7125	0.09304277699
7126	0.09303802268
7127	0.0930355038
7128	0.09303181562
7129	0.09302801154
7130	0.09302509882
7131	0.09301680282
7132	0.09301381988
7133	0.0930100265
7134	0.09300329574
7135	0.09299361416
7136	0.09298122174
7137	0.09297769932
7138	0.09297397878
7139	0.09296187862
7140	0.09295804075
7141	0.09295533419
7142	0.09295011734
7143	0.09294641078
7144	0.09294253153
7145	0.09293618121
7146	0.09291614141
7147	0.09291294449
7148	0.09290797897
7149	0.09290387393
7150	0.09290016236
7151	0.0928957366
7152	0.09288819395
7153	0.09288339691
7154	0.09287901084
7155	0.09287558719
7156	0.09287131735
7157	0.09286606042
7158	0.09285978572
7159	0.09285579167
7160	0.09284755766
7161	0.09284301812
7162	0.09283895488
7163	0.09283426853
7164	0.09283019694
7165	0.0928250981
7166	0.09281952549
7167	0.0928120416
7168	0.09280817701
7169	0.09280246269
7170	0.09279790133
7171	0.09279264233
7172	0.092786896
7173	0.09276758752
7174	0.0927639199
7175	0.09275730198
7176	0.09275332675
7177	0.09274846846
7178	0.09274584852
7179	0.09274227128
7180	0.09273845207
7181	0.09273289011
7182	0.09272909882
7183	0.09272608505
7184	0.092721649
7185	0.09271564103
7186	0.09271035323
7187	0.09270593443
7188	0.09270275939
7189	0.09269717975
7190	0.09269195726
7191	0.09268485395
7192	0.09268118692
7193	0.09267746488
7194	0.09267058139
7195	0.09266567092
7196	0.09266003139
7197	0.09265626313
7198	0.09265303523
7199	0.09265085619
7200	0.09264657079
7201	0.09264300361
7202	0.09263459368
7203	0.09262743485
7204	0.09262154772
7205	0.09261729206
7206	0.09261399227
7207	0.09261072202
7208	0.09260696045
7209	0.09260204943
7210	0.0925982162
7211	0.09259565872
7212	0.09259024767
7213	0.09258714027
7214	0.09258058032
7215	0.09257750635
7216	0.09257324417
7217	0.09256860629
7218	0.09256374601
7219	0.09255544411
7220	0.09255127362
7221	0.09254009511
7222	0.09253690672
7223	0.09253309571
7224	0.09253010317
7225	0.09252577275
7226	0.09251737739
7227	0.09251332586
7228	0.09250934439
7229	0.09250273616
7230	0.09249958165
7231	0.09249588567
7232	0.09249226135
7233	0.09248887449
7234	0.09248370851
7235	0.09248009875
7236	0.09247601777
7237	0.09247103327
7238	0.09246033613
7239	0.09245595508
7240	0.09245293623
7241	0.0924476507
7242	0.09244253128
7243	0.09243531271
7244	0.09243174983
7245	0.09242851385
7246	0.09242453525
7247	0.09241833656
7248	0.09241109013
7249	0.09240736699
7250	0.09240232269
7251	0.09239934249
7252	0.09239549004
7253	0.09239258409
7254	0.09238864994
7255	0.09238478458
7256	0.09238089342
7257	0.09237690416
7258	0.09236235711
7259	0.09235825901
7260	0.09234343524
7261	0.09234003611
7262	0.09233648906
7263	0.09232919773
7264	0.09232497248
7265	0.09232109965
7266	0.09231380914
7267	0.0923110702
7268	0.0923078104
7269	0.09230461802
7270	0.09229730844
7271	0.09228734355
7272	0.09228218088
7273	0.09227973714
7274	0.09227646232
7275	0.09227284917
7276	0.09226901023
7277	0.09226511948
7278	0.09226101269
7279	0.09224557039
7280	0.09224222484
7281	0.09223874466
7282	0.0922346785
7283	0.09222753873
7284	0.09222099398
7285	0.09221661171
7286	0.09221344658
7287	0.09220997504
7288	0.09220614921
7289	0.09220153118
7290	0.09219852001
7291	0.09219356931
7292	0.09219067106
7293	0.09218688702
7294	0.0921820876
7295	0.09217653458
7296	0.09217084536
7297	0.09216617137
7298	0.09216024709
7299	0.09215031429
7300	0.09214608929
7301	0.09213760626
7302	0.09212772376
7303	0.09212141712
7304	0.09210463103
7305	0.09209995383
7306	0.09209272426
7307	0.09208623821
7308	0.09207896342
7309	0.09207498992
7310	0.09207148985
7311	0.09206772981
7312	0.09206149773
7313	0.09205673161
7314	0.09204320776
7315	0.09203809829
7316	0.09203349519
7317	0.09202997408
7318	0.09202588488
7319	0.09202220959
7320	0.09201769633
7321	0.09201543509
7322	0.09201192725
7323	0.09200755954
7324	0.09200455402
7325	0.09200031298
7326	0.09199599454
7327	0.09199228682
7328	0.09198711146
7329	0.09198221489
7330	0.09196997884
7331	0.09196511184
7332	0.09196201062
7333	0.09194371354
7334	0.09194038603
7335	0.09193572755
7336	0.09192738921
7337	0.09192239346
7338	0.09191825878
7339	0.0919143143
7340	0.09190960257
7341	0.09190538692
7342	0.09190166435
7343	0.09189708089
7344	0.09189209445
7345	0.09188671324
7346	0.09188369988
7347	0.09187941851
7348	0.09187449926
7349	0.09186913102
7350	0.09186296823
7351	0.09186129056
7352	0.09185025889
7353	0.09184808644
7354	0.09184183258
7355	0.09183841564
7356	0.09183312532
7357	0.09182934371
7358	0.09182529523
7359	0.09182103873
7360	0.09181744934
7361	0.09181286073
7362	0.09180608384
7363	0.09180100658
7364	0.09179211393
7365	0.09178909703
7366	0.09178586784
7367	0.0917794505
7368	0.09177486435
7369	0.0917711502
7370	0.09176670358
7371	0.09176268248
7372	0.09175955495
7373	0.09175666407
7374	0.09175217938
7375	0.09174902855
7376	0.09174485301
7377	0.09173978091
7378	0.09173122935
7379	0.09172861894
7380	0.09172494073
7381	0.09171894047
7382	0.0917145803
7383	0.0917092212
7384	0.09170686289
7385	0.09170236924
7386	0.09169749927
7387	0.09169406209
7388	0.09169025707
7389	0.0916868773
7390	0.09168442971
7391	0.09168065355
7392	0.0916773406
7393	0.09167371026
7394	0.09166928519
7395	0.09165349355
7396	0.09164749092
7397	0.09164362598
7398	0.09163742418
7399	0.09163397167
7400	0.09163010038
7401	0.09162513187
7402	0.09162046464
7403	0.0916184816
7404	0.09161355304
7405	0.09160921217
7406	0.09160095913
7407	0.09159684136
7408	0.09159300885
7409	0.09158786273
7410	0.09158161173
7411	0.09157730733
7412	0.09157506307
7413	0.09156438577
7414	0.0915560499
7415	0.09154932808
7416	0.09154508178
7417	0.09154151997
7418	0.09153461899
7419	0.09152282973
7420	0.09151859159
7421	0.09151309364
7422	0.09151112898
7423	0.09150807691
7424	0.09149936158
7425	0.0914931703
7426	0.09149037276
7427	0.09148777017
7428	0.09148314222
7429	0.09148029096
7430	0.09147500386
7431	0.09147167035
7432	0.09146689083
7433	0.0914604424
7434	0.09145579813
7435	0.09144995158
7436	0.09144653254
7437	0.09144370777
7438	0.09143919178
7439	0.0914353461
7440	0.09142605235
7441	0.09142169434
7442	0.09141714259
7443	0.09141245288
7444	0.09141033967
7445	0.09140659715
7446	0.09140175446
7447	0.09139764812
7448	0.09139285233
7449	0.09138673654
7450	0.09138324173
7451	0.09137935216
7452	0.09137629516
7453	0.09137316377
7454	0.09136929153
7455	0.0913654405
7456	0.09136214433
7457	0.09135912432
7458	0.09135034665
7459	0.09134592927
7460	0.09134309193
7461	0.09133948683
7462	0.09132956809
7463	0.09132497269
7464	0.09132029853
7465	0.09131751249
7466	0.09131324284
7467	0.09130813268
7468	0.09130352539
7469	0.09129947332
7470	0.09129285278
7471	0.09128872756
7472	0.09128535708
7473	0.09128065552
7474	0.09127699545
7475	0.09127300868
7476	0.09126917808
7477	0.09126459144
7478	0.09126002562
7479	0.09125191232
7480	0.09124621344
7481	0.09124197659
7482	0.09123734055
7483	0.0912329157
7484	0.09122890415
7485	0.09122065843
7486	0.09121726608
7487	0.09121094956
7488	0.0912065
7489	0.09120165633
7490	0.0911889421
7491	0.09118461704
7492	0.09118001452
7493	0.09117650743
7494	0.09117261207
7495	0.09115832653
7496	0.0911557747
7497	0.09115018322
7498	0.09114520163
7499	0.09114129964
7500	0.09113663677
7501	0.0911314705
7502	0.09112748204
7503	0.09112422787
7504	0.09112000285
7505	0.09111563568
7506	0.09111141201
7507	0.09110406341
7508	0.09109747836
7509	0.09109371787
7510	0.0910898197
7511	0.09108647105
7512	0.09108009996
7513	0.09107658553
7514	0.09107277174
7515	0.09106957106
7516	0.09106501265
7517	0.09106072003
7518	0.0910579246
7519	0.09105445918
7520	0.09104987157
7521	0.091047121
7522	0.09104313757
7523	0.09104044808
7524	0.09102884746
7525	0.09102471333
7526	0.09102198863
7527	0.09101526207
7528	0.09101141004
7529	0.09100739142
7530	0.09100283523
7531	0.09099891728
7532	0.09099600152
7533	0.09098465731
7534	0.09098108512
7535	0.0909778652
7536	0.09097300116
7537	0.09096831096
7538	0.09096459103
7539	0.09096130714
7540	0.09095852909
7541	0.09094370963
7542	0.09094064781
7543	0.09093822869
7544	0.09093436555
7545	0.09092946916
7546	0.09092634475
7547	0.09092170907
7548	0.09091696947
7549	0.09091226937
7550	0.09090799415
7551	0.09090385114
7552	0.09089971128
7553	0.09089584787
7554	0.0908919208
7555	0.0908884105
7556	0.09088496847
7557	0.09088036786
7558	0.09087721153
7559	0.09087121869
7560	0.0908672739
7561	0.09086311704
7562	0.09085770161
7563	0.09085340464
7564	0.09084751171
7565	0.0908428418
7566	0.0908380685
7567	0.09083370992
7568	0.09082871603
7569	0.09082255837
7570	0.09081658222
7571	0.09081291104
7572	0.09080914406
7573	0.090804938
7574	0.0907944994
7575	0.09079148393
7576	0.0907876834
7577	0.09078395001
7578	0.090778767
7579	0.0907728883
7580	0.09076987463
7581	0.0907635883
7582	0.09075965901
7583	0.09075574168
7584	0.09075130422
7585	0.09074601796
7586	0.09073314573
7587	0.09072837613
7588	0.09072396319
7589	0.09072117536
7590	0.09071905305
7591	0.0907126978
7592	0.09069608485
7593	0.09069242669
7594	0.09068980306
7595	0.09068678284
7596	0.09068335836
7597	0.09067757637
7598	0.09066674953
7599	0.09066303025
7600	0.09065565584
7601	0.09065037391
7602	0.09063766509
7603	0.09063195057
7604	0.09062933862
7605	0.09062594717
7606	0.09062326851
7607	0.09062007536
7608	0.09061754987
7609	0.09061142114
7610	0.09060755576
7611	0.09060315369
7612	0.0905988678
7613	0.09059379561
7614	0.09058878059
7615	0.09058153657
7616	0.09057710907
7617	0.09057364092
7618	0.09057050218
7619	0.09056661658
7620	0.09056331047
7621	0.09055996587
7622	0.09055686106
7623	0.09055207727
7624	0.09054972623
7625	0.09054605386
7626	0.09054129093
7627	0.09053719137
7628	0.09053315784
7629	0.09052871281
7630	0.09052600081
7631	0.09052358644
7632	0.09051978541
7633	0.09051322118
7634	0.09050808304
7635	0.09050440131
7636	0.09050153236
7637	0.09049757877
7638	0.09049452898
7639	0.09048984167
7640	0.0904858369
7641	0.09048196205
7642	0.09047770081
7643	0.09047251781
7644	0.09046961396
7645	0.0904667355
7646	0.09045870476
7647	0.09045492187
7648	0.09045096481
7649	0.0904379456
7650	0.09043281816
7651	0.09042817128
7652	0.09042399363
7653	0.09042032865
7654	0.09041217119
7655	0.09040742146
7656	0.09039976802
7657	0.09039067957
7658	0.09038556453
7659	0.09038093044
7660	0.09037667187
7661	0.09037201845
7662	0.09036717819
7663	0.09036455216
7664	0.09035960196
7665	0.09035656917
7666	0.0903514832
7667	0.09034595391
7668	0.0903421281
7669	0.09033939756
7670	0.09033428832
7671	0.09033082015
7672	0.0903267288
7673	0.09031962294
7674	0.09031550198
7675	0.09031154638
7676	0.09030388608
7677	0.09030201196
7678	0.09029843013
7679	0.09029499855
7680	0.09028835527
7681	0.09028423498
7682	0.09027920979
7683	0.09027572725
7684	0.0902714031
7685	0.09026605264
7686	0.09026152088
7687	0.09025679703
7688	0.09025275665
7689	0.09024948049
7690	0.09024703292
7691	0.09024354965
7692	0.0902397047
7693	0.09023587829
7694	0.09023161054
7695	0.09022522436
7696	0.09022038733
7697	0.09021773755
7698	0.09021469076
7699	0.09020994025
7700	0.09020535973
7701	0.09020020203
7702	0.09019271393
7703	0.09018702491
7704	0.09018425735
7705	0.09017908573
7706	0.09017597182
7707	0.09017150594
7708	0.09016075214
7709	0.09014594853
7710	0.09014102569
7711	0.09013194065
7712	0.09012786752
7713	0.09012440787
7714	0.0901218219
7715	0.0901190027
7716	0.0901155101
7717	0.09011238272
7718	0.09010960575
7719	0.09009585519
7720	0.09009216777
7721	0.09008939699
7722	0.09008454556
7723	0.09007974362
7724	0.09007504724
7725	0.09007051493
7726	0.09006299977
7727	0.09005663686
7728	0.09005332745
7729	0.09004850182
7730	0.09004618556
7731	0.09004137904
7732	0.09003868057
7733	0.09003542967
7734	0.09003125217
7735	0.09002769113
7736	0.09002342405
7737	0.09002039023
7738	0.09001626837
7739	0.09001223106
7740	0.0900091609
7741	0.0900061791
7742	0.09000291286
7743	0.08999834871
7744	0.08999484846
7745	0.08999075924
7746	0.08998780879
7747	0.08998121501
7748	0.08997855139
7749	0.08997243034
7750	0.08996553178
7751	0.08996147467
7752	0.08995804517
7753	0.08995343574
7754	0.08994782032
7755	0.08993589214
7756	0.08993089334
7757	0.08992821737
7758	0.08992080302
7759	0.08991886718
7760	0.08991406719
7761	0.08990883078
7762	0.089904916
7763	0.08990136885
7764	0.08989714666
7765	0.08989238859
7766	0.08988863269
7767	0.08988442134
7768	0.08988025479
7769	0.08987569042
7770	0.08987003084
7771	0.08986685297
7772	0.08986351226
7773	0.08986025919
7774	0.08984819647
7775	0.08984286217
7776	0.08983894459
7777	0.08983436793
7778	0.08982910792
7779	0.08982102868
7780	0.08981635893
7781	0.08981366849
7782	0.08980978942
7783	0.08980017083
7784	0.08979724509
7785	0.08979333984
7786	0.08978489909
7787	0.08978062585
7788	0.0897741473
7789	0.08976963677
7790	0.08976618418
7791	0.08976113263
7792	0.08975667911
7793	0.08975229606
7794	0.08974497071
7795	0.08974103522
7796	0.0897381541
7797	0.08973377405
7798	0.08973137907
7799	0.08972911512
7800	0.08972593719
7801	0.08972148579
7802	0.08971204145
7803	0.08970747835
7804	0.08970302253
7805	0.08969599022
7806	0.08969284784
7807	0.08968845019
7808	0.08968371975
7809	0.08967957158
7810	0.08967621524
7811	0.08967323345
7812	0.0896683332
7813	0.08966134504
7814	0.08965572396
7815	0.08965225524
7816	0.08964853976
7817	0.08964015463
7818	0.08963371332
7819	0.08963038071
7820	0.08962638443
7821	0.08960866569
7822	0.08960389936
7823	0.08959896771
7824	0.08959426656
7825	0.0895912075
7826	0.08958729344
7827	0.08958319662
7828	0.08957811547
7829	0.08957389491
7830	0.08956910559
7831	0.08956591421
7832	0.08956145135
7833	0.08955674565
7834	0.08955274402
7835	0.08954918661
7836	0.08954602332
7837	0.08953704756
7838	0.0895330092
7839	0.08952219892
7840	0.08951850378
7841	0.08951376457
7842	0.08951093374
7843	0.08950363998
7844	0.08949541498
7845	0.08949052787
7846	0.08947762486
7847	0.08947291028
7848	0.08947011845
7849	0.08946216945
7850	0.08945658688
7851	0.08945011975
7852	0.08944659105
7853	0.08943742952
7854	0.08943277752
7855	0.08942769486
7856	0.0894239005
7857	0.08941816621
7858	0.08941421245
7859	0.08941168769
7860	0.08940893808
7861	0.08940459127
7862	0.08939525222
7863	0.08939143528
7864	0.08938694054
7865	0.08938411321
7866	0.08938042029
7867	0.08937557362
7868	0.0893705747
7869	0.08935743966
7870	0.0893540807
7871	0.08934892599
7872	0.08934496293
7873	0.0893377827
7874	0.08933385992
7875	0.08932930758
7876	0.08932535807
7877	0.08932081777
7878	0.08931774534
7879	0.08931153146
7880	0.08930816523
7881	0.08930556777
7882	0.08930226063
7883	0.08929815893
7884	0.08929482798
7885	0.08928980454
7886	0.08928727224
7887	0.08928434057
7888	0.0892812138
7889	0.0892783738
7890	0.08927068611
7891	0.08926671994
7892	0.0892632915
7893	0.0892590629
7894	0.08925460186
7895	0.08925004056
7896	0.08923381532
7897	0.08923124619
7898	0.08922607362
7899	0.08922297717
7900	0.0892201908
7901	0.08921617266
7902	0.08921108724
7903	0.08920800696
7904	0.0892052772
7905	0.08919634007
7906	0.08918582159
7907	0.08918205214
7908	0.08917757218
7909	0.08917417363
7910	0.0891708593
7911	0.08916679786
7912	0.08916253512
7913	0.08915855971
7914	0.0891474775
7915	0.08914374761
7916	0.08913976943
7917	0.08913516857
7918	0.08913109829
7919	0.08912669925
7920	0.08911892431
7921	0.0891147218
7922	0.08911147475
7923	0.0891071322
7924	0.08910199938
7925	0.08908887581
7926	0.0890861362
7927	0.08908172354
7928	0.08906091322
7929	0.08905787173
7930	0.08905018051
7931	0.08904595435
7932	0.0890435719
7933	0.08903856445
7934	0.08903563494
7935	0.08903299949
7936	0.08902838577
7937	0.08902593937
7938	0.08902213703
7939	0.08901724316
7940	0.08901279332
7941	0.08901032048
7942	0.08900633824
7943	0.08900370267
7944	0.089000352
7945	0.08899583142
7946	0.08899231387
7947	0.08898746358
7948	0.0889830753
7949	0.08898063141
7950	0.08897556381
7951	0.08897080065
7952	0.08896767756
7953	0.08896439061
7954	0.08895812871
7955	0.08895216427
7956	0.08894879057
7957	0.08894437077
7958	0.08894060009
7959	0.08893767592
7960	0.08893399836
7961	0.08892835923
7962	0.08892332318
7963	0.08891867193
7964	0.08891516347
7965	0.08890973072
7966	0.08890436905
7967	0.08889981626
7968	0.08889637541
7969	0.08889119388
7970	0.08888671519
7971	0.08888439308
7972	0.08888055286
7973	0.08887311857
7974	0.08887047129
7975	0.08886635918
7976	0.08886172528
7977	0.08885598651
7978	0.08885334389
7979	0.08885041978
7980	0.08884024661
7981	0.08882786621
7982	0.0888194559
7983	0.08881483711
7984	0.08881056655
7985	0.08880656549
7986	0.08880270209
7987	0.08879890204
7988	0.08879447667
7989	0.08878796244
7990	0.08878524282
7991	0.08878018314
7992	0.08877471019
7993	0.08877124586
7994	0.08876886227
7995	0.08875455764
7996	0.08875056601
7997	0.08874613412
7998	0.08874088854
7999	0.08873776891
8000	0.08873545521
8001	0.08872086195
8002	0.08871600347
8003	0.08870988246
8004	0.08870662318
8005	0.08870342348
8006	0.08870049962
8007	0.0886955499
8008	0.0886824263
8009	0.08867890759
8010	0.08867239734
8011	0.0886668917
8012	0.08866276385
8013	0.08865940678
8014	0.08865530257
8015	0.08864940202
8016	0.08864634816
8017	0.08863967538
8018	0.08863634887
8019	0.08863185857
8020	0.08862609258
8021	0.08862278676
8022	0.08861587281
8023	0.08861202954
8024	0.08860785035
8025	0.08860316491
8026	0.08859715186
8027	0.0885941702
8028	0.08858831218
8029	0.08858505386
8030	0.08858148652
8031	0.0885767128
8032	0.08857217736
8033	0.08856886553
8034	0.08856375044
8035	0.08855740177
8036	0.08855324473
8037	0.08855048718
8038	0.0885399657
8039	0.08852985074
8040	0.08852598515
8041	0.08852016351
8042	0.08851733514
8043	0.08850637391
8044	0.08850362456
8045	0.08849871615
8046	0.08849524507
8047	0.08849352538
8048	0.08849051983
8049	0.08848762048
8050	0.08848400616
8051	0.08848103709
8052	0.08847520161
8053	0.0884719345
8054	0.08846930001
8055	0.08846411883
8056	0.08846004812
8057	0.08845591505
8058	0.08845247446
8059	0.0884458811
8060	0.08844341919
8061	0.08843954105
8062	0.08843160908
8063	0.0884277064
8064	0.08842405783
8065	0.08841420458
8066	0.08841049314
8067	0.08840303897
8068	0.08839967134
8069	0.0883941889
8070	0.08838952377
8071	0.08838193105
8072	0.08837514216
8073	0.08836941757
8074	0.08836575408
8075	0.08836231728
8076	0.0883598136
8077	0.08835631927
8078	0.08835254374
8079	0.08834119679
8080	0.08833847503
8081	0.0883340552
8082	0.08833132321
8083	0.08832825757
8084	0.08832347545
8085	0.08831981949
8086	0.08831576735
8087	0.08831325007
8088	0.08830873235
8089	0.08830585439
8090	0.08830165703
8091	0.0882944907
8092	0.08828980669
8093	0.08828586565
8094	0.08828260243
8095	0.0882799881
8096	0.08826967561
8097	0.08826578985
8098	0.08826160497
8099	0.08825806949
8100	0.0882546224
8101	0.08825070699
8102	0.08824726635
8103	0.08824328958
8104	0.08823960627
8105	0.08822702698
8106	0.08822424604
8107	0.08821164692
8108	0.08820760976
8109	0.0882029163
8110	0.08819919637
8111	0.08819670989
8112	0.08819460944
8113	0.08819224672
8114	0.08818494731
8115	0.08818176285
8116	0.08817827825
8117	0.08816860241
8118	0.08815550589
8119	0.0881517272
8120	0.08814719238
8121	0.08814341961
8122	0.08814030043
8123	0.08813485075
8124	0.08813252194
8125	0.08812974574
8126	0.08812556231
8127	0.08811831272
8128	0.0881135133
8129	0.08811077739
8130	0.08810623944
8131	0.0881008736
8132	0.08809791005
8133	0.08809538962
8134	0.08809247115
8135	0.08808847202
8136	0.08808397396
8137	0.08807934919
8138	0.08807477208
8139	0.08806927126
8140	0.08805659894
8141	0.08805237145
8142	0.08804544436
8143	0.08803998148
8144	0.0880362171
8145	0.08803171275
8146	0.08802456443
8147	0.08802049546
8148	0.0880168848
8149	0.08800743227
8150	0.08800438717
8151	0.08800120544
8152	0.08799544334
8153	0.08798575418
8154	0.08798142942
8155	0.08797818019
8156	0.08797070243
8157	0.08796623074
8158	0.08795978056
8159	0.08795586877
8160	0.08795244964
8161	0.08794852229
8162	0.08794424649
8163	0.08794145882
8164	0.08793682984
8165	0.08793220198
8166	0.08792855458
8167	0.08792539532
8168	0.08792171627
8169	0.08791920392
8170	0.08791474447
8171	0.08791046351
8172	0.087905968
8173	0.08790288746
8174	0.08789695298
8175	0.08789388529
8176	0.08788853251
8177	0.08788385582
8178	0.08788109889
8179	0.08787795276
8180	0.08787394493
8181	0.08787099743
8182	0.08786620669
8183	0.0878629595
8184	0.08785834838
8185	0.0878551534
8186	0.08785153684
8187	0.08784851189
8188	0.08784519811
8189	0.08784191367
8190	0.08783771061
8191	0.08783380885
8192	0.08783174719
8193	0.08782829095
8194	0.08782517714
8195	0.08782131758
8196	0.08781743849
8197	0.08781350533
8198	0.0877978554
8199	0.08779347146
8200	0.08778992508
8201	0.08778708121
8202	0.08778215594
8203	0.08777849122
8204	0.08777547708
8205	0.08777139334
8206	0.08775876114
8207	0.0877557006
8208	0.08775066612
8209	0.08774634502
8210	0.08773928904
8211	0.08773574179
8212	0.08772958685
8213	0.08772615085
8214	0.087720174
8215	0.08771566738
8216	0.08770487115
8217	0.08770123954
8218	0.08769707339
8219	0.08769413536
8220	0.08769011505
8221	0.08768458115
8222	0.08768117403
8223	0.08767782681
8224	0.08767457335
8225	0.08767043718
8226	0.08766592988
8227	0.08766458805
8228	0.08766131341
8229	0.08765807367
8230	0.08765229985
8231	0.08764585311
8232	0.08764310326
8233	0.08762233252
8234	0.08761503146
8235	0.08761194322
8236	0.08760859727
8237	0.0876021709
8238	0.08759976997
8239	0.08759519413
8240	0.08759219144
8241	0.08758872615
8242	0.08758567382
8243	0.08758171005
8244	0.08757770015
8245	0.08757489143
8246	0.08757174439
8247	0.08756663943
8248	0.08756355903
8249	0.08755901549
8250	0.08755561285
8251	0.08754866723
8252	0.08754307911
8253	0.08753886757
8254	0.08752883728
8255	0.08751743195
8256	0.08751459793
8257	0.08751011451
8258	0.08750612343
8259	0.08750008899
8260	0.0874934488
8261	0.08747858197
8262	0.08747151651
8263	0.08746478054
8264	0.08746221497
8265	0.08745942409
8266	0.08745487997
8267	0.08745185556
8268	0.08744760802
8269	0.08744434494
8270	0.08744046856
8271	0.08743869636
8272	0.08743416397
8273	0.08742881609
8274	0.08742588413
8275	0.08742269151
8276	0.08741884725
8277	0.08741364068
8278	0.08740903863
8279	0.08740097124
8280	0.08739795427
8281	0.08739548159
8282	0.08739193531
8283	0.08738807971
8284	0.08738268487
8285	0.08737948026
8286	0.08737666711
8287	0.08737118358
8288	0.08736797973
8289	0.0873647281
8290	0.08735643769
8291	0.08735186924
8292	0.08734705287
8293	0.087344262
8294	0.08733943517
8295	0.08733577084
8296	0.087331041
8297	0.08732774383
8298	0.08732624292
8299	0.08731913158
8300	0.0873160323
8301	0.08731273709
8302	0.08730794758
8303	0.0873052854
8304	0.08730275981
8305	0.08729823192
8306	0.08729452258
8307	0.08729029598
8308	0.08728750936
8309	0.08728281749
8310	0.08728015416
8311	0.08727722033
8312	0.0872741712
8313	0.08726981373
8314	0.08726515946
8315	0.08726133922
8316	0.08725761813
8317	0.08725260683
8318	0.08724398662
8319	0.08724013779
8320	0.08723618979
8321	0.08722661462
8322	0.08722203041
8323	0.0872177577
8324	0.08721368588
8325	0.08720989958
8326	0.0872062354
8327	0.08720272411
8328	0.08719903244
8329	0.08719554068
8330	0.08719124244
8331	0.08718880563
8332	0.08718553243
8333	0.08718210787
8334	0.08717737151
8335	0.0871725518
8336	0.08716426388
8337	0.08716026146
8338	0.08715717943
8339	0.08715259918
8340	0.08714007477
8341	0.08713610192
8342	0.08713128721
8343	0.08712841732
8344	0.0871226074
8345	0.08711839807
8346	0.08711524132
8347	0.08711242507
8348	0.08709989732
8349	0.08709711752
8350	0.08709423396
8351	0.08709032498
8352	0.0870834967
8353	0.08708037238
8354	0.08707472673
8355	0.08707228029
8356	0.08706883423
8357	0.08706598315
8358	0.08706189721
8359	0.08705430186
8360	0.08705145094
8361	0.0870475563
8362	0.08704187548
8363	0.08703879552
8364	0.08703423047
8365	0.08703078714
8366	0.08702812372
8367	0.08702534537
8368	0.08702305135
8369	0.08701824807
8370	0.08701108292
8371	0.08700873218
8372	0.08700504641
8373	0.0870016968
8374	0.08699847611
8375	0.08699429604
8376	0.08699096234
8377	0.0869878938
8378	0.0869843609
8379	0.08698104322
8380	0.08697628904
8381	0.08697246099
8382	0.08696855472
8383	0.08696422202
8384	0.08695363115
8385	0.08694921706
8386	0.08694602588
8387	0.08694133507
8388	0.08693842052
8389	0.08692596653
8390	0.08692174645
8391	0.08691735157
8392	0.08691359811
8393	0.08690987431
8394	0.08690505207
8395	0.08690243947
8396	0.08689888308
8397	0.08689530429
8398	0.08689274412
8399	0.08688775961
8400	0.08688455057
8401	0.08688165494
8402	0.08687915192
8403	0.08687511376
8404	0.08687235222
8405	0.08686965087
8406	0.08686592852
8407	0.08686244175
8408	0.08685820046
8409	0.0868555575
8410	0.08685026103
8411	0.08684440768
8412	0.08684143337
8413	0.08683798584
8414	0.08683495259
8415	0.08683259062
8416	0.08682941728
8417	0.08682358385
8418	0.08682097372
8419	0.08681823434
8420	0.08681529821
8421	0.08681074394
8422	0.08680688971
8423	0.08680476418
8424	0.08680037473
8425	0.08679699224
8426	0.08679013264
8427	0.08678601038
8428	0.08678189306
8429	0.08677808492
8430	0.08677518403
8431	0.08677028821
8432	0.08676721268
8433	0.08676300605
8434	0.08675958029
8435	0.08674753191
8436	0.08674405316
8437	0.08674020232
8438	0.08673677288
8439	0.08673198973
8440	0.08672829274
8441	0.08672482581
8442	0.08672021408
8443	0.08671740222
8444	0.08671364398
8445	0.08671007349
8446	0.0867065439
8447	0.08670164468
8448	0.0866972242
8449	0.08669352319
8450	0.08669030286
8451	0.08668810836
8452	0.08668314302
8453	0.08667913005
8454	0.08667652078
8455	0.08667378586
8456	0.08666047926
8457	0.08665676659
8458	0.08665198375
8459	0.08664814781
8460	0.08664395961
8461	0.08663973099
8462	0.0866352059
8463	0.08663254903
8464	0.08662827243
8465	0.08661774902
8466	0.0866101464
8467	0.08660703164
8468	0.08659966614
8469	0.08659685062
8470	0.08659408132
8471	0.08659109277
8472	0.08658722815
8473	0.08657935098
8474	0.08657647693
8475	0.08657344348
8476	0.08656946001
8477	0.08656571149
8478	0.08655931793
8479	0.08655638068
8480	0.08655237681
8481	0.08655071727
8482	0.08654224296
8483	0.08653894891
8484	0.08653271377
8485	0.08652881271
8486	0.08652500618
8487	0.08651690885
8488	0.08651304796
8489	0.08650985447
8490	0.08650739984
8491	0.08650272569
8492	0.08649783087
8493	0.0864938579
8494	0.08648954376
8495	0.08648595648
8496	0.0864834459
8497	0.08648112084
8498	0.08647727536
8499	0.08647315764
8500	0.08647017169
8501	0.08646739412
8502	0.08646494597
8503	0.08645891054
8504	0.0864551251
8505	0.08645236207
8506	0.08644842328
8507	0.08644563283
8508	0.08644163903
8509	0.08643776418
8510	0.08643363334
8511	0.08642741258
8512	0.08642254665
8513	0.08641861401
8514	0.08641485546
8515	0.08641182137
8516	0.0864086355
8517	0.0864047666
8518	0.08640062634
8519	0.08639750745
8520	0.08639477311
8521	0.08639087226
8522	0.08638781576
8523	0.08638431929
8524	0.08637524383
8525	0.08636473658
8526	0.08635959055
8527	0.08635175925
8528	0.08634789679
8529	0.0863454363
8530	0.08634129962
8531	0.08633581171
8532	0.08633158352
8533	0.08632138883
8534	0.08631842114
8535	0.08631299186
8536	0.08630899136
8537	0.08630682237
8538	0.08630424102
8539	0.08630261885
8540	0.08629939719
8541	0.08629587171
8542	0.08629390605
8543	0.08629076181
8544	0.08628687631
8545	0.0862817451
8546	0.08627803401
8547	0.08627430102
8548	0.08627040906
8549	0.08626262796
8550	0.08625790876
8551	0.0862533533
8552	0.08625066974
8553	0.08624771202
8554	0.08624539443
8555	0.08624244691
8556	0.08623320751
8557	0.08622499299
8558	0.08622285454
8559	0.08621997551
8560	0.08621594117
8561	0.08620380791
8562	0.08619977918
8563	0.08619560909
8564	0.08619055596
8565	0.08618611874
8566	0.08617771118
8567	0.08617425608
8568	0.08616972114
8569	0.0861662827
8570	0.08615161472
8571	0.08614604484
8572	0.08614107986
8573	0.08613679208
8574	0.08612671406
8575	0.08611563375
8576	0.08611115368
8577	0.08610634358
8578	0.08610229335
8579	0.08610000835
8580	0.08609691824
8581	0.08609350122
8582	0.08609031925
8583	0.08608695235
8584	0.08608231607
8585	0.08607593178
8586	0.0860732749
8587	0.08606615209
8588	0.08606340113
8589	0.08606096194
8590	0.08605725981
8591	0.0860547926
8592	0.08605230853
8593	0.08604925184
8594	0.08604597735
8595	0.08604298508
8596	0.08603272103
8597	0.0860292566
8598	0.08602561484
8599	0.08602167738
8600	0.08601516927
8601	0.08600808548
8602	0.08600453244
8603	0.08599826542
8604	0.08599413272
8605	0.08598932939
8606	0.08598609447
8607	0.08598322155
8608	0.08597967271
8609	0.08597634873
8610	0.08596914338
8611	0.08596273801
8612	0.08595834276
8613	0.08595470047
8614	0.08595136259
8615	0.08594864593
8616	0.08594523117
8617	0.08594083511
8618	0.0859377414
8619	0.08593465079
8620	0.08592985212
8621	0.0859250507
8622	0.0859147402
8623	0.08591064345
8624	0.08590751188
8625	0.08590382643
8626	0.08590199063
8627	0.08589398176
8628	0.08589093056
8629	0.08587997547
8630	0.08587727873
8631	0.08587421036
8632	0.08587031643
8633	0.08586659091
8634	0.08585175248
8635	0.08584856388
8636	0.08584607023
8637	0.08584246455
8638	0.08584009326
8639	0.0858360706
8640	0.08583086464
8641	0.08582774208
8642	0.08582511703
8643	0.08582154136
8644	0.08581453737
8645	0.08581235014
8646	0.08580727629
8647	0.08579681947
8648	0.0857924918
8649	0.08578761909
8650	0.08578425786
8651	0.0857811618
8652	0.08577407336
8653	0.08577040995
8654	0.08575876228
8655	0.08575500302
8656	0.08575233994
8657	0.08574520366
8658	0.08574176584
8659	0.08573812976
8660	0.08573430915
8661	0.08573142126
8662	0.08572709068
8663	0.08572232451
8664	0.0857178717
8665	0.08571480476
8666	0.08571280572
8667	0.08570398771
8668	0.08570070184
8669	0.08569789885
8670	0.08569534642
8671	0.08569225378
8672	0.08568812525
8673	0.08568579766
8674	0.08567755802
8675	0.08567445961
8676	0.0856716936
8677	0.08566716594
8678	0.08566260425
8679	0.08566003233
8680	0.08565701957
8681	0.08565303753
8682	0.08564747787
8683	0.08564443841
8684	0.08564163569
8685	0.0856313516
8686	0.08562694763
8687	0.0856243177
8688	0.08562163535
8689	0.08561836392
8690	0.08561493179
8691	0.08560922897
8692	0.0856049917
8693	0.08560236204
8694	0.08559836684
8695	0.08559468006
8696	0.08559067542
8697	0.08558730834
8698	0.08558348196
8699	0.0855770818
8700	0.08557292229
8701	0.08556740025
8702	0.08556349736
8703	0.08556018487
8704	0.08555374233
8705	0.08554609006
8706	0.08554197828
8707	0.0855388849
8708	0.08553471494
8709	0.08553202863
8710	0.0855276386
8711	0.08552210804
8712	0.08551321952
8713	0.08551020157
8714	0.08550408035
8715	0.08549925093
8716	0.08549588271
8717	0.0854924832
8718	0.08548473446
8719	0.08547988882
8720	0.08547646859
8721	0.08547327603
8722	0.08546907174
8723	0.08546611118
8724	0.08546238672
8725	0.08545864975
8726	0.08545556432
8727	0.08545231493
8728	0.08544767147
8729	0.08544439309
8730	0.08544203342
8731	0.08543631269
8732	0.08543350516
8733	0.08542389766
8734	0.08542024362
8735	0.08541779724
8736	0.08541454422
8737	0.08540989879
8738	0.08540775967
8739	0.0854044391
8740	0.08540199944
8741	0.08539839035
8742	0.08539391638
8743	0.08538880293
8744	0.08538617573
8745	0.0853811788
8746	0.08537684646
8747	0.08537426946
8748	0.08537199269
8749	0.08536891194
8750	0.08536567521
8751	0.08536178392
8752	0.0853580614
8753	0.08535492101
8754	0.08535130608
8755	0.08534274038
8756	0.0853326555
8757	0.08532965533
8758	0.08532420468
8759	0.0853211589
8760	0.0853174124
8761	0.08531326043
8762	0.08530940585
8763	0.08530558599
8764	0.08530214946
8765	0.08529828462
8766	0.08529575944
8767	0.08529104386
8768	0.08528501669
8769	0.08528121282
8770	0.08527594217
8771	0.08527292073
8772	0.08526852797
8773	0.08526587607
8774	0.08526371252
8775	0.08525951843
8776	0.08525065968
8777	0.08524550919
8778	0.08524282685
8779	0.08523975549
8780	0.08523596463
8781	0.08523150039
8782	0.08522560809
8783	0.08521898059
8784	0.08521566625
8785	0.08520865808
8786	0.08520537497
8787	0.08520188344
8788	0.08519714835
8789	0.08518465373
8790	0.08518144483
8791	0.08517814789
8792	0.08517538725
8793	0.08517083277
8794	0.08516686362
8795	0.08515898307
8796	0.08515450608
8797	0.08515092636
8798	0.08514812741
8799	0.08514430097
8800	0.08514205245
8801	0.08513776689
8802	0.08513359569
8803	0.08512896471
8804	0.08512549718
8805	0.08512296033
8806	0.08511931583
8807	0.0851152978
8808	0.0851113506
8809	0.08510847683
8810	0.08510479922
8811	0.08509909412
8812	0.0850945516
8813	0.08509214583
8814	0.08508769622
8815	0.08508342076
8816	0.08508129393
8817	0.08507735929
8818	0.08507350482
8819	0.08506874918
8820	0.08506136889
8821	0.08505872628
8822	0.08504541481
8823	0.08503904255
8824	0.08503556527
8825	0.08503166027
8826	0.08502896954
8827	0.0850192331
8828	0.08501661379
8829	0.08501341475
8830	0.08500643065
8831	0.08499615478
8832	0.08499327164
8833	0.0849898477
8834	0.08498639073
8835	0.08498314061
8836	0.08498026827
8837	0.08497763629
8838	0.08497469943
8839	0.08497141548
8840	0.0849676224
8841	0.08496355605
8842	0.08495935632
8843	0.08495662707
8844	0.08495342957
8845	0.08494829115
8846	0.08493936112
8847	0.08493476532
8848	0.08493227571
8849	0.08492837455
8850	0.08492538623
8851	0.08492140253
8852	0.08491824083
8853	0.08491609072
8854	0.08491275591
8855	0.08490914041
8856	0.08490600055
8857	0.08490362521
8858	0.08489978299
8859	0.08489718415
8860	0.08489425539
8861	0.08489091847
8862	0.08488733435
8863	0.08488453039
8864	0.084879968
8865	0.08487754167
8866	0.08487436311
8867	0.08487124987
8868	0.08486222806
8869	0.0848588043
8870	0.08485614796
8871	0.08485324695
8872	0.08484968659
8873	0.08484087429
8874	0.08483713187
8875	0.08483413034
8876	0.08482983941
8877	0.08482749083
8878	0.08482483819
8879	0.08482189895
8880	0.08481835021
8881	0.08481578207
8882	0.0848122703
8883	0.08480940242
8884	0.08480613103
8885	0.08480303294
8886	0.08479963987
8887	0.08479491217
8888	0.08479126528
8889	0.08478865649
8890	0.08478558015
8891	0.08478235709
8892	0.08477737281
8893	0.08477353365
8894	0.08477048828
8895	0.08476682459
8896	0.08476353336
8897	0.08475927621
8898	0.0847557773
8899	0.0847524917
8900	0.08474761772
8901	0.08474409273
8902	0.08474007867
8903	0.08473800535
8904	0.08473409812
8905	0.08472955092
8906	0.08472603738
8907	0.08472361818
8908	0.08472151875
8909	0.08471734283
8910	0.08471309543
8911	0.084703079
8912	0.0846991647
8913	0.08469638156
8914	0.08469310711
8915	0.08468603589
8916	0.08468295442
8917	0.08467848816
8918	0.0846754663
8919	0.08467324034
8920	0.08466880413
8921	0.08466596547
8922	0.08466327767
8923	0.08465857466
8924	0.0846572643
8925	0.08465349452
8926	0.08463981015
8927	0.08463669064
8928	0.08463311485
8929	0.08462940436
8930	0.08462506767
8931	0.0846149563
8932	0.08461174506
8933	0.08460921181
8934	0.08460690695
8935	0.08460354881
8936	0.08460024254
8937	0.08459682783
8938	0.08459166134
8939	0.08458831784
8940	0.08458317095
8941	0.08457997611
8942	0.08457641566
8943	0.08457203393
8944	0.08456880371
8945	0.08456435139
8946	0.08456016377
8947	0.08455714157
8948	0.0845549046
8949	0.0845523145
8950	0.08454907569
8951	0.08454634085
8952	0.08454341435
8953	0.08454028105
8954	0.08453511706
8955	0.08453102979
8956	0.08452735168
8957	0.08452398202
8958	0.0845207969
8959	0.08451567253
8960	0.084507158
8961	0.08450098428
8962	0.08449550699
8963	0.08448984186
8964	0.08448611514
8965	0.08448311252
8966	0.08447991215
8967	0.08447328922
8968	0.08446676815
8969	0.08446369036
8970	0.08446004126
8971	0.0844566316
8972	0.08445389157
8973	0.08445105503
8974	0.08444830483
8975	0.08444445976
8976	0.08444143555
8977	0.08443549276
8978	0.08443196247
8979	0.08442942763
8980	0.08442605956
8981	0.08442266493
8982	0.08441872627
8983	0.084414691
8984	0.08440549947
8985	0.08440204461
8986	0.08439969545
8987	0.08439494179
8988	0.08439194152
8989	0.08438869766
8990	0.08438267119
8991	0.08437507333
8992	0.08436718873
8993	0.08436309084
8994	0.08435471138
8995	0.08435010906
8996	0.08434235232
8997	0.08433803401
8998	0.08433453974
8999	0.08432398445
9000	0.08431896044
9001	0.08431653186
9002	0.08431058779
9003	0.0843070586
9004	0.08429775982
9005	0.08429495243
9006	0.08429119844
9007	0.08428694468
9008	0.08428396291
9009	0.08428046835
9010	0.08427664227
9011	0.08427004479
9012	0.08426646468
9013	0.08426438882
9014	0.08426093827
9015	0.08425029845
9016	0.08424095597
9017	0.08423700407
9018	0.08423092398
9019	0.08422723151
9020	0.08422356432
9021	0.08422086092
9022	0.08421851501
9023	0.08421455424
9024	0.08421146597
9025	0.08420700633
9026	0.08419647446
9027	0.08419270464
9028	0.08418897439
9029	0.08418667513
9030	0.08418280899
9031	0.08417930582
9032	0.08417647584
9033	0.08417351969
9034	0.08416966006
9035	0.08416601408
9036	0.08416097467
9037	0.08415846833
9038	0.08415540195
9039	0.08415261162
9040	0.08414995648
9041	0.08414549077
9042	0.08414284015
9043	0.08413960658
9044	0.08412929954
9045	0.08412726096
9046	0.08412422205
9047	0.08412135389
9048	0.08411874499
9049	0.08410926706
9050	0.08410645959
9051	0.08410388504
9052	0.08410199861
9053	0.08409867436
9054	0.08409540088
9055	0.08409265414
9056	0.08409046098
9057	0.08408775332
9058	0.0840828486
9059	0.08407943322
9060	0.08407598653
9061	0.0840728847
9062	0.08407015177
9063	0.0840669634
9064	0.08406432815
9065	0.08406140087
9066	0.08405719538
9067	0.08405326543
9068	0.08404967007
9069	0.0840466035
9070	0.08404155038
9071	0.08403459798
9072	0.08403039507
9073	0.08402682469
9074	0.08402276096
9075	0.08402074052
9076	0.08401734791
9077	0.08401411373
9078	0.08401131241
9079	0.08400806902
9080	0.0840040988
9081	0.08400067625
9082	0.08399756926
9083	0.08399441279
9084	0.08398963148
9085	0.08398416564
9086	0.08397591803
9087	0.08397128688
9088	0.08396866487
9089	0.08395709814
9090	0.08395342838
9091	0.08395143442
9092	0.08394968448
9093	0.08394665041
9094	0.08394392148
9095	0.08394170153
9096	0.08393773149
9097	0.08392639818
9098	0.08392377773
9099	0.08392093051
9100	0.08391742713
9101	0.08391510785
9102	0.08391211004
9103	0.08390919116
9104	0.08390588008
9105	0.0839031214
9106	0.08389859467
9107	0.08389527372
9108	0.08389185839
9109	0.08388762515
9110	0.08388439544
9111	0.08387963398
9112	0.08387779485
9113	0.08387519962
9114	0.08387037771
9115	0.08386664633
9116	0.08386276926
9117	0.08385928143
9118	0.08385633202
9119	0.08384976443
9120	0.08384746496
9121	0.08383778111
9122	0.08383518877
9123	0.08383144463
9124	0.0838292755
9125	0.08382643484
9126	0.08382298163
9127	0.08381924213
9128	0.08381686553
9129	0.08381461932
9130	0.08381046016
9131	0.08380754615
9132	0.08380462033
9133	0.08380026463
9134	0.08379648785
9135	0.08379275296
9136	0.08378826852
9137	0.08378462856
9138	0.0837815796
9139	0.08377951501
9140	0.08377757981
9141	0.08377471454
9142	0.0837724477
9143	0.08376681485
9144	0.08376413167
9145	0.08376063079
9146	0.08375423833
9147	0.08375087691
9148	0.08374693343
9149	0.08374365314
9150	0.08374032565
9151	0.08373765818
9152	0.08373486753
9153	0.08373077852
9154	0.08372672238
9155	0.08372149036
9156	0.08371746328
9157	0.08371536454
9158	0.08371225249
9159	0.08370837694
9160	0.08370577564
9161	0.08370153723
9162	0.08369801465
9163	0.0836946473
9164	0.0836908938
9165	0.08368755436
9166	0.0836775866
9167	0.08367446287
9168	0.08367107085
9169	0.08366257234
9170	0.08365852559
9171	0.083653766
9172	0.08365043178
9173	0.08364528516
9174	0.08364139962
9175	0.08363933477
9176	0.08363674627
9177	0.08363164582
9178	0.0836289301
9179	0.08362625927
9180	0.08362271199
9181	0.08362042083
9182	0.083617284
9183	0.08361491987
9184	0.08361275308
9185	0.08360873253
9186	0.08360576852
9187	0.08360283177
9188	0.08359836657
9189	0.08359640276
9190	0.08359408924
9191	0.0835910466
9192	0.08358711319
9193	0.0835798175
9194	0.08357444764
9195	0.08357118343
9196	0.08356734385
9197	0.08356382299
9198	0.0835596385
9199	0.08355444928
9200	0.08355153327
9201	0.08354915613
9202	0.08354583018
9203	0.08354128081
9204	0.08353902045
9205	0.08353524788
9206	0.08352867462
9207	0.08352585889
9208	0.08352188013
9209	0.0835169611
9210	0.08351423855
9211	0.0835115785
9212	0.08350450284
9213	0.08350093074
9214	0.08349809426
9215	0.08349493802
9216	0.08349073862
9217	0.08348837281
9218	0.08348592094
9219	0.08348177141
9220	0.08347727908
9221	0.08347347754
9222	0.08346982981
9223	0.08346779169
9224	0.08346472096
9225	0.08346233322
9226	0.0834585241
9227	0.08345467745
9228	0.08344716624
9229	0.08344425938
9230	0.08343718648
9231	0.08343345017
9232	0.08343003029
9233	0.08341895068
9234	0.08341503276
9235	0.0834116818
9236	0.08340744066
9237	0.08340437844
9238	0.08340143414
9239	0.08339481463
9240	0.08339169683
9241	0.08338837985
9242	0.08338577654
9243	0.08338298266
9244	0.08338042724
9245	0.08337691348
9246	0.08337165031
9247	0.08336942809
9248	0.08336423602
9249	0.08335839693
9250	0.08335522637
9251	0.08335188456
9252	0.08334848038
9253	0.08334607583
9254	0.08334129116
9255	0.08333476623
9256	0.08333202585
9257	0.08332744957
9258	0.08332514183
9259	0.08332150945
9260	0.08331305424
9261	0.08331091639
9262	0.08330732374
9263	0.08330399692
9264	0.08330052463
9265	0.08329791612
9266	0.0832957635
9267	0.0832898944
9268	0.08328759377
9269	0.0832840497
9270	0.08327972296
9271	0.0832773441
9272	0.08327279655
9273	0.08326517305
9274	0.08326182165
9275	0.08325920541
9276	0.08325472978
9277	0.08325240053
9278	0.08324892218
9279	0.08324538805
9280	0.08324162533
9281	0.0832375878
9282	0.083234752
9283	0.08323087145
9284	0.08322831276
9285	0.0832240159
9286	0.08321913094
9287	0.08321464365
9288	0.08321124595
9289	0.08320848921
9290	0.08320611752
9291	0.08320205865
9292	0.08319951119
9293	0.08319563268
9294	0.08319119047
9295	0.08318755807
9296	0.08318494918
9297	0.08318113494
9298	0.08317752806
9299	0.0831698719
9300	0.08316720586
9301	0.08316343987
9302	0.08316095533
9303	0.08315221537
9304	0.08314782729
9305	0.08313530341
9306	0.08313217134
9307	0.08313010572
9308	0.08312678204
9309	0.08312340653
9310	0.08311790938
9311	0.08311126429
9312	0.08310667766
9313	0.08310351316
9314	0.08309937343
9315	0.08309678383
9316	0.0830937557
9317	0.08308926327
9318	0.08308533975
9319	0.08308263937
9320	0.08307911149
9321	0.08307697908
9322	0.08307342343
9323	0.08306967887
9324	0.08306571007
9325	0.08306204313
9326	0.08305902557
9327	0.08305530296
9328	0.0830506952
9329	0.08304517393
9330	0.08304158345
9331	0.08303947488
9332	0.0830360498
9333	0.08302158098
9334	0.08301930933
9335	0.0830095456
9336	0.08300488125
9337	0.08300071322
9338	0.08299332494
9339	0.08298794438
9340	0.08298480472
9341	0.08298250131
9342	0.0829790648
9343	0.08297291066
9344	0.08297015873
9345	0.08296545529
9346	0.0829628796
9347	0.08296062201
9348	0.08295804223
9349	0.08294857049
9350	0.08294565666
9351	0.08294085759
9352	0.08293748538
9353	0.08293333664
9354	0.08293000962
9355	0.08292717867
9356	0.08292453534
9357	0.08292159486
9358	0.08291952396
9359	0.08291624327
9360	0.08291422976
9361	0.08291048383
9362	0.08290709983
9363	0.08290319515
9364	0.082900005
9365	0.08289548164
9366	0.08288588852
9367	0.08288287646
9368	0.0828796695
9369	0.08287593728
9370	0.08286803063
9371	0.08286464918
9372	0.08286179094
9373	0.08285898615
9374	0.08285323913
9375	0.08284478502
9376	0.08284272333
9377	0.08283824593
9378	0.0828343655
9379	0.08283072915
9380	0.08282471073
9381	0.08282155676
9382	0.08281969953
9383	0.08281580927
9384	0.08281352505
9385	0.08281072249
9386	0.08280873146
9387	0.08280604738
9388	0.08280350574
9389	0.08279992481
9390	0.08279548362
9391	0.08279243766
9392	0.08278369815
9393	0.08278096937
9394	0.08277857726
9395	0.08277438939
9396	0.08277166362
9397	0.08276881202
9398	0.08276487961
9399	0.08276119541
9400	0.08275821126
9401	0.08275472139
9402	0.08273651089
9403	0.08273408712
9404	0.08273159353
9405	0.0827218987
9406	0.082718123
9407	0.08271327666
9408	0.08270928671
9409	0.08270644887
9410	0.0827038236
9411	0.0826952953
9412	0.08269264818
9413	0.08269012569
9414	0.08268731447
9415	0.08268402979
9416	0.08268114557
9417	0.08267330808
9418	0.08267017806
9419	0.08266680797
9420	0.08266314918
9421	0.08265953019
9422	0.08265663037
9423	0.08265483049
9424	0.08265235641
9425	0.08264540188
9426	0.08264311143
9427	0.08263769713
9428	0.08263489894
9429	0.08263299758
9430	0.08263003385
9431	0.08262580059
9432	0.08262339677
9433	0.08261974982
9434	0.08261563287
9435	0.08261251963
9436	0.0826098456
9437	0.08260749364
9438	0.08260143613
9439	0.08259884756
9440	0.0825931221
9441	0.08259009953
9442	0.08258565563
9443	0.08258222957
9444	0.08257874577
9445	0.08257536035
9446	0.08257241768
9447	0.08256841475
9448	0.08256493899
9449	0.08255529471
9450	0.08255132638
9451	0.08254815321
9452	0.08254523271
9453	0.0825385055
9454	0.08253509806
9455	0.0825322057
9456	0.08253098037
9457	0.08252788879
9458	0.08252540712
9459	0.08252224357
9460	0.08251921865
9461	0.08251503633
9462	0.08251179194
9463	0.08250672204
9464	0.08250303123
9465	0.08249996428
9466	0.08249728391
9467	0.08249461418
9468	0.08249073946
9469	0.08248794979
9470	0.08248616757
9471	0.08248411702
9472	0.08247535465
9473	0.08247030651
9474	0.08246736536
9475	0.08246413224
9476	0.08245364832
9477	0.08245082139
9478	0.08244607001
9479	0.08244218126
9480	0.08243942278
9481	0.0824354377
9482	0.08243215406
9483	0.08242775356
9484	0.08242430031
9485	0.08242092819
9486	0.08241782125
9487	0.08241544661
9488	0.08241045412
9489	0.08240722568
9490	0.08240298177
9491	0.08240025906
9492	0.08239806417
9493	0.08238703648
9494	0.08238431412
9495	0.08238048709
9496	0.08237698877
9497	0.08237317007
9498	0.08236847713
9499	0.08236536867
9500	0.08235818412
9501	0.08235570823
9502	0.08235301432
9503	0.08235046327
9504	0.08234315205
9505	0.0823400956
9506	0.08233644436
9507	0.08233256332
9508	0.08233045413
9509	0.08231922907
9510	0.08231709711
9511	0.08231304706
9512	0.08231049576
9513	0.08230672539
9514	0.08230314068
9515	0.08229839942
9516	0.08229393713
9517	0.08229064865
9518	0.08228664498
9519	0.08228414399
9520	0.08228099808
9521	0.08227877253
9522	0.08227599092
9523	0.08227237145
9524	0.0822700592
9525	0.08226574336
9526	0.08226280557
9527	0.08225852042
9528	0.08225484578
9529	0.08225275109
9530	0.08224961636
9531	0.08224765338
9532	0.08224584734
9533	0.08223700778
9534	0.08223408944
9535	0.08223137433
9536	0.08222781961
9537	0.08222387108
9538	0.08221500209
9539	0.08221071525
9540	0.08220780128
9541	0.08220109885
9542	0.08219841432
9543	0.08219331291
9544	0.08219134877
9545	0.08218837726
9546	0.08218572855
9547	0.08218112721
9548	0.08217754599
9549	0.08217335139
9550	0.08216922014
9551	0.08216651688
9552	0.08216301934
9553	0.08215981461
9554	0.08215684208
9555	0.0821546658
9556	0.0821496352
9557	0.0821386313
9558	0.08213491684
9559	0.08213244564
9560	0.08212929161
9561	0.08212560886
9562	0.08212230127
9563	0.08211922495
9564	0.08211403537
9565	0.08211076364
9566	0.08210657575
9567	0.08210310009
9568	0.08210026147
9569	0.08208304752
9570	0.0820801874
9571	0.08207552785
9572	0.08206786637
9573	0.08206433149
9574	0.08206102426
9575	0.08205784224
9576	0.08205439701
9577	0.08205133234
9578	0.08204849567
9579	0.08203662051
9580	0.0820263546
9581	0.08202435525
9582	0.08202097828
9583	0.08201754965
9584	0.0820114239
9585	0.0820080452
9586	0.08200438186
9587	0.08200022249
9588	0.08199282803
9589	0.0819895289
9590	0.08198530603
9591	0.08198267677
9592	0.08197649598
9593	0.08197148415
9594	0.08196890684
9595	0.08196579762
9596	0.08196101726
9597	0.08195748607
9598	0.08195299537
9599	0.08195106259
9600	0.08194752527
9601	0.08194429641
9602	0.08194076148
9603	0.08193555494
9604	0.08193260605
9605	0.08193007748
9606	0.08192509795
9607	0.08192184708
9608	0.08191868696
9609	0.08191588838
9610	0.08191259369
9611	0.08190830329
9612	0.08190335541
9613	0.0818993185
9614	0.0818969968
9615	0.08189388253
9616	0.08189038985
9617	0.08188627462
9618	0.08188391562
9619	0.08187849808
9620	0.08187543221
9621	0.0818718471
9622	0.08186787114
9623	0.08186350369
9624	0.08185975637
9625	0.0818572093
9626	0.08185431026
9627	0.08185113169
9628	0.08184793818
9629	0.08184410922
9630	0.08184126393
9631	0.08183681802
9632	0.0818262724
9633	0.0818229891
9634	0.08182007438
9635	0.08181702998
9636	0.08181414976
9637	0.08181080489
9638	0.08180896429
9639	0.08180646908
9640	0.08180281186
9641	0.08179858248
9642	0.08179294709
9643	0.08178975902
9644	0.0817866429
9645	0.0817839537
9646	0.08177519695
9647	0.08177073107
9648	0.08176729729
9649	0.08176435221
9650	0.0817605851
9651	0.08175838042
9652	0.08175435413
9653	0.08175066988
9654	0.08174651973
9655	0.08174296905
9656	0.08173987015
9657	0.08173735488
9658	0.08173361285
9659	0.08173077892
9660	0.08172656676
9661	0.08172286968
9662	0.08171926102
9663	0.0817155318
9664	0.08171372006
9665	0.081711448
9666	0.08170874752
9667	0.08170682487
9668	0.08170179584
9669	0.08169731605
9670	0.08169419271
9671	0.08168731245
9672	0.08168201013
9673	0.08167840956
9674	0.08167587031
9675	0.08167350947
9676	0.0816682783
9677	0.08166508145
9678	0.08166106213
9679	0.08165790085
9680	0.08165543267
9681	0.08165156255
9682	0.0816490558
9683	0.08164395123
9684	0.08164066904
9685	0.08163603956
9686	0.08163229149
9687	0.08162867886
9688	0.08162409377
9689	0.08162112218
9690	0.08161707287
9691	0.08161142955
9692	0.0816027785
9693	0.0816000696
9694	0.08159666692
9695	0.08159406718
9696	0.08159071651
9697	0.08158798382
9698	0.08158468012
9699	0.08158035582
9700	0.08157621327
9701	0.08157260837
9702	0.08156945557
9703	0.08156609926
9704	0.08156244667
9705	0.08156082584
9706	0.08155363976
9707	0.08155141527
9708	0.08154870461
9709	0.08154226754
9710	0.08153900955
9711	0.08153604865
9712	0.08153225311
9713	0.08152748983
9714	0.08152461786
9715	0.08151716397
9716	0.08151410105
9717	0.08151214951
9718	0.08150962237
9719	0.08150534358
9720	0.0815030954
9721	0.08150111539
9722	0.08149920282
9723	0.08149535707
9724	0.08148979852
9725	0.08148878067
9726	0.08148462431
9727	0.08148187547
9728	0.08147935241
9729	0.08147659669
9730	0.08147354257
9731	0.08147022829
9732	0.08146686338
9733	0.08146112547
9734	0.08145643389
9735	0.08145311625
9736	0.08144910776
9737	0.0814446753
9738	0.08144091019
9739	0.08143833432
9740	0.08143734397
9741	0.08143323908
9742	0.08143050567
9743	0.08142644218
9744	0.08142313095
9745	0.08142024655
9746	0.08141645728
9747	0.08141269991
9748	0.08141031556
9749	0.08140545157
9750	0.08140235757
9751	0.08139617414
9752	0.08139251677
9753	0.08138842276
9754	0.0813854832
9755	0.08138294338
9756	0.08137939528
9757	0.0813733557
9758	0.08137043567
9759	0.08136828929
9760	0.08136572533
9761	0.08136151126
9762	0.08135787358
9763	0.08135036472
9764	0.08134763607
9765	0.08134465333
9766	0.08134203248
9767	0.08133797838
9768	0.08133488489
9769	0.08133196802
9770	0.08132931676
9771	0.08131971595
9772	0.0813169224
9773	0.08131379665
9774	0.0813047415
9775	0.08130113992
9776	0.08129796407
9777	0.0812953066
9778	0.08129272234
9779	0.08129096508
9780	0.08128715571
9781	0.08128447729
9782	0.08128062905
9783	0.08127499672
9784	0.08127039813
9785	0.08126730938
9786	0.08125996787
9787	0.08125736151
9788	0.08125505979
9789	0.08125160449
9790	0.08124969793
9791	0.08124570884
9792	0.08124301755
9793	0.08123555328
9794	0.0812300832
9795	0.08122698361
9796	0.08122191137
9797	0.0812203491
9798	0.08121430875
9799	0.08121213647
9800	0.08120811627
9801	0.08120197576
9802	0.08119825872
9803	0.08119261082
9804	0.08118925405
9805	0.08118584711
9806	0.08118308222
9807	0.08118008127
9808	0.08117673287
9809	0.08117385043
9810	0.08117094161
9811	0.08116827192
9812	0.08116146173
9813	0.08115815056
9814	0.08115109032
9815	0.08114926903
9816	0.08114476817
9817	0.08114050412
9818	0.08113643855
9819	0.08113293468
9820	0.08112762669
9821	0.08112476061
9822	0.0811198432
9823	0.08111660884
9824	0.08111404397
9825	0.08110995063
9826	0.08110777315
9827	0.08110316024
9828	0.08110056393
9829	0.08109875279
9830	0.08109537012
9831	0.08109165746
9832	0.0810875381
9833	0.0810846407
9834	0.08108163149
9835	0.08107970783
9836	0.08107654236
9837	0.08107164583
9838	0.08106977435
9839	0.08106103357
9840	0.08105692447
9841	0.08105414617
9842	0.08105040424
9843	0.08104803024
9844	0.08104345039
9845	0.08103993441
9846	0.08103662831
9847	0.08103379382
9848	0.08103127298
9849	0.08102818069
9850	0.08102440081
9851	0.08102082235
9852	0.08101897821
9853	0.08101503868
9854	0.08101246049
9855	0.08100985245
9856	0.08100737564
9857	0.08100379729
9858	0.08099937387
9859	0.0809945458
9860	0.08099124486
9861	0.08098763549
9862	0.08098469824
9863	0.08098068693
9864	0.08097750923
9865	0.08097408357
9866	0.08097073558
9867	0.0809675442
9868	0.08095934017
9869	0.0809569637
9870	0.08095313611
9871	0.08094179597
9872	0.08093884911
9873	0.08093567271
9874	0.08093113874
9875	0.08092824832
9876	0.08092373048
9877	0.08091932634
9878	0.08091674245
9879	0.08091335218
9880	0.08090903896
9881	0.08090351046
9882	0.08090090766
9883	0.0808980683
9884	0.08089340517
9885	0.0808906063
9886	0.08088771655
9887	0.08088480883
9888	0.08088214624
9889	0.0808780532
9890	0.08087535639
9891	0.08087312073
9892	0.08087009229
9893	0.08086681982
9894	0.08086402484
9895	0.08086081478
9896	0.08085692725
9897	0.08085453235
9898	0.08085156157
9899	0.08084851345
9900	0.08084530459
9901	0.08084287634
9902	0.08083621435
9903	0.08083355391
9904	0.08083131
9905	0.08082822587
9906	0.08082569319
9907	0.08081434447
9908	0.08081199072
9909	0.08080848114
9910	0.08080620279
9911	0.08080351553
9912	0.0808013489
9913	0.08079733353
9914	0.080795216
9915	0.08079307241
9916	0.08078978978
9917	0.08078576278
9918	0.08078333631
9919	0.08078010714
9920	0.08077674474
9921	0.08077236639
9922	0.08077022828
9923	0.08076741358
9924	0.08076548847
9925	0.08076111127
9926	0.08075792755
9927	0.08074855516
9928	0.08074499562
9929	0.08074326958
9930	0.08074019809
9931	0.08073655092
9932	0.08073424421
9933	0.08073057735
9934	0.08072502169
9935	0.08072197414
9936	0.08071917298
9937	0.08071558737
9938	0.0807118205
9939	0.08070672955
9940	0.08070356745
9941	0.08070076092
9942	0.08069820317
9943	0.08069484524
9944	0.08069164097
9945	0.08068874738
9946	0.08068551646
9947	0.08068242838
9948	0.08067910613
9949	0.08067652848
9950	0.08067326154
9951	0.08067023544
9952	0.08066572986
9953	0.08066315439
9954	0.08066001201
9955	0.08065284466
9956	0.08064958131
9957	0.08064615918
9958	0.08064330057
9959	0.08063970215
9960	0.0806322584
9961	0.080630022
9962	0.0806273744
9963	0.08062364352
9964	0.08062025117
9965	0.08061723368
9966	0.08061469243
9967	0.08061275801
9968	0.08061002329
9969	0.08060789237
9970	0.08060549626
9971	0.08059957335
9972	0.08059582611
9973	0.08059423055
9974	0.08059123644
9975	0.08058841569
9976	0.08058508526
9977	0.08058201215
9978	0.08057968155
9979	0.08057651739
9980	0.08057405795
9981	0.08057019632
9982	0.08056786743
9983	0.08056426366
9984	0.08056111362
9985	0.08054814636
9986	0.08054502179
9987	0.080543652
9988	0.08053942208
9989	0.08053700082
9990	0.08053438794
9991	0.08052896278
9992	0.08052434488
9993	0.08051984931
9994	0.08051760401
9995	0.08050982984
9996	0.08050628697
9997	0.08049983669
9998	0.08049588217
9999	0.08049205789
10000	0.08048886587
10001	0.08048594102
10002	0.08048403172
10003	0.08048235837
10004	0.08047977821
10005	0.08047606081
10006	0.08047346996
10007	0.08047064529
10008	0.08046653254
10009	0.08046419605
10010	0.08046037474
10011	0.08045793839
10012	0.08045501354
10013	0.08045152444
10014	0.0804481446
10015	0.08044540271
10016	0.08044292971
10017	0.08043782617
10018	0.08043439935
10019	0.08043071905
10020	0.08042877259
10021	0.08042555131
10022	0.08042331537
10023	0.08042147767
10024	0.08041784251
10025	0.0804152878
10026	0.08040794362
10027	0.08040525447
10028	0.080403198
10029	0.08040075064
10030	0.08039822251
10031	0.08039481023
10032	0.08039261174
10033	0.0803894847
10034	0.08038611246
10035	0.08038336747
10036	0.08037543105
10037	0.08037140298
10038	0.08036722702
10039	0.08036394706
10040	0.08035532386
10041	0.08035190129
10042	0.08034981773
10043	0.08034459295
10044	0.08033866562
10045	0.08033620661
10046	0.08033059454
10047	0.08032577196
10048	0.08032360052
10049	0.08032105989
10050	0.08031796681
10051	0.08031611043
10052	0.08031351505
10053	0.08031085036
10054	0.080309011
10055	0.08030500243
10056	0.0803008997
10057	0.08029706532
10058	0.08029467524
10059	0.08029118379
10060	0.08028801659
10061	0.08028498087
10062	0.08028243318
10063	0.08027982286
10064	0.08027662862
10065	0.08027223518
10066	0.08026748462
10067	0.08026429733
10068	0.08026254251
10069	0.08025935617
10070	0.08025587572
10071	0.08025313898
10072	0.08024905593
10073	0.08024599413
10074	0.0802431522
10075	0.08024026743
10076	0.08023509404
10077	0.08023045479
10078	0.08022828838
10079	0.08022458364
10080	0.0802208783
10081	0.0802188156
10082	0.08021613431
10083	0.08021360541
10084	0.08021051882
10085	0.080208251
10086	0.0802046385
10087	0.08020163041
10088	0.08019499552
10089	0.08019238783
10090	0.08018986415
10091	0.08018697381
10092	0.08018224585
10093	0.08017736782
10094	0.08017385076
10095	0.08016547795
10096	0.0801586627
10097	0.0801551642
10098	0.08015268502
10099	0.08014975271
10100	0.08014674704
10101	0.08014482307
10102	0.08014013011
10103	0.08013788731
10104	0.08013400786
10105	0.08013207339
10106	0.08012885013
10107	0.08012596431
10108	0.08012171868
10109	0.08011850078
10110	0.08011588322
10111	0.08011298391
10112	0.08011031907
10113	0.08010333424
10114	0.0801007435
10115	0.08009693391
10116	0.08009334054
10117	0.0800827915
10118	0.08007956673
10119	0.08007673125
10120	0.08007175405
10121	0.08006676485
10122	0.08006238778
10123	0.08005785346
10124	0.0800537789
10125	0.08005125078
10126	0.08004710847
10127	0.08004528537
10128	0.08004191634
10129	0.08003961194
10130	0.0800375087
10131	0.08003469018
10132	0.08003210481
10133	0.08002840994
10134	0.08002473724
10135	0.08002048865
10136	0.08001797944
10137	0.08001591836
10138	0.08001134859
10139	0.08000875725
10140	0.0800051417
10141	0.08000135772
10142	0.07999850765
10143	0.07999572751
10144	0.07999338604
10145	0.07999090452
10146	0.07998767756
10147	0.07998446125
10148	0.07998219642
10149	0.07997894614
10150	0.07997514403
10151	0.07997145931
10152	0.07996894775
10153	0.07996442079
10154	0.07996021834
10155	0.07995815074
10156	0.07995463444
10157	0.07995141195
10158	0.0799493107
10159	0.0799457237
10160	0.07994215501
10161	0.07994028045
10162	0.07993568647
10163	0.07993371573
10164	0.07992836534
10165	0.07992555082
10166	0.07992163274
10167	0.07991897254
10168	0.07991594977
10169	0.07991422623
10170	0.07991071654
10171	0.07990873138
10172	0.0799046838
10173	0.07990234256
10174	0.07989895093
10175	0.07989568377
10176	0.07989218386
10177	0.07988583818
10178	0.07988354114
10179	0.0798792249
10180	0.07987555214
10181	0.07987234913
10182	0.07986627005
10183	0.07986334478
10184	0.07985933636
10185	0.07985637928
10186	0.079852591
10187	0.07985027256
10188	0.07984704779
10189	0.07984327486
10190	0.07984080623
10191	0.07982918027
10192	0.0798273331
10193	0.07982496438
10194	0.07982290153
10195	0.07981926654
10196	0.07981628194
10197	0.07981236095
10198	0.07981039241
10199	0.07980648772
10200	0.07980291444
10201	0.07979990538
10202	0.07979676096
10203	0.07979296515
10204	0.07979046038
10205	0.0797866667
10206	0.07978354268
10207	0.07978156723
10208	0.07977881243
10209	0.07977659259
10210	0.07977347638
10211	0.07977069009
10212	0.07976767193
10213	0.07976408672
10214	0.07976112577
10215	0.07975606671
10216	0.07975385489
10217	0.0797515505
10218	0.07974796817
10219	0.07974370624
10220	0.07974073433
10221	0.07973663629
10222	0.07973456436
10223	0.07972747753
10224	0.0797249766
10225	0.07972232159
10226	0.07971973882
10227	0.07971644701
10228	0.07971367925
10229	0.07971079794
10230	0.07970781961
10231	0.07970567905
10232	0.07970142008
10233	0.07969884995
10234	0.07969557375
10235	0.07969122836
10236	0.07968865303
10237	0.07968659101
10238	0.07967879473
10239	0.07967612788
10240	0.07967362191
10241	0.07966972009
10242	0.07966655781
10243	0.07966280366
10244	0.07965880918
10245	0.07965566978
10246	0.07964387623
10247	0.07964084586
10248	0.07963682085
10249	0.07962906146
10250	0.07962585843
10251	0.07962277887
10252	0.07962014546
10253	0.07961646025
10254	0.07961235875
10255	0.07960979929
10256	0.07960643098
10257	0.07960263772
10258	0.07959617659
10259	0.07959243938
10260	0.07958925172
10261	0.07958630742
10262	0.07958210275
10263	0.07957807078
10264	0.07957373543
10265	0.07957176126
10266	0.07956944448
10267	0.07956717058
10268	0.07956380532
10269	0.07955954288
10270	0.07955648293
10271	0.07955274474
10272	0.07955137824
10273	0.07954487129
10274	0.07954218674
10275	0.07953880296
10276	0.07953568107
10277	0.0795327263
10278	0.07953064124
10279	0.07952877416
10280	0.07952559109
10281	0.07952220848
10282	0.07951969511
10283	0.07951577984
10284	0.07951030927
10285	0.0795077014
10286	0.07950443832
10287	0.07950119924
10288	0.07949757207
10289	0.0794937514
10290	0.0794877142
10291	0.07948458332
10292	0.07948245208
10293	0.07947976129
10294	0.07947615874
10295	0.07947242307
10296	0.07946556096
10297	0.07946324318
10298	0.07945983349
10299	0.07945677165
10300	0.0794544663
10301	0.07945186983
10302	0.07944827252
10303	0.07944499957
10304	0.07944163174
10305	0.07943670367
10306	0.0794320696
10307	0.07942609335
10308	0.07942211757
10309	0.07942005786
10310	0.0794173257
10311	0.0794155966
10312	0.07941263467
10313	0.07940655443
10314	0.07940202195
10315	0.07939859652
10316	0.0793941139
10317	0.0793900916
10318	0.07938607084
10319	0.07938274663
10320	0.07937887904
10321	0.07937184041
10322	0.07936762203
10323	0.07936499115
10324	0.07936186433
10325	0.07935737797
10326	0.07935460331
10327	0.07935102439
10328	0.07934899357
10329	0.07934476321
10330	0.07934117476
10331	0.07933832635
10332	0.07933526519
10333	0.07933270073
10334	0.07933039031
10335	0.07932707045
10336	0.07932324463
10337	0.07931951186
10338	0.07931588562
10339	0.07931166795
10340	0.07930759385
10341	0.07930550182
10342	0.07930248604
10343	0.07929790787
10344	0.07929538439
10345	0.07929263111
10346	0.07928896928
10347	0.07928451579
10348	0.07928254163
10349	0.07927940711
10350	0.07927487285
10351	0.07927028287
10352	0.07926760742
10353	0.07926421773
10354	0.07926249269
10355	0.07925972766
10356	0.07925677484
10357	0.07925459579
10358	0.07925158779
10359	0.07924833618
10360	0.07924570458
10361	0.07924345248
10362	0.07924160364
10363	0.07923912472
10364	0.07923688637
10365	0.07923346695
10366	0.07922891075
10367	0.07922619808
10368	0.07922429672
10369	0.07922041228
10370	0.07921658628
10371	0.07921392652
10372	0.07921064149
10373	0.07920675275
10374	0.07919917759
10375	0.07919405877
10376	0.07919141574
10377	0.07918767062
10378	0.07918420808
10379	0.07918159822
10380	0.07917817351
10381	0.07917462671
10382	0.07917167523
10383	0.07916805819
10384	0.07916529193
10385	0.07916209632
10386	0.07915867264
10387	0.0791552428
10388	0.07915184077
10389	0.07914858654
10390	0.0791445497
10391	0.07914197428
10392	0.07913996555
10393	0.07913840408
10394	0.07913504427
10395	0.07913263745
10396	0.07912281703
10397	0.07911926646
10398	0.07911451004
10399	0.07910994435
10400	0.07910754522
10401	0.07910492928
10402	0.07909548755
10403	0.07909163293
10404	0.07908562969
10405	0.07908288428
10406	0.07907681999
10407	0.07907337933
10408	0.07907113268
10409	0.07906828511
10410	0.07906519242
10411	0.07906195604
10412	0.079050667
10413	0.07904726628
10414	0.07904316661
10415	0.07903995208
10416	0.0790374182
10417	0.07903392896
10418	0.07902798839
10419	0.07902511512
10420	0.07902210616
10421	0.07901965327
10422	0.07901706806
10423	0.0790153533
10424	0.07900924888
10425	0.07900721347
10426	0.07900559745
10427	0.07900403793
10428	0.07899745199
10429	0.07899462345
10430	0.07899291368
10431	0.07899108544
10432	0.07898770095
10433	0.07898563022
10434	0.0789821581
10435	0.07897997603
10436	0.07897718374
10437	0.07897402235
10438	0.07897138967
10439	0.07896947012
10440	0.07896720846
10441	0.07896501298
10442	0.07896145635
10443	0.07895496533
10444	0.0789510335
10445	0.07894885972
10446	0.07894286798
10447	0.07894033046
10448	0.07893673313
10449	0.07893345387
10450	0.07893021518
10451	0.07892709637
10452	0.07892387571
10453	0.07892156023
10454	0.07891858084
10455	0.07891275946
10456	0.07891054869
10457	0.07890758445
10458	0.07890363261
10459	0.0789007308
10460	0.0788977394
10461	0.0788952226
10462	0.07889325378
10463	0.07888955381
10464	0.07888700841
10465	0.07888341756
10466	0.0788808303
10467	0.07887670453
10468	0.0788739431
10469	0.07887162547
10470	0.07886735667
10471	0.07886371765
10472	0.07886055851
10473	0.07885730779
10474	0.07885242503
10475	0.07884989005
10476	0.07884423966
10477	0.07884160632
10478	0.07883830702
10479	0.07883559279
10480	0.0788320327
10481	0.07882906393
10482	0.07882670162
10483	0.07882238536
10484	0.07881905603
10485	0.07881699419
10486	0.0788143251
10487	0.07881133554
10488	0.07880937653
10489	0.07880715251
10490	0.07880467633
10491	0.07880059806
10492	0.07879620459
10493	0.07879234863
10494	0.07878873156
10495	0.07878650198
10496	0.07878396645
10497	0.07878051223
10498	0.07877828664
10499	0.07877482567
10500	0.07876837398
10501	0.07876465936
10502	0.07876215641
10503	0.07875872772
10504	0.07875578107
10505	0.07875375045
10506	0.07875163929
10507	0.07874775992
10508	0.07874525889
10509	0.07874266294
10510	0.07874047443
10511	0.07873720013
10512	0.07873394058
10513	0.07873093554
10514	0.0787271272
10515	0.07872438998
10516	0.07872095744
10517	0.07871634876
10518	0.07871474292
10519	0.07871202596
10520	0.07870935192
10521	0.07870617081
10522	0.07870248701
10523	0.07869835698
10524	0.07869387425
10525	0.07868666755
10526	0.07868026124
10527	0.07867696482
10528	0.07867436562
10529	0.07866840818
10530	0.07866429482
10531	0.07866012286
10532	0.0786568538
10533	0.07865337884
10534	0.07865009247
10535	0.07864492452
10536	0.07863738562
10537	0.07863504457
10538	0.07863227312
10539	0.07862898169
10540	0.07862593102
10541	0.07862377755
10542	0.07861920265
10543	0.07861616312
10544	0.07861282291
10545	0.07861094862
10546	0.07860798647
10547	0.07860572762
10548	0.07860252067
10549	0.07859839382
10550	0.0785958842
10551	0.07859161483
10552	0.07858910219
10553	0.07858584352
10554	0.07858228096
10555	0.0785796838
10556	0.07857775416
10557	0.07857476079
10558	0.07857167815
10559	0.07856836825
10560	0.07856520218
10561	0.07856075372
10562	0.0785576769
10563	0.078554345
10564	0.07855118274
10565	0.0785478912
10566	0.07854512268
10567	0.07854266102
10568	0.07853980264
10569	0.07853637003
10570	0.07853329396
10571	0.07852947289
10572	0.07852754946
10573	0.07851834445
10574	0.07851493201
10575	0.07851187267
10576	0.0785090854
10577	0.0785059621
10578	0.07850301145
10579	0.07850088526
10580	0.07849737482
10581	0.07849465308
10582	0.07849114483
10583	0.07848838686
10584	0.07848525535
10585	0.07848304728
10586	0.07848073578
10587	0.07847865842
10588	0.07847581384
10589	0.07847249375
10590	0.0784689468
10591	0.07846460924
10592	0.07846186665
10593	0.07845603278
10594	0.07845354518
10595	0.07845119759
10596	0.0784458901
10597	0.07844243793
10598	0.07843930552
10599	0.07843561234
10600	0.07843251778
10601	0.07843033626
10602	0.07842815532
10603	0.07842464623
10604	0.07842192023
10605	0.07841847597
10606	0.07841630181
10607	0.07841331409
10608	0.07841106045
10609	0.07840904621
10610	0.0784046661
10611	0.07840145089
10612	0.07839636899
10613	0.0783906397
10614	0.07838664963
10615	0.07838250118
10616	0.07838033564
10617	0.07837579062
10618	0.07837345162
10619	0.07837058527
10620	0.07835862349
10621	0.07835643577
10622	0.0783533014
10623	0.07835026946
10624	0.07833999304
10625	0.07833498338
10626	0.07833224407
10627	0.07832972811
10628	0.07832621001
10629	0.07832335444
10630	0.07831967914
10631	0.07831554373
10632	0.07831160638
10633	0.07830899435
10634	0.07830245113
10635	0.07829917774
10636	0.07829646607
10637	0.07829316854
10638	0.07829146459
10639	0.07828891219
10640	0.07828667927
10641	0.07828338418
10642	0.07828109869
10643	0.07827313871
10644	0.07826985065
10645	0.07826708196
10646	0.07826368028
10647	0.0782601543
10648	0.078258285
10649	0.07825546574
10650	0.07825304743
10651	0.07825026119
10652	0.07824640001
10653	0.07824388388
10654	0.07824166284
10655	0.0782351733
10656	0.07823193352
10657	0.07822949438
10658	0.07822672386
10659	0.07822409159
10660	0.07822132245
10661	0.0782165648
10662	0.07821499309
10663	0.07820840145
10664	0.07820531013
10665	0.07820233523
10666	0.07819881495
10667	0.07819164245
10668	0.07819002243
10669	0.07818764878
10670	0.07818475424
10671	0.07818176931
10672	0.07817785778
10673	0.07817476491
10674	0.07817181744
10675	0.07816426903
10676	0.07816190714
10677	0.07815965121
10678	0.07815595949
10679	0.07815335783
10680	0.07815091715
10681	0.07814918738
10682	0.07814580877
10683	0.07814170044
10684	0.07813747811
10685	0.07813355269
10686	0.07813192261
10687	0.07812838968
10688	0.07812481727
10689	0.07812131441
10690	0.07811878697
10691	0.0781146235
10692	0.07811153454
10693	0.07810810594
10694	0.07810579469
10695	0.07809855103
10696	0.07809571938
10697	0.07809356306
10698	0.078084864
10699	0.07808182673
10700	0.07807934095
10701	0.07807660975
10702	0.07806960759
10703	0.07806552966
10704	0.07806109999
10705	0.0780570789
10706	0.07805313018
10707	0.0780495328
10708	0.07804713223
10709	0.07804408557
10710	0.07804058992
10711	0.07803709804
10712	0.0780283776
10713	0.07802251441
10714	0.07802034842
10715	0.07801687805
10716	0.07801234145
10717	0.07800969738
10718	0.07800728585
10719	0.07800509166
10720	0.07800198179
10721	0.0779993163
10722	0.0779962477
10723	0.07799268507
10724	0.07798847944
10725	0.07798451606
10726	0.07798149591
10727	0.07798037066
10728	0.07797383283
10729	0.07796968357
10730	0.07796665786
10731	0.07796341367
10732	0.07796016013
10733	0.07795721381
10734	0.07795334828
10735	0.07794997399
10736	0.07794667803
10737	0.07794279123
10738	0.07793829744
10739	0.07793414736
10740	0.07793094192
10741	0.07792838771
10742	0.07792401404
10743	0.07792164686
10744	0.07791809784
10745	0.0779146743
10746	0.07791156346
10747	0.07790479179
10748	0.07790208183
10749	0.07790031862
10750	0.07789782851
10751	0.07789145842
10752	0.0778845166
10753	0.07788225729
10754	0.07787714739
10755	0.077875449
10756	0.07787235089
10757	0.0778705104
10758	0.07786779264
10759	0.0778647071
10760	0.07786160867
10761	0.07785833624
10762	0.07785504363
10763	0.0778515905
10764	0.07784894962
10765	0.07784622882
10766	0.07784265074
10767	0.07784022863
10768	0.07783740456
10769	0.07783281833
10770	0.07783065279
10771	0.07782738505
10772	0.0778237441
10773	0.07781982358
10774	0.07781756542
10775	0.0778127723
10776	0.07780816362
10777	0.0778026408
10778	0.07780091734
10779	0.07779761964
10780	0.07779481725
10781	0.07779140286
10782	0.07778875757
10783	0.07778625219
10784	0.07778351795
10785	0.07778054176
10786	0.07777808142
10787	0.07777505836
10788	0.07777149375
10789	0.07776694465
10790	0.07776450302
10791	0.07776228063
10792	0.07775890874
10793	0.07775671913
10794	0.07775479146
10795	0.07775285332
10796	0.07775009813
10797	0.07774711837
10798	0.07774004218
10799	0.07773740326
10800	0.07772631239
10801	0.07772332493
10802	0.07771830915
10803	0.07771322367
10804	0.07770666977
10805	0.07770345497
10806	0.07770094133
10807	0.07769891453
10808	0.07769538883
10809	0.07769264379
10810	0.07768734514
10811	0.07768461336
10812	0.07768205851
10813	0.07767741378
10814	0.07767444363
10815	0.07767114997
10816	0.07766925602
10817	0.07766510376
10818	0.07766153034
10819	0.07765961501
10820	0.07765603919
10821	0.0776528263
10822	0.07764897268
10823	0.07764553537
10824	0.07764069502
10825	0.07763489909
10826	0.07763257589
10827	0.07762693209
10828	0.07762533102
10829	0.07762241175
10830	0.07761761402
10831	0.07761544576
10832	0.07761100012
10833	0.07760780085
10834	0.07760514061
10835	0.07760348797
10836	0.07759823419
10837	0.07759576164
10838	0.07759246984
10839	0.07758964318
10840	0.07758798155
10841	0.07758590881
10842	0.07758149757
10843	0.07757790555
10844	0.07757511117
10845	0.0775727882
10846	0.07756931716
10847	0.07756813541
10848	0.07756445164
10849	0.07756081219
10850	0.07755835474
10851	0.07755587268
10852	0.07755240704
10853	0.07754967571
10854	0.07754551107
10855	0.07754312348
10856	0.0775409524
10857	0.07753721999
10858	0.07753401568
10859	0.07752534047
10860	0.07752197648
10861	0.0775165874
10862	0.07751363644
10863	0.07751034863
10864	0.07750797314
10865	0.07749973478
10866	0.07749762152
10867	0.07749469893
10868	0.0774928019
10869	0.07748978466
10870	0.07748637
10871	0.07748361197
10872	0.07748108642
10873	0.07747912649
10874	0.07747650984
10875	0.07746577205
10876	0.07746272739
10877	0.07745915384
10878	0.07745618397
10879	0.07745318696
10880	0.07745151272
10881	0.07744759383
10882	0.07744406556
10883	0.07744174749
10884	0.07743872402
10885	0.07743506086
10886	0.07743156158
10887	0.0774286925
10888	0.07742491698
10889	0.07742118622
10890	0.077415174
10891	0.0774106538
10892	0.07740749449
10893	0.07739240879
10894	0.07739041745
10895	0.07738690804
10896	0.07738026922
10897	0.07737661919
10898	0.07737382187
10899	0.07737076993
10900	0.07736820129
10901	0.07736331476
10902	0.07736093124
10903	0.0773570122
10904	0.07735411254
10905	0.07735055169
10906	0.07734652841
10907	0.07734253056
10908	0.07734030424
10909	0.0773371703
10910	0.07733311883
10911	0.07733037836
10912	0.07732835896
10913	0.07732578896
10914	0.077322885
10915	0.07732044753
10916	0.07731826533
10917	0.07731567092
10918	0.07731234934
10919	0.07730891733
10920	0.07730498902
10921	0.07730012871
10922	0.0772964084
10923	0.07729413954
10924	0.07729137209
10925	0.07728800917
10926	0.07728541662
10927	0.07728250628
10928	0.07727996277
10929	0.07727726229
10930	0.07727540711
10931	0.07727229704
10932	0.0772657087
10933	0.07726385155
10934	0.07726100964
10935	0.07725737997
10936	0.07725518424
10937	0.07725187984
10938	0.07724880859
10939	0.07724519581
10940	0.07724155118
10941	0.07723778216
10942	0.07723556182
10943	0.07723331149
10944	0.07722974094
10945	0.07722560701
10946	0.07722296959
10947	0.07721925817
10948	0.07721581255
10949	0.07721310233
10950	0.077210572
10951	0.07720815656
10952	0.07720488834
10953	0.07720284878
10954	0.07719978537
10955	0.07719799351
10956	0.07719538916
10957	0.07719194624
10958	0.0771888782
10959	0.07718482512
10960	0.07718146805
10961	0.07717823103
10962	0.07717616562
10963	0.07717284157
10964	0.07717001828
10965	0.07716646632
10966	0.07715975421
10967	0.07715660982
10968	0.0771532458
10969	0.07714984191
10970	0.07714436184
10971	0.07714074787
10972	0.07713612148
10973	0.07713244332
10974	0.07712866224
10975	0.07712593014
10976	0.07712335808
10977	0.07712042557
10978	0.07711683458
10979	0.07711455853
10980	0.07711033957
10981	0.07710696787
10982	0.07710399515
10983	0.07710015949
10984	0.07709774101
10985	0.0770901426
10986	0.07708827623
10987	0.07708476537
10988	0.0770823007
10989	0.07707937073
10990	0.07707639535
10991	0.07707279325
10992	0.07706986827
10993	0.0770649868
10994	0.0770615215
10995	0.077058728
10996	0.07705653688
10997	0.07705404633
10998	0.07705158449
10999	0.07704908707
11000	0.07704504884
11001	0.07703494839
11002	0.07703212537
11003	0.07702882773
11004	0.07702723823
11005	0.0770231596
11006	0.07701880886
11007	0.07701617461
11008	0.07701266803
11009	0.07701073358
11010	0.07700709356
11011	0.07700414987
11012	0.07700131618
11013	0.07699978499
11014	0.07699610367
11015	0.07699251446
11016	0.07698928798
11017	0.0769860768
11018	0.07698288851
11019	0.07698074527
11020	0.07697748438
11021	0.07697505179
11022	0.07697166994
11023	0.07696686772
11024	0.0769633771
11025	0.07695759445
11026	0.07695288424
11027	0.0769506203
11028	0.07694612479
11029	0.07694059498
11030	0.07693929204
11031	0.07693663823
11032	0.07692588884
11033	0.07692295124
11034	0.07692015434
11035	0.0769165003
11036	0.07691321818
11037	0.07690908726
11038	0.07690320704
11039	0.07689961944
11040	0.07689379576
11041	0.07688954704
11042	0.07688763485
11043	0.07687794462
11044	0.07686948429
11045	0.07686600477
11046	0.07686203373
11047	0.0768593342
11048	0.07685635004
11049	0.07685429267
11050	0.07685311391
11051	0.07684914216
11052	0.07684584593
11053	0.07684338685
11054	0.07684101216
11055	0.07683770236
11056	0.07683460471
11057	0.07683167769
11058	0.07682838107
11059	0.07682431289
11060	0.07682162044
11061	0.07681567919
11062	0.07681196336
11063	0.07680973964
11064	0.07680524929
11065	0.07680277333
11066	0.07679989718
11067	0.0767970284
11068	0.07679447399
11069	0.07679134737
11070	0.07678956553
11071	0.07678653732
11072	0.07677864813
11073	0.07677636573
11074	0.07676790842
11075	0.07676492565
11076	0.07676200339
11077	0.07675912993
11078	0.07675532594
11079	0.07675208447
11080	0.07674962209
11081	0.07674639306
11082	0.07674473913
11083	0.07674093036
11084	0.07673823242
11085	0.07673520002
11086	0.07673128118
11087	0.0767280686
11088	0.07672443822
11089	0.07672178377
11090	0.07671983842
11091	0.07671677076
11092	0.07671434569
11093	0.07671088685
11094	0.07670683925
11095	0.07670021375
11096	0.07669716794
11097	0.07669406645
11098	0.07669181944
11099	0.0766887649
11100	0.07668548494
11101	0.07668196839
11102	0.07667948991
11103	0.07667304683
11104	0.07666965669
11105	0.0766666131
11106	0.07666255291
11107	0.07665889243
11108	0.07665679055
11109	0.07665223904
11110	0.07664923397
11111	0.07664634816
11112	0.07664460132
11113	0.07664104056
11114	0.07663835119
11115	0.0766348895
11116	0.07663255618
11117	0.07662933575
11118	0.07662663533
11119	0.07662368497
11120	0.07662057728
11121	0.07661824445
11122	0.07661472624
11123	0.07661211384
11124	0.07660722558
11125	0.07659914871
11126	0.07659509073
11127	0.07659230313
11128	0.07658720541
11129	0.07658292454
11130	0.07658047715
11131	0.07657691588
11132	0.07656749636
11133	0.07656429368
11134	0.07656098697
11135	0.07655822758
11136	0.07655309133
11137	0.07655134804
11138	0.07654830679
11139	0.07654556078
11140	0.07654202315
11141	0.07653987718
11142	0.07653612505
11143	0.07653453389
11144	0.07653126655
11145	0.07652221355
11146	0.07651929208
11147	0.07651724942
11148	0.07650926941
11149	0.07650677399
11150	0.07650354174
11151	0.07650228414
11152	0.07649806962
11153	0.07649456185
11154	0.07649132904
11155	0.07648223461
11156	0.07647834577
11157	0.07647459259
11158	0.07647275625
11159	0.07647025382
11160	0.07646634564
11161	0.07645934997
11162	0.07645589583
11163	0.07645273341
11164	0.07644985569
11165	0.07644735577
11166	0.07644127769
11167	0.07643836264
11168	0.07643592818
11169	0.07643361031
11170	0.07643179109
11171	0.07642808147
11172	0.07642513793
11173	0.07642026895
11174	0.07641761359
11175	0.07641587159
11176	0.07641413089
11177	0.07640846309
11178	0.07640561513
11179	0.07640274584
11180	0.07640099245
11181	0.07639845163
11182	0.07639336959
11183	0.07639092792
11184	0.07638342197
11185	0.07638039521
11186	0.0763763073
11187	0.07637398777
11188	0.07637009254
11189	0.07636733481
11190	0.07636477119
11191	0.07636124477
11192	0.07635874516
11193	0.07635339167
11194	0.07635040364
11195	0.07634895923
11196	0.07634315708
11197	0.07634095391
11198	0.07633790676
11199	0.07633576175
11200	0.07633245327
11201	0.07632790528
11202	0.0763232566
11203	0.07631705444
11204	0.0763140853
11205	0.07630699129
11206	0.0763009986
11207	0.07629935581
11208	0.07629629455
11209	0.07629377085
11210	0.07629177403
11211	0.07629034077
11212	0.07628697404
11213	0.07628445341
11214	0.07628098395
11215	0.07627777026
11216	0.07627557335
11217	0.07627237896
11218	0.07627030479
11219	0.07626802548
11220	0.07626356532
11221	0.0762607585
11222	0.07625713373
11223	0.07625492504
11224	0.07625120418
11225	0.07624732488
11226	0.07624476747
11227	0.07624026663
11228	0.07623639019
11229	0.07623475268
11230	0.07623151534
11231	0.07622854983
11232	0.07622555128
11233	0.07622062421
11234	0.07621787558
11235	0.07621523189
11236	0.07621242045
11237	0.07621037998
11238	0.07620693393
11239	0.0762027082
11240	0.07619947138
11241	0.07619773793
11242	0.07619631901
11243	0.07619360837
11244	0.07618929234
11245	0.07618782234
11246	0.07618455576
11247	0.07618078134
11248	0.0761785699
11249	0.07617530284
11250	0.07617119988
11251	0.07616689787
11252	0.07616429938
11253	0.07616238211
11254	0.07615997513
11255	0.07615772554
11256	0.07615527844
11257	0.07615184093
11258	0.07614571842
11259	0.07614289764
11260	0.07613960407
11261	0.07613498788
11262	0.0761326405
11263	0.07612990771
11264	0.07612739766
11265	0.07612443746
11266	0.07612092509
11267	0.07611744023
11268	0.07611501866
11269	0.07611199887
11270	0.07611015364
11271	0.07610869823
11272	0.07610583879
11273	0.07610272623
11274	0.07610067445
11275	0.07609664676
11276	0.076093955
11277	0.0760910219
11278	0.0760881988
11279	0.07608520348
11280	0.07608253878
11281	0.07607904774
11282	0.07607698695
11283	0.07607242109
11284	0.07607107682
11285	0.07606895451
11286	0.07606625835
11287	0.07606383073
11288	0.07606020542
11289	0.07605851411
11290	0.07605320394
11291	0.07605007893
11292	0.07604683859
11293	0.07604299536
11294	0.07603941038
11295	0.07603599067
11296	0.07603217023
11297	0.07602968183
11298	0.07602474141
11299	0.07602192261
11300	0.07601941138
11301	0.07601772759
11302	0.07601492234
11303	0.07601219684
11304	0.07600900471
11305	0.07600657434
11306	0.07600492527
11307	0.07600232364
11308	0.07599891069
11309	0.07599631811
11310	0.07599367387
11311	0.07599147334
11312	0.07598843777
11313	0.07598586999
11314	0.07598230084
11315	0.07597881005
11316	0.07597490386
11317	0.07597175741
11318	0.07596850871
11319	0.07596567792
11320	0.07596185428
11321	0.07595630098
11322	0.07595327296
11323	0.07594993718
11324	0.07594744715
11325	0.07594389782
11326	0.07594172372
11327	0.07593898246
11328	0.07593599769
11329	0.07593244566
11330	0.07592869504
11331	0.07592693848
11332	0.0759221938
11333	0.07592013538
11334	0.07591697277
11335	0.07591393031
11336	0.07591087408
11337	0.07590856508
11338	0.07590646673
11339	0.0759031767
11340	0.07590084174
11341	0.07589639238
11342	0.07588997664
11343	0.0758861969
11344	0.07588380098
11345	0.07588159305
11346	0.07587957829
11347	0.07587729886
11348	0.07587508629
11349	0.07587225766
11350	0.07586893914
11351	0.07586586413
11352	0.07586300931
11353	0.07586047685
11354	0.07585726149
11355	0.07585401191
11356	0.07585146817
11357	0.07584798712
11358	0.07584609498
11359	0.07584021886
11360	0.07583727252
11361	0.0758353621
11362	0.07583261512
11363	0.07582975291
11364	0.07582730568
11365	0.07582429723
11366	0.07582164032
11367	0.07581807043
11368	0.07581502392
11369	0.07581281408
11370	0.07580924349
11371	0.07580755848
11372	0.07580451133
11373	0.07580019968
11374	0.07579679591
11375	0.07579419959
11376	0.07579127404
11377	0.0757872635
11378	0.07578485408
11379	0.07578093621
11380	0.07577496699
11381	0.07576869802
11382	0.07576609408
11383	0.07576323941
11384	0.07576078455
11385	0.07575868564
11386	0.07575519861
11387	0.07575381864
11388	0.07575038989
11389	0.07574737409
11390	0.07574512754
11391	0.07574371308
11392	0.07574298683
11393	0.07573940432
11394	0.07573709481
11395	0.07573304114
11396	0.07573064761
11397	0.07572834264
11398	0.07572575887
11399	0.0757238297
11400	0.07572060591
11401	0.07571715467
11402	0.0757112
11403	0.0757090225
11404	0.07570562322
11405	0.07569831467
11406	0.07569484451
11407	0.07569275519
11408	0.07569052036
11409	0.07568673581
11410	0.07568458015
11411	0.07568076914
11412	0.07567894787
11413	0.0756756942
11414	0.07566987565
11415	0.07566528738
11416	0.07566289499
11417	0.07565897674
11418	0.07565592655
11419	0.07565355508
11420	0.07565047597
11421	0.07564691514
11422	0.07564393955
11423	0.07564052164
11424	0.07563814236
11425	0.0756332184
11426	0.07562882703
11427	0.07562328359
11428	0.07562004336
11429	0.07561695761
11430	0.07561457272
11431	0.0756137173
11432	0.07561100512
11433	0.07560757524
11434	0.07560485988
11435	0.07560112573
11436	0.075598339
11437	0.07559565547
11438	0.07559095196
11439	0.07558781693
11440	0.07558374826
11441	0.07558132615
11442	0.0755739409
11443	0.07557051502
11444	0.07556818004
11445	0.07556610484
11446	0.07556281301
11447	0.07556008231
11448	0.07555836072
11449	0.07555521539
11450	0.07555219105
11451	0.07554947544
11452	0.07554643525
11453	0.07554427828
11454	0.07554135522
11455	0.07553941461
11456	0.0755377754
11457	0.0755352668
11458	0.07553245356
11459	0.07553006874
11460	0.07552643676
11461	0.07552425205
11462	0.0755204762
11463	0.07551571529
11464	0.07551287288
11465	0.07550705009
11466	0.07550209083
11467	0.07549962329
11468	0.07549536532
11469	0.07548947604
11470	0.0754868616
11471	0.07548405878
11472	0.07548211044
11473	0.07547976211
11474	0.07547687811
11475	0.0754712641
11476	0.07546806826
11477	0.07546641166
11478	0.07546299708
11479	0.07546087924
11480	0.07545800373
11481	0.07545007657
11482	0.07544525366
11483	0.07544277671
11484	0.07543976394
11485	0.0754369489
11486	0.07543347563
11487	0.07543012926
11488	0.07542719277
11489	0.07542301177
11490	0.07541834839
11491	0.07540840917
11492	0.07540614214
11493	0.07540398647
11494	0.07540197117
11495	0.07539759959
11496	0.07539484866
11497	0.07538966578
11498	0.07538753516
11499	0.07538341091
11500	0.07537885823
11501	0.07537547784
11502	0.07537260987
11503	0.07536755881
11504	0.07536381673
11505	0.07536053649
11506	0.07535565243
11507	0.0753526808
11508	0.07534971807
11509	0.07534650926
11510	0.07534472512
11511	0.0753421433
11512	0.07533867995
11513	0.07533545653
11514	0.07533367668
11515	0.07533125407
11516	0.07532729583
11517	0.07532457281
11518	0.07532183254
11519	0.07531901107
11520	0.07531417123
11521	0.07531206063
11522	0.07530947715
11523	0.07530707867
11524	0.07530495374
11525	0.07530086952
11526	0.07529852249
11527	0.07529561629
11528	0.07529134473
11529	0.07528918254
11530	0.07528603252
11531	0.07528384294
11532	0.07528054522
11533	0.07527748172
11534	0.07527366443
11535	0.07527085337
11536	0.07526784534
11537	0.0752650605
11538	0.07526200151
11539	0.07526000333
11540	0.07525761425
11541	0.0752548891
11542	0.07525007674
11543	0.07524681511
11544	0.07524019847
11545	0.07523648986
11546	0.07523375011
11547	0.07523147551
11548	0.07522819513
11549	0.07522516922
11550	0.07522284902
11551	0.07522055399
11552	0.07521277912
11553	0.07521118984
11554	0.07520909821
11555	0.0752065383
11556	0.07520347632
11557	0.07520136447
11558	0.07519871044
11559	0.07519622032
11560	0.07519471984
11561	0.07519203584
11562	0.07518899941
11563	0.07518596389
11564	0.07518274819
11565	0.07518082986
11566	0.0751776529
11567	0.07517597825
11568	0.07517401214
11569	0.07517056596
11570	0.07516771364
11571	0.07516620269
11572	0.0751635115
11573	0.07516026146
11574	0.07515641697
11575	0.07515288228
11576	0.07515046607
11577	0.0751481727
11578	0.07513946458
11579	0.0751366385
11580	0.0751337761
11581	0.07513155956
11582	0.07512872705
11583	0.07512494034
11584	0.07512174262
11585	0.07511879292
11586	0.0751150655
11587	0.07511253472
11588	0.07510971487
11589	0.07510608281
11590	0.07510392875
11591	0.07510119702
11592	0.0750996947
11593	0.07509688206
11594	0.0750943497
11595	0.07509230386
11596	0.07508682621
11597	0.07508416683
11598	0.07508173796
11599	0.07507874568
11600	0.0750755546
11601	0.07507406196
11602	0.0750718021
11603	0.07506832219
11604	0.07506579192
11605	0.07506296414
11606	0.07505957631
11607	0.0750571517
11608	0.07505399861
11609	0.07505132746
11610	0.07504959671
11611	0.07504705056
11612	0.07504455832
11613	0.07504168998
11614	0.0750376779
11615	0.07503565325
11616	0.07503240142
11617	0.07502917217
11618	0.07502588212
11619	0.07501803625
11620	0.0750133201
11621	0.07500926411
11622	0.07500225497
11623	0.07499874169
11624	0.07499449412
11625	0.0749916451
11626	0.07499008504
11627	0.07498684158
11628	0.07498420473
11629	0.07498188993
11630	0.07497509747
11631	0.07497337088
11632	0.07496960638
11633	0.0749672745
11634	0.07496106031
11635	0.07495847279
11636	0.07495632803
11637	0.0749534821
11638	0.0749497018
11639	0.07494744935
11640	0.07494456237
11641	0.0749415658
11642	0.07493874762
11643	0.07493671312
11644	0.07493381725
11645	0.07493104783
11646	0.0749281062
11647	0.07492549862
11648	0.07492023154
11649	0.07491830741
11650	0.0749154924
11651	0.07491303079
11652	0.0749103766
11653	0.07490712175
11654	0.07490370123
11655	0.07490095671
11656	0.0748981213
11657	0.07489208222
11658	0.07488938893
11659	0.07488603461
11660	0.07488262162
11661	0.07487976784
11662	0.07487685162
11663	0.07487453353
11664	0.07486995982
11665	0.07486668611
11666	0.0748643357
11667	0.07485940062
11668	0.07485607301
11669	0.07485339244
11670	0.07485142769
11671	0.07484857579
11672	0.07484581585
11673	0.07484348163
11674	0.07483603187
11675	0.07483330109
11676	0.07483063316
11677	0.07482936537
11678	0.07482612307
11679	0.07482186868
11680	0.07481993668
11681	0.07481575321
11682	0.07480971107
11683	0.07480638673
11684	0.07480252318
11685	0.07479981265
11686	0.07479318744
11687	0.07479066355
11688	0.07478747434
11689	0.07478397824
11690	0.07478146426
11691	0.07477867788
11692	0.07477456265
11693	0.07477033089
11694	0.07476743657
11695	0.07476524127
11696	0.07476333615
11697	0.07476071057
11698	0.07475823712
11699	0.0747560585
11700	0.07475207542
11701	0.07474984775
11702	0.07474704406
11703	0.07474441725
11704	0.07474121535
11705	0.07473895939
11706	0.07473552509
11707	0.07473270928
11708	0.07473036482
11709	0.07472798619
11710	0.07472506028
11711	0.0747219263
11712	0.0747206801
11713	0.07471822437
11714	0.07471635412
11715	0.07471437194
11716	0.07471233145
11717	0.07471073443
11718	0.07470863586
11719	0.0747064314
11720	0.0747009751
11721	0.07469858777
11722	0.07469641995
11723	0.07469339478
11724	0.07469152609
11725	0.07468845531
11726	0.0746860482
11727	0.07468395258
11728	0.07467953441
11729	0.07467592847
11730	0.07467393251
11731	0.07467154783
11732	0.07466961631
11733	0.07466676894
11734	0.07466507972
11735	0.07466268649
11736	0.07466031617
11737	0.0746581101
11738	0.07465518221
11739	0.07465341976
11740	0.07465081941
11741	0.07464808783
11742	0.07464048005
11743	0.07463426976
11744	0.07463131918
11745	0.07462880362
11746	0.07462564787
11747	0.07462279688
11748	0.07461449053
11749	0.07461107423
11750	0.07460851971
11751	0.07460462666
11752	0.07460317565
11753	0.07460111705
11754	0.07459853766
11755	0.07459407582
11756	0.07459111739
11757	0.0745881346
11758	0.07458556091
11759	0.07458239185
11760	0.07458017108
11761	0.07457510666
11762	0.07457137299
11763	0.07456848636
11764	0.07456650975
11765	0.07456268735
11766	0.07456088649
11767	0.07455938657
11768	0.07455686319
11769	0.07455333199
11770	0.07455092732
11771	0.0745489833
11772	0.07454501665
11773	0.07454216165
11774	0.07453858807
11775	0.07453467638
11776	0.0745307278
11777	0.0745285471
11778	0.07452635704
11779	0.07452324755
11780	0.07451994891
11781	0.07451628358
11782	0.07451352693
11783	0.07451038203
11784	0.07450769786
11785	0.0745053433
11786	0.07450082432
11787	0.07449638507
11788	0.07449359941
11789	0.07449220284
11790	0.07448982719
11791	0.07448687224
11792	0.07448209481
11793	0.07447932773
11794	0.07447594051
11795	0.07446884712
11796	0.07446579263
11797	0.07446381344
11798	0.0744615098
11799	0.07445890253
11800	0.07445573528
11801	0.07445346412
11802	0.07445211556
11803	0.07444935576
11804	0.07444595746
11805	0.07444317884
11806	0.07444103868
11807	0.07443819275
11808	0.07443592523
11809	0.07443252406
11810	0.0744280951
11811	0.07442508012
11812	0.074419904
11813	0.07441691962
11814	0.07441390131
11815	0.07441083442
11816	0.07440773069
11817	0.07440599548
11818	0.07440393457
11819	0.07439830469
11820	0.07439563046
11821	0.07439296049
11822	0.07439125468
11823	0.07438864058
11824	0.07438521405
11825	0.07438020648
11826	0.07437715742
11827	0.07437363919
11828	0.07437045724
11829	0.07436834135
11830	0.07436511826
11831	0.07436250318
11832	0.07436076414
11833	0.07435861817
11834	0.07435562538
11835	0.07435320568
11836	0.07435118827
11837	0.07434617621
11838	0.07434352673
11839	0.07434100081
11840	0.07433830124
11841	0.07433537551
11842	0.07433387913
11843	0.0743298238
11844	0.07432813886
11845	0.07432609362
11846	0.07432450322
11847	0.07432032115
11848	0.07431702656
11849	0.07431443635
11850	0.07431102665
11851	0.07430765843
11852	0.07430475232
11853	0.07430244501
11854	0.07430041324
11855	0.07429780436
11856	0.07429433517
11857	0.07429244238
11858	0.07429082265
11859	0.07428866745
11860	0.07428597113
11861	0.07428307743
11862	0.07428052574
11863	0.07427743186
11864	0.0742735073
11865	0.07426682245
11866	0.0742642358
11867	0.07426089902
11868	0.07425872682
11869	0.07425674761
11870	0.07425370586
11871	0.07425050181
11872	0.07424407548
11873	0.07424222066
11874	0.0742407411
11875	0.07423590537
11876	0.07423323148
11877	0.07422915414
11878	0.07422684785
11879	0.07422231934
11880	0.07421999054
11881	0.07421786347
11882	0.07421636984
11883	0.07421446683
11884	0.07421233337
11885	0.07420759339
11886	0.07420593598
11887	0.07419999416
11888	0.0741970553
11889	0.07419350173
11890	0.074191428
11891	0.07418909172
11892	0.07418637507
11893	0.07418357584
11894	0.07418103025
11895	0.07417911233
11896	0.0741768114
11897	0.07417190166
11898	0.07416837733
11899	0.07416619385
11900	0.07416295958
11901	0.07416008604
11902	0.07415726997
11903	0.07415464773
11904	0.07415222394
11905	0.0741502207
11906	0.07414901406
11907	0.07414606282
11908	0.07414276501
11909	0.07413985474
11910	0.07413629727
11911	0.07413371485
11912	0.07413095325
11913	0.0741289362
11914	0.07412679699
11915	0.07412411967
11916	0.07412117485
11917	0.07411801263
11918	0.07410831709
11919	0.07410487225
11920	0.07410265315
11921	0.07409995083
11922	0.07409716515
11923	0.07409354991
11924	0.07408957799
11925	0.07408745255
11926	0.07408455716
11927	0.07408209801
11928	0.07407947921
11929	0.07407688193
11930	0.07407460409
11931	0.0740719787
11932	0.07406839608
11933	0.07406563076
11934	0.07406201521
11935	0.07405956033
11936	0.07405670021
11937	0.07405394108
11938	0.07405222201
11939	0.07404967744
11940	0.07404594662
11941	0.07404309851
11942	0.07404078815
11943	0.07403890072
11944	0.07403530994
11945	0.07403314063
11946	0.07403096209
11947	0.07402852448
11948	0.07402653195
11949	0.07402243069
11950	0.0740198517
11951	0.07401623466
11952	0.07401377579
11953	0.07401206342
11954	0.07400926365
11955	0.07400535396
11956	0.07400221433
11957	0.07399997016
11958	0.07399720919
11959	0.07398869999
11960	0.07398661947
11961	0.07398371373
11962	0.07397706214
11963	0.07397386111
11964	0.07397100404
11965	0.07396783832
11966	0.07396604961
11967	0.07396459228
11968	0.07396028935
11969	0.07395745836
11970	0.07395513328
11971	0.07395195261
11972	0.07394761101
11973	0.073944664
11974	0.07394241485
11975	0.07393968301
11976	0.07393774263
11977	0.07393574434
11978	0.07393302963
11979	0.07392996004
11980	0.07392758626
11981	0.07392115009
11982	0.07391905322
11983	0.07391741739
11984	0.07391560145
11985	0.07391298958
11986	0.0739097963
11987	0.07390652394
11988	0.07390466657
11989	0.0739016556
11990	0.07389831268
11991	0.07389528588
11992	0.0738938595
11993	0.07389076004
11994	0.07388416624
11995	0.07388140605
11996	0.07387919602
11997	0.07387657698
11998	0.07387401287
11999	0.07387130028
12000	0.07386823116
12001	0.07386533477
12002	0.07386047749
12003	0.07385835043
12004	0.07385440506
12005	0.07385270839
12006	0.07384969556
12007	0.07384616074
12008	0.07384342602
12009	0.07384081842
12010	0.07383859598
12011	0.07383656568
12012	0.07383501988
12013	0.07382825406
12014	0.07382420995
12015	0.0738202211
12016	0.07381861664
12017	0.07381643305
12018	0.07381309109
12019	0.07381158173
12020	0.07380854257
12021	0.07380636187
12022	0.07380357771
12023	0.07379930924
12024	0.0737966323
12025	0.07379383823
12026	0.07379197414
12027	0.07378868373
12028	0.07378634234
12029	0.0737839765
12030	0.073781301
12031	0.07377635205
12032	0.0737740791
12033	0.07376935042
12034	0.07376701325
12035	0.07376442719
12036	0.07376220802
12037	0.07375996821
12038	0.0737562783
12039	0.07375346811
12040	0.07375096953
12041	0.07374870055
12042	0.07374720574
12043	0.0737428789
12044	0.07373723604
12045	0.07373445686
12046	0.07373169246
12047	0.07372948009
12048	0.07372747693
12049	0.07372603332
12050	0.07371798883
12051	0.0737148805
12052	0.07371214464
12053	0.07370862323
12054	0.07370628619
12055	0.07370314986
12056	0.07369809019
12057	0.07369495751
12058	0.0736921226
12059	0.07368914575
12060	0.07368605995
12061	0.07368347894
12062	0.0736794992
12063	0.0736765169
12064	0.07367351146
12065	0.07367207787
12066	0.07366403909
12067	0.07365751803
12068	0.0736544156
12069	0.07365183341
12070	0.07364927258
12071	0.07364712625
12072	0.07364571458
12073	0.07364261479
12074	0.07363886245
12075	0.07363415093
12076	0.07363273521
12077	0.07363044969
12078	0.07362711248
12079	0.07362426571
12080	0.07362121539
12081	0.07361913588
12082	0.07361579654
12083	0.07361226722
12084	0.07360856122
12085	0.07360653486
12086	0.07360443146
12087	0.07360240034
12088	0.07359864063
12089	0.07359549591
12090	0.07359282306
12091	0.07358986524
12092	0.0735880482
12093	0.07358526134
12094	0.07358272203
12095	0.07358015131
12096	0.07357823769
12097	0.07357368843
12098	0.07357139286
12099	0.07356894361
12100	0.07356576255
12101	0.07356145549
12102	0.07355824886
12103	0.07355555402
12104	0.07355261746
12105	0.07355027252
12106	0.0735486697
12107	0.07354586873
12108	0.0735419075
12109	0.07353933847
12110	0.07353739028
12111	0.07353515809
12112	0.07353294314
12113	0.07353097746
12114	0.07352859163
12115	0.07352644604
12116	0.07352476866
12117	0.07352178703
12118	0.0735197718
12119	0.07351651744
12120	0.07351299266
12121	0.07350773534
12122	0.07350539431
12123	0.07350319916
12124	0.07349964569
12125	0.07349769044
12126	0.07349476276
12127	0.0734925651
12128	0.07349060493
12129	0.07348490169
12130	0.07348194977
12131	0.07347926137
12132	0.07347689951
12133	0.07347294611
12134	0.07346879685
12135	0.07346549329
12136	0.07346228713
12137	0.07346004084
12138	0.07345799726
12139	0.07345460731
12140	0.07345003694
12141	0.07344723606
12142	0.07344572451
12143	0.07344241356
12144	0.07344039879
12145	0.07343697508
12146	0.07343396858
12147	0.07343067253
12148	0.07342830606
12149	0.07342579804
12150	0.07342302074
12151	0.07341899313
12152	0.07341612033
12153	0.07341338653
12154	0.07341004272
12155	0.073408151
12156	0.07340520059
12157	0.07340257494
12158	0.07340050773
12159	0.07339876141
12160	0.07339621722
12161	0.07339235345
12162	0.07338968902
12163	0.07338774226
12164	0.07338374372
12165	0.07338055363
12166	0.07337816698
12167	0.07337572211
12168	0.07337365067
12169	0.07337055544
12170	0.07336925001
12171	0.07336646321
12172	0.073360893
12173	0.07335842871
12174	0.07335552262
12175	0.07335351222
12176	0.07334846446
12177	0.07334532076
12178	0.07334366651
12179	0.07334064256
12180	0.07333824865
12181	0.07333598319
12182	0.07333254219
12183	0.07333124919
12184	0.07332840377
12185	0.07332695503
12186	0.07332413593
12187	0.0733189394
12188	0.07331774605
12189	0.07331515089
12190	0.07331231194
12191	0.07331028063
12192	0.07330698276
12193	0.07330514537
12194	0.07330260077
12195	0.07330106112
12196	0.07329580275
12197	0.07329297693
12198	0.07329006804
12199	0.07328800825
12200	0.07328458346
12201	0.07328130055
12202	0.07327893004
12203	0.07327526045
12204	0.07326844277
12205	0.07326534358
12206	0.07326337273
12207	0.07326004133
12208	0.07325871985
12209	0.07325746232
12210	0.07325554295
12211	0.07325279746
12212	0.07325001708
12213	0.07324745247
12214	0.07324482193
12215	0.07324274151
12216	0.07323950634
12217	0.07323415746
12218	0.0732302522
12219	0.07322764169
12220	0.07322500371
12221	0.07321790009
12222	0.07321636477
12223	0.073212642
12224	0.07321003055
12225	0.07320764074
12226	0.07320581406
12227	0.07320393305
12228	0.07319968551
12229	0.07319792467
12230	0.07319537784
12231	0.07319211825
12232	0.0731904825
12233	0.07318634546
12234	0.07318372624
12235	0.07318066532
12236	0.07317850266
12237	0.07317455945
12238	0.07317235806
12239	0.07316975019
12240	0.07316684879
12241	0.07316436042
12242	0.07315907297
12243	0.07315599761
12244	0.07315401826
12245	0.07315193199
12246	0.07314985352
12247	0.07314683454
12248	0.07314401601
12249	0.07314102215
12250	0.07313922617
12251	0.07313618829
12252	0.07313397492
12253	0.07313238093
12254	0.07312942374
12255	0.07312685108
12256	0.07312375818
12257	0.07312177367
12258	0.073119247
12259	0.07311418046
12260	0.07311120909
12261	0.07310858688
12262	0.07310548951
12263	0.07310308074
12264	0.07310056659
12265	0.0730982702
12266	0.07309582152
12267	0.07309379558
12268	0.07308999779
12269	0.07308843172
12270	0.07308397427
12271	0.07308123717
12272	0.07307838559
12273	0.07307617078
12274	0.07307355171
12275	0.07307082624
12276	0.07306395179
12277	0.07306183657
12278	0.07305973065
12279	0.0730579256
12280	0.07305461828
12281	0.07305204306
12282	0.07304932555
12283	0.07304637524
12284	0.07304429706
12285	0.07304203864
12286	0.07303850279
12287	0.07303040443
12288	0.07302813523
12289	0.07302020584
12290	0.07301790907
12291	0.07301423552
12292	0.07301152906
12293	0.07300825679
12294	0.07300662611
12295	0.07300508423
12296	0.07300258486
12297	0.07300067709
12298	0.07299720293
12299	0.07299444466
12300	0.07299250628
12301	0.07298894471
12302	0.07298670383
12303	0.07298499069
12304	0.07298231386
12305	0.07297917029
12306	0.07297615304
12307	0.07297350008
12308	0.07297087215
12309	0.07296618558
12310	0.07296323788
12311	0.0729606206
12312	0.07295869027
12313	0.07295593708
12314	0.07295289695
12315	0.07295017024
12316	0.07294739998
12317	0.07294399897
12318	0.07294278972
12319	0.07294072961
12320	0.07293825705
12321	0.07293577302
12322	0.07293314287
12323	0.07293126891
12324	0.07292874085
12325	0.07292638512
12326	0.07292219488
12327	0.07292033901
12328	0.0729173291
12329	0.07291572034
12330	0.0729081929
12331	0.07290532645
12332	0.07290363417
12333	0.07290083095
12334	0.07289829118
12335	0.07289649523
12336	0.07289387019
12337	0.07289186368
12338	0.07288301616
12339	0.0728801375
12340	0.07287437067
12341	0.07287282335
12342	0.07286981601
12343	0.07286733941
12344	0.07286485469
12345	0.07286266236
12346	0.07285993315
12347	0.07285782682
12348	0.07285626253
12349	0.07285370652
12350	0.0728513603
12351	0.07284871525
12352	0.0728460835
12353	0.07284330895
12354	0.07284082988
12355	0.07283323165
12356	0.07283132968
12357	0.07282977539
12358	0.07282760304
12359	0.07282370376
12360	0.07282173699
12361	0.07281946887
12362	0.07281533284
12363	0.07281091455
12364	0.07280713536
12365	0.072804739
12366	0.07280197341
12367	0.0727985533
12368	0.07279233923
12369	0.07278761607
12370	0.07278524234
12371	0.07278217771
12372	0.0727788788
12373	0.07277593685
12374	0.07277353232
12375	0.07277045043
12376	0.07276405694
12377	0.07276161848
12378	0.07275922885
12379	0.07275532599
12380	0.07275198843
12381	0.07274911827
12382	0.07274581246
12383	0.07274336755
12384	0.07274044588
12385	0.0727344806
12386	0.07273254287
12387	0.07273011496
12388	0.07272798181
12389	0.07272513492
12390	0.0727221134
12391	0.07271936363
12392	0.0727171258
12393	0.07271403074
12394	0.07271277167
12395	0.07271139425
12396	0.07270537025
12397	0.0727028864
12398	0.07269586706
12399	0.07269251173
12400	0.07268386304
12401	0.07268188272
12402	0.07267890648
12403	0.07267586132
12404	0.0726726791
12405	0.07266593949
12406	0.07266113478
12407	0.07265804302
12408	0.07265629554
12409	0.07265411016
12410	0.07265255832
12411	0.07265065288
12412	0.07264829233
12413	0.07264527673
12414	0.07264170095
12415	0.07263507314
12416	0.07263317016
12417	0.07262958806
12418	0.07262769751
12419	0.07262575791
12420	0.07262255401
12421	0.0726205676
12422	0.07261764846
12423	0.07261453244
12424	0.07261198315
12425	0.0726069027
12426	0.07260494879
12427	0.0726028754
12428	0.07260100279
12429	0.07259756238
12430	0.0725947082
12431	0.07259174146
12432	0.07258909877
12433	0.07258774602
12434	0.07258536674
12435	0.07258288786
12436	0.07257919602
12437	0.0725768098
12438	0.07257435391
12439	0.07257178449
12440	0.07256985254
12441	0.07256799428
12442	0.07256403107
12443	0.07256189069
12444	0.07255976262
12445	0.07255676599
12446	0.07255477481
12447	0.0725528091
12448	0.07255029137
12449	0.07254715688
12450	0.07254409965
12451	0.07254146007
12452	0.07254014386
12453	0.07253727085
12454	0.07253538288
12455	0.0725331995
12456	0.07253043454
12457	0.07252724042
12458	0.07252600939
12459	0.07252343011
12460	0.07252083289
12461	0.0725188641
12462	0.07251624913
12463	0.07251381422
12464	0.07251141459
12465	0.07250851979
12466	0.0725059507
12467	0.07250278713
12468	0.07250102625
12469	0.07249914462
12470	0.0724965922
12471	0.07249387436
12472	0.0724884208
12473	0.07248405054
12474	0.07248158939
12475	0.07247870487
12476	0.07247653992
12477	0.07247372222
12478	0.07247140145
12479	0.07246832463
12480	0.07246514791
12481	0.07246362878
12482	0.07246061727
12483	0.07245813886
12484	0.0724560308
12485	0.07245354238
12486	0.07244903011
12487	0.0724457121
12488	0.07244396495
12489	0.07244139386
12490	0.07243878434
12491	0.07243587353
12492	0.07243373616
12493	0.0724311777
12494	0.07243029394
12495	0.07242604017
12496	0.07242352375
12497	0.07241976807
12498	0.07241692589
12499	0.072414181
12500	0.07241142045
12501	0.07240920099
12502	0.07240608626
12503	0.07240262076
12504	0.07240113987
12505	0.07239797175
12506	0.07239641046
12507	0.07239360407
12508	0.07239079706
12509	0.07238607502
12510	0.07238283646
12511	0.07237911354
12512	0.07237639832
12513	0.07237281337
12514	0.07237094972
12515	0.07236833599
12516	0.07236435246
12517	0.07235967571
12518	0.0723571123
12519	0.07235492307
12520	0.07235178251
12521	0.07234818759
12522	0.07234565781
12523	0.07234267923
12524	0.07234060492
12525	0.07233582529
12526	0.0723336102
12527	0.07233033195
12528	0.07232780045
12529	0.07232439144
12530	0.0723199865
12531	0.07231731162
12532	0.07231563737
12533	0.07231243973
12534	0.07231030481
12535	0.07230623428
12536	0.07230414202
12537	0.07230141552
12538	0.07229890727
12539	0.0722963388
12540	0.07229504922
12541	0.07229220672
12542	0.07228993017
12543	0.07228726508
12544	0.07228413517
12545	0.07228201958
12546	0.07227977195
12547	0.07227786783
12548	0.07227366019
12549	0.07226874409
12550	0.07226488319
12551	0.0722615898
12552	0.07225915692
12553	0.07225693053
12554	0.07225385674
12555	0.07225087664
12556	0.07224933808
12557	0.07224672275
12558	0.07224400614
12559	0.07223992916
12560	0.07223775226
12561	0.072235013
12562	0.07223373958
12563	0.07222967426
12564	0.07222734599
12565	0.07222522947
12566	0.0722229616
12567	0.07222077709
12568	0.07221628224
12569	0.07221364064
12570	0.07220922291
12571	0.0722058609
12572	0.07220352181
12573	0.07220164794
12574	0.07219890443
12575	0.07219699152
12576	0.07219404722
12577	0.0721916034
12578	0.07219034819
12579	0.07218444666
12580	0.07218160779
12581	0.07217997239
12582	0.07217715643
12583	0.07217586151
12584	0.07217388526
12585	0.07216828281
12586	0.07216284754
12587	0.07215924709
12588	0.07215767913
12589	0.0721548288
12590	0.0721519326
12591	0.07214994947
12592	0.07214738611
12593	0.07214586396
12594	0.07214286197
12595	0.0721401614
12596	0.07213692051
12597	0.07213470722
12598	0.07213297494
12599	0.07212999197
12600	0.07212726972
12601	0.0721255687
12602	0.07212452772
12603	0.07212172537
12604	0.07211893421
12605	0.07211643217
12606	0.07211470688
12607	0.07211211765
12608	0.0721094726
12609	0.07210732605
12610	0.07210473982
12611	0.07209570848
12612	0.0720927524
12613	0.07209135733
12614	0.07208512124
12615	0.07208222758
12616	0.07208006087
12617	0.07207449307
12618	0.07207292029
12619	0.07207109041
12620	0.07206840529
12621	0.07206399217
12622	0.07206189754
12623	0.07205931474
12624	0.07205761971
12625	0.0720547145
12626	0.07205139047
12627	0.07204549715
12628	0.07204144224
12629	0.07203828591
12630	0.07203692501
12631	0.07203370171
12632	0.07202994378
12633	0.07202633689
12634	0.07202448989
12635	0.07202248805
12636	0.07202038551
12637	0.07201728172
12638	0.07201481263
12639	0.0720127224
12640	0.07200996945
12641	0.07200787896
12642	0.07200523187
12643	0.0720036618
12644	0.07200096781
12645	0.07199724398
12646	0.07199465023
12647	0.07199005149
12648	0.07198797454
12649	0.07198511647
12650	0.07198347789
12651	0.07198112393
12652	0.07197672394
12653	0.07197425907
12654	0.07197144748
12655	0.07196923785
12656	0.07196672317
12657	0.07196145649
12658	0.07195959311
12659	0.07195752893
12660	0.07195369537
12661	0.07195145875
12662	0.07194887433
12663	0.07194607885
12664	0.07194409928
12665	0.07194159995
12666	0.07193883941
12667	0.07193704619
12668	0.07193365729
12669	0.07193154857
12670	0.07192935102
12671	0.07192720141
12672	0.07192483202
12673	0.07192242093
12674	0.07192029928
12675	0.07191838971
12676	0.07191634888
12677	0.07191316973
12678	0.07191126348
12679	0.07190999099
12680	0.0719069996
12681	0.07190332302
12682	0.07190051273
12683	0.07189844155
12684	0.07189530476
12685	0.07189304164
12686	0.07189079919
12687	0.07188768087
12688	0.07188622501
12689	0.07188131617
12690	0.07187854153
12691	0.07187450452
12692	0.07187118187
12693	0.07186968645
12694	0.07186378564
12695	0.07186110779
12696	0.07185914483
12697	0.07185612325
12698	0.07185341286
12699	0.07185047069
12700	0.07184864235
12701	0.0718429058
12702	0.07184097972
12703	0.07183956247
12704	0.0718377177
12705	0.07183408232
12706	0.07183107389
12707	0.07182882048
12708	0.07182639853
12709	0.07182427213
12710	0.07181934532
12711	0.07181703558
12712	0.07181443692
12713	0.07180843919
12714	0.07180585203
12715	0.07180319301
12716	0.07180104448
12717	0.07179936899
12718	0.0717966723
12719	0.07179472571
12720	0.07179037558
12721	0.07178604714
12722	0.07178278143
12723	0.0717766894
12724	0.0717737608
12725	0.07177077101
12726	0.07176854136
12727	0.0717630553
12728	0.07176127107
12729	0.07175896078
12730	0.07175629765
12731	0.07175407892
12732	0.0717523996
12733	0.07175070001
12734	0.07174846327
12735	0.07174478704
12736	0.0717427444
12737	0.07173980944
12738	0.0717377199
12739	0.07173320545
12740	0.07173018172
12741	0.07172826134
12742	0.07172679269
12743	0.07172405169
12744	0.07172026904
12745	0.07171699393
12746	0.07171468618
12747	0.07171205447
12748	0.07170907416
12749	0.07170569269
12750	0.07170364069
12751	0.0717008111
12752	0.07169767194
12753	0.0716937549
12754	0.07169157866
12755	0.07168933794
12756	0.071687937
12757	0.07168219633
12758	0.07167974536
12759	0.07167783387
12760	0.07167567357
12761	0.07167421937
12762	0.07167126328
12763	0.0716681482
12764	0.07166572503
12765	0.07166341776
12766	0.07165845382
12767	0.0716574741
12768	0.07165415765
12769	0.0716522653
12770	0.07165017433
12771	0.0716481868
12772	0.07164651535
12773	0.07164371813
12774	0.07164075261
12775	0.07163849584
12776	0.0716329909
12777	0.07163020503
12778	0.07162616791
12779	0.07162309704
12780	0.0716207463
12781	0.07161825534
12782	0.07161622187
12783	0.07161408688
12784	0.07160781096
12785	0.07160301185
12786	0.07160141943
12787	0.07159852064
12788	0.0715952643
12789	0.07159144028
12790	0.07158841202
12791	0.07158644789
12792	0.07158401722
12793	0.07158252537
12794	0.07158083877
12795	0.07157759659
12796	0.07157560944
12797	0.07157328399
12798	0.07156698488
12799	0.07156429133
12800	0.07156141982
12801	0.07155947441
12802	0.07155776823
12803	0.07155528579
12804	0.07155251262
12805	0.07154998064
12806	0.07154681045
12807	0.07154478169
12808	0.07154044556
12809	0.07153808428
12810	0.07153535127
12811	0.07153255921
12812	0.07153002228
12813	0.07152761889
12814	0.07152628513
12815	0.07152458191
12816	0.07151817029
12817	0.07151370716
12818	0.0715065899
12819	0.07150356225
12820	0.07150100962
12821	0.07149750079
12822	0.07149487742
12823	0.0714921054
12824	0.07148917606
12825	0.07148767707
12826	0.0714857134
12827	0.0714829363
12828	0.07147804613
12829	0.07147606173
12830	0.0714722198
12831	0.07146934838
12832	0.07146770329
12833	0.07146588104
12834	0.07146162919
12835	0.07146054743
12836	0.07145837762
12837	0.07145256338
12838	0.07145019641
12839	0.0714474575
12840	0.07144502962
12841	0.07144038166
12842	0.07143412792
12843	0.07143191251
12844	0.07142999839
12845	0.07142759539
12846	0.07142447559
12847	0.0714220632
12848	0.07141988694
12849	0.07141803492
12850	0.0714141592
12851	0.07141186554
12852	0.07140917283
12853	0.07140458538
12854	0.07140149882
12855	0.07139868819
12856	0.07139661376
12857	0.07139332616
12858	0.071391099
12859	0.07138896454
12860	0.07138567976
12861	0.07138322069
12862	0.07138104578
12863	0.07137836342
12864	0.07137627102
12865	0.07137143652
12866	0.07136894555
12867	0.0713672601
12868	0.07136477916
12869	0.07136230235
12870	0.07135817653
12871	0.0713565714
12872	0.07135406773
12873	0.07135172416
12874	0.07134889982
12875	0.07134557497
12876	0.0713431189
12877	0.07133678933
12878	0.07133398479
12879	0.07133138125
12880	0.07132967284
12881	0.07132480904
12882	0.07132289523
12883	0.07131825563
12884	0.07131510057
12885	0.07131191042
12886	0.07130959825
12887	0.07130574342
12888	0.07130384359
12889	0.07130186174
12890	0.07129988183
12891	0.07129838921
12892	0.07129170414
12893	0.07128955262
12894	0.07128738193
12895	0.07128552744
12896	0.0712823251
12897	0.07127905004
12898	0.0712767336
12899	0.07127483328
12900	0.07127184071
12901	0.07126979653
12902	0.07126310469
12903	0.07125910195
12904	0.07125686819
12905	0.07125513156
12906	0.07125153375
12907	0.07124991682
12908	0.07124815093
12909	0.07124446119
12910	0.07124179926
12911	0.0712391751
12912	0.07123659201
12913	0.07123439772
12914	0.07123272444
12915	0.07123025972
12916	0.07122766649
12917	0.07122298358
12918	0.07122047832
12919	0.07121735669
12920	0.07121494304
12921	0.07121187448
12922	0.07120901267
12923	0.07120678574
12924	0.07120489108
12925	0.0712032113
12926	0.07120151374
12927	0.0711994205
12928	0.07119689161
12929	0.07119500414
12930	0.07119251429
12931	0.07118922232
12932	0.07118595333
12933	0.07118395241
12934	0.07118176924
12935	0.07117981852
12936	0.07117742959
12937	0.07117444246
12938	0.07117221798
12939	0.07117079328
12940	0.07116787573
12941	0.07116631427
12942	0.07116503959
12943	0.07116234466
12944	0.07115943347
12945	0.07115688709
12946	0.07115403843
12947	0.07115066186
12948	0.07114729377
12949	0.07114377585
12950	0.07113879862
12951	0.07113615158
12952	0.07113451077
12953	0.0711331589
12954	0.07113131527
12955	0.07112889469
12956	0.07112648865
12957	0.07112383687
12958	0.07112112019
12959	0.07111546441
12960	0.07111313009
12961	0.07111110096
12962	0.0711080641
12963	0.07110637966
12964	0.07110335453
12965	0.07110080092
12966	0.07109278718
12967	0.0710889301
12968	0.07108629259
12969	0.0710839123
12970	0.07108094156
12971	0.07107820694
12972	0.07107502003
12973	0.07107191508
12974	0.07107106881
12975	0.07106889597
12976	0.07106678839
12977	0.07106075782
12978	0.07105834029
12979	0.07105573928
12980	0.07105457138
12981	0.0710527717
12982	0.0710501308
12983	0.07104835119
12984	0.07104589291
12985	0.07104313834
12986	0.07103984155
12987	0.07103602939
12988	0.07103194088
12989	0.0710288557
12990	0.07102688183
12991	0.0710233689
12992	0.07102102424
12993	0.07101734448
12994	0.07101306904
12995	0.07101052975
12996	0.07100826669
12997	0.07100599074
12998	0.07100417024
12999	0.07100217522
13000	0.07099942124
13001	0.07099645039
13002	0.07099346275
13003	0.07099087736
13004	0.07098888363
13005	0.07098631958
13006	0.07098462268
13007	0.07098261
13008	0.07097943015
13009	0.07097741938
13010	0.07097483101
13011	0.07097300521
13012	0.07097097655
13013	0.07096883873
13014	0.07096569774
13015	0.07096185504
13016	0.07095879855
13017	0.07095640067
13018	0.07095431111
13019	0.07095268473
13020	0.07094866853
13021	0.07094441637
13022	0.07093912913
13023	0.07093588393
13024	0.07093245657
13025	0.07092967532
13026	0.07092758647
13027	0.07092546781
13028	0.07092413257
13029	0.07092089538
13030	0.07091846542
13031	0.07091660746
13032	0.07091418395
13033	0.0709109979
13034	0.07090814363
13035	0.07090531602
13036	0.07089908154
13037	0.07089593527
13038	0.07089319622
13039	0.0708908623
13040	0.07088641084
13041	0.07088387813
13042	0.0708815467
13043	0.07087906008
13044	0.07087615291
13045	0.07087346947
13046	0.07087151949
13047	0.07086920672
13048	0.07086776855
13049	0.07086544468
13050	0.07086254012
13051	0.07086172059
13052	0.0708589389
13053	0.07085570556
13054	0.07085166836
13055	0.07084835476
13056	0.07084655346
13057	0.07084419772
13058	0.07084122875
13059	0.07083849743
13060	0.0708361045
13061	0.07083251761
13062	0.07082978644
13063	0.0708276683
13064	0.07082529347
13065	0.0708232898
13066	0.07082139955
13067	0.07081677633
13068	0.07081417544
13069	0.07081238799
13070	0.070808039
13071	0.07080343926
13072	0.0708009919
13073	0.07079768905
13074	0.07079604516
13075	0.07079342949
13076	0.07079044018
13077	0.07078814516
13078	0.0707858478
13079	0.07078299758
13080	0.07078009211
13081	0.0707785528
13082	0.07077584811
13083	0.07077305883
13084	0.07076939049
13085	0.07076673696
13086	0.07076520005
13087	0.0707625964
13088	0.07075805281
13089	0.07075579141
13090	0.07075260221
13091	0.0707503361
13092	0.07074786157
13093	0.07074582686
13094	0.07074359066
13095	0.07073900158
13096	0.07073714863
13097	0.07073381523
13098	0.07073046976
13099	0.07072673364
13100	0.07072460557
13101	0.07072128649
13102	0.07071901041
13103	0.07071631129
13104	0.0707143666
13105	0.07071060328
13106	0.07070821882
13107	0.07070601816
13108	0.07070406765
13109	0.070701689
13110	0.0706974795
13111	0.07069235994
13112	0.07069015069
13113	0.0706867013
13114	0.07068189021
13115	0.07067860418
13116	0.07067536741
13117	0.07067254167
13118	0.07067058251
13119	0.0706685171
13120	0.07066648437
13121	0.07066381763
13122	0.07066049194
13123	0.07065787242
13124	0.07065602926
13125	0.07065474732
13126	0.07065224883
13127	0.07064908527
13128	0.07064499022
13129	0.07064286034
13130	0.0706405723
13131	0.07063874041
13132	0.07063674969
13133	0.07063356375
13134	0.07062814463
13135	0.07062594413
13136	0.07062420197
13137	0.07062245755
13138	0.07062081391
13139	0.07061849385
13140	0.07061614881
13141	0.07061366029
13142	0.07061067455
13143	0.070608165
13144	0.0706061275
13145	0.07060222689
13146	0.07059928058
13147	0.07059633086
13148	0.07059392323
13149	0.070592017
13150	0.07058870508
13151	0.07058643726
13152	0.07058235452
13153	0.07057839904
13154	0.07057630741
13155	0.07057333722
13156	0.07057136809
13157	0.07056913272
13158	0.07056691312
13159	0.07055779496
13160	0.07055558459
13161	0.0705527365
13162	0.07054675258
13163	0.07054470358
13164	0.07053777301
13165	0.07053517996
13166	0.07053154722
13167	0.07052999279
13168	0.07052704289
13169	0.0705256845
13170	0.07052450485
13171	0.07052240206
13172	0.07051919955
13173	0.07051657504
13174	0.07051517768
13175	0.07051210302
13176	0.07051093465
13177	0.0705091846
13178	0.07050728518
13179	0.07050491117
13180	0.07050211239
13181	0.07049824592
13182	0.07049440298
13183	0.07049203047
13184	0.07048960141
13185	0.07048412468
13186	0.070481963
13187	0.07047565111
13188	0.07047322166
13189	0.070470986
13190	0.07046870206
13191	0.07046610329
13192	0.07046136576
13193	0.0704584752
13194	0.07045602294
13195	0.07045466844
13196	0.07045218825
13197	0.07044833465
13198	0.07044540433
13199	0.07044274303
13200	0.07043968177
13201	0.07043708911
13202	0.07043301979
13203	0.07043105458
13204	0.07042896419
13205	0.07042637915
13206	0.07041959387
13207	0.0704176388
13208	0.07041534062
13209	0.0704129552
13210	0.07041140084
13211	0.07040879882
13212	0.07040638272
13213	0.07040394163
13214	0.0704018062
13215	0.07039810353
13216	0.07039320684
13217	0.0703907337
13218	0.07038818176
13219	0.07038535759
13220	0.07038261427
13221	0.0703801335
13222	0.07037748287
13223	0.0703746753
13224	0.07037128781
13225	0.07036772598
13226	0.07036552676
13227	0.07036408651
13228	0.07035830636
13229	0.07035532789
13230	0.07035270232
13231	0.07034909094
13232	0.07034658067
13233	0.07034401969
13234	0.07034187672
13235	0.07033971935
13236	0.07033677726
13237	0.07033400649
13238	0.0703313829
13239	0.07032767447
13240	0.07032495549
13241	0.07032181042
13242	0.0703190972
13243	0.0703169806
13244	0.07031459851
13245	0.07031168333
13246	0.07030821124
13247	0.07030517579
13248	0.07030363067
13249	0.07030051619
13250	0.07029837706
13251	0.07029599319
13252	0.07029308998
13253	0.07029164172
13254	0.07028925003
13255	0.07028647968
13256	0.07028386338
13257	0.07027808656
13258	0.07027611436
13259	0.07027413328
13260	0.07027217558
13261	0.07027041179
13262	0.07026742185
13263	0.0702649543
13264	0.07025815591
13265	0.07025687734
13266	0.07025506625
13267	0.07025247186
13268	0.07025025787
13269	0.07024710127
13270	0.07024381011
13271	0.07024018789
13272	0.07023741521
13273	0.07023157204
13274	0.07022855273
13275	0.07022489761
13276	0.07022221835
13277	0.07022130332
13278	0.07021859981
13279	0.07021685882
13280	0.07021446258
13281	0.07021153367
13282	0.07020887635
13283	0.07020536724
13284	0.07020130904
13285	0.0701972226
13286	0.07019584627
13287	0.07019205427
13288	0.07019014298
13289	0.07018791935
13290	0.07018169655
13291	0.07017938909
13292	0.07017660496
13293	0.07017445626
13294	0.07017093756
13295	0.07016862371
13296	0.07016582372
13297	0.0701627511
13298	0.07016105922
13299	0.07015853885
13300	0.07015495473
13301	0.07015299111
13302	0.07014979399
13303	0.07014723296
13304	0.07014385339
13305	0.07014254892
13306	0.07013912407
13307	0.0701362278
13308	0.0701337972
13309	0.07013140194
13310	0.07012837228
13311	0.07012585401
13312	0.07012445681
13313	0.07012240965
13314	0.07012007518
13315	0.07011759564
13316	0.07011615207
13317	0.07011340976
13318	0.07011126348
13319	0.07010867543
13320	0.07010439581
13321	0.07010145038
13322	0.07009799818
13323	0.07009595499
13324	0.07009228532
13325	0.07009025338
13326	0.07008793056
13327	0.07008589666
13328	0.07008383418
13329	0.07008254557
13330	0.07008029266
13331	0.07007733928
13332	0.07007585528
13333	0.07007293203
13334	0.07007039954
13335	0.07006714164
13336	0.07006444699
13337	0.07006286311
13338	0.07005999188
13339	0.07005432484
13340	0.07005219624
13341	0.07004984033
13342	0.070048038
13343	0.07004539786
13344	0.07004301318
13345	0.07004029079
13346	0.07003832862
13347	0.07003660658
13348	0.07003443405
13349	0.07003294707
13350	0.07003172123
13351	0.07002779259
13352	0.0700249207
13353	0.07002076171
13354	0.07001777536
13355	0.07001622666
13356	0.07001381213
13357	0.07001112088
13358	0.07000900339
13359	0.07000698234
13360	0.07000496048
13361	0.07000250651
13362	0.06999914282
13363	0.06999437345
13364	0.06999162218
13365	0.06998988576
13366	0.06998587563
13367	0.06998306113
13368	0.06997935849
13369	0.06997702627
13370	0.0699737621
13371	0.06997159475
13372	0.0699699521
13373	0.06996810745
13374	0.06996572794
13375	0.06996414125
13376	0.06996069902
13377	0.06995776261
13378	0.06995447722
13379	0.06995176222
13380	0.06995049713
13381	0.06994777253
13382	0.0699466767
13383	0.06994507193
13384	0.06994355431
13385	0.0699409935
13386	0.06993814338
13387	0.06993584111
13388	0.06993399008
13389	0.06993031848
13390	0.06992737034
13391	0.06992509179
13392	0.06992165046
13393	0.06991903142
13394	0.06991507804
13395	0.06991364061
13396	0.06991029126
13397	0.06990769403
13398	0.06990574188
13399	0.06990335066
13400	0.06990040451
13401	0.06989820613
13402	0.06989639835
13403	0.069894175
13404	0.06989183874
13405	0.06988958108
13406	0.06988643155
13407	0.06988434651
13408	0.06988183864
13409	0.06987949981
13410	0.06987801586
13411	0.0698742666
13412	0.06987224703
13413	0.0698693021
13414	0.06986760008
13415	0.06986535336
13416	0.0698626119
13417	0.06985940718
13418	0.06985618583
13419	0.06985440628
13420	0.06985206342
13421	0.06984752179
13422	0.06984346054
13423	0.06984101844
13424	0.06983871589
13425	0.06983540045
13426	0.06983194775
13427	0.06982543318
13428	0.06982181714
13429	0.06981880665
13430	0.06981705388
13431	0.06981423885
13432	0.06981016513
13433	0.06980816638
13434	0.06980627135
13435	0.06980418117
13436	0.06980211119
13437	0.06979917881
13438	0.06979561817
13439	0.06979214372
13440	0.06979029821
13441	0.06978877983
13442	0.06978603904
13443	0.06978312669
13444	0.06978224017
13445	0.06977903672
13446	0.06977711893
13447	0.06977492688
13448	0.06977124802
13449	0.06976888735
13450	0.069764142
13451	0.06976248787
13452	0.0697600842
13453	0.06975600928
13454	0.06975347073
13455	0.06975127639
13456	0.06974805535
13457	0.06974464085
13458	0.06974226943
13459	0.06974071477
13460	0.06973822687
13461	0.06973479066
13462	0.0697321952
13463	0.06973062004
13464	0.06972730832
13465	0.06972623174
13466	0.06972366422
13467	0.06972161989
13468	0.06972016629
13469	0.06971731444
13470	0.06971441528
13471	0.06971211274
13472	0.06970973178
13473	0.06970800896
13474	0.06970626752
13475	0.06970400911
13476	0.06970135674
13477	0.06969918596
13478	0.0696978569
13479	0.06969532163
13480	0.06969310995
13481	0.06968992521
13482	0.06968728322
13483	0.06968499121
13484	0.06968263245
13485	0.06968031502
13486	0.06967850254
13487	0.06967509179
13488	0.06967206479
13489	0.06967028279
13490	0.06966740762
13491	0.06966548632
13492	0.06966338983
13493	0.06966133495
13494	0.0696597828
13495	0.06965752411
13496	0.06965566355
13497	0.06965111572
13498	0.06964817336
13499	0.0696460319
13500	0.06964411678
13501	0.06964140613
13502	0.06963888903
13503	0.06963709626
13504	0.06963369455
13505	0.06963059818
13506	0.06962581449
13507	0.06962334584
13508	0.06962089597
13509	0.06961847956
13510	0.069615871
13511	0.06961349843
13512	0.06960984858
13513	0.06960633345
13514	0.06960383701
13515	0.06960237059
13516	0.06959995208
13517	0.06959715627
13518	0.06959508514
13519	0.06959278837
13520	0.069590308
13521	0.06958859386
13522	0.06958662191
13523	0.06958517331
13524	0.06958274081
13525	0.06958039414
13526	0.06957893495
13527	0.06957687859
13528	0.06957373431
13529	0.06957034158
13530	0.06956714924
13531	0.06956545943
13532	0.06956295556
13533	0.0695591324
13534	0.0695547368
13535	0.06955206276
13536	0.06954981462
13537	0.06954615874
13538	0.06954339054
13539	0.06953989214
13540	0.06953772324
13541	0.06953621594
13542	0.0695327088
13543	0.06953004604
13544	0.06952843256
13545	0.06952620868
13546	0.06952347304
13547	0.06952186975
13548	0.06951945886
13549	0.06951333742
13550	0.06951187324
13551	0.06950954056
13552	0.0695073236
13553	0.06950536146
13554	0.06950169403
13555	0.06949861703
13556	0.06949563429
13557	0.06949436981
13558	0.06949268189
13559	0.06948941724
13560	0.06948727265
13561	0.06948317001
13562	0.06947458168
13563	0.0694720309
13564	0.06946981288
13565	0.0694667546
13566	0.069464327
13567	0.06946064822
13568	0.06945647524
13569	0.06945427297
13570	0.06945235726
13571	0.06945020553
13572	0.06944840729
13573	0.06944668303
13574	0.06944462622
13575	0.06944132609
13576	0.0694388437
13577	0.06943529339
13578	0.06942596242
13579	0.06942372326
13580	0.06942138931
13581	0.06941788114
13582	0.06941544771
13583	0.06941237435
13584	0.0694101358
13585	0.06940455428
13586	0.06940261433
13587	0.06939963974
13588	0.06939570967
13589	0.06939299325
13590	0.06939018081
13591	0.06938807889
13592	0.06938611061
13593	0.06938307462
13594	0.06938117588
13595	0.0693784115
13596	0.06937594929
13597	0.0693737699
13598	0.06937064913
13599	0.06936876062
13600	0.06936570063
13601	0.06936384964
13602	0.06936190022
13603	0.06935854793
13604	0.06935553842
13605	0.06935016248
13606	0.06934668094
13607	0.06934356312
13608	0.0693387135
13609	0.06933454053
13610	0.06933104067
13611	0.06932844299
13612	0.06932503512
13613	0.06932252827
13614	0.06931926827
13615	0.06931761658
13616	0.06931519495
13617	0.06931232759
13618	0.06931041812
13619	0.06930740778
13620	0.06930072097
13621	0.06929912467
13622	0.06929747727
13623	0.06929551786
13624	0.06929391288
13625	0.06929220152
13626	0.06929019632
13627	0.06928773533
13628	0.06928539497
13629	0.06928361966
13630	0.06928233089
13631	0.06927993305
13632	0.06927789303
13633	0.06927454508
13634	0.06927058216
13635	0.06926796121
13636	0.06926497418
13637	0.06925720569
13638	0.06925545624
13639	0.0692527772
13640	0.06924703407
13641	0.06924481943
13642	0.0692426764
13643	0.06924184794
13644	0.0692394047
13645	0.06923677804
13646	0.06923337612
13647	0.06923105541
13648	0.06922788368
13649	0.06922618112
13650	0.06922432848
13651	0.06922103877
13652	0.06921809687
13653	0.06921482703
13654	0.06921118928
13655	0.06920888537
13656	0.06920359447
13657	0.0692015764
13658	0.06919907559
13659	0.06919734737
13660	0.06919472111
13661	0.06919251138
13662	0.06919035434
13663	0.06918776735
13664	0.06918544879
13665	0.06918035408
13666	0.06917725568
13667	0.06917425646
13668	0.06917200348
13669	0.06916971982
13670	0.06916798086
13671	0.06916467531
13672	0.0691631711
13673	0.06916113611
13674	0.06915926504
13675	0.06915693982
13676	0.0691537224
13677	0.06915019258
13678	0.06914780392
13679	0.0691459712
13680	0.06914384529
13681	0.06914116962
13682	0.06913758362
13683	0.06913584103
13684	0.06913273742
13685	0.06912882658
13686	0.06912343427
13687	0.06912042597
13688	0.06911754592
13689	0.06911438086
13690	0.06911154389
13691	0.06910937893
13692	0.06910770678
13693	0.06910493957
13694	0.06910216213
13695	0.06909996537
13696	0.06909803658
13697	0.06909145804
13698	0.06908911219
13699	0.06908637375
13700	0.06908429525
13701	0.06908192612
13702	0.06906922912
13703	0.06906564274
13704	0.06906446159
13705	0.06906204731
13706	0.06906007242
13707	0.06905722907
13708	0.06905385564
13709	0.06904951472
13710	0.06904692697
13711	0.06904408705
13712	0.06904162397
13713	0.06903942353
13714	0.06903207722
13715	0.06902946301
13716	0.06902683944
13717	0.06902499916
13718	0.0690222025
13719	0.06901989805
13720	0.06901701037
13721	0.06901475988
13722	0.06901248869
13723	0.06901031413
13724	0.06900793018
13725	0.06900518499
13726	0.06900329136
13727	0.06900035974
13728	0.06899845183
13729	0.06899551782
13730	0.06898942276
13731	0.06898637638
13732	0.06898435232
13733	0.06898270621
13734	0.06898070012
13735	0.06897849247
13736	0.06897257573
13737	0.06896994433
13738	0.06896769903
13739	0.06896352711
13740	0.06896030697
13741	0.06895822698
13742	0.06895525651
13743	0.06895271774
13744	0.06894899872
13745	0.06894688522
13746	0.0689449864
13747	0.06894154417
13748	0.06893901051
13749	0.06893732849
13750	0.06893512565
13751	0.06893216755
13752	0.06892959946
13753	0.06892677859
13754	0.06892377675
13755	0.06892242803
13756	0.06891963615
13757	0.0689169121
13758	0.06891460558
13759	0.06891179226
13760	0.06890908739
13761	0.06890438161
13762	0.0689019642
13763	0.06890002766
13764	0.06889712216
13765	0.06889478593
13766	0.06889246895
13767	0.06888999853
13768	0.06888764038
13769	0.06888592646
13770	0.0688828361
13771	0.0688807968
13772	0.06887870733
13773	0.06887632999
13774	0.06887418805
13775	0.06887179646
13776	0.06886736018
13777	0.06886548776
13778	0.06886295416
13779	0.06886030857
13780	0.06885843408
13781	0.06885611346
13782	0.06885275792
13783	0.06884962749
13784	0.06884683755
13785	0.06884460347
13786	0.06884211362
13787	0.06884036878
13788	0.06883733323
13789	0.068834778
13790	0.06883132961
13791	0.06882957099
13792	0.06882768982
13793	0.06882553195
13794	0.06882271808
13795	0.06882070623
13796	0.06881911141
13797	0.06881390785
13798	0.06881115488
13799	0.06880938029
13800	0.06880685513
13801	0.06880486888
13802	0.06880229645
13803	0.06879935477
13804	0.06879748057
13805	0.06879578689
13806	0.06879395653
13807	0.06879075052
13808	0.06878926513
13809	0.06878668044
13810	0.06878523253
13811	0.06878195864
13812	0.06877870459
13813	0.06877675718
13814	0.06877558834
13815	0.06877340278
13816	0.06877104657
13817	0.06876392477
13818	0.06876208964
13819	0.06875852223
13820	0.0687562589
13821	0.06875438405
13822	0.06875259763
13823	0.06875132633
13824	0.06874843523
13825	0.06873958677
13826	0.06873728821
13827	0.06873537054
13828	0.0687341751
13829	0.06873075803
13830	0.06872840588
13831	0.0687265462
13832	0.06872387214
13833	0.06872190814
13834	0.06871829509
13835	0.06871539558
13836	0.06871353375
13837	0.06871201733
13838	0.06870962919
13839	0.06870816486
13840	0.06870451184
13841	0.06870257823
13842	0.06870098608
13843	0.06869872933
13844	0.06869564506
13845	0.06869262213
13846	0.06869049137
13847	0.06868826979
13848	0.06868507395
13849	0.06868386942
13850	0.06868158319
13851	0.0686793955
13852	0.06867685501
13853	0.06867511983
13854	0.06867218559
13855	0.0686703539
13856	0.06866710427
13857	0.06866468829
13858	0.06866183194
13859	0.0686601004
13860	0.06865725395
13861	0.06865268979
13862	0.06865033403
13863	0.06864790601
13864	0.06864495723
13865	0.06864385237
13866	0.06864212657
13867	0.0686400512
13868	0.06863796479
13869	0.06863572535
13870	0.06863246423
13871	0.0686292157
13872	0.06862527306
13873	0.06862408602
13874	0.06862127885
13875	0.06861916694
13876	0.06861738819
13877	0.0686160168
13878	0.06861127026
13879	0.06860961997
13880	0.06860743577
13881	0.06860298
13882	0.06860000723
13883	0.06859725936
13884	0.06859445382
13885	0.0685921397
13886	0.06858991298
13887	0.06858617412
13888	0.06858305808
13889	0.06857921403
13890	0.06857682466
13891	0.06857498067
13892	0.06857262494
13893	0.0685694235
13894	0.06856671017
13895	0.06856464389
13896	0.06856253864
13897	0.06856016193
13898	0.06855749154
13899	0.06855598526
13900	0.06855381193
13901	0.06855142319
13902	0.06854646207
13903	0.06854455127
13904	0.06854225151
13905	0.06853991941
13906	0.06853766987
13907	0.06853610909
13908	0.0685342751
13909	0.06853192037
13910	0.06852935855
13911	0.06852782274
13912	0.06852596447
13913	0.06852152464
13914	0.06851804818
13915	0.06851658531
13916	0.06850974076
13917	0.0685078181
13918	0.06850539199
13919	0.06850371732
13920	0.06849988407
13921	0.06849750295
13922	0.06849393508
13923	0.06849144393
13924	0.06848754209
13925	0.06848533399
13926	0.06848252608
13927	0.06847942778
13928	0.06847679483
13929	0.0684742916
13930	0.06847217348
13931	0.06847078852
13932	0.06846805117
13933	0.06846509188
13934	0.06846307569
13935	0.06846037432
13936	0.06845826875
13937	0.06845636949
13938	0.06845429
13939	0.06845336948
13940	0.06845112731
13941	0.06844915478
13942	0.06844770773
13943	0.06844472842
13944	0.06843711736
13945	0.06843485132
13946	0.06843139407
13947	0.06842958392
13948	0.06842644723
13949	0.06842478481
13950	0.06842159853
13951	0.06841956674
13952	0.06841749812
13953	0.06841503689
13954	0.06841319631
13955	0.06841035734
13956	0.06840824216
13957	0.06840625156
13958	0.06840414596
13959	0.06840122259
13960	0.068398881
13961	0.0683976856
13962	0.06839160026
13963	0.06838877079
13964	0.06838446197
13965	0.06838085912
13966	0.06837875475
13967	0.06837672436
13968	0.06837470209
13969	0.06837072821
13970	0.06836784937
13971	0.06836613202
13972	0.06836307926
13973	0.06835973866
13974	0.06835636261
13975	0.06835296784
13976	0.06835139418
13977	0.06834822028
13978	0.06834448769
13979	0.06834228946
13980	0.06833737779
13981	0.06833622949
13982	0.06833429609
13983	0.06833182745
13984	0.06832586496
13985	0.06832341311
13986	0.06832061621
13987	0.06831803017
13988	0.06831627946
13989	0.06831352116
13990	0.06831158432
13991	0.0683102698
13992	0.06830809515
13993	0.0683056011
13994	0.0683040449
13995	0.06829830183
13996	0.06829571862
13997	0.06829427264
13998	0.06829180633
13999	0.06828927691
14000	0.0682876605
14001	0.06828503617
14002	0.06828266059
14003	0.0682815689
14004	0.06827841907
14005	0.06827551313
14006	0.06827382041
14007	0.06827176015
14008	0.06826973161
14009	0.06826686033
14010	0.06826446386
14011	0.06826175167
14012	0.06825876488
14013	0.06825612204
14014	0.06825308649
14015	0.06824987989
14016	0.06824787427
14017	0.06824640176
14018	0.06824480548
14019	0.06824215949
14020	0.06824030784
14021	0.06823689031
14022	0.06823536617
14023	0.06823384549
14024	0.06823218759
14025	0.06823007028
14026	0.06822787557
14027	0.06822584485
14028	0.06822283153
14029	0.06822050503
14030	0.06821872145
14031	0.06821686135
14032	0.06821475131
14033	0.0682109654
14034	0.06820933694
14035	0.06820642384
14036	0.06820376289
14037	0.06820172545
14038	0.06819936876
14039	0.06819664936
14040	0.06819452446
14041	0.0681927169
14042	0.06819032486
14043	0.0681883773
14044	0.06818581799
14045	0.06818397049
14046	0.06818215008
14047	0.06817975769
14048	0.0681749447
14049	0.06817179974
14050	0.06817058161
14051	0.06816761804
14052	0.06816458072
14053	0.06815969463
14054	0.06815541339
14055	0.06815214055
14056	0.06814952379
14057	0.06814732048
14058	0.06814226614
14059	0.06814023474
14060	0.06813815014
14061	0.06813529068
14062	0.06813275631
14063	0.06813043268
14064	0.06812811895
14065	0.068124803
14066	0.06812125678
14067	0.068118511
14068	0.06811542715
14069	0.06811054403
14070	0.06810925927
14071	0.06810768949
14072	0.06810575166
14073	0.06810185914
14074	0.0680998617
14075	0.06809632739
14076	0.06809270336
14077	0.06808964786
14078	0.0680869392
14079	0.06808343238
14080	0.06808077612
14081	0.06807842224
14082	0.06807712723
14083	0.06807346142
14084	0.06807032079
14085	0.06806776896
14086	0.06806359082
14087	0.06806163319
14088	0.06805877582
14089	0.06805557027
14090	0.06805326735
14091	0.06805125906
14092	0.06804974547
14093	0.06804764046
14094	0.06804446109
14095	0.06804160688
14096	0.06803956121
14097	0.06803764798
14098	0.06803259159
14099	0.0680313489
14100	0.06802880376
14101	0.06802741764
14102	0.0680259223
14103	0.06802272624
14104	0.06801913513
14105	0.06801524738
14106	0.06801273842
14107	0.06801035257
14108	0.06800865968
14109	0.06800638962
14110	0.068003236
14111	0.06800008127
14112	0.0679977888
14113	0.06799383365
14114	0.06799175305
14115	0.06798984322
14116	0.06798737623
14117	0.06798486391
14118	0.06798284091
14119	0.06797982206
14120	0.06797653948
14121	0.06797253696
14122	0.0679704305
14123	0.06796909351
14124	0.06796629985
14125	0.06796489864
14126	0.06796273652
14127	0.06796151225
14128	0.06795948107
14129	0.06795704728
14130	0.06795415298
14131	0.06795100853
14132	0.06794648784
14133	0.06794436342
14134	0.06794152611
14135	0.06793955253
14136	0.0679368729
14137	0.06793449895
14138	0.06793255649
14139	0.0679273364
14140	0.06792378932
14141	0.06792035358
14142	0.06791787194
14143	0.06791461265
14144	0.06791141237
14145	0.06790758194
14146	0.0679039166
14147	0.06790105949
14148	0.06789908656
14149	0.0678964472
14150	0.06789504252
14151	0.06789369529
14152	0.06789044004
14153	0.067888444
14154	0.06788325942
14155	0.06788031447
14156	0.06787794701
14157	0.06787594126
14158	0.0678732586
14159	0.0678720815
14160	0.06786964518
14161	0.06786653702
14162	0.06786377422
14163	0.06786228292
14164	0.06786032158
14165	0.06785843723
14166	0.06785507828
14167	0.06785302492
14168	0.06785138265
14169	0.0678491437
14170	0.06784698746
14171	0.06784516682
14172	0.06784338727
14173	0.06784030316
14174	0.06783804768
14175	0.06783581843
14176	0.0678331682
14177	0.06783084512
14178	0.06782752342
14179	0.06782479728
14180	0.06782259791
14181	0.06782152076
14182	0.06781920171
14183	0.06781305358
14184	0.0678119894
14185	0.0678092359
14186	0.06780749356
14187	0.06780403199
14188	0.06780067561
14189	0.06779884508
14190	0.06779590098
14191	0.06779322779
14192	0.0677910372
14193	0.06778875526
14194	0.06778551396
14195	0.06778407719
14196	0.06778157958
14197	0.06777652567
14198	0.06777356522
14199	0.06777133668
14200	0.06776816322
14201	0.06776550611
14202	0.06776231865
14203	0.06776056893
14204	0.06775834112
14205	0.06775526308
14206	0.06775125618
14207	0.06774888361
14208	0.06774716294
14209	0.06774485833
14210	0.06774260166
14211	0.06774076708
14212	0.06773863908
14213	0.06773684954
14214	0.06773486012
14215	0.06773208371
14216	0.06773020729
14217	0.06772726786
14218	0.06772409539
14219	0.06772185372
14220	0.06771986389
14221	0.06771825277
14222	0.0677162869
14223	0.06771443322
14224	0.06771170144
14225	0.0677094686
14226	0.06770725325
14227	0.06770610552
14228	0.06770392921
14229	0.06770170699
14230	0.06769900172
14231	0.06769641486
14232	0.06769452687
14233	0.06768952321
14234	0.06768779261
14235	0.06768189824
14236	0.06767891347
14237	0.06767691454
14238	0.06767486416
14239	0.06767248171
14240	0.06767148524
14241	0.06766927885
14242	0.06766686215
14243	0.06766364934
14244	0.06766124363
14245	0.06765899139
14246	0.06765719376
14247	0.06765161215
14248	0.06764969326
14249	0.06764838042
14250	0.06764541342
14251	0.06764376808
14252	0.06764077778
14253	0.0676386539
14254	0.06763654981
14255	0.06763415768
14256	0.06763168884
14257	0.06762916885
14258	0.06762674698
14259	0.06762499651
14260	0.06762321709
14261	0.06761818967
14262	0.06761677341
14263	0.06761276271
14264	0.06761017565
14265	0.06760780811
14266	0.06760575811
14267	0.06760368951
14268	0.06760105364
14269	0.06759897601
14270	0.06759749862
14271	0.06759436418
14272	0.06759320283
14273	0.06759115707
14274	0.06758846531
14275	0.06758637778
14276	0.06758338374
14277	0.06758188316
14278	0.06757969393
14279	0.06757711876
14280	0.06757487613
14281	0.06757276714
14282	0.06757041651
14283	0.06756720107
14284	0.06756394685
14285	0.06756169373
14286	0.06755912985
14287	0.06755589188
14288	0.06755361094
14289	0.06755144614
14290	0.06754932527
14291	0.06754604432
14292	0.06754319243
14293	0.06753833746
14294	0.06753510993
14295	0.06753315478
14296	0.06753080832
14297	0.06752756552
14298	0.06752632555
14299	0.06752479588
14300	0.0675217551
14301	0.06751986229
14302	0.06751782941
14303	0.06751414576
14304	0.06751283524
14305	0.06751118139
14306	0.06750910701
14307	0.06750716927
14308	0.06750531868
14309	0.06750295721
14310	0.06750111394
14311	0.06749917089
14312	0.06749604454
14313	0.06749351967
14314	0.06748999953
14315	0.06748789182
14316	0.06748542033
14317	0.06748218478
14318	0.06748059426
14319	0.0674779203
14320	0.06747622558
14321	0.06747330617
14322	0.06747149085
14323	0.06746737205
14324	0.06746390453
14325	0.0674612263
14326	0.06745914691
14327	0.067455401
14328	0.06745300363
14329	0.06745170814
14330	0.06744875991
14331	0.06744666539
14332	0.0674430567
14333	0.06744138564
14334	0.06743947916
14335	0.0674365364
14336	0.0674344518
14337	0.06743279623
14338	0.06743110759
14339	0.06742913544
14340	0.06742723124
14341	0.06742123677
14342	0.06741920828
14343	0.06741629209
14344	0.06741435109
14345	0.06741225013
14346	0.06740964423
14347	0.06740845972
14348	0.06740543765
14349	0.06740306301
14350	0.06740105755
14351	0.06740046557
14352	0.06739744428
14353	0.06739483018
14354	0.06739261917
14355	0.06739075939
14356	0.06738844422
14357	0.06738645069
14358	0.06738198463
14359	0.06738086712
14360	0.0673793364
14361	0.06737630003
14362	0.06737430202
14363	0.06737023299
14364	0.06736708693
14365	0.06736550313
14366	0.06736386989
14367	0.06736138316
14368	0.06735892624
14369	0.06735568726
14370	0.06735076547
14371	0.06734931486
14372	0.06734519624
14373	0.06734249104
14374	0.06733956093
14375	0.06733682141
14376	0.0673354016
14377	0.06733353264
14378	0.06733139713
14379	0.06732710576
14380	0.06732513156
14381	0.06732295267
14382	0.06732105523
14383	0.06731815569
14384	0.06731614428
14385	0.06731420374
14386	0.0673115507
14387	0.06730888233
14388	0.06730586247
14389	0.06730438651
14390	0.06730307911
14391	0.06730230061
14392	0.06729918211
14393	0.06729706325
14394	0.06729420037
14395	0.0672909559
14396	0.06728855354
14397	0.06728557352
14398	0.06728374926
14399	0.06728044449
14400	0.06727636098
14401	0.06727306872
14402	0.06727130637
14403	0.06726896531
14404	0.06726711766
14405	0.06726499656
14406	0.06726055889
14407	0.06725772099
14408	0.06725604839
14409	0.06725250772
14410	0.06724896206
14411	0.06724627187
14412	0.06724452419
14413	0.06724206852
14414	0.06724047296
14415	0.06723780038
14416	0.06723534578
14417	0.06723288798
14418	0.06723009993
14419	0.06722769613
14420	0.06722487247
14421	0.06722215677
14422	0.06721961247
14423	0.06721534687
14424	0.06721365501
14425	0.06721154017
14426	0.06720985644
14427	0.06720604577
14428	0.06720366858
14429	0.06720168962
14430	0.06719993791
14431	0.06719237134
14432	0.06719079702
14433	0.06718980233
14434	0.06718767747
14435	0.06718516485
14436	0.06718220945
14437	0.06717890433
14438	0.0671769713
14439	0.06717549978
14440	0.06717328099
14441	0.06717004672
14442	0.0671677843
14443	0.06716565817
14444	0.06716341012
14445	0.06716155811
14446	0.06715940893
14447	0.06715690715
14448	0.06715396021
14449	0.06715182669
14450	0.06714995347
14451	0.06714779802
14452	0.06714488704
14453	0.06714338665
14454	0.0671415584
14455	0.06713856739
14456	0.06713689342
14457	0.06713535932
14458	0.06713312121
14459	0.06713108734
14460	0.06712652533
14461	0.06712353154
14462	0.06712110258
14463	0.06711901705
14464	0.06711745668
14465	0.0671140738
14466	0.06711154382
14467	0.06710895284
14468	0.06710696854
14469	0.06710344866
14470	0.06710114075
14471	0.06709896205
14472	0.06709669133
14473	0.06709486002
14474	0.06709172519
14475	0.06708922295
14476	0.06708726579
14477	0.06708443426
14478	0.06708271533
14479	0.06708098758
14480	0.06707853036
14481	0.06707707304
14482	0.06707390324
14483	0.06706843939
14484	0.06706582044
14485	0.06706374431
14486	0.06706226926
14487	0.06705729652
14488	0.06705335002
14489	0.06704920274
14490	0.06704577739
14491	0.0670434682
14492	0.06704151573
14493	0.06703870091
14494	0.06703367031
14495	0.06703108486
14496	0.06702902993
14497	0.06702735037
14498	0.06702465611
14499	0.06701899501
14500	0.0670175333
14501	0.06701520572
14502	0.06701213658
14503	0.06700965075
14504	0.06700751804
14505	0.06700583858
14506	0.06700378383
14507	0.0670004925
14508	0.0669979242
14509	0.06699651074
14510	0.06699520164
14511	0.06699301814
14512	0.0669911996
14513	0.06698973011
14514	0.06698806847
14515	0.06698620581
14516	0.06698421513
14517	0.06697894609
14518	0.06697579299
14519	0.06697331305
14520	0.0669706426
14521	0.06696845491
14522	0.06696627662
14523	0.06696360251
14524	0.06696145492
14525	0.06695937156
14526	0.06695789471
14527	0.06695648174
14528	0.06695414723
14529	0.06695189935
14530	0.06694776536
14531	0.06694577019
14532	0.06694445431
14533	0.06694209262
14534	0.06693925259
14535	0.06693760815
14536	0.06693496924
14537	0.06693224073
14538	0.06692941907
14539	0.06692754087
14540	0.06692578531
14541	0.06692301214
14542	0.06692085884
14543	0.06691827301
14544	0.06691626623
14545	0.06691384521
14546	0.06691286814
14547	0.06691101226
14548	0.06690861747
14549	0.06690679901
14550	0.06690562227
14551	0.06690285425
14552	0.06690178218
14553	0.06690019083
14554	0.06689796979
14555	0.06689575397
14556	0.06689353894
14557	0.06689131956
14558	0.06688870098
14559	0.06688520356
14560	0.0668817368
14561	0.0668784384
14562	0.06687677419
14563	0.06687523155
14564	0.06687268516
14565	0.0668703389
14566	0.06686851626
14567	0.0668652269
14568	0.06686333246
14569	0.06686168692
14570	0.06685935349
14571	0.06685816891
14572	0.06685593498
14573	0.06685405512
14574	0.06685212511
14575	0.06685069128
14576	0.06684891227
14577	0.06684657791
14578	0.06684458674
14579	0.06684244361
14580	0.06684016837
14581	0.06683866758
14582	0.06683573172
14583	0.0668337949
14584	0.06683056087
14585	0.06682773428
14586	0.06682537853
14587	0.0668235091
14588	0.06682193108
14589	0.06681980559
14590	0.06681864539
14591	0.06681577261
14592	0.06681374442
14593	0.06681137386
14594	0.06680945996
14595	0.06680690417
14596	0.0668040272
14597	0.06680220648
14598	0.06680052843
14599	0.06679719546
14600	0.06679539478
14601	0.06679380933
14602	0.06679244948
14603	0.06678998192
14604	0.06678737455
14605	0.06678490217
14606	0.06678285958
14607	0.06678069881
14608	0.06677867815
14609	0.06677722255
14610	0.06677581073
14611	0.06677283857
14612	0.06677085072
14613	0.06676853479
14614	0.0667672181
14615	0.06676393341
14616	0.06676181989
14617	0.06676038209
14618	0.06675899222
14619	0.066755459
14620	0.06675279806
14621	0.06675151927
14622	0.0667495435
14623	0.06674823605
14624	0.06674646896
14625	0.06674421752
14626	0.06674187843
14627	0.06673959267
14628	0.06673642144
14629	0.06673378685
14630	0.06673202464
14631	0.06672748352
14632	0.06672477323
14633	0.0667232905
14634	0.06672166888
14635	0.06672060436
14636	0.06671958804
14637	0.06671847717
14638	0.06671670355
14639	0.06671458008
14640	0.0667138653
14641	0.06671152044
14642	0.06670991471
14643	0.06670795325
14644	0.06670629231
14645	0.0667023055
14646	0.06669977436
14647	0.06669733351
14648	0.06669603274
14649	0.06669262465
14650	0.06669038637
14651	0.06668836912
14652	0.06668461061
14653	0.06668327611
14654	0.06668093948
14655	0.06667814576
14656	0.06667611713
14657	0.06667435074
14658	0.06667055021
14659	0.06666716351
14660	0.06666462935
14661	0.06666261846
14662	0.06665989031
14663	0.06665647947
14664	0.06665452044
14665	0.06665261513
14666	0.06665059147
14667	0.06664839081
14668	0.0666445544
14669	0.06664242404
14670	0.06664042255
14671	0.06663691675
14672	0.06663529004
14673	0.06663301379
14674	0.06663079458
14675	0.06662929476
14676	0.0666270414
14677	0.06662489692
14678	0.06662270192
14679	0.06661990503
14680	0.06661863765
14681	0.06661163392
14682	0.06660918101
14683	0.06660785375
14684	0.06660586759
14685	0.06660361111
14686	0.06660181285
14687	0.06659915845
14688	0.06659752683
14689	0.06659515322
14690	0.06659280678
14691	0.0665904234
14692	0.0665883917
14693	0.06658600361
14694	0.06658385329
14695	0.06658058717
14696	0.06657562843
14697	0.06657252643
14698	0.06656882078
14699	0.06656578995
14700	0.06656360604
14701	0.06656165731
14702	0.06655838482
14703	0.06655695169
14704	0.06655445406
14705	0.06655227543
14706	0.06655038357
14707	0.06654816726
14708	0.06654595417
14709	0.06654334173
14710	0.06654060583
14711	0.06653857396
14712	0.06653719256
14713	0.06653477012
14714	0.06653205619
14715	0.06653029779
14716	0.06652814437
14717	0.06652641571
14718	0.06652316312
14719	0.0665207178
14720	0.06651904902
14721	0.06651343914
14722	0.06651177812
14723	0.06650944
14724	0.0665076004
14725	0.06650565944
14726	0.06650210654
14727	0.06650059466
14728	0.06649978794
14729	0.06649825599
14730	0.06649672648
14731	0.06649352437
14732	0.0664908013
14733	0.0664892084
14734	0.06648652795
14735	0.0664843168
14736	0.06648210087
14737	0.06647944108
14738	0.06647768092
14739	0.06647645846
14740	0.06647423403
14741	0.066471908
14742	0.06647022928
14743	0.06646506028
14744	0.06646270178
14745	0.06646044078
14746	0.06645814402
14747	0.06645503943
14748	0.06645245726
14749	0.06644993508
14750	0.06644646346
14751	0.06644382555
14752	0.06644194045
14753	0.06643979086
14754	0.06643363684
14755	0.06643146807
14756	0.06643000649
14757	0.06642698467
14758	0.06642362701
14759	0.06642111448
14760	0.06641898876
14761	0.06641675403
14762	0.06641451728
14763	0.06641176713
14764	0.06640744527
14765	0.06640489653
14766	0.06640301182
14767	0.0664009239
14768	0.066398767
14769	0.06639716034
14770	0.06639474606
14771	0.06639136194
14772	0.06638795716
14773	0.06638586368
14774	0.06638307562
14775	0.06638024742
14776	0.06637746327
14777	0.06637475996
14778	0.06637186763
14779	0.06636985318
14780	0.06636818079
14781	0.06636589628
14782	0.06636228254
14783	0.06635986066
14784	0.06635757527
14785	0.06635566063
14786	0.06635280463
14787	0.06635165174
14788	0.0663490455
14789	0.06634395549
14790	0.06634161266
14791	0.06633875037
14792	0.06633731346
14793	0.06633438491
14794	0.06633162123
14795	0.06632866403
14796	0.06632624692
14797	0.06632354479
14798	0.06632106383
14799	0.06631940613
14800	0.06631695486
14801	0.0663146565
14802	0.06631250413
14803	0.06631042075
14804	0.06630840017
14805	0.06630604676
14806	0.06630361915
14807	0.06630026189
14808	0.06629640404
14809	0.06629475139
14810	0.06628825707
14811	0.06628644251
14812	0.06628422455
14813	0.06627194162
14814	0.06626897844
14815	0.06626696237
14816	0.06626534325
14817	0.0662632473
14818	0.06626081536
14819	0.06625808246
14820	0.06625524115
14821	0.06625214619
14822	0.06625020523
14823	0.06624708535
14824	0.06624602775
14825	0.06624430509
14826	0.06624153866
14827	0.06623944859
14828	0.0662347134
14829	0.06623261876
14830	0.06623002881
14831	0.06622812801
14832	0.06622565201
14833	0.06622324348
14834	0.06622051143
14835	0.06621833628
14836	0.06621572404
14837	0.06621318108
14838	0.06621123971
14839	0.06620983571
14840	0.06620697025
14841	0.0662041447
14842	0.0661996696
14843	0.066198128
14844	0.0661961286
14845	0.06619249497
14846	0.06618923655
14847	0.06618712491
14848	0.06618457664
14849	0.06618163926
14850	0.06617914877
14851	0.0661772319
14852	0.06617496117
14853	0.06617407032
14854	0.0661716109
14855	0.06617022705
14856	0.06616872742
14857	0.06616621141
14858	0.06616384297
14859	0.06616177768
14860	0.06615947419
14861	0.06615629876
14862	0.06615452141
14863	0.06615163751
14864	0.06614899693
14865	0.06614662616
14866	0.06614460882
14867	0.06613320225
14868	0.06613008229
14869	0.06612469867
14870	0.06612210484
14871	0.06612023405
14872	0.06611778856
14873	0.06611293205
14874	0.06611066631
14875	0.06610758894
14876	0.06610449554
14877	0.06610207736
14878	0.0660992325
14879	0.06609607715
14880	0.06609460708
14881	0.06609316636
14882	0.06609054477
14883	0.06608793655
14884	0.06608222137
14885	0.06608003682
14886	0.06607867138
14887	0.0660766063
14888	0.06607434259
14889	0.06607231452
14890	0.06607096148
14891	0.06606857172
14892	0.0660652156
14893	0.06606173857
14894	0.0660600839
14895	0.0660581073
14896	0.06605227081
14897	0.06605045864
14898	0.06604844179
14899	0.06604681568
14900	0.06604510561
14901	0.06604350711
14902	0.06604157959
14903	0.06603957182
14904	0.06603729031
14905	0.06603450597
14906	0.06603103807
14907	0.0660295974
14908	0.06602768033
14909	0.06602551807
14910	0.06602340377
14911	0.06602054327
14912	0.06601700046
14913	0.06601484768
14914	0.06601213238
14915	0.06601072736
14916	0.06600878331
14917	0.06600701847
14918	0.0660050586
14919	0.06600268547
14920	0.06600071156
14921	0.06599863135
14922	0.0659956234
14923	0.06599319624
14924	0.06599131611
14925	0.06598917542
14926	0.06598700167
14927	0.06598448791
14928	0.06598188114
14929	0.06597885614
14930	0.06597617508
14931	0.06597388236
14932	0.06597035057
14933	0.06596869759
14934	0.06596638823
14935	0.06596429024
14936	0.06596185577
14937	0.06595945278
14938	0.06595619798
14939	0.0659517023
14940	0.06594999277
14941	0.06594815854
14942	0.06594405248
14943	0.06594117409
14944	0.06593821662
14945	0.065936047
14946	0.06593377662
14947	0.06593189035
14948	0.06592959943
14949	0.06592772771
14950	0.06592582478
14951	0.06592416602
14952	0.06592021676
14953	0.06591853662
14954	0.0659158337
14955	0.06591423541
14956	0.06591280736
14957	0.06590988161
14958	0.06590663656
14959	0.06590465005
14960	0.06590187671
14961	0.06589885258
14962	0.06589584592
14963	0.06589346376
14964	0.06589080176
14965	0.06588855236
14966	0.06588550668
14967	0.06588307287
14968	0.06588110281
14969	0.06587834122
14970	0.06587709186
14971	0.06587571283
14972	0.06587380125
14973	0.06587226262
14974	0.06587003179
14975	0.0658674586
14976	0.06586499766
14977	0.06586324909
14978	0.06586128185
14979	0.06585914106
14980	0.06585776643
14981	0.06585596183
14982	0.06585337021
14983	0.06585019547
14984	0.06584698535
14985	0.06584512513
14986	0.06584275302
14987	0.06584077262
14988	0.06583800101
14989	0.06583562479
14990	0.06583354753
14991	0.06582865383
14992	0.06582671882
14993	0.06582324506
14994	0.06582099487
14995	0.065819361
14996	0.06581759896
14997	0.06581525808
14998	0.0658140517
14999	0.06581121404
15000	0.06580956528
15001	0.06580695653
15002	0.06580523258
15003	0.06580269813
15004	0.0657997358
15005	0.06579709329
15006	0.06579457
15007	0.06579300328
15008	0.06579176147
15009	0.06579026938
15010	0.06578732571
15011	0.06578443364
15012	0.06578145068
15013	0.06577829187
15014	0.06577593248
15015	0.06577354403
15016	0.06576911814
15017	0.06576477152
15018	0.06576234896
15019	0.06576010084
15020	0.06575546204
15021	0.06575344447
15022	0.06575085618
15023	0.06574883041
15024	0.06574729976
15025	0.065744378
15026	0.06574240623
15027	0.06574074115
15028	0.06573720757
15029	0.06573268221
15030	0.06573059371
15031	0.06572721677
15032	0.0657240301
15033	0.06572236417
15034	0.06572006828
15035	0.06571858211
15036	0.06571664877
15037	0.06571510775
15038	0.06571286511
15039	0.06570893135
15040	0.06570646541
15041	0.06570456421
15042	0.06570179036
15043	0.06569675383
15044	0.06569408574
15045	0.06569100211
15046	0.06568903805
15047	0.06568640042
15048	0.06568534362
15049	0.0656802237
15050	0.06567663596
15051	0.06567389871
15052	0.06567295493
15053	0.06567091337
15054	0.06566915218
15055	0.06566753026
15056	0.06566550973
15057	0.065662804
15058	0.06566068734
15059	0.065657615
15060	0.0656554995
15061	0.06565315355
15062	0.06564588966
15063	0.06564368433
15064	0.06564205888
15065	0.06563964814
15066	0.06563760046
15067	0.06563545549
15068	0.0656329916
15069	0.0656309277
15070	0.06562855604
15071	0.06562582239
15072	0.06562424679
15073	0.06562226587
15074	0.06562008842
15075	0.06561825777
15076	0.06561604752
15077	0.065612537
15078	0.06561081368
15079	0.06560834383
15080	0.06560589567
15081	0.06560346492
15082	0.06560165195
15083	0.06559737712
15084	0.06559608027
15085	0.06559472632
15086	0.06559299412
15087	0.06559123522
15088	0.06558876844
15089	0.06558572608
15090	0.06558335068
15091	0.0655818722
15092	0.06557911432
15093	0.06557825253
15094	0.06557398726
15095	0.06557160218
15096	0.06556859288
15097	0.06556444243
15098	0.06556268666
15099	0.06556102925
15100	0.06555878658
15101	0.06555601861
15102	0.0655534558
15103	0.06555158588
15104	0.06554917725
15105	0.06554642392
15106	0.06554202748
15107	0.06553855024
15108	0.06553319121
15109	0.06552932581
15110	0.0655269124
15111	0.06552552258
15112	0.06552132106
15113	0.06551900502
15114	0.06551711422
15115	0.06551468564
15116	0.06551265145
15117	0.06551018956
15118	0.06550847748
15119	0.06550666243
15120	0.06550432995
15121	0.06550139219
15122	0.06549942523
15123	0.06549671491
15124	0.06549264368
15125	0.06549050461
15126	0.06548857745
15127	0.06548688342
15128	0.06548428213
15129	0.06548249904
15130	0.06547978662
15131	0.06547776316
15132	0.0654714223
15133	0.06546538755
15134	0.06546315456
15135	0.0654615971
15136	0.06545942144
15137	0.06545680938
15138	0.06545460179
15139	0.0654527335
15140	0.06544989155
15141	0.0654473118
15142	0.06544551609
15143	0.0654442452
15144	0.06543953332
15145	0.0654368426
15146	0.065433509
15147	0.06543090739
15148	0.06542806638
15149	0.0654261196
15150	0.06542317176
15151	0.06542175668
15152	0.06541930054
15153	0.06541560216
15154	0.06541344216
15155	0.06541078531
15156	0.06540834222
15157	0.06540587457
15158	0.06540373282
15159	0.06540067807
15160	0.06539690279
15161	0.06539516363
15162	0.06539320922
15163	0.065389744
15164	0.0653875704
15165	0.06538533472
15166	0.06538258466
15167	0.0653815939
15168	0.06537915022
15169	0.06537720544
15170	0.06537526985
15171	0.06537249433
15172	0.06537023763
15173	0.06536774621
15174	0.06536589649
15175	0.06536352472
15176	0.0653621755
15177	0.06536063434
15178	0.06535882745
15179	0.06535701536
15180	0.06535537792
15181	0.06535356491
15182	0.06535212363
15183	0.06535111036
15184	0.0653488034
15185	0.06534575585
15186	0.06534235086
15187	0.06533997998
15188	0.06533732674
15189	0.06533504293
15190	0.06533259176
15191	0.06532823901
15192	0.06532544997
15193	0.06532338498
15194	0.06532164505
15195	0.06531926092
15196	0.06531746681
15197	0.06531475975
15198	0.06531227415
15199	0.06531061517
15200	0.06530861024
15201	0.06530603946
15202	0.0653033872
15203	0.0653006871
15204	0.06529878762
15205	0.0652963703
15206	0.06529415885
15207	0.06529235161
15208	0.0652904022
15209	0.06528787652
15210	0.06528675529
15211	0.06528411495
15212	0.06528134807
15213	0.06527968748
15214	0.06527617266
15215	0.0652723276
15216	0.0652703199
15217	0.0652693063
15218	0.0652672894
15219	0.06526548879
15220	0.06526207133
15221	0.06526032447
15222	0.0652576692
15223	0.06525518867
15224	0.06525253129
15225	0.0652502449
15226	0.06524844272
15227	0.06524666055
15228	0.0652429991
15229	0.06524077857
15230	0.06523837999
15231	0.06523674862
15232	0.06523367989
15233	0.06523175955
15234	0.0652294534
15235	0.06522752529
15236	0.06522585438
15237	0.06521438964
15238	0.06521301202
15239	0.06521139399
15240	0.06521015115
15241	0.06520777161
15242	0.0652053032
15243	0.06520408497
15244	0.06520170508
15245	0.06519892367
15246	0.065197154
15247	0.06519521194
15248	0.0651923807
15249	0.06519118647
15250	0.06518975957
15251	0.06518798953
15252	0.06518588127
15253	0.06518330967
15254	0.06518118712
15255	0.06517760291
15256	0.06517546365
15257	0.06517175292
15258	0.06516868142
15259	0.06516678474
15260	0.06516471631
15261	0.06516334741
15262	0.06516117705
15263	0.06515860373
15264	0.06515736832
15265	0.06515277136
15266	0.06515046688
15267	0.06514931315
15268	0.06514395521
15269	0.06514231061
15270	0.06514031494
15271	0.06513689849
15272	0.06513472456
15273	0.06513344689
15274	0.06513149278
15275	0.06512769803
15276	0.06512508429
15277	0.06512356213
15278	0.06512110296
15279	0.06511919814
15280	0.06511711507
15281	0.06511561601
15282	0.06511345713
15283	0.0651115635
15284	0.06510828809
15285	0.06510686453
15286	0.06510398027
15287	0.06510130646
15288	0.06510071026
15289	0.06509850375
15290	0.06509578492
15291	0.0650943967
15292	0.06509245868
15293	0.06509044536
15294	0.06508763714
15295	0.06508560747
15296	0.06508241543
15297	0.06508074966
15298	0.06507741356
15299	0.06507604875
15300	0.06507429631
15301	0.0650720185
15302	0.06506956131
15303	0.06506795799
15304	0.06506445434
15305	0.0650617162
15306	0.06505935857
15307	0.06505676855
15308	0.06505117365
15309	0.06504500035
15310	0.06504244116
15311	0.06504011025
15312	0.06503741145
15313	0.06503554514
15314	0.06502976737
15315	0.06502805504
15316	0.06502627914
15317	0.06502375628
15318	0.06502039536
15319	0.06501838122
15320	0.06501660557
15321	0.06501486509
15322	0.06501160636
15323	0.0650092093
15324	0.06500766013
15325	0.06500515853
15326	0.06500282986
15327	0.06499868786
15328	0.06499736277
15329	0.06499519653
15330	0.06499369047
15331	0.06498874768
15332	0.06498689772
15333	0.06498486381
15334	0.06498337516
15335	0.0649803225
15336	0.0649762386
15337	0.06497349769
15338	0.06497031786
15339	0.06496852226
15340	0.06496283839
15341	0.06496044977
15342	0.0649579992
15343	0.06495497657
15344	0.06495204475
15345	0.06495008318
15346	0.06494900417
15347	0.06494722711
15348	0.06494483528
15349	0.06494360446
15350	0.06494204996
15351	0.06494079058
15352	0.06493786493
15353	0.06493537751
15354	0.06493302507
15355	0.064930742
15356	0.06492865291
15357	0.06492664385
15358	0.06492541697
15359	0.06492451841
15360	0.06492240606
15361	0.06491894383
15362	0.06491685495
15363	0.06491495418
15364	0.06491358087
15365	0.06491106576
15366	0.06490934995
15367	0.06490726609
15368	0.06490559556
15369	0.0649036971
15370	0.06490024036
15371	0.06489798555
15372	0.06489500011
15373	0.06489323179
15374	0.06489035301
15375	0.06488810555
15376	0.06488533968
15377	0.06488394737
15378	0.06488248115
15379	0.06488035462
15380	0.06487810612
15381	0.06487471087
15382	0.06487321692
15383	0.06487146798
15384	0.06486939386
15385	0.06486664408
15386	0.06486491185
15387	0.06486191204
15388	0.06485915828
15389	0.06485690258
15390	0.06485505633
15391	0.06485300733
15392	0.06485162575
15393	0.06484863196
15394	0.06484665028
15395	0.06484180493
15396	0.06483964949
15397	0.06483703212
15398	0.06483434964
15399	0.06483312449
15400	0.06483083411
15401	0.06482886289
15402	0.06482623568
15403	0.06482466408
15404	0.06482307221
15405	0.06482201818
15406	0.064820493
15407	0.06481768036
15408	0.06481491385
15409	0.06481297518
15410	0.064810026
15411	0.06480819355
15412	0.06480588855
15413	0.06480366915
15414	0.06480142777
15415	0.06479897944
15416	0.06479433871
15417	0.06479300162
15418	0.06479110655
15419	0.06478891241
15420	0.06478637227
15421	0.06478389318
15422	0.06478213924
15423	0.06477925873
15424	0.06477714054
15425	0.06477314987
15426	0.06477178289
15427	0.06477025399
15428	0.06476831088
15429	0.06476510778
15430	0.06476360077
15431	0.06476189284
15432	0.06475974154
15433	0.06475747871
15434	0.06475595356
15435	0.06475404201
15436	0.06475275269
15437	0.06474999151
15438	0.06474722573
15439	0.06474282316
15440	0.06473877706
15441	0.06473596826
15442	0.06473304233
15443	0.06472976584
15444	0.06472728467
15445	0.0647256833
15446	0.06472382599
15447	0.06472218203
15448	0.0647201638
15449	0.06471813143
15450	0.06471646429
15451	0.0647130274
15452	0.06471104725
15453	0.06470632359
15454	0.06470386407
15455	0.06470110438
15456	0.0646986064
15457	0.06469628992
15458	0.06469430132
15459	0.06469223877
15460	0.06469087199
15461	0.06468884638
15462	0.06468669118
15463	0.06468502305
15464	0.06468300501
15465	0.06468032532
15466	0.06467822618
15467	0.0646748953
15468	0.06467315082
15469	0.06467075761
15470	0.0646682491
15471	0.06466706105
15472	0.06466442968
15473	0.06466275734
15474	0.06466088745
15475	0.06465712604
15476	0.06465577487
15477	0.06465372992
15478	0.06465206529
15479	0.06464773805
15480	0.06464589881
15481	0.06464346026
15482	0.06464003008
15483	0.06463726792
15484	0.06463576316
15485	0.06463375321
15486	0.06463193931
15487	0.06463062219
15488	0.06462934291
15489	0.06462603476
15490	0.06462283533
15491	0.06462007754
15492	0.06461797081
15493	0.06461542027
15494	0.0646131931
15495	0.06461218547
15496	0.06461083915
15497	0.06460967852
15498	0.06460786737
15499	0.0646053846
15500	0.06460320411
15501	0.06459935463
15502	0.06459883502
15503	0.06459730366
15504	0.06459157239
15505	0.06459022418
15506	0.06458827658
15507	0.06458629076
15508	0.0645840056
15509	0.06458164525
15510	0.0645779562
15511	0.06457662014
15512	0.06457253366
15513	0.06457044297
15514	0.06456881995
15515	0.0645671201
15516	0.06456581509
15517	0.06456338246
15518	0.06456140789
15519	0.06455885613
15520	0.06455743116
15521	0.06455569126
15522	0.06455421791
15523	0.06455215454
15524	0.06455014547
15525	0.06454746449
15526	0.06454545233
15527	0.06454328499
15528	0.06453990379
15529	0.06453763557
15530	0.06453573471
15531	0.06453390753
15532	0.06453232299
15533	0.06453029419
15534	0.06452781346
15535	0.06452229926
15536	0.06451883538
15537	0.06451740277
15538	0.06451438414
15539	0.06451149015
15540	0.06450861807
15541	0.06450633874
15542	0.06450321661
15543	0.0645012658
15544	0.06449867784
15545	0.06449682197
15546	0.06449452511
15547	0.06449232573
15548	0.06448940131
15549	0.06448837243
15550	0.06448626197
15551	0.06448258585
15552	0.0644811455
15553	0.06447934984
15554	0.0644781326
15555	0.06447482103
15556	0.06447274132
15557	0.064470424
15558	0.0644678649
15559	0.06446536652
15560	0.06446312085
15561	0.0644608487
15562	0.06445907088
15563	0.06445676893
15564	0.06445147832
15565	0.06444870569
15566	0.06444665773
15567	0.06444356544
15568	0.06444135331
15569	0.06443991638
15570	0.06443672681
15571	0.06443465333
15572	0.0644319549
15573	0.06443039722
15574	0.06442785834
15575	0.064425595
15576	0.06442296146
15577	0.0644211261
15578	0.06441881026
15579	0.06441675024
15580	0.0644145828
15581	0.06441280263
15582	0.06440990499
15583	0.06440794775
15584	0.0644056074
15585	0.06440275507
15586	0.06440137309
15587	0.06439906066
15588	0.06439598136
15589	0.06439391015
15590	0.06439185897
15591	0.06438945392
15592	0.06438630486
15593	0.06438359964
15594	0.06438189162
15595	0.06437902226
15596	0.06437756592
15597	0.06437558928
15598	0.06437308942
15599	0.06437013225
15600	0.06436835164
15601	0.0643654449
15602	0.0643632983
15603	0.06436054829
15604	0.06435736935
15605	0.06435501063
15606	0.06435244968
15607	0.06434991
15608	0.06434720102
15609	0.06434467572
15610	0.06434258591
15611	0.06434048804
15612	0.06433960026
15613	0.0643369917
15614	0.06433397416
15615	0.06433193442
15616	0.0643296407
15617	0.06432654736
15618	0.06432269093
15619	0.0643200069
15620	0.06431736487
15621	0.06431504741
15622	0.06431249098
15623	0.06431071976
15624	0.06430816342
15625	0.06430664205
15626	0.06430402088
15627	0.06430260296
15628	0.06430020489
15629	0.06429865169
15630	0.06429668446
15631	0.06429485652
15632	0.0642940017
15633	0.06429216637
15634	0.06429048653
15635	0.0642882929
15636	0.06428456345
15637	0.06428270706
15638	0.06428157235
15639	0.06427982495
15640	0.06427840937
15641	0.06427608539
15642	0.06427424915
15643	0.06427191701
15644	0.06426999148
15645	0.06426798564
15646	0.06426479719
15647	0.06426367392
15648	0.06426140448
15649	0.06425897676
15650	0.06425660423
15651	0.06425466945
15652	0.06425316674
15653	0.06425084211
15654	0.06424894017
15655	0.06424219623
15656	0.06423906153
15657	0.06423545336
15658	0.06423390965
15659	0.06423140265
15660	0.0642287329
15661	0.06422757443
15662	0.06422523106
15663	0.06422260345
15664	0.06422075779
15665	0.06421683473
15666	0.06421374344
15667	0.06421269871
15668	0.06421091919
15669	0.06420913607
15670	0.06420702872
15671	0.06420401729
15672	0.06420252237
15673	0.06420055265
15674	0.06419827943
15675	0.06419499336
15676	0.06419268302
15677	0.0641899451
15678	0.06418756972
15679	0.06418515425
15680	0.06418274708
15681	0.06418078865
15682	0.06417717474
15683	0.06417543364
15684	0.06417319715
15685	0.06417066856
15686	0.06416904603
15687	0.0641676043
15688	0.0641661014
15689	0.06416376633
15690	0.06416131312
15691	0.06415904411
15692	0.06415762864
15693	0.06415473788
15694	0.06415246791
15695	0.06415020864
15696	0.06414858251
15697	0.06414616858
15698	0.06414469775
15699	0.06414337826
15700	0.06413958772
15701	0.06413837949
15702	0.06413638972
15703	0.06413351091
15704	0.06413210075
15705	0.0641298611
15706	0.06412766505
15707	0.06412693143
15708	0.06412523223
15709	0.0641233185
15710	0.06412174722
15711	0.06411963425
15712	0.06411638501
15713	0.06411403075
15714	0.06411220968
15715	0.06410914308
15716	0.06410709297
15717	0.06410519252
15718	0.06410373868
15719	0.06410086224
15720	0.06409883032
15721	0.06409623187
15722	0.06409431845
15723	0.06409252108
15724	0.06408979217
15725	0.0640877516
15726	0.06408465568
15727	0.06408313833
15728	0.06408117804
15729	0.06407887468
15730	0.06407628276
15731	0.06407248809
15732	0.06407080416
15733	0.06406908508
15734	0.06406622267
15735	0.0640643824
15736	0.06406278728
15737	0.06406039788
15738	0.06405584605
15739	0.06405422862
15740	0.06405187878
15741	0.06404873933
15742	0.0640468645
15743	0.06404487741
15744	0.06404281833
15745	0.06404143351
15746	0.06403911486
15747	0.0640367167
15748	0.06403375305
15749	0.06403085162
15750	0.06402790508
15751	0.06402528249
15752	0.06402224064
15753	0.06402079713
15754	0.06401869652
15755	0.06401594382
15756	0.06401416822
15757	0.06401198667
15758	0.06400858105
15759	0.06400616065
15760	0.06400241161
15761	0.06400052872
15762	0.06399938044
15763	0.06399819517
15764	0.06399595851
15765	0.06399353314
15766	0.06399149713
15767	0.06398988365
15768	0.0639873581
15769	0.06398556739
15770	0.06398286585
15771	0.06398003819
15772	0.06397722848
15773	0.06397578777
15774	0.06397411512
15775	0.06397139893
15776	0.06396974484
15777	0.06396691864
15778	0.06396431635
15779	0.06396256299
15780	0.06395681239
15781	0.06395525782
15782	0.0639537449
15783	0.06395094014
15784	0.06394816214
15785	0.06394617186
15786	0.06394322358
15787	0.06393952261
15788	0.06393519058
15789	0.06393180385
15790	0.06393044887
15791	0.06392715474
15792	0.06392511463
15793	0.06392361893
15794	0.06392157295
15795	0.06391935382
15796	0.06391673937
15797	0.06391480149
15798	0.06391291278
15799	0.06391032836
15800	0.06390878534
15801	0.06390677078
15802	0.06390491422
15803	0.06390240889
15804	0.06390014166
15805	0.06389745762
15806	0.06389308438
15807	0.06389109653
15808	0.06388947193
15809	0.06388791935
15810	0.06388586339
15811	0.06388258631
15812	0.06387986331
15813	0.06387802956
15814	0.06387607802
15815	0.0638739632
15816	0.06387289455
15817	0.06386957891
15818	0.06386760001
15819	0.06386509089
15820	0.06386202902
15821	0.06385769723
15822	0.0638557958
15823	0.06385174231
15824	0.06384775917
15825	0.06384578754
15826	0.06384409491
15827	0.06384127859
15828	0.06383942621
15829	0.06383699603
15830	0.06383592507
15831	0.06383384243
15832	0.06383147549
15833	0.0638290574
15834	0.06382629866
15835	0.06382400747
15836	0.0638216486
15837	0.06381972161
15838	0.06381875954
15839	0.06381715073
15840	0.06381518276
15841	0.06381346051
15842	0.06381090032
15843	0.06380891971
15844	0.06380696088
15845	0.06380606775
15846	0.06380443285
15847	0.06380022203
15848	0.06379790114
15849	0.0637956256
15850	0.0637926592
15851	0.06379026276
15852	0.06378728025
15853	0.06378369213
15854	0.06378124379
15855	0.06377923869
15856	0.06377755189
15857	0.06377482194
15858	0.06377338159
15859	0.06377273563
15860	0.06377178776
15861	0.0637674898
15862	0.06376501601
15863	0.06376334398
15864	0.06376047628
15865	0.06375938324
15866	0.06375754492
15867	0.06375599848
15868	0.06375368379
15869	0.06375195163
15870	0.06374973406
15871	0.06374758194
15872	0.06374507476
15873	0.06374296642
15874	0.06373981915
15875	0.06373461456
15876	0.06373332776
15877	0.06373027956
15878	0.06372771123
15879	0.06372610942
15880	0.06372408571
15881	0.06372217168
15882	0.06372034555
15883	0.06371726853
15884	0.06371474254
15885	0.06371270174
15886	0.0637110007
15887	0.06370666694
15888	0.06370497845
15889	0.06370278351
15890	0.06370117142
15891	0.06369941419
15892	0.06369783387
15893	0.06369606144
15894	0.06369302359
15895	0.06369086
15896	0.06368808519
15897	0.06368512905
15898	0.063683466
15899	0.06368037882
15900	0.06367859402
15901	0.06367626359
15902	0.06367455011
15903	0.06367234996
15904	0.06367081636
15905	0.06366723288
15906	0.06366536655
15907	0.06366371314
15908	0.06366029386
15909	0.06365765809
15910	0.06365633203
15911	0.06365502632
15912	0.06365281888
15913	0.06365095391
15914	0.06364531103
15915	0.06364394487
15916	0.06364187768
15917	0.06363915623
15918	0.06363711558
15919	0.06363524135
15920	0.06363337593
15921	0.06363093393
15922	0.06362859617
15923	0.06362725962
15924	0.06362562948
15925	0.06362316936
15926	0.06362117983
15927	0.06361824997
15928	0.06361588005
15929	0.06361338246
15930	0.06361137271
15931	0.06360975617
15932	0.06360799729
15933	0.06360482277
15934	0.06360090191
15935	0.06359867579
15936	0.06359668526
15937	0.06359473606
15938	0.06359283336
15939	0.06358903526
15940	0.06358709784
15941	0.06358379496
15942	0.06358220289
15943	0.06357888363
15944	0.06357670653
15945	0.06357417387
15946	0.06357274123
15947	0.06357046091
15948	0.06356842411
15949	0.06356565642
15950	0.06356477955
15951	0.06356216228
15952	0.06356005125
15953	0.06355850735
15954	0.06355599024
15955	0.06355424331
15956	0.0635516164
15957	0.06354984824
15958	0.06354742796
15959	0.06354508645
15960	0.06354172888
15961	0.06354009555
15962	0.0635372957
15963	0.06353411912
15964	0.06353228973
15965	0.06353013984
15966	0.0635282899
15967	0.06352630121
15968	0.06352364606
15969	0.06352274319
15970	0.06352025454
15971	0.06351876736
15972	0.06351685175
15973	0.06351458165
15974	0.06351214845
15975	0.06351055637
15976	0.06350871684
15977	0.06350483939
15978	0.06350231575
15979	0.06350062129
15980	0.06349826633
15981	0.06349628653
15982	0.06349481545
15983	0.06349307211
15984	0.06348971207
15985	0.06348810366
15986	0.06348525386
15987	0.0634834705
15988	0.06348166194
15989	0.06348022035
15990	0.06347820018
15991	0.06347542534
15992	0.06347376836
15993	0.06347000098
15994	0.06346709421
15995	0.06346472114
15996	0.06346231511
15997	0.06346020661
15998	0.06345916065
15999	0.06345689117
16000	0.06345469854
16001	0.06345191785
16002	0.06344983463
16003	0.06344791646
16004	0.06344554668
16005	0.06344384457
16006	0.06344242107
16007	0.06344035916
16008	0.06343937793
16009	0.06343738392
16010	0.06343511428
16011	0.06343276537
16012	0.06343040185
16013	0.06342896974
16014	0.06342572959
16015	0.06342361295
16016	0.06342020589
16017	0.06341624137
16018	0.06341348479
16019	0.06341066414
16020	0.06340532036
16021	0.06340399432
16022	0.063402217
16023	0.06340034601
16024	0.06339828466
16025	0.06339565012
16026	0.06339326892
16027	0.06339087304
16028	0.06338915387
16029	0.0633854931
16030	0.06338262105
16031	0.06338043146
16032	0.06337833835
16033	0.0633765643
16034	0.06337456617
16035	0.0633724153
16036	0.0633709672
16037	0.06336977202
16038	0.06336435279
16039	0.06335896195
16040	0.06335759277
16041	0.06335535018
16042	0.06335326441
16043	0.06335163461
16044	0.06334886638
16045	0.06334694507
16046	0.06334492941
16047	0.06334234992
16048	0.06333959442
16049	0.06333657412
16050	0.06333455197
16051	0.06333204778
16052	0.06333103708
16053	0.06332843748
16054	0.06332593971
16055	0.06332376992
16056	0.06332087069
16057	0.06331891675
16058	0.06331716103
16059	0.06331466399
16060	0.06331348366
16061	0.06330977463
16062	0.06330774942
16063	0.0633055316
16064	0.06330352601
16065	0.06330181949
16066	0.06330087441
16067	0.06329912958
16068	0.06329655374
16069	0.06329170246
16070	0.06328822096
16071	0.06328559774
16072	0.06328363403
16073	0.06328158366
16074	0.06327972064
16075	0.06327778987
16076	0.06327506309
16077	0.06327276871
16078	0.06327013754
16079	0.06326810052
16080	0.06326598881
16081	0.06326446086
16082	0.06326290208
16083	0.06326082302
16084	0.0632589574
16085	0.0632568185
16086	0.06325171175
16087	0.06324969865
16088	0.06324752617
16089	0.06324617304
16090	0.06324349658
16091	0.06324110659
16092	0.06323916869
16093	0.06323685816
16094	0.06323488925
16095	0.06323314799
16096	0.06323127174
16097	0.06322591158
16098	0.06322228896
16099	0.06322092596
16100	0.06321826188
16101	0.0632121221
16102	0.06321082732
16103	0.06320849178
16104	0.06320668066
16105	0.06320479541
16106	0.06320311395
16107	0.06320165081
16108	0.06319825804
16109	0.06319683185
16110	0.06319514947
16111	0.06319288695
16112	0.06319035506
16113	0.06318786323
16114	0.06318550594
16115	0.06318364872
16116	0.06318125435
16117	0.0631789981
16118	0.06317659297
16119	0.06317422168
16120	0.06317104744
16121	0.06316915171
16122	0.06316706501
16123	0.06316504599
16124	0.06316299596
16125	0.06315999338
16126	0.06315824676
16127	0.06315663606
16128	0.0631548169
16129	0.0631525607
16130	0.06315120757
16131	0.0631494271
16132	0.06314671307
16133	0.06314469979
16134	0.06314175049
16135	0.06313953555
16136	0.06313727006
16137	0.06313586063
16138	0.06313332668
16139	0.06313096081
16140	0.06312810698
16141	0.0631247411
16142	0.06312183739
16143	0.06311908426
16144	0.0631166913
16145	0.06311419258
16146	0.06311207552
16147	0.06310934135
16148	0.06310393619
16149	0.06310194345
16150	0.06310023201
16151	0.06309858323
16152	0.06309670347
16153	0.06309583564
16154	0.06309417379
16155	0.06309235327
16156	0.06309096736
16157	0.06308916144
16158	0.06308620147
16159	0.06308318403
16160	0.06307785433
16161	0.0630751012
16162	0.063071656
16163	0.06306933486
16164	0.06306614154
16165	0.06306465878
16166	0.06306252514
16167	0.06306014478
16168	0.06305852191
16169	0.06305399403
16170	0.0630512104
16171	0.0630485582
16172	0.0630468099
16173	0.06304581419
16174	0.06304345815
16175	0.06304057623
16176	0.06303869621
16177	0.06303695526
16178	0.06303424443
16179	0.06303148007
16180	0.06302930333
16181	0.06302775608
16182	0.06302492316
16183	0.06302353154
16184	0.06302156583
16185	0.06301834314
16186	0.06301658524
16187	0.063014692
16188	0.06301185004
16189	0.06301051329
16190	0.06300837793
16191	0.06300667457
16192	0.0630040635
16193	0.06300240578
16194	0.06300098925
16195	0.06299858418
16196	0.06299496234
16197	0.06299425629
16198	0.062992299
16199	0.06299013875
16200	0.06298828783
16201	0.06298538546
16202	0.06298407232
16203	0.06298048323
16204	0.06297683973
16205	0.06297519232
16206	0.0629730441
16207	0.06297144134
16208	0.06296907979
16209	0.06296730649
16210	0.06296433995
16211	0.06295967528
16212	0.06295809124
16213	0.06295482502
16214	0.06295243575
16215	0.0629509713
16216	0.06294956986
16217	0.0629475029
16218	0.06294446485
16219	0.06294261544
16220	0.06294129223
16221	0.06293890261
16222	0.06293668513
16223	0.06293462437
16224	0.0629321651
16225	0.06292822249
16226	0.06292429863
16227	0.06292176319
16228	0.06291909313
16229	0.06291524962
16230	0.06291327796
16231	0.06291197598
16232	0.06290897877
16233	0.06290759018
16234	0.06290542525
16235	0.06290354867
16236	0.06290145695
16237	0.0628990361
16238	0.06289580909
16239	0.06289373632
16240	0.06289215611
16241	0.06289041317
16242	0.06288960287
16243	0.06288777859
16244	0.06288609626
16245	0.06288386013
16246	0.06288239736
16247	0.06288090755
16248	0.06287899934
16249	0.06287653234
16250	0.06287438596
16251	0.06287170359
16252	0.06286883098
16253	0.06286711206
16254	0.06286402869
16255	0.0628620272
16256	0.06285993574
16257	0.06285752861
16258	0.06285620755
16259	0.06285362758
16260	0.06285150994
16261	0.06284926443
16262	0.06284736823
16263	0.06284535199
16264	0.06284381247
16265	0.06284162046
16266	0.06283926478
16267	0.06283616206
16268	0.06283451529
16269	0.06283306961
16270	0.06283038027
16271	0.06282780838
16272	0.06282589357
16273	0.06282376767
16274	0.06282223399
16275	0.06282054302
16276	0.06281873634
16277	0.06281599865
16278	0.06281344309
16279	0.06281122011
16280	0.06280546941
16281	0.06280087799
16282	0.06279891591
16283	0.06279717955
16284	0.06279160275
16285	0.06278905223
16286	0.06278695507
16287	0.06278554503
16288	0.06278404298
16289	0.06278238282
16290	0.06278070284
16291	0.06277853451
16292	0.06277478008
16293	0.0627726979
16294	0.06277094555
16295	0.06276892801
16296	0.06276645331
16297	0.06276497738
16298	0.0627629098
16299	0.06275997271
16300	0.06275812436
16301	0.06275636996
16302	0.06275475452
16303	0.06275312274
16304	0.06274884988
16305	0.06274726149
16306	0.0627462603
16307	0.06274307989
16308	0.06274135015
16309	0.06273994472
16310	0.06273815603
16311	0.0627350856
16312	0.06273286305
16313	0.06273025732
16314	0.06272597737
16315	0.06272272648
16316	0.06272110207
16317	0.06271937293
16318	0.06271227807
16319	0.06270991852
16320	0.06270725757
16321	0.06270460154
16322	0.06270179571
16323	0.06270071326
16324	0.06269913932
16325	0.06269804041
16326	0.06269594009
16327	0.06269433227
16328	0.06269176635
16329	0.0626898829
16330	0.06268773559
16331	0.06268519223
16332	0.06268257554
16333	0.06268008274
16334	0.06267451541
16335	0.06267252477
16336	0.06266710441
16337	0.06266481062
16338	0.06266293165
16339	0.06265972902
16340	0.06265756561
16341	0.06265475968
16342	0.06265268026
16343	0.06265115407
16344	0.06264893527
16345	0.06264669032
16346	0.06264448487
16347	0.06264143821
16348	0.06263917959
16349	0.06263775774
16350	0.06263558721
16351	0.06263445282
16352	0.06263036347
16353	0.06262692261
16354	0.06262553803
16355	0.06262377257
16356	0.0626221092
16357	0.06261945582
16358	0.06261745528
16359	0.06261617695
16360	0.06261433953
16361	0.06261049105
16362	0.06260757962
16363	0.06260482094
16364	0.0626034099
16365	0.06260043953
16366	0.06259872509
16367	0.06259732645
16368	0.06259366923
16369	0.06259155031
16370	0.06259009423
16371	0.06258791126
16372	0.06258623964
16373	0.06258478768
16374	0.06258357415
16375	0.06258217362
16376	0.06257993488
16377	0.06257833253
16378	0.06257597243
16379	0.06257387472
16380	0.06257249971
16381	0.06256967707
16382	0.06256782944
16383	0.06256634631
16384	0.06256447003
16385	0.06256242726
16386	0.06256063713
16387	0.06255745977
16388	0.06255361677
16389	0.06255197613
16390	0.06255055447
16391	0.06254903045
16392	0.06254673326
16393	0.06254411019
16394	0.06254121178
16395	0.06253917206
16396	0.06253803519
16397	0.06253527926
16398	0.0625326468
16399	0.06253050808
16400	0.06252869198
16401	0.06252677816
16402	0.06252465876
16403	0.06252112613
16404	0.06251897919
16405	0.06251635989
16406	0.06251428326
16407	0.06251231936
16408	0.06251061221
16409	0.06250800946
16410	0.0625051903
16411	0.06250358269
16412	0.06250149307
16413	0.06249992367
16414	0.06249658947
16415	0.0624941347
16416	0.06249159356
16417	0.062490887
16418	0.06248871165
16419	0.06248673444
16420	0.06248491116
16421	0.06248250823
16422	0.06248136844
16423	0.06247994402
16424	0.06247872402
16425	0.06247631934
16426	0.06247424914
16427	0.06247225647
16428	0.06247102258
16429	0.06246948232
16430	0.06246782865
16431	0.06246538465
16432	0.06246222176
16433	0.06246020873
16434	0.06245891222
16435	0.06245666078
16436	0.06245477346
16437	0.06245222151
16438	0.06244974474
16439	0.06244777661
16440	0.06244626274
16441	0.06244502986
16442	0.06244264445
16443	0.06243781745
16444	0.06243419021
16445	0.06243194505
16446	0.06243017847
16447	0.06242838443
16448	0.06242688904
16449	0.06242445483
16450	0.06242263409
16451	0.06241977759
16452	0.0624183985
16453	0.06241668736
16454	0.06241504929
16455	0.06241206901
16456	0.06241038739
16457	0.06240858627
16458	0.06240688269
16459	0.06240461105
16460	0.06240244193
16461	0.06240058503
16462	0.06239903307
16463	0.0623971297
16464	0.06239534081
16465	0.0623935814
16466	0.06239139733
16467	0.06238798677
16468	0.06238620062
16469	0.06238428614
16470	0.06238203677
16471	0.06237960258
16472	0.06237803455
16473	0.06237600957
16474	0.06237339017
16475	0.06237056931
16476	0.06236878257
16477	0.06236705107
16478	0.06236459049
16479	0.06236090899
16480	0.06235899656
16481	0.06235671744
16482	0.06235393703
16483	0.06235195987
16484	0.06235090591
16485	0.06234806724
16486	0.0623464521
16487	0.06234452003
16488	0.06234204927
16489	0.06233802179
16490	0.0623360206
16491	0.06233420836
16492	0.06233147731
16493	0.062329145
16494	0.06232681289
16495	0.06232512836
16496	0.06232276446
16497	0.06232125796
16498	0.06231842849
16499	0.06231623654
16500	0.06231438798
16501	0.0623132622
16502	0.06231091636
16503	0.06230977946
16504	0.06230724206
16505	0.06230473625
16506	0.06230258531
16507	0.06230045615
16508	0.06229880689
16509	0.06229725591
16510	0.06229611374
16511	0.06229353079
16512	0.06229146126
16513	0.06228995643
16514	0.06228835449
16515	0.06228639862
16516	0.06228495597
16517	0.06228254114
16518	0.06228096552
16519	0.06227905199
16520	0.06227781631
16521	0.06227298472
16522	0.06227103757
16523	0.06226942342
16524	0.06226810152
16525	0.0622655988
16526	0.06226420536
16527	0.0622600254
16528	0.06225859921
16529	0.06225717723
16530	0.06225597126
16531	0.06225412696
16532	0.06225226341
16533	0.06225078249
16534	0.06224939341
16535	0.06224749791
16536	0.06224408409
16537	0.06224132305
16538	0.06223920929
16539	0.0622374002
16540	0.06223540387
16541	0.06223347448
16542	0.06223119965
16543	0.06222864711
16544	0.0622265399
16545	0.06222439298
16546	0.06222224107
16547	0.06222024963
16548	0.0622174747
16549	0.06221467514
16550	0.0622119944
16551	0.06220887623
16552	0.06220616929
16553	0.06220444193
16554	0.0622027
16555	0.06220109371
16556	0.0621988386
16557	0.06219740156
16558	0.06219616949
16559	0.0621927178
16560	0.06219088074
16561	0.06218908916
16562	0.06218753586
16563	0.06218417403
16564	0.06218239124
16565	0.0621807195
16566	0.06217763885
16567	0.06217492765
16568	0.06217345128
16569	0.0621706762
16570	0.06216915949
16571	0.06216635062
16572	0.06216424605
16573	0.06216304879
16574	0.06216082436
16575	0.06215944072
16576	0.06215660656
16577	0.06215408866
16578	0.06215204108
16579	0.06214926695
16580	0.0621470044
16581	0.06214524006
16582	0.06214334948
16583	0.06214126028
16584	0.06213890554
16585	0.06213776733
16586	0.06213527135
16587	0.06213314891
16588	0.06213155288
16589	0.06213070029
16590	0.0621217926
16591	0.06212000888
16592	0.06211698694
16593	0.06211536104
16594	0.06211296971
16595	0.06211156429
16596	0.06211046944
16597	0.06210785962
16598	0.06210574213
16599	0.06210337349
16600	0.06210137531
16601	0.0620990353
16602	0.06209718409
16603	0.06209545796
16604	0.06209219251
16605	0.06209020471
16606	0.06208914935
16607	0.06208760007
16608	0.06208625639
16609	0.06208444848
16610	0.06208205525
16611	0.06207903085
16612	0.0620765724
16613	0.06207413543
16614	0.06207125972
16615	0.06206900976
16616	0.06206726183
16617	0.0620644983
16618	0.06206169199
16619	0.06206009687
16620	0.06205808239
16621	0.06205574867
16622	0.06205130499
16623	0.06204916927
16624	0.0620475459
16625	0.06204650695
16626	0.06204407119
16627	0.06204111122
16628	0.06203976891
16629	0.06203701568
16630	0.06203557611
16631	0.06203315734
16632	0.06203124748
16633	0.06202965969
16634	0.06202673814
16635	0.06202492202
16636	0.06202315986
16637	0.06202165461
16638	0.06201938293
16639	0.062017451
16640	0.06201607226
16641	0.06201511069
16642	0.06201376893
16643	0.06201199005
16644	0.06200998708
16645	0.06200756014
16646	0.06200662905
16647	0.0620039991
16648	0.06200207346
16649	0.06200124796
16650	0.06199915061
16651	0.0619974744
16652	0.0619947432
16653	0.06199316143
16654	0.06198986265
16655	0.06198842979
16656	0.06198671602
16657	0.06198453331
16658	0.06197977257
16659	0.06197812264
16660	0.06197652434
16661	0.06197453219
16662	0.06197330683
16663	0.06197110113
16664	0.06196872701
16665	0.06196411686
16666	0.06196195261
16667	0.06195865095
16668	0.06195690156
16669	0.06195324276
16670	0.06195173027
16671	0.06195002908
16672	0.06194721357
16673	0.0619448968
16674	0.0619426816
16675	0.061940476
16676	0.06193918434
16677	0.06193714869
16678	0.06193546437
16679	0.06193342417
16680	0.06193067826
16681	0.06192885774
16682	0.06192685356
16683	0.06192442394
16684	0.06192311924
16685	0.0619209816
16686	0.0619190555
16687	0.06191619167
16688	0.06191438669
16689	0.06191298976
16690	0.06191120084
16691	0.06190891793
16692	0.06190633637
16693	0.06190438006
16694	0.06190299187
16695	0.06190004949
16696	0.06189832301
16697	0.06189676377
16698	0.06189489393
16699	0.06189233682
16700	0.06189050758
16701	0.06188867023
16702	0.06188607929
16703	0.06188354288
16704	0.06188117907
16705	0.0618793585
16706	0.06187726916
16707	0.0618754278
16708	0.06187186579
16709	0.06186975498
16710	0.06186837553
16711	0.06186607054
16712	0.06186396763
16713	0.0618617147
16714	0.06185914234
16715	0.06185703416
16716	0.06185485127
16717	0.06185194139
16718	0.06185022554
16719	0.06184927374
16720	0.0618481179
16721	0.06184509569
16722	0.06184252934
16723	0.06183926322
16724	0.06183780072
16725	0.06183628847
16726	0.06183483704
16727	0.06183247059
16728	0.06183146529
16729	0.06182893477
16730	0.06182762661
16731	0.06182428611
16732	0.06182273113
16733	0.06182021849
16734	0.06181783203
16735	0.06181548424
16736	0.06181219651
16737	0.06181039128
16738	0.06180859497
16739	0.06180674544
16740	0.06180467075
16741	0.06180274106
16742	0.06180036815
16743	0.06179793665
16744	0.06179585362
16745	0.06179479052
16746	0.06179262304
16747	0.06178998717
16748	0.06178686078
16749	0.06178515917
16750	0.06178243424
16751	0.06178058867
16752	0.06177811407
16753	0.0617765845
16754	0.06177372419
16755	0.06177190447
16756	0.06176848514
16757	0.0617651821
16758	0.06176289812
16759	0.06176088802
16760	0.06175855071
16761	0.06175640735
16762	0.06175513333
16763	0.06175216704
16764	0.06175025735
16765	0.06174809815
16766	0.06174629946
16767	0.06174506939
16768	0.06174305333
16769	0.06174188618
16770	0.06173891722
16771	0.0617367271
16772	0.06173387625
16773	0.06173288048
16774	0.06173169856
16775	0.06172952315
16776	0.06172701749
16777	0.06172482879
16778	0.06172322972
16779	0.06172121296
16780	0.06171988286
16781	0.06171839106
16782	0.06171687209
16783	0.06171476132
16784	0.06171284653
16785	0.0617113969
16786	0.06170905889
16787	0.0617065679
16788	0.0617048993
16789	0.061703981
16790	0.06170270634
16791	0.06170001322
16792	0.06169768655
16793	0.06169574362
16794	0.06169334447
16795	0.06169095477
16796	0.06168878596
16797	0.06168704394
16798	0.06168461543
16799	0.06168299441
16800	0.06168132493
16801	0.06167792361
16802	0.06167562189
16803	0.06167209986
16804	0.06167021993
16805	0.06166793577
16806	0.0616663239
16807	0.06166464886
16808	0.06166347954
16809	0.06166152246
16810	0.06166031009
16811	0.06165745708
16812	0.06165560256
16813	0.06165277201
16814	0.06165163225
16815	0.06164621721
16816	0.06164141492
16817	0.06164010064
16818	0.06163765519
16819	0.0616348604
16820	0.06163301684
16821	0.06163127308
16822	0.06162770693
16823	0.06162606432
16824	0.06162378213
16825	0.06162163611
16826	0.06161892924
16827	0.06161596056
16828	0.06161452492
16829	0.06161300817
16830	0.06160974579
16831	0.06160611357
16832	0.06160384479
16833	0.06160202654
16834	0.06160072335
16835	0.06159685698
16836	0.06159531202
16837	0.06159283688
16838	0.06159079362
16839	0.06158489624
16840	0.06158345959
16841	0.06158155333
16842	0.06157967293
16843	0.06157762125
16844	0.06157517536
16845	0.06157328233
16846	0.06157118294
16847	0.06156847517
16848	0.061567277
16849	0.06156621883
16850	0.06156416241
16851	0.06156211026
16852	0.06156009704
16853	0.06155795238
16854	0.06155643041
16855	0.0615528193
16856	0.06155037455
16857	0.06154817525
16858	0.06154665375
16859	0.06154416733
16860	0.06154204744
16861	0.06153873605
16862	0.06153642364
16863	0.06153394369
16864	0.0615327811
16865	0.06153024153
16866	0.06152740121
16867	0.06152368324
16868	0.06152146341
16869	0.06151981671
16870	0.06151813675
16871	0.06151606772
16872	0.06151480155
16873	0.06151376965
16874	0.06150916423
16875	0.06150683159
16876	0.06150596736
16877	0.06150446819
16878	0.06150224314
16879	0.06149958844
16880	0.06149682995
16881	0.0614927949
16882	0.06149013705
16883	0.06148751913
16884	0.06148552818
16885	0.06148374705
16886	0.0614828219
16887	0.06148054749
16888	0.06147881541
16889	0.06147713631
16890	0.06147527035
16891	0.0614734933
16892	0.06147284233
16893	0.06146989227
16894	0.0614684251
16895	0.06146601568
16896	0.0614639152
16897	0.06146251912
16898	0.06146088085
16899	0.06145891361
16900	0.06145637932
16901	0.06145457742
16902	0.06145217515
16903	0.06145143276
16904	0.06144890048
16905	0.06144702074
16906	0.06144443745
16907	0.06144251222
16908	0.06144041355
16909	0.06143831375
16910	0.06143589356
16911	0.06143380882
16912	0.06143243676
16913	0.06142951724
16914	0.06142288927
16915	0.0614207729
16916	0.0614184197
16917	0.06141409331
16918	0.06141224336
16919	0.06141073124
16920	0.06140895309
16921	0.06140783394
16922	0.06140634578
16923	0.06140342967
16924	0.06140181423
16925	0.06139983563
16926	0.06139809453
16927	0.06139623018
16928	0.06139398727
16929	0.06139204457
16930	0.06139023752
16931	0.06138852142
16932	0.06138643188
16933	0.06138490281
16934	0.06138356309
16935	0.06138064196
16936	0.06137755517
16937	0.06137438503
16938	0.06137330369
16939	0.06137128653
16940	0.0613675332
16941	0.06136480484
16942	0.06136361615
16943	0.06136112583
16944	0.06135849302
16945	0.06135725074
16946	0.06135517851
16947	0.06135394098
16948	0.06135166666
16949	0.06135062042
16950	0.06134928207
16951	0.06134733249
16952	0.06134566673
16953	0.06134283541
16954	0.06133985677
16955	0.06133891608
16956	0.06133775031
16957	0.06133605062
16958	0.06133439843
16959	0.06133268147
16960	0.06133061214
16961	0.06132796385
16962	0.06132663752
16963	0.06132425979
16964	0.06132264033
16965	0.0613166982
16966	0.06131449579
16967	0.06131299225
16968	0.06131132311
16969	0.06131035009
16970	0.06130870071
16971	0.06130664441
16972	0.06130428272
16973	0.06130137582
16974	0.0612989733
16975	0.06129413211
16976	0.06129262117
16977	0.06129056344
16978	0.06128865223
16979	0.06128728685
16980	0.06128410279
16981	0.06128129602
16982	0.06127912524
16983	0.06127788737
16984	0.06127667748
16985	0.06127436039
16986	0.06127183686
16987	0.06126951481
16988	0.06126781422
16989	0.06126655251
16990	0.06126470426
16991	0.06126344925
16992	0.06126166944
16993	0.06125969877
16994	0.06125713445
16995	0.06125510927
16996	0.06125344736
16997	0.06125091508
16998	0.06124915917
16999	0.06124728142
17000	0.06124560073
17001	0.06124456553
17002	0.06124248778
17003	0.06124131777
17004	0.06123975914
17005	0.06123724998
17006	0.06123459565
17007	0.061231526
17008	0.06122845183
17009	0.0612264464
17010	0.06122413588
17011	0.06121939107
17012	0.06121759973
17013	0.06121493915
17014	0.06121223945
17015	0.06121091513
17016	0.0612086931
17017	0.06120665044
17018	0.06120434383
17019	0.06120053578
17020	0.06119866194
17021	0.06119659398
17022	0.0611948583
17023	0.06119257595
17024	0.06119089238
17025	0.06118918161
17026	0.06118721588
17027	0.06118311895
17028	0.06118125349
17029	0.06117865488
17030	0.06117757091
17031	0.06117608549
17032	0.06117446622
17033	0.0611721487
17034	0.06116966492
17035	0.06116763238
17036	0.06116535696
17037	0.0611639667
17038	0.06116209506
17039	0.06116081921
17040	0.06115803992
17041	0.06115613832
17042	0.06115396383
17043	0.06115201378
17044	0.06115001691
17045	0.06114785253
17046	0.06114525421
17047	0.0611435852
17048	0.06114214032
17049	0.06113873358
17050	0.06113726442
17051	0.06113504013
17052	0.06113222133
17053	0.06113076335
17054	0.06112869293
17055	0.06112766218
17056	0.06112499066
17057	0.06112199998
17058	0.06111923628
17059	0.06111542133
17060	0.06111290891
17061	0.06111073258
17062	0.0611092074
17063	0.06110727743
17064	0.0611062179
17065	0.06110419011
17066	0.06110273087
17067	0.06110032981
17068	0.06109730208
17069	0.06109603308
17070	0.06109490516
17071	0.0610935962
17072	0.06109251055
17073	0.0610909346
17074	0.06108777941
17075	0.06108620827
17076	0.06108502509
17077	0.06108347719
17078	0.06108100835
17079	0.06107952277
17080	0.06107702167
17081	0.06107434458
17082	0.06106955397
17083	0.06106784357
17084	0.06106686151
17085	0.06106530153
17086	0.06106346238
17087	0.06106202385
17088	0.06105948682
17089	0.06105766664
17090	0.06105461863
17091	0.06105227713
17092	0.06104960667
17093	0.06104815679
17094	0.0610458114
17095	0.06104430728
17096	0.06104143987
17097	0.06103951756
17098	0.06103717534
17099	0.06103450654
17100	0.06103204142
17101	0.06102784836
17102	0.06102583578
17103	0.06102371054
17104	0.06102141936
17105	0.06102024505
17106	0.06101577959
17107	0.06101368852
17108	0.06101150827
17109	0.0610093478
17110	0.06100616063
17111	0.06100473947
17112	0.0610033623
17113	0.06100111333
17114	0.06099936704
17115	0.06099761224
17116	0.06099574796
17117	0.06099327993
17118	0.0609910768
17119	0.0609893816
17120	0.06098696868
17121	0.06098476282
17122	0.0609827881
17123	0.06097807776
17124	0.06097467166
17125	0.06097209261
17126	0.06097024332
17127	0.06096813428
17128	0.06096637762
17129	0.06096441089
17130	0.06096222728
17131	0.06096021513
17132	0.06095856692
17133	0.06095712958
17134	0.06095547802
17135	0.06095407248
17136	0.06095207554
17137	0.0609499328
17138	0.06094800259
17139	0.06094647112
17140	0.06094400124
17141	0.06094192506
17142	0.06093973391
17143	0.06093713857
17144	0.06093468477
17145	0.06093269154
17146	0.06093069415
17147	0.06092943219
17148	0.06092714572
17149	0.06092533984
17150	0.06092299381
17151	0.06092144362
17152	0.06091903406
17153	0.06091751483
17154	0.06091496981
17155	0.06091360319
17156	0.06091064505
17157	0.06090858355
17158	0.0609060941
17159	0.06090468471
17160	0.06090313861
17161	0.06089942854
17162	0.06089834942
17163	0.06089648467
17164	0.06089380045
17165	0.06089155182
17166	0.06088939322
17167	0.06088758838
17168	0.06088614495
17169	0.06088429229
17170	0.06088229407
17171	0.06088061243
17172	0.06087874301
17173	0.06087562198
17174	0.06087366772
17175	0.06087122114
17176	0.06086783491
17177	0.06086545105
17178	0.06086344851
17179	0.06086066783
17180	0.06085897096
17181	0.06085641074
17182	0.06085489464
17183	0.06085200571
17184	0.06084680312
17185	0.06084524407
17186	0.06084369671
17187	0.0608420182
17188	0.06083934262
17189	0.06083700201
17190	0.06083573478
17191	0.06083366404
17192	0.06083206002
17193	0.06082999299
17194	0.0608281002
17195	0.060826044
17196	0.06082064049
17197	0.06081903888
17198	0.06081714758
17199	0.06081495226
17200	0.06081286579
17201	0.06080937457
17202	0.06080780992
17203	0.06080558392
17204	0.06080410033
17205	0.0608023684
17206	0.06079975525
17207	0.06079688612
17208	0.06079576529
17209	0.06079278291
17210	0.06079115798
17211	0.06078975492
17212	0.06078869859
17213	0.06078660057
17214	0.06078436548
17215	0.06078119223
17216	0.06077880299
17217	0.06077732274
17218	0.06077570488
17219	0.06077478032
17220	0.06077354299
17221	0.06077189944
17222	0.06076969123
17223	0.06076836292
17224	0.06076660014
17225	0.06076437236
17226	0.06076226388
17227	0.06075990122
17228	0.06075816005
17229	0.06074781909
17230	0.06074710947
17231	0.06074466402
17232	0.06074252933
17233	0.06074075547
17234	0.06073965589
17235	0.06073761292
17236	0.06073558465
17237	0.0607326864
17238	0.06073145007
17239	0.06072944459
17240	0.06072732846
17241	0.06072593668
17242	0.0607227971
17243	0.06071815985
17244	0.0607153847
17245	0.0607141908
17246	0.06071256404
17247	0.06071064637
17248	0.06070876319
17249	0.06070712125
17250	0.06070443028
17251	0.06070252854
17252	0.06070126666
17253	0.06070028427
17254	0.0606991028
17255	0.06069678295
17256	0.06069483317
17257	0.06069259989
17258	0.06069125218
17259	0.06068987577
17260	0.06068678538
17261	0.06068469622
17262	0.06068211279
17263	0.06068039229
17264	0.06067824091
17265	0.06067732471
17266	0.06067497108
17267	0.06067374981
17268	0.06067085559
17269	0.06066914865
17270	0.06066348146
17271	0.06066175548
17272	0.06065880612
17273	0.06065656173
17274	0.06065395011
17275	0.06065270623
17276	0.0606500753
17277	0.06064897932
17278	0.06064639353
17279	0.06064478663
17280	0.06064278171
17281	0.06064098496
17282	0.06063867789
17283	0.0606342459
17284	0.06063213801
17285	0.06063000663
17286	0.06062819627
17287	0.06062599519
17288	0.0606239376
17289	0.06062145635
17290	0.06061946777
17291	0.06061774814
17292	0.06061561902
17293	0.06061357523
17294	0.06061095088
17295	0.0606092255
17296	0.06060687403
17297	0.06060522204
17298	0.06060373231
17299	0.06060218493
17300	0.06060023607
17301	0.06059689539
17302	0.06059488901
17303	0.06059333849
17304	0.06059188126
17305	0.06059046052
17306	0.06058765021
17307	0.06058649885
17308	0.06058480936
17309	0.06058285963
17310	0.06058081482
17311	0.06057786088
17312	0.06057671544
17313	0.06057528623
17314	0.06057400038
17315	0.06057199414
17316	0.0605702367
17317	0.06056752697
17318	0.06056559535
17319	0.06056311721
17320	0.06056109791
17321	0.06055974027
17322	0.06055782434
17323	0.06055510882
17324	0.06055398386
17325	0.06055174827
17326	0.06054931206
17327	0.06054699092
17328	0.06054576677
17329	0.06054514717
17330	0.06054264464
17331	0.06054123808
17332	0.06053884373
17333	0.06053791068
17334	0.06053587734
17335	0.06053439872
17336	0.06053105483
17337	0.06052920346
17338	0.06052759988
17339	0.06052591659
17340	0.0605232224
17341	0.060521782
17342	0.06052067271
17343	0.06051989361
17344	0.0605179081
17345	0.06051529926
17346	0.06051394994
17347	0.06051153162
17348	0.06051019125
17349	0.06050836095
17350	0.06050676881
17351	0.06050499143
17352	0.06050045899
17353	0.06049675425
17354	0.06049590398
17355	0.06049413121
17356	0.06049210686
17357	0.06049004492
17358	0.06048823195
17359	0.06048671131
17360	0.06048477673
17361	0.06048374596
17362	0.06048200062
17363	0.06047953837
17364	0.0604777989
17365	0.06047587046
17366	0.0604740657
17367	0.06047240828
17368	0.06047057911
17369	0.06046887911
17370	0.06046703671
17371	0.06046491621
17372	0.06046347804
17373	0.06046130779
17374	0.06045868677
17375	0.06045741001
17376	0.06045513972
17377	0.06045252319
17378	0.06044928404
17379	0.06044780195
17380	0.06044555218
17381	0.06044367661
17382	0.06044092794
17383	0.06043912778
17384	0.06043724514
17385	0.06043538327
17386	0.06043335534
17387	0.0604319223
17388	0.06042923923
17389	0.06042745572
17390	0.06042613646
17391	0.06042485409
17392	0.06042335303
17393	0.06042027937
17394	0.06041771635
17395	0.06041644984
17396	0.06041504838
17397	0.06041382154
17398	0.06041219583
17399	0.06041054642
17400	0.06040894516
17401	0.06040735796
17402	0.0604056834
17403	0.06040369737
17404	0.06040170343
17405	0.06039989279
17406	0.06039753342
17407	0.06039645525
17408	0.06039404746
17409	0.06039044727
17410	0.06038838329
17411	0.06038625324
17412	0.06038445903
17413	0.06038191071
17414	0.06037936755
17415	0.06037758522
17416	0.06037602777
17417	0.06037330185
17418	0.06036801135
17419	0.06036611821
17420	0.06036467129
17421	0.06036174899
17422	0.06036088294
17423	0.06035862795
17424	0.06035700455
17425	0.06035540233
17426	0.06035265462
17427	0.06035142579
17428	0.06034954826
17429	0.06034716652
17430	0.06034527564
17431	0.06034272827
17432	0.06034060467
17433	0.06033705724
17434	0.06033575085
17435	0.06033432223
17436	0.06033286824
17437	0.06033158273
17438	0.06032993204
17439	0.06032936343
17440	0.06032682904
17441	0.0603251552
17442	0.06032309779
17443	0.06032080778
17444	0.06031853006
17445	0.06031759875
17446	0.06031602871
17447	0.06031440309
17448	0.06031271611
17449	0.06031029737
17450	0.06030835603
17451	0.06030675815
17452	0.06030547332
17453	0.06030336956
17454	0.06029859243
17455	0.06029725542
17456	0.06029436646
17457	0.06029191038
17458	0.0602897674
17459	0.06028756378
17460	0.06028549946
17461	0.06028359049
17462	0.06027877866
17463	0.06027753384
17464	0.06027585942
17465	0.06027364381
17466	0.06027152953
17467	0.06027042083
17468	0.06026798422
17469	0.06026704514
17470	0.06026456785
17471	0.06026259423
17472	0.06026098579
17473	0.06025994243
17474	0.06025849404
17475	0.06025611948
17476	0.06025449411
17477	0.06025339944
17478	0.06025174509
17479	0.06024968927
17480	0.0602478496
17481	0.06024713016
17482	0.06024583031
17483	0.06024361608
17484	0.06024119494
17485	0.06023913966
17486	0.06023832921
17487	0.06023634165
17488	0.06023409177
17489	0.06023304907
17490	0.06023199483
17491	0.06022962381
17492	0.06022763066
17493	0.0602257058
17494	0.06022370732
17495	0.06022044479
17496	0.0602184969
17497	0.06021670083
17498	0.06021435309
17499	0.06021298527
17500	0.06021105468
17501	0.06020894232
17502	0.06020661352
17503	0.06020370346
17504	0.06020196832
17505	0.06020087666
17506	0.06019962046
17507	0.06018924618
17508	0.06018457498
17509	0.06018294549
17510	0.06018119005
17511	0.06017949827
17512	0.06017808191
17513	0.06017686671
17514	0.0601742123
17515	0.06017244149
17516	0.06017054169
17517	0.06016838935
17518	0.06016686319
17519	0.06016284743
17520	0.06016034446
17521	0.06015943373
17522	0.06015735567
17523	0.06015511907
17524	0.0601540869
17525	0.06015282502
17526	0.06015007351
17527	0.06014880114
17528	0.0601455447
17529	0.06014383178
17530	0.06014246016
17531	0.06014126503
17532	0.06014035055
17533	0.06013904763
17534	0.06013756117
17535	0.0601352616
17536	0.06013332473
17537	0.06013195244
17538	0.06012832753
17539	0.06012526137
17540	0.06012346235
17541	0.06012129428
17542	0.06011934308
17543	0.06011785139
17544	0.06011536478
17545	0.06011361531
17546	0.06011199178
17547	0.0601099382
17548	0.06010585273
17549	0.06010441327
17550	0.06010234762
17551	0.06010085941
17552	0.06009847781
17553	0.0600963817
17554	0.06009456877
17555	0.06009255085
17556	0.06009123693
17557	0.06008842224
17558	0.06008569945
17559	0.06008365247
17560	0.06008108658
17561	0.06007893428
17562	0.06007787678
17563	0.06007622964
17564	0.0600746316
17565	0.06007288288
17566	0.06007159139
17567	0.06006992953
17568	0.06006842335
17569	0.06006665499
17570	0.06006438342
17571	0.06006183773
17572	0.06005960698
17573	0.06005796059
17574	0.06005627686
17575	0.06005464439
17576	0.06005323636
17577	0.06005104732
17578	0.0600481832
17579	0.06004708127
17580	0.06004437049
17581	0.0600413866
17582	0.06003951068
17583	0.06003719668
17584	0.06003245777
17585	0.06003023232
17586	0.0600284321
17587	0.06002649782
17588	0.06002402739
17589	0.06002213159
17590	0.06001974467
17591	0.06001858213
17592	0.0600175345
17593	0.06001533042
17594	0.06001339365
17595	0.06001197429
17596	0.06000998161
17597	0.06000747048
17598	0.06000659023
17599	0.06000462713
17600	0.06000307755
17601	0.06000079493
17602	0.05999868906
17603	0.05999398409
17604	0.05999156623
17605	0.05998711054
17606	0.0599855322
17607	0.05998322819
17608	0.0599814158
17609	0.05997934693
17610	0.05997685133
17611	0.05997544316
17612	0.05997305748
17613	0.05997046542
17614	0.05996796222
17615	0.05996591991
17616	0.05996451141
17617	0.05996243812
17618	0.05995889955
17619	0.05995654145
17620	0.05995473316
17621	0.0599524264
17622	0.05994933889
17623	0.05994743193
17624	0.05994607586
17625	0.05994413849
17626	0.05994209606
17627	0.05994045892
17628	0.05993820012
17629	0.0599372327
17630	0.05993493884
17631	0.05993352379
17632	0.05993138824
17633	0.05992941535
17634	0.05992819606
17635	0.05992380781
17636	0.05992199001
17637	0.05992041935
17638	0.05991796404
17639	0.05991656393
17640	0.05991434766
17641	0.05991179053
17642	0.05990961674
17643	0.0599075074
17644	0.05990633292
17645	0.05990390306
17646	0.0599016106
17647	0.05989996327
17648	0.05989686055
17649	0.05989387921
17650	0.05989192497
17651	0.05989031157
17652	0.05988755582
17653	0.05988564479
17654	0.05988381699
17655	0.05988170277
17656	0.05988048073
17657	0.05987821862
17658	0.05987712787
17659	0.05987472465
17660	0.05987212144
17661	0.05987006281
17662	0.05986754195
17663	0.05986606732
17664	0.05986415745
17665	0.05986203722
17666	0.05985931511
17667	0.05985661852
17668	0.05985439894
17669	0.05985150573
17670	0.05985041783
17671	0.05984919788
17672	0.05984813831
17673	0.05984544561
17674	0.05984293561
17675	0.05984164896
17676	0.05983935999
17677	0.05983823504
17678	0.05983661854
17679	0.0598347778
17680	0.05983317203
17681	0.05983160666
17682	0.05983047767
17683	0.05982858319
17684	0.0598262522
17685	0.0598246961
17686	0.05982244348
17687	0.05982052263
17688	0.05981798222
17689	0.05981463621
17690	0.05981247634
17691	0.05981031901
17692	0.05980841264
17693	0.05980686263
17694	0.05980501479
17695	0.05980383551
17696	0.059801845
17697	0.05979952347
17698	0.05979779091
17699	0.05979612708
17700	0.05979366201
17701	0.05979165371
17702	0.05978972694
17703	0.05978821762
17704	0.05978559913
17705	0.05978316558
17706	0.05978088859
17707	0.05977860718
17708	0.05977728393
17709	0.05977516229
17710	0.05977335281
17711	0.05977220922
17712	0.05976928809
17713	0.05976788906
17714	0.05976534908
17715	0.05976303944
17716	0.059760564
17717	0.05975889115
17718	0.05975763073
17719	0.05975627092
17720	0.0597537542
17721	0.05975264222
17722	0.05975109357
17723	0.05974931015
17724	0.05974690249
17725	0.05974502187
17726	0.05974319111
17727	0.05974206811
17728	0.05974097687
17729	0.05973894098
17730	0.05973681289
17731	0.05973587056
17732	0.05973422688
17733	0.05973293577
17734	0.05973130735
17735	0.05972940436
17736	0.05972736677
17737	0.05972611336
17738	0.05972144266
17739	0.05971984502
17740	0.05971880807
17741	0.05971711492
17742	0.05971460509
17743	0.05971239985
17744	0.05971049768
17745	0.05970794669
17746	0.05970531189
17747	0.0597032553
17748	0.05970147856
17749	0.05969911641
17750	0.05969797697
17751	0.05969650836
17752	0.05969405276
17753	0.05969184637
17754	0.05969020959
17755	0.05968826804
17756	0.05968608626
17757	0.05968304403
17758	0.05968169621
17759	0.05967920722
17760	0.05967760487
17761	0.05967539409
17762	0.05967420585
17763	0.05967198194
17764	0.05966756635
17765	0.05966491763
17766	0.05966308868
17767	0.05966008233
17768	0.05965833477
17769	0.05965678002
17770	0.05965435414
17771	0.05965239413
17772	0.05965037407
17773	0.05964859034
17774	0.05964549009
17775	0.05964376762
17776	0.05964187008
17777	0.05964020296
17778	0.05963832824
17779	0.05963617494
17780	0.0596340566
17781	0.05963299475
17782	0.0596318177
17783	0.05962998776
17784	0.05962807356
17785	0.05962603364
17786	0.05962382202
17787	0.05962209144
17788	0.05961759262
17789	0.05961484066
17790	0.05961242914
17791	0.05961057841
17792	0.05960947572
17793	0.05960750586
17794	0.05960529537
17795	0.05960433584
17796	0.05960276355
17797	0.05960113806
17798	0.05959921784
17799	0.05959689701
17800	0.05959601037
17801	0.05959441007
17802	0.0595928223
17803	0.05959083522
17804	0.05958934686
17805	0.05958724321
17806	0.05958536457
17807	0.05958354847
17808	0.05958194299
17809	0.0595795845
17810	0.05957783882
17811	0.05957600428
17812	0.05957417486
17813	0.05957227999
17814	0.05957024006
17815	0.05956880992
17816	0.0595666648
17817	0.05956535415
17818	0.05956346742
17819	0.05956201928
17820	0.0595602744
17821	0.05955815732
17822	0.05955736555
17823	0.05955543313
17824	0.05955316805
17825	0.05955149303
17826	0.05954926821
17827	0.05954768681
17828	0.05954570557
17829	0.0595403935
17830	0.05953914001
17831	0.05953712635
17832	0.05953559659
17833	0.05953463064
17834	0.05953278298
17835	0.05953115668
17836	0.05952925384
17837	0.05952767752
17838	0.05952607689
17839	0.0595247511
17840	0.05952362069
17841	0.05952209963
17842	0.05951923274
17843	0.05951721782
17844	0.05951566947
17845	0.05951398746
17846	0.05951268999
17847	0.059510703
17848	0.05950797751
17849	0.05950526356
17850	0.05950285815
17851	0.05950182232
17852	0.05950044309
17853	0.05949851635
17854	0.0594971709
17855	0.0594955803
17856	0.0594934089
17857	0.05949212529
17858	0.05948999053
17859	0.05948851095
17860	0.05948636415
17861	0.05948429308
17862	0.05948173379
17863	0.05948025887
17864	0.0594786442
17865	0.05947616912
17866	0.05947374991
17867	0.059472353
17868	0.05947113723
17869	0.05946812781
17870	0.0594664171
17871	0.05946462772
17872	0.05946272829
17873	0.05946048027
17874	0.05945806348
17875	0.05945443025
17876	0.05945310944
17877	0.05945062362
17878	0.05944856764
17879	0.05944595459
17880	0.05944416621
17881	0.05944169493
17882	0.05943930539
17883	0.05943657755
17884	0.05943445952
17885	0.05943375488
17886	0.05943212488
17887	0.05943115969
17888	0.05942936635
17889	0.05942762263
17890	0.05942504931
17891	0.05942335468
17892	0.05942218932
17893	0.05941980481
17894	0.05941812575
17895	0.05941620332
17896	0.05941436607
17897	0.05941298002
17898	0.05941158479
17899	0.05940968591
17900	0.05940754319
17901	0.0594054109
17902	0.05940341801
17903	0.05940182981
17904	0.05939902695
17905	0.05939710084
17906	0.05939561435
17907	0.05939355501
17908	0.05939117597
17909	0.05938958599
17910	0.0593877236
17911	0.05938474645
17912	0.05938337594
17913	0.05938157483
17914	0.05937947496
17915	0.05937758235
17916	0.05937499774
17917	0.05937388579
17918	0.05937294783
17919	0.0593702873
17920	0.05936814288
17921	0.05936652663
17922	0.05936455368
17923	0.05936332409
17924	0.05935927851
17925	0.05935778666
17926	0.05935622197
17927	0.05935351757
17928	0.0593519625
17929	0.05935062989
17930	0.05934911314
17931	0.05934721029
17932	0.05934509347
17933	0.05934303459
17934	0.0593412386
17935	0.05934019573
17936	0.05933835037
17937	0.05933730198
17938	0.05933499184
17939	0.05933357301
17940	0.05933216403
17941	0.05932998505
17942	0.0593282667
17943	0.05932606429
17944	0.05932405528
17945	0.05932250238
17946	0.05932070415
17947	0.05931893149
17948	0.05931752153
17949	0.05931671321
17950	0.05931533735
17951	0.05931068351
17952	0.05930877585
17953	0.0593061179
17954	0.05930384767
17955	0.05930287108
17956	0.05930061676
17957	0.05929865238
17958	0.0592973933
17959	0.05929550713
17960	0.05929330117
17961	0.05929018081
17962	0.05928695062
17963	0.05928475507
17964	0.05928348899
17965	0.05928033723
17966	0.05927858603
17967	0.05927635802
17968	0.05927373733
17969	0.0592720991
17970	0.05927066312
17971	0.05926829695
17972	0.05926694818
17973	0.05926523271
17974	0.05926270206
17975	0.05926099188
17976	0.05925910386
17977	0.05925678716
17978	0.05925379663
17979	0.05925174135
17980	0.05924966308
17981	0.05924817059
17982	0.05924623659
17983	0.05924441063
17984	0.05924283653
17985	0.05924022247
17986	0.05923795698
17987	0.05923510539
17988	0.0592326842
17989	0.05923082378
17990	0.05922847659
17991	0.05922611316
17992	0.05922355996
17993	0.05922189564
17994	0.0592207677
17995	0.05921892975
17996	0.059216743
17997	0.0592150692
17998	0.0592132583
17999	0.05921120211
18000	0.05920930046
18001	0.059207504
18002	0.0592055474
18003	0.05920454558
18004	0.05920301473
18005	0.05920096189
18006	0.05919865226
18007	0.0591964337
18008	0.0591915083
18009	0.05918902376
18010	0.05918684238
18011	0.05918411051
18012	0.05918309632
18013	0.05918124477
18014	0.05917944874
18015	0.059177372
18016	0.05917489328
18017	0.0591734303
18018	0.05917100918
18019	0.05917010889
18020	0.05916729767
18021	0.05916354864
18022	0.05916243887
18023	0.05916068049
18024	0.05915842664
18025	0.05915541787
18026	0.05915313843
18027	0.0591514349
18028	0.0591497806
18029	0.05914755508
18030	0.05914577995
18031	0.05914407673
18032	0.05914222135
18033	0.05914069081
18034	0.05913840575
18035	0.05913654337
18036	0.05913507622
18037	0.05913331113
18038	0.0591319637
18039	0.05913023122
18040	0.05912758233
18041	0.05912583974
18042	0.05912289025
18043	0.0591212665
18044	0.05911912679
18045	0.05911693035
18046	0.05911539833
18047	0.0591134225
18048	0.05911164145
18049	0.05911002098
18050	0.05910770917
18051	0.05910662591
18052	0.05910527947
18053	0.05910350925
18054	0.05910081636
18055	0.05909911657
18056	0.05909766805
18057	0.05909534318
18058	0.05909369422
18059	0.0590920844
18060	0.05909077759
18061	0.05908925577
18062	0.05908539373
18063	0.05908364949
18064	0.05908161075
18065	0.05907886784
18066	0.05907758883
18067	0.05907589118
18068	0.05907395524
18069	0.05907212159
18070	0.05907056058
18071	0.0590694419
18072	0.05906782587
18073	0.05906622999
18074	0.05906501713
18075	0.05906360973
18076	0.05906186845
18077	0.05905913229
18078	0.05905685474
18079	0.05905456928
18080	0.05905252307
18081	0.05905075656
18082	0.0590490588
18083	0.05904649565
18084	0.05904478518
18085	0.05904175305
18086	0.05903918444
18087	0.05903727786
18088	0.05903244902
18089	0.05902820132
18090	0.05902629482
18091	0.05902478576
18092	0.05902304129
18093	0.05902028375
18094	0.05901893632
18095	0.05901699008
18096	0.0590145108
18097	0.05900924491
18098	0.05900679156
18099	0.05900518086
18100	0.05900343504
18101	0.05900149731
18102	0.05899973121
18103	0.05899743569
18104	0.05899474797
18105	0.05899272413
18106	0.05899107791
18107	0.05898876405
18108	0.05898761036
18109	0.05898623731
18110	0.05898490868
18111	0.05898350004
18112	0.05898225063
18113	0.05897804018
18114	0.05897551421
18115	0.05897403837
18116	0.0589722493
18117	0.05897012496
18118	0.05896823013
18119	0.05896630671
18120	0.05896438358
18121	0.058962561
18122	0.05896099222
18123	0.05895896353
18124	0.05895710547
18125	0.05895558845
18126	0.05895355727
18127	0.05895155181
18128	0.0589501828
18129	0.05894724287
18130	0.05894529838
18131	0.05894354619
18132	0.05894191436
18133	0.05894014723
18134	0.05893882396
18135	0.05893672665
18136	0.05893525
18137	0.05893349009
18138	0.05893167834
18139	0.05892928121
18140	0.05892760363
18141	0.05892548657
18142	0.05892277747
18143	0.05892200317
18144	0.0589208522
18145	0.05891846217
18146	0.05891639666
18147	0.05891470983
18148	0.0589124334
18149	0.05891046757
18150	0.05890884403
18151	0.05890748733
18152	0.05890563521
18153	0.05890426558
18154	0.05890236851
18155	0.05890015138
18156	0.05889804172
18157	0.0588969307
18158	0.0588944222
18159	0.05889167668
18160	0.05889064659
18161	0.05888806588
18162	0.05888654838
18163	0.05888466154
18164	0.05888229955
18165	0.05887980987
18166	0.05887764977
18167	0.05887661135
18168	0.05887410362
18169	0.05887237724
18170	0.05886955919
18171	0.05886667753
18172	0.05886544163
18173	0.05886421615
18174	0.05886239333
18175	0.05886061761
18176	0.05885730434
18177	0.0588552059
18178	0.0588526278
18179	0.05885127656
18180	0.05884895756
18181	0.05884704539
18182	0.05884533079
18183	0.05884358998
18184	0.05884165588
18185	0.05883925648
18186	0.05883771571
18187	0.0588360632
18188	0.05883419644
18189	0.05882640698
18190	0.05882391656
18191	0.05882104112
18192	0.05881867627
18193	0.05881645566
18194	0.05881456434
18195	0.05881320411
18196	0.05881208217
18197	0.05881097133
18198	0.05880890605
18199	0.05880639995
18200	0.05880419438
18201	0.05880239152
18202	0.05880066046
18203	0.05879935573
18204	0.05879763536
18205	0.05879547872
18206	0.05879419686
18207	0.05879278068
18208	0.05879129398
18209	0.05878916365
18210	0.05878770505
18211	0.05878612527
18212	0.05878442116
18213	0.05878270626
18214	0.0587805915
18215	0.05877936694
18216	0.05877779
18217	0.05877584851
18218	0.05877292996
18219	0.05877078964
18220	0.05876858829
18221	0.058766971
18222	0.05876425722
18223	0.05876138672
18224	0.05875948137
18225	0.0587575625
18226	0.05875608841
18227	0.05875449119
18228	0.05875349476
18229	0.05875190992
18230	0.05875044262
18231	0.05874860385
18232	0.0587459911
18233	0.05874297426
18234	0.05874096414
18235	0.05873608371
18236	0.0587335272
18237	0.05873120412
18238	0.05872838645
18239	0.05872334227
18240	0.05872133876
18241	0.05872023823
18242	0.05871877651
18243	0.0587166339
18244	0.05871472427
18245	0.05871340043
18246	0.05871216171
18247	0.05870991482
18248	0.05870835523
18249	0.05870614894
18250	0.05870453166
18251	0.05870260201
18252	0.05870004037
18253	0.05869854522
18254	0.05869593285
18255	0.05869120099
18256	0.05868960595
18257	0.05868749725
18258	0.05868600313
18259	0.05868440962
18260	0.05868303742
18261	0.05868145643
18262	0.05867954859
18263	0.05867800863
18264	0.05867413871
18265	0.05867266522
18266	0.0586705646
18267	0.05866925155
18268	0.05866693964
18269	0.05866356679
18270	0.05866176918
18271	0.05866069319
18272	0.05865819648
18273	0.05865613823
18274	0.05865388937
18275	0.05865263613
18276	0.05865051959
18277	0.05864943294
18278	0.05864746754
18279	0.05864595797
18280	0.05864466203
18281	0.05864268925
18282	0.05864124685
18283	0.05863964268
18284	0.05863819548
18285	0.05863665403
18286	0.05863555787
18287	0.05863244214
18288	0.05863028697
18289	0.05862811549
18290	0.05862581715
18291	0.05862389912
18292	0.05862184455
18293	0.05862021293
18294	0.05861853549
18295	0.05861693219
18296	0.05861510329
18297	0.05861321238
18298	0.05861112949
18299	0.05861040534
18300	0.05860881889
18301	0.05860691345
18302	0.05860447598
18303	0.05860260608
18304	0.05860098104
18305	0.05859935099
18306	0.05859687343
18307	0.05859501057
18308	0.05859201272
18309	0.0585894027
18310	0.05858774722
18311	0.05858292843
18312	0.0585806215
18313	0.05857840538
18314	0.05857643602
18315	0.05857449148
18316	0.05857277011
18317	0.05857060362
18318	0.05856950278
18319	0.05856786778
18320	0.0585661304
18321	0.05856256839
18322	0.05856047311
18323	0.05855890345
18324	0.05855629924
18325	0.05855403634
18326	0.05855211324
18327	0.0585500794
18328	0.05854833298
18329	0.05854694084
18330	0.058545368
18331	0.0585430479
18332	0.05854160977
18333	0.058540618
18334	0.05853855283
18335	0.05853360861
18336	0.05853175343
18337	0.05852958853
18338	0.05852769706
18339	0.05852566276
18340	0.05852441762
18341	0.05852250679
18342	0.05851634794
18343	0.05851383988
18344	0.05851093512
18345	0.05850990437
18346	0.05850826558
18347	0.05850651468
18348	0.05850458918
18349	0.05850235562
18350	0.05849990333
18351	0.05849585779
18352	0.05849443242
18353	0.05849164517
18354	0.05848795833
18355	0.05848656305
18356	0.05848400197
18357	0.0584820533
18358	0.05847996712
18359	0.05847524825
18360	0.05847349667
18361	0.0584720138
18362	0.05847033247
18363	0.05846777403
18364	0.05846621723
18365	0.05846447918
18366	0.05846187919
18367	0.05845999409
18368	0.05845827604
18369	0.058455539
18370	0.05845426863
18371	0.05845192405
18372	0.05844988086
18373	0.05844761482
18374	0.05844402821
18375	0.05844268282
18376	0.05844048891
18377	0.05843831732
18378	0.05843622224
18379	0.05843482377
18380	0.05843247408
18381	0.05843105665
18382	0.0584303744
18383	0.05842838488
18384	0.05842615107
18385	0.05842435027
18386	0.05842212339
18387	0.05842072188
18388	0.05841869719
18389	0.05841711951
18390	0.05841511273
18391	0.05841276778
18392	0.05841018972
18393	0.05840861581
18394	0.05840719305
18395	0.05840495793
18396	0.05840340632
18397	0.05840202447
18398	0.0583998961
18399	0.05839814853
18400	0.05839633644
18401	0.05839375793
18402	0.05839238234
18403	0.05839002353
18404	0.05838730495
18405	0.05838562542
18406	0.05838404423
18407	0.05838277183
18408	0.05838073085
18409	0.05837919132
18410	0.05837800821
18411	0.05837633834
18412	0.05837431955
18413	0.05837348814
18414	0.05837238331
18415	0.05837105231
18416	0.05836926088
18417	0.05836729128
18418	0.05836566703
18419	0.05836352002
18420	0.05836206969
18421	0.05836010506
18422	0.0583577542
18423	0.0583558635
18424	0.0583539141
18425	0.05835132277
18426	0.05834977332
18427	0.05834796961
18428	0.05834664487
18429	0.0583450251
18430	0.05834378895
18431	0.05834260886
18432	0.05834057854
18433	0.05833782683
18434	0.05833617951
18435	0.05833410739
18436	0.05833184122
18437	0.05832987088
18438	0.05832842717
18439	0.05832739121
18440	0.05832612799
18441	0.05832461249
18442	0.05832274535
18443	0.05832009082
18444	0.05831874289
18445	0.05831682303
18446	0.0583148113
18447	0.05831226085
18448	0.05831044307
18449	0.05830850983
18450	0.05830690002
18451	0.05830423937
18452	0.05830298382
18453	0.05830011061
18454	0.05829850278
18455	0.05829635249
18456	0.05829500715
18457	0.05829341361
18458	0.05829161282
18459	0.05828964428
18460	0.05828848158
18461	0.05828650144
18462	0.05828423903
18463	0.05828176956
18464	0.05827912711
18465	0.05827689791
18466	0.05827608966
18467	0.05827434929
18468	0.05827178876
18469	0.05826823323
18470	0.05826732554
18471	0.05826552816
18472	0.05826404036
18473	0.05826080009
18474	0.05825750842
18475	0.05825595043
18476	0.05825503288
18477	0.05825261996
18478	0.05825091513
18479	0.05824891505
18480	0.05824756688
18481	0.05824515493
18482	0.05824279645
18483	0.05824130714
18484	0.05824008425
18485	0.05823715441
18486	0.05823602337
18487	0.05823470301
18488	0.05823244301
18489	0.05822999022
18490	0.05822869883
18491	0.0582269388
18492	0.05822558252
18493	0.05822396683
18494	0.05822259846
18495	0.05822059836
18496	0.05821960617
18497	0.05821817868
18498	0.05821717665
18499	0.05821601401
18500	0.05821462356
18501	0.05821353156
18502	0.05821246608
18503	0.05821005462
18504	0.05820819119
18505	0.05820571925
18506	0.05820413772
18507	0.05820262798
18508	0.05820047382
18509	0.0581984913
18510	0.05819677092
18511	0.05819501016
18512	0.05819330854
18513	0.05819203379
18514	0.05819033237
18515	0.05818815862
18516	0.05818640528
18517	0.05818423009
18518	0.05818148115
18519	0.05817978953
18520	0.05817875173
18521	0.05817718107
18522	0.05817627346
18523	0.05817385507
18524	0.05817190391
18525	0.05817094605
18526	0.0581688533
18527	0.05816788952
18528	0.0581664295
18529	0.05816389395
18530	0.05816215194
18531	0.05816053804
18532	0.05815899409
18533	0.05815725411
18534	0.05815466376
18535	0.05815293645
18536	0.05815169984
18537	0.0581490352
18538	0.05814612554
18539	0.05814447843
18540	0.05814138781
18541	0.05814014848
18542	0.05813715267
18543	0.05813528587
18544	0.05813324611
18545	0.05813170096
18546	0.05813000647
18547	0.05812854749
18548	0.05812706751
18549	0.05812490253
18550	0.05812349299
18551	0.05812102347
18552	0.0581191334
18553	0.05811749567
18554	0.05811468355
18555	0.0581133853
18556	0.05811138657
18557	0.05810916251
18558	0.05810806243
18559	0.05810667003
18560	0.05810551312
18561	0.05810368622
18562	0.05810188651
18563	0.05809948748
18564	0.05809751214
18565	0.05809554799
18566	0.05809405718
18567	0.05809251143
18568	0.05809088357
18569	0.05808981486
18570	0.05808802118
18571	0.05808617866
18572	0.05808379632
18573	0.0580826223
18574	0.05807998526
18575	0.05807834288
18576	0.05807621006
18577	0.0580748487
18578	0.05807328945
18579	0.05807143902
18580	0.05806994956
18581	0.05806904821
18582	0.05806800938
18583	0.05806585544
18584	0.05806368063
18585	0.05806149202
18586	0.05805984993
18587	0.05805689726
18588	0.0580528534
18589	0.05805158059
18590	0.05804903557
18591	0.05804774597
18592	0.05804576887
18593	0.05804388201
18594	0.05804303759
18595	0.05803876519
18596	0.05803619938
18597	0.0580338331
18598	0.05803196273
18599	0.05802997751
18600	0.05802802321
18601	0.05802675767
18602	0.05802468782
18603	0.05802265307
18604	0.05802073892
18605	0.0580190088
18606	0.05801621586
18607	0.05801420584
18608	0.05801226871
18609	0.0580104105
18610	0.05800806633
18611	0.05800514191
18612	0.05800372562
18613	0.05800207601
18614	0.05799982464
18615	0.05799852146
18616	0.05799591495
18617	0.05799435116
18618	0.05799275359
18619	0.05798978086
18620	0.05798738427
18621	0.0579858329
18622	0.05798367789
18623	0.05798194754
18624	0.05797966095
18625	0.05797809736
18626	0.057975576
18627	0.05797284626
18628	0.05797030815
18629	0.05796875252
18630	0.05796702878
18631	0.05796504248
18632	0.05796259125
18633	0.0579603056
18634	0.05795677254
18635	0.05795471507
18636	0.05795295355
18637	0.05795042528
18638	0.05794863829
18639	0.05794676877
18640	0.05794484068
18641	0.05794338685
18642	0.05794222282
18643	0.0579403894
18644	0.05793821234
18645	0.05793685325
18646	0.05793540058
18647	0.05793267747
18648	0.05793102808
18649	0.05792725884
18650	0.05792570373
18651	0.0579231349
18652	0.05792095734
18653	0.05791908616
18654	0.05791675184
18655	0.05791410221
18656	0.05791268864
18657	0.05791060031
18658	0.05790977437
18659	0.057907487
18660	0.05790559927
18661	0.05790405873
18662	0.05790250024
18663	0.05790063619
18664	0.05789880919
18665	0.05789693929
18666	0.05789519564
18667	0.05789381975
18668	0.05789247882
18669	0.05789044945
18670	0.05788879244
18671	0.05788672891
18672	0.05788500256
18673	0.05788279673
18674	0.05788074897
18675	0.05787932236
18676	0.0578781636
18677	0.05787631187
18678	0.05787310892
18679	0.0578712618
18680	0.05786889439
18681	0.05786693767
18682	0.05786373684
18683	0.05786163318
18684	0.05785908807
18685	0.05785829582
18686	0.05785671708
18687	0.05785521489
18688	0.05785321379
18689	0.05785193151
18690	0.05785034142
18691	0.0578480472
18692	0.05784650551
18693	0.05784504627
18694	0.05784275566
18695	0.0578414286
18696	0.0578394927
18697	0.0578361164
18698	0.05783497062
18699	0.05783111885
18700	0.05782912161
18701	0.05782714834
18702	0.05782521134
18703	0.05782255058
18704	0.05782142275
18705	0.05781915598
18706	0.05781617623
18707	0.05781526246
18708	0.05781283299
18709	0.0578107115
18710	0.05780908404
18711	0.05780721735
18712	0.05780299661
18713	0.05780179168
18714	0.05779912188
18715	0.05779659776
18716	0.05779463594
18717	0.05779358986
18718	0.05779137452
18719	0.0577894293
18720	0.05778790781
18721	0.05778573987
18722	0.0577843456
18723	0.05778207451
18724	0.05778072718
18725	0.05777967333
18726	0.05777838414
18727	0.05777737249
18728	0.05777675899
18729	0.05777440264
18730	0.05777187816
18731	0.05777026551
18732	0.05776868396
18733	0.0577656155
18734	0.05776386168
18735	0.05776160044
18736	0.05776038345
18737	0.05775855766
18738	0.0577568688
18739	0.05775511431
18740	0.05775263555
18741	0.05775064247
18742	0.05774917259
18743	0.05774791134
18744	0.05774630019
18745	0.05774508687
18746	0.05774251691
18747	0.05774024204
18748	0.05773882856
18749	0.05773743058
18750	0.05773623495
18751	0.05773470799
18752	0.05773251523
18753	0.05773069609
18754	0.05772927364
18755	0.05772756762
18756	0.05772500923
18757	0.05772334535
18758	0.05772080941
18759	0.0577192674
18760	0.05771747525
18761	0.05771597249
18762	0.05771365768
18763	0.05771244997
18764	0.05771020992
18765	0.05770895735
18766	0.05770637768
18767	0.05770400786
18768	0.05770262789
18769	0.05770159316
18770	0.0576995064
18771	0.05769802046
18772	0.05769732484
18773	0.05769522095
18774	0.05769264333
18775	0.05769146194
18776	0.05768993296
18777	0.05768805225
18778	0.05768671553
18779	0.05768544121
18780	0.05768349872
18781	0.05768125957
18782	0.05767782205
18783	0.05767656186
18784	0.05767542725
18785	0.05767351319
18786	0.0576708215
18787	0.05766788068
18788	0.05766631777
18789	0.05766504527
18790	0.05766260565
18791	0.05766130387
18792	0.05765914364
18793	0.05765707462
18794	0.05765524228
18795	0.05765339583
18796	0.05765164859
18797	0.05765060526
18798	0.05764913218
18799	0.05764637146
18800	0.05764404925
18801	0.05764256004
18802	0.05764115668
18803	0.05763974037
18804	0.05763904177
18805	0.05763709643
18806	0.05763504467
18807	0.05763281834
18808	0.05763115803
18809	0.05762892525
18810	0.05762711247
18811	0.0576251569
18812	0.05762367123
18813	0.05762163271
18814	0.05762054376
18815	0.05761850075
18816	0.05761599888
18817	0.05761511115
18818	0.05761367449
18819	0.05761254324
18820	0.05761051814
18821	0.0576094686
18822	0.05760724126
18823	0.05760498387
18824	0.05760327993
18825	0.0576020433
18826	0.05760083704
18827	0.05759893815
18828	0.0575978337
18829	0.05759659119
18830	0.05759571259
18831	0.05759378283
18832	0.05759174597
18833	0.05758980627
18834	0.05758738051
18835	0.0575839114
18836	0.05758250801
18837	0.05758043494
18838	0.05757840571
18839	0.057576529
18840	0.05757501536
18841	0.0575732711
18842	0.05757162959
18843	0.05757002415
18844	0.05756859857
18845	0.05756700362
18846	0.05756505262
18847	0.05756401079
18848	0.05756211619
18849	0.05755991964
18850	0.05755837497
18851	0.05755720849
18852	0.05755550762
18853	0.05755370061
18854	0.05755195541
18855	0.0575502428
18856	0.05754766111
18857	0.05754640244
18858	0.05754455311
18859	0.05754357015
18860	0.05754150525
18861	0.05753960891
18862	0.05753601373
18863	0.05753412185
18864	0.0575318383
18865	0.05753005164
18866	0.05752770007
18867	0.05752544557
18868	0.05752426727
18869	0.05752191417
18870	0.05751988403
18871	0.05751815973
18872	0.05751646512
18873	0.05751486183
18874	0.05751402149
18875	0.05751106892
18876	0.05750947319
18877	0.05750770521
18878	0.05750542257
18879	0.05750375778
18880	0.05750158567
18881	0.05749997653
18882	0.05749814345
18883	0.05749697616
18884	0.05749579479
18885	0.05749428822
18886	0.05749270151
18887	0.05749089696
18888	0.05748911664
18889	0.05748722577
18890	0.05748452396
18891	0.05748301791
18892	0.0574821064
18893	0.05748021476
18894	0.05747884767
18895	0.05747792213
18896	0.05747587334
18897	0.05747374509
18898	0.05747153289
18899	0.05747039725
18900	0.05746848942
18901	0.0574661744
18902	0.05746479618
18903	0.05746277424
18904	0.05746126024
18905	0.05745855274
18906	0.05745696368
18907	0.05745541461
18908	0.05745353502
18909	0.05745140552
18910	0.05744932785
18911	0.05744671969
18912	0.0574446552
18913	0.05744293702
18914	0.05744088442
18915	0.05743946569
18916	0.05743817631
18917	0.05743568824
18918	0.05743293314
18919	0.05743080953
18920	0.05742907011
18921	0.05742711835
18922	0.0574247268
18923	0.05742277744
18924	0.05741939701
18925	0.05741745726
18926	0.05741498159
18927	0.05741239538
18928	0.05741002843
18929	0.05740762311
18930	0.0574053606
18931	0.05740359817
18932	0.05740199491
18933	0.05739986575
18934	0.05739813015
18935	0.05739569017
18936	0.05739396492
18937	0.05739200501
18938	0.05739068376
18939	0.05738886735
18940	0.05738679578
18941	0.05738558309
18942	0.05738334369
18943	0.05738171809
18944	0.05738036399
18945	0.05737600315
18946	0.05737473368
18947	0.05737333364
18948	0.0573714742
18949	0.05736937464
18950	0.0573675961
18951	0.05736642651
18952	0.0573638599
18953	0.05736220744
18954	0.0573603701
18955	0.05735827921
18956	0.0573572281
18957	0.05735584944
18958	0.05735446109
18959	0.05735268126
18960	0.05735201791
18961	0.05735070351
18962	0.05735020251
18963	0.05734899432
18964	0.05734793438
18965	0.05734557968
18966	0.05734328217
18967	0.05734172945
18968	0.05733992432
18969	0.05733821576
18970	0.05733583594
18971	0.05733309103
18972	0.05733161971
18973	0.05733037915
18974	0.05732881508
18975	0.05732678015
18976	0.05732433066
18977	0.05732108766
18978	0.05731836354
18979	0.05731590849
18980	0.05731409247
18981	0.05731222558
18982	0.05731043749
18983	0.0573093644
18984	0.05730780095
18985	0.05730436512
18986	0.05730258678
18987	0.05729973149
18988	0.05729816213
18989	0.05729622437
18990	0.05729428647
18991	0.05729157422
18992	0.05729094702
18993	0.05728996201
18994	0.05728840068
18995	0.05728565814
18996	0.05728454874
18997	0.05728238609
18998	0.05728132665
18999	0.05727992648
19000	0.05727766617
19001	0.05727580892
19002	0.05727347693
19003	0.05727201619
19004	0.05726904308
19005	0.05726611495
19006	0.05726381146
19007	0.05726248377
19008	0.05726019738
19009	0.05725900106
19010	0.05725814956
19011	0.05725657698
19012	0.05725470035
19013	0.05725327946
19014	0.05725174969
19015	0.0572500602
19016	0.05724862147
19017	0.05724693714
19018	0.05724477572
19019	0.05724336468
19020	0.05724126166
19021	0.05723926053
19022	0.05723762823
19023	0.05723596805
19024	0.05723458974
19025	0.05723256415
19026	0.05723167928
19027	0.05722996184
19028	0.05722832205
19029	0.0572258968
19030	0.0572231484
19031	0.05722144384
19032	0.05721935584
19033	0.0572180681
19034	0.05721586407
19035	0.05721369379
19036	0.05721127211
19037	0.0572097946
19038	0.057207136
19039	0.05720485536
19040	0.05720343671
19041	0.05720204752
19042	0.05720018033
19043	0.05719787421
19044	0.05719485005
19045	0.05719259006
19046	0.05719053407
19047	0.05718838716
19048	0.05718691482
19049	0.05718546088
19050	0.05718333065
19051	0.05718132101
19052	0.05717942137
19053	0.05717733366
19054	0.05717590189
19055	0.05717364577
19056	0.05717188557
19057	0.05717012986
19058	0.05716868475
19059	0.05716699994
19060	0.05716239616
19061	0.05716010673
19062	0.05715793284
19063	0.05715655697
19064	0.05715408983
19065	0.05715246553
19066	0.05714991513
19067	0.05714671753
19068	0.05714454134
19069	0.05714241905
19070	0.05713943676
19071	0.05713703965
19072	0.0571343636
19073	0.05713291915
19074	0.05713084729
19075	0.0571287391
19076	0.05712734654
19077	0.05712612623
19078	0.05712425391
19079	0.05712276127
19080	0.05712118629
19081	0.05711911164
19082	0.05711773484
19083	0.05711601954
19084	0.0571142062
19085	0.05711196313
19086	0.05710991985
19087	0.05710813799
19088	0.05710647697
19089	0.05710501498
19090	0.05710317933
19091	0.05710153229
19092	0.05710002231
19093	0.05709865072
19094	0.05709635086
19095	0.05709481117
19096	0.05709327987
19097	0.05708991047
19098	0.05708865749
19099	0.0570868041
19100	0.05708555672
19101	0.05708293379
19102	0.0570814326
19103	0.05707891471
19104	0.05707562197
19105	0.05707427856
19106	0.05707219003
19107	0.05707065941
19108	0.05706721125
19109	0.05706578473
19110	0.05706350726
19111	0.05705997338
19112	0.05705888521
19113	0.05705782898
19114	0.05705589569
19115	0.05705456647
19116	0.05705312126
19117	0.05705158018
19118	0.05704955024
19119	0.05704725684
19120	0.05704508392
19121	0.05704291767
19122	0.05704168905
19123	0.05704009522
19124	0.05703881539
19125	0.05703639281
19126	0.05703401297
19127	0.0570322553
19128	0.05703033506
19129	0.0570282425
19130	0.05702658531
19131	0.05702550916
19132	0.05702407511
19133	0.0570218113
19134	0.05701993219
19135	0.05701837062
19136	0.05701568167
19137	0.05701332549
19138	0.05701162391
19139	0.05700968698
19140	0.05700760046
19141	0.05700608794
19142	0.05700415732
19143	0.05700203543
19144	0.05700015049
19145	0.05699886433
19146	0.05699724884
19147	0.05699502356
19148	0.05699308475
19149	0.05699176746
19150	0.05699030224
19151	0.0569886617
19152	0.0569869402
19153	0.05698593536
19154	0.05698437587
19155	0.05698168625
19156	0.05698057048
19157	0.05697826339
19158	0.05697685242
19159	0.05697527279
19160	0.05697429948
19161	0.05697249312
19162	0.05697022184
19163	0.05696783039
19164	0.05696616053
19165	0.0569648135
19166	0.05696243941
19167	0.0569605208
19168	0.05695903086
19169	0.05695703013
19170	0.0569552134
19171	0.0569529706
19172	0.05695167878
19173	0.05694945505
19174	0.05694750924
19175	0.05694414097
19176	0.05694304971
19177	0.05694196844
19178	0.05694039014
19179	0.05693800246
19180	0.05693684076
19181	0.05693513439
19182	0.05693376083
19183	0.0569319255
19184	0.05693073247
19185	0.05692923075
19186	0.05692755517
19187	0.05692552683
19188	0.05692420129
19189	0.0569221351
19190	0.05692005763
19191	0.05691889083
19192	0.05691696612
19193	0.05691434601
19194	0.05691240018
19195	0.05691094657
19196	0.05690965959
19197	0.05690686922
19198	0.05690490808
19199	0.05690288698
19200	0.05690117929
19201	0.05689907725
19202	0.05689666822
19203	0.05689584297
19204	0.056894896
19205	0.05689334759
19206	0.05689203811
19207	0.05688975523
19208	0.05688777987
19209	0.05688539297
19210	0.0568831175
19211	0.05688159141
19212	0.05688000203
19213	0.056878734
19214	0.05687628555
19215	0.05687507726
19216	0.05687297546
19217	0.0568714459
19218	0.05687038394
19219	0.05686867371
19220	0.05686679867
19221	0.05686521903
19222	0.05686322566
19223	0.05686194515
19224	0.05686030232
19225	0.05685858709
19226	0.05685650907
19227	0.05685499617
19228	0.05685047018
19229	0.05684862313
19230	0.05684688135
19231	0.05684509592
19232	0.05684363485
19233	0.05684105241
19234	0.05683959296
19235	0.0568379437
19236	0.05683588166
19237	0.05683458978
19238	0.05683295017
19239	0.05683122092
19240	0.0568291675
19241	0.05682759962
19242	0.05682380631
19243	0.05682264727
19244	0.05682111108
19245	0.05681830415
19246	0.05681653091
19247	0.05681510534
19248	0.05681309662
19249	0.05681165578
19250	0.0568088639
19251	0.05680527994
19252	0.05680383493
19253	0.05680284316
19254	0.05680151356
19255	0.05679951439
19256	0.05679776635
19257	0.05679699064
19258	0.05679492666
19259	0.05679344583
19260	0.05679133024
19261	0.05679034915
19262	0.05678819691
19263	0.05678691812
19264	0.05678483527
19265	0.05678235819
19266	0.0567811944
19267	0.05677963623
19268	0.05677713954
19269	0.05677408077
19270	0.05677296121
19271	0.05677065846
19272	0.0567674289
19273	0.05676562964
19274	0.05676324312
19275	0.05676175834
19276	0.05676050565
19277	0.05675911555
19278	0.05675749162
19279	0.05675474347
19280	0.05675334165
19281	0.05675148423
19282	0.05675011875
19283	0.05674871578
19284	0.05674737473
19285	0.05674579328
19286	0.05674428698
19287	0.05674258634
19288	0.05674060375
19289	0.05673922753
19290	0.05673715102
19291	0.05673496538
19292	0.05673272797
19293	0.05673123309
19294	0.05672918187
19295	0.05672543012
19296	0.05672392981
19297	0.05672178989
19298	0.05671983427
19299	0.05671836792
19300	0.05671688164
19301	0.0567143375
19302	0.0567115583
19303	0.05671020638
19304	0.05670792482
19305	0.05670661467
19306	0.0567046244
19307	0.05670380454
19308	0.05670186619
19309	0.05670008686
19310	0.05669858487
19311	0.05669692543
19312	0.05669615243
19313	0.05669445574
19314	0.05669213274
19315	0.05669094851
19316	0.05668950972
19317	0.0566876698
19318	0.05668632941
19319	0.05668428622
19320	0.05668237157
19321	0.05668126722
19322	0.05667872696
19323	0.05667624658
19324	0.05667512454
19325	0.05667362366
19326	0.05667202409
19327	0.0566694111
19328	0.05666790976
19329	0.05666621689
19330	0.0566638341
19331	0.05666199317
19332	0.05666033314
19333	0.05665932286
19334	0.05665717014
19335	0.05665547997
19336	0.05665273968
19337	0.05665071355
19338	0.05664930836
19339	0.05664799177
19340	0.05664591902
19341	0.056644002
19342	0.05664190888
19343	0.05663880256
19344	0.05663662908
19345	0.05663530056
19346	0.0566328563
19347	0.0566301218
19348	0.05662870312
19349	0.05662647239
19350	0.05662500612
19351	0.05662285576
19352	0.05662085612
19353	0.0566188732
19354	0.05661755127
19355	0.05661654174
19356	0.05661479361
19357	0.05661347747
19358	0.05661082379
19359	0.05660861233
19360	0.05660627543
19361	0.05660378776
19362	0.05660200318
19363	0.05660021597
19364	0.05659872008
19365	0.05659727918
19366	0.05659526965
19367	0.05659372481
19368	0.05659189608
19369	0.05659004194
19370	0.05658871667
19371	0.05658712092
19372	0.05658043736
19373	0.05657810959
19374	0.05657708295
19375	0.05657523018
19376	0.05657350026
19377	0.0565712169
19378	0.05656948225
19379	0.056567696
19380	0.05656611131
19381	0.05656426504
19382	0.05656303462
19383	0.05656130345
19384	0.0565591577
19385	0.05655844521
19386	0.05655741546
19387	0.05655629957
19388	0.05655519123
19389	0.0565540408
19390	0.05655203819
19391	0.05654960711
19392	0.05654804068
19393	0.05654669593
19394	0.05654420565
19395	0.05654241443
19396	0.05653996629
19397	0.05653876113
19398	0.05653733097
19399	0.05653640516
19400	0.05653420014
19401	0.05653265408
19402	0.05653095737
19403	0.056528953
19404	0.05652598724
19405	0.05652296972
19406	0.05652037656
19407	0.0565181695
19408	0.05651484574
19409	0.05651420237
19410	0.05651288839
19411	0.05650830265
19412	0.05650680673
19413	0.05650500081
19414	0.05650359176
19415	0.05650157703
19416	0.05649910986
19417	0.0564974549
19418	0.05649581726
19419	0.05649454524
19420	0.05649362474
19421	0.05649126504
19422	0.05648900385
19423	0.05648755087
19424	0.05648530851
19425	0.05648358818
19426	0.05648165596
19427	0.05647966309
19428	0.05647701134
19429	0.05647481617
19430	0.05647355484
19431	0.05647075602
19432	0.05646884768
19433	0.05646744257
19434	0.05646564792
19435	0.05646356349
19436	0.05646192282
19437	0.05645958044
19438	0.05645855038
19439	0.05645679793
19440	0.05645541757
19441	0.05645357535
19442	0.05645194311
19443	0.05645030844
19444	0.05644836902
19445	0.05644601351
19446	0.05644475305
19447	0.0564421895
19448	0.05644073532
19449	0.05643923052
19450	0.05643802129
19451	0.05643673685
19452	0.05643505689
19453	0.0564331564
19454	0.05643227002
19455	0.05643067242
19456	0.05642799236
19457	0.05642347771
19458	0.05641918775
19459	0.05641738177
19460	0.05641572046
19461	0.05641411767
19462	0.05641288467
19463	0.05641103092
19464	0.05641019567
19465	0.05640823259
19466	0.05640603598
19467	0.05640369306
19468	0.0564015616
19469	0.0563992155
19470	0.05639732711
19471	0.05639368431
19472	0.05639167614
19473	0.05639005556
19474	0.05638934576
19475	0.05638776838
19476	0.05638681508
19477	0.05638494417
19478	0.0563838484
19479	0.05638286508
19480	0.05638092163
19481	0.05637828216
19482	0.05637765988
19483	0.05637590259
19484	0.05637380576
19485	0.05637181591
19486	0.05636916432
19487	0.05636653666
19488	0.05636407411
19489	0.05636208954
19490	0.05636027262
19491	0.05635865007
19492	0.05635702698
19493	0.0563552662
19494	0.05635424384
19495	0.05635234467
19496	0.05635035887
19497	0.05634825299
19498	0.05634630831
19499	0.05634447456
19500	0.05634265745
19501	0.05633853579
19502	0.05633664921
19503	0.05633514215
19504	0.05633326455
19505	0.05633169495
19506	0.05633029117
19507	0.05632839153
19508	0.05632691562
19509	0.0563244733
19510	0.05632328597
19511	0.05632064656
19512	0.05631886818
19513	0.05631718217
19514	0.05631472268
19515	0.05631302212
19516	0.05631094012
19517	0.05630845317
19518	0.05630764312
19519	0.0563059978
19520	0.05630473392
19521	0.05630272201
19522	0.05630068054
19523	0.0562993716
19524	0.05629705336
19525	0.05629554249
19526	0.05629364627
19527	0.05629104781
19528	0.05628979432
19529	0.05628846377
19530	0.0562870644
19531	0.05628588958
19532	0.05628422048
19533	0.05628270033
19534	0.0562806005
19535	0.05627902503
19536	0.05627783549
19537	0.05627617561
19538	0.05627403291
19539	0.05627214552
19540	0.0562709689
19541	0.05626902224
19542	0.05626686904
19543	0.05626443335
19544	0.05626253521
19545	0.0562597867
19546	0.05625793121
19547	0.05625677771
19548	0.05625629431
19549	0.05625419295
19550	0.05625095772
19551	0.05624860253
19552	0.05624696265
19553	0.05624520928
19554	0.05624255061
19555	0.05624110974
19556	0.05623957674
19557	0.05623822111
19558	0.056236699
19559	0.05623532409
19560	0.05623362974
19561	0.05623182815
19562	0.05622988394
19563	0.05622768475
19564	0.05622633992
19565	0.05622420448
19566	0.05622316574
19567	0.05622262101
19568	0.05622088364
19569	0.0562185993
19570	0.05621759941
19571	0.05621480314
19572	0.05621218429
19573	0.05621041792
19574	0.05620860778
19575	0.05620619071
19576	0.05620452171
19577	0.05620182092
19578	0.05620020316
19579	0.05619888435
19580	0.05619768513
19581	0.05619621462
19582	0.05619431774
19583	0.05619285814
19584	0.05619118333
19585	0.0561895987
19586	0.05618778621
19587	0.05618572363
19588	0.05618361778
19589	0.05618238383
19590	0.05618078964
19591	0.0561786659
19592	0.05617694895
19593	0.05617545914
19594	0.05617270006
19595	0.05616940613
19596	0.05616680076
19597	0.05616541426
19598	0.05616345447
19599	0.0561625167
19600	0.05616021055
19601	0.05615892242
19602	0.05615627912
19603	0.0561540497
19604	0.05615146929
19605	0.05614963598
19606	0.05614806033
19607	0.05614616749
19608	0.05614488365
19609	0.05614337209
19610	0.05614154462
19611	0.05613979342
19612	0.05613875446
19613	0.05613630947
19614	0.056135008
19615	0.0561333689
19616	0.05613203705
19617	0.05613053687
19618	0.05612904325
19619	0.05612758715
19620	0.05612583154
19621	0.05612348841
19622	0.05612105125
19623	0.05611944489
19624	0.0561167712
19625	0.05611530958
19626	0.05611280268
19627	0.05611158159
19628	0.0561100997
19629	0.05610638256
19630	0.05610507372
19631	0.05610331309
19632	0.05610151674
19633	0.05610007869
19634	0.05609817083
19635	0.05609635898
19636	0.05609492894
19637	0.05609272091
19638	0.0560907093
19639	0.05608961902
19640	0.05608776754
19641	0.05608573707
19642	0.05608388438
19643	0.05608255519
19644	0.05608049061
19645	0.05607825575
19646	0.0560770036
19647	0.05607555668
19648	0.0560737937
19649	0.05607193228
19650	0.05607053107
19651	0.05606887989
19652	0.05606643712
19653	0.05606478274
19654	0.05606331105
19655	0.05606065199
19656	0.05605937683
19657	0.0560572223
19658	0.05605517976
19659	0.05605335918
19660	0.05605229083
19661	0.05605064386
19662	0.05604891352
19663	0.05604767333
19664	0.05604527509
19665	0.05604338758
19666	0.05604116941
19667	0.05603869415
19668	0.05603702939
19669	0.05603521111
19670	0.05603401774
19671	0.05603267185
19672	0.05603076921
19673	0.05602947238
19674	0.0560283918
19675	0.05602741085
19676	0.05602524
19677	0.05602306464
19678	0.0560214177
19679	0.05601860833
19680	0.05601634153
19681	0.05601489575
19682	0.05601228613
19683	0.05601099896
19684	0.05600852875
19685	0.0560068656
19686	0.0560050267
19687	0.05600292236
19688	0.05600124682
19689	0.05599918296
19690	0.05599785699
19691	0.05599581664
19692	0.05599387504
19693	0.05599243142
19694	0.05598991345
19695	0.05598878151
19696	0.0559859015
19697	0.05598394936
19698	0.05598004078
19699	0.05597847567
19700	0.05597661929
19701	0.05597458717
19702	0.0559724039
19703	0.0559707705
19704	0.05596516554
19705	0.05596339434
19706	0.05596165195
19707	0.05595855364
19708	0.05595689549
19709	0.05595570809
19710	0.05595382757
19711	0.05595143849
19712	0.05594994469
19713	0.05594778992
19714	0.05594575284
19715	0.05594443066
19716	0.0559429536
19717	0.05594160017
19718	0.05593938296
19719	0.05593808311
19720	0.05593661119
19721	0.05593497377
19722	0.05593396628
19723	0.05593099967
19724	0.05592833375
19725	0.05592757606
19726	0.05592567038
19727	0.05592380814
19728	0.05592217546
19729	0.05592098271
19730	0.05591817553
19731	0.05591679383
19732	0.05591550655
19733	0.0559148096
19734	0.0559131569
19735	0.0559113421
19736	0.05590914035
19737	0.05590658495
19738	0.05590527938
19739	0.05590252721
19740	0.05590142555
19741	0.0558995563
19742	0.05589816239
19743	0.05589605138
19744	0.0558935752
19745	0.05589225554
19746	0.05589046481
19747	0.05588897473
19748	0.05588714751
19749	0.05588471948
19750	0.0558831052
19751	0.0558813854
19752	0.05587959266
19753	0.05587814066
19754	0.05587663593
19755	0.05587560864
19756	0.05587444857
19757	0.05587283604
19758	0.05587066791
19759	0.05586883762
19760	0.05586669693
19761	0.05586472237
19762	0.05586339317
19763	0.055861555
19764	0.05586071461
19765	0.05585917148
19766	0.05585640146
19767	0.05585247772
19768	0.05585053408
19769	0.05584934038
19770	0.05584709733
19771	0.0558459151
19772	0.05584414376
19773	0.05584214125
19774	0.05584079777
19775	0.05584007026
19776	0.05583752368
19777	0.05583653109
19778	0.0558341456
19779	0.05583265729
19780	0.05583039804
19781	0.05582858492
19782	0.05582752811
19783	0.05582602112
19784	0.05582494844
19785	0.05582330873
19786	0.05582216291
19787	0.05582120566
19788	0.05581966976
19789	0.05581768232
19790	0.05581647379
19791	0.05581448992
19792	0.05581346122
19793	0.05581214938
19794	0.05581010572
19795	0.05580836348
19796	0.05580669534
19797	0.05580539171
19798	0.05580344707
19799	0.05580121545
19800	0.05579881466
19801	0.05579685739
19802	0.05579475251
19803	0.05579217809
19804	0.05579118414
19805	0.05578904517
19806	0.05578734604
19807	0.05578578084
19808	0.05578347318
19809	0.05578091058
19810	0.05577900868
19811	0.05577731038
19812	0.05577515498
19813	0.05577458683
19814	0.05577308913
19815	0.05577154314
19816	0.05577030796
19817	0.05576837261
19818	0.05576671598
19819	0.05576336556
19820	0.05576191859
19821	0.05576112881
19822	0.05575963392
19823	0.05575878818
19824	0.05575671234
19825	0.05575591685
19826	0.05575227327
19827	0.05575102844
19828	0.05574980728
19829	0.05574824932
19830	0.05574626169
19831	0.05574439362
19832	0.05574226739
19833	0.05573950541
19834	0.05573748696
19835	0.05573602007
19836	0.05573463475
19837	0.05573260673
19838	0.05573106389
19839	0.05572897544
19840	0.05572713231
19841	0.05572590455
19842	0.05572437964
19843	0.05572334366
19844	0.05572141322
19845	0.05572003847
19846	0.05571801372
19847	0.05571610059
19848	0.05571406452
19849	0.05571275286
19850	0.05571112686
19851	0.05570965889
19852	0.05570802798
19853	0.05570595048
19854	0.0557046824
19855	0.05570325882
19856	0.05570210931
19857	0.05570053911
19858	0.05569888661
19859	0.05569696861
19860	0.05569478355
19861	0.05569261338
19862	0.05569168064
19863	0.05568982109
19864	0.05568769982
19865	0.05568606313
19866	0.05568464444
19867	0.05568252012
19868	0.05567761923
19869	0.05567674434
19870	0.05567483711
19871	0.0556719859
19872	0.05567016634
19873	0.05566827076
19874	0.05566560076
19875	0.05566324944
19876	0.05566161848
19877	0.05566033412
19878	0.05565754057
19879	0.05565556341
19880	0.05565463383
19881	0.05565336157
19882	0.05565177161
19883	0.0556501719
19884	0.05564856384
19885	0.05564752477
19886	0.05564617785
19887	0.05564422693
19888	0.05564320009
19889	0.05564055503
19890	0.05563924164
19891	0.055637147
19892	0.05563477049
19893	0.05563230393
19894	0.05563060331
19895	0.05562907578
19896	0.05562800953
19897	0.0556258603
19898	0.05562398871
19899	0.05562217696
19900	0.0556210036
19901	0.05561884982
19902	0.05561731912
19903	0.05561459514
19904	0.05561344439
19905	0.05561208464
19906	0.05561003862
19907	0.05560849209
19908	0.05560710469
19909	0.05560506099
19910	0.05560422742
19911	0.05560228505
19912	0.05560122973
19913	0.05559980502
19914	0.05559809391
19915	0.0555957292
19916	0.05559389747
19917	0.05558874317
19918	0.05558722592
19919	0.0555850037
19920	0.05558354219
19921	0.05558116217
19922	0.05557901435
19923	0.05557762522
19924	0.05557620204
19925	0.05557489128
19926	0.05556945694
19927	0.05556828389
19928	0.05556661914
19929	0.05556457148
19930	0.05556227658
19931	0.05556048261
19932	0.05555852754
19933	0.05555733088
19934	0.05555461055
19935	0.05555327665
19936	0.05555076508
19937	0.05554906621
19938	0.05554764618
19939	0.05554613746
19940	0.05554515361
19941	0.05554263382
19942	0.05554093865
19943	0.05553746844
19944	0.05553633014
19945	0.0555336665
19946	0.05553184982
19947	0.05552953641
19948	0.05552797244
19949	0.05552545522
19950	0.05552337869
19951	0.05552193478
19952	0.05552080794
19953	0.05551841163
19954	0.05551714705
19955	0.05551485292
19956	0.05551377295
19957	0.05551239667
19958	0.05551053042
19959	0.05550812773
19960	0.05550592411
19961	0.05550448622
19962	0.05550250086
19963	0.05550135209
19964	0.05549916887
19965	0.0554962677
19966	0.05549461166
19967	0.05549227531
19968	0.05549108198
19969	0.05548899087
19970	0.05548737474
19971	0.0554860292
19972	0.05548390676
19973	0.05548160724
19974	0.05548027635
19975	0.05547852841
19976	0.05547653401
19977	0.05547466291
19978	0.05547272593
19979	0.0554708022
19980	0.05546960972
19981	0.0554682949
19982	0.05546701918
19983	0.05546434504
19984	0.05546253057
19985	0.05546140501
19986	0.05545979647
19987	0.05545820961
19988	0.0554562861
19989	0.05545390676
19990	0.05545049147
19991	0.05544867602
19992	0.05544741055
19993	0.05544605657
19994	0.05544442441
19995	0.05544293522
19996	0.05544065239
19997	0.05543877853
19998	0.05543760849
19999	0.05543588678
20000	0.05543377279
20001	0.05543233121
20002	0.05543026832
20003	0.05542767586
20004	0.05542584663
20005	0.05542348561
20006	0.05542161033
20007	0.05541940292
20008	0.05541750111
20009	0.05541575111
20010	0.05541355931
20011	0.05541221327
20012	0.05540921004
20013	0.05540739298
20014	0.05540613077
20015	0.05540372841
20016	0.05540196562
20017	0.05539900358
20018	0.05539692416
20019	0.05539402889
20020	0.05539281564
20021	0.05539162383
20022	0.05538997539
20023	0.05538833405
20024	0.05538661564
20025	0.05538372534
20026	0.05538206531
20027	0.05538000592
20028	0.05537832664
20029	0.05537640826
20030	0.05537472266
20031	0.05537317051
20032	0.05537197127
20033	0.05537019631
20034	0.05536924635
20035	0.05536647114
20036	0.05536516103
20037	0.05536316842
20038	0.05536117503
20039	0.05535959648
20040	0.05535749036
20041	0.05535192043
20042	0.05535046731
20043	0.05534867428
20044	0.05534655087
20045	0.05534520223
20046	0.05534391704
20047	0.05534160385
20048	0.05533869797
20049	0.05533776717
20050	0.05533580063
20051	0.05533431649
20052	0.05533314689
20053	0.05533251868
20054	0.05533132594
20055	0.0553291509
20056	0.05532690747
20057	0.05532538014
20058	0.05532418599
20059	0.05532052319
20060	0.05531809672
20061	0.05531595631
20062	0.05531450927
20063	0.05531288052
20064	0.0553104174
20065	0.05530901301
20066	0.05530838133
20067	0.05530683701
20068	0.05530552215
20069	0.05530431602
20070	0.05530261414
20071	0.0553008878
20072	0.05529730296
20073	0.05529542599
20074	0.05529181547
20075	0.05529070896
20076	0.05528884369
20077	0.05528504827
20078	0.05528386127
20079	0.05528208109
20080	0.05528005169
20081	0.0552787455
20082	0.05527735725
20083	0.05527328555
20084	0.05527194691
20085	0.05526939348
20086	0.05526767328
20087	0.05526669643
20088	0.05526467133
20089	0.05526315797
20090	0.05526158134
20091	0.05525946256
20092	0.05525837094
20093	0.05525667966
20094	0.05525526345
20095	0.05525341296
20096	0.055250898
20097	0.0552485807
20098	0.05524611075
20099	0.05524430388
20100	0.05524287336
20101	0.05524103834
20102	0.05523945562
20103	0.05523649091
20104	0.05523452285
20105	0.05523258756
20106	0.0552311696
20107	0.05522970725
20108	0.0552257711
20109	0.05522388691
20110	0.05522244407
20111	0.05521954006
20112	0.05521789475
20113	0.05521601137
20114	0.05521419191
20115	0.05521248291
20116	0.05521103122
20117	0.05520983504
20118	0.05520708098
20119	0.05520540377
20120	0.05520434873
20121	0.05520209387
20122	0.05520016749
20123	0.05519919558
20124	0.05519700461
20125	0.05519504576
20126	0.05519363996
20127	0.05519236183
20128	0.05518860881
20129	0.05518720309
20130	0.05518537262
20131	0.05518413904
20132	0.0551815166
20133	0.05517979765
20134	0.05517832062
20135	0.05517606099
20136	0.0551751441
20137	0.0551732752
20138	0.05517181695
20139	0.05516988065
20140	0.05516845179
20141	0.0551664935
20142	0.05516459767
20143	0.05516284124
20144	0.05516135864
20145	0.05515975955
20146	0.05515780268
20147	0.05515630779
20148	0.05515470702
20149	0.05515240716
20150	0.05515079353
20151	0.05514789187
20152	0.05514568374
20153	0.05514415452
20154	0.05514207156
20155	0.05514028019
20156	0.05513919264
20157	0.05513772571
20158	0.05513573003
20159	0.05513344488
20160	0.05513218608
20161	0.05513061422
20162	0.05512972466
20163	0.0551279252
20164	0.05512581099
20165	0.05512435289
20166	0.05512242192
20167	0.05512094821
20168	0.05511890366
20169	0.05511723459
20170	0.05511567826
20171	0.05511407423
20172	0.0551128983
20173	0.05511113841
20174	0.05510955699
20175	0.05510735383
20176	0.05510530225
20177	0.0551034732
20178	0.05510202864
20179	0.05510057597
20180	0.05509775417
20181	0.05509587473
20182	0.05509443844
20183	0.05509253718
20184	0.05508984046
20185	0.05508795092
20186	0.05508601469
20187	0.05508356927
20188	0.05508258421
20189	0.05508110602
20190	0.05508005225
20191	0.05507784705
20192	0.05507565003
20193	0.05507413491
20194	0.05507274873
20195	0.05507115639
20196	0.05506866556
20197	0.05506718787
20198	0.05506588981
20199	0.05506136886
20200	0.05505870917
20201	0.05505711936
20202	0.05505569598
20203	0.05505499127
20204	0.05505089215
20205	0.05504923529
20206	0.0550483636
20207	0.05504708963
20208	0.05504606761
20209	0.05504487436
20210	0.05504375735
20211	0.05504295473
20212	0.05504129008
20213	0.05503859796
20214	0.05503740829
20215	0.05503537818
20216	0.05503317852
20217	0.05503145682
20218	0.05502944838
20219	0.05502862436
20220	0.05502678978
20221	0.05502493872
20222	0.05502369228
20223	0.05502215481
20224	0.05501741504
20225	0.05501598122
20226	0.05501457849
20227	0.05501357189
20228	0.05501034116
20229	0.0550077506
20230	0.05500608043
20231	0.0550044162
20232	0.05500224967
20233	0.05500081758
20234	0.05499866839
20235	0.05499620637
20236	0.05499384536
20237	0.05499222988
20238	0.05499116893
20239	0.05499016067
20240	0.05498805071
20241	0.05498630152
20242	0.05498355056
20243	0.05498210001
20244	0.0549795774
20245	0.05497804087
20246	0.05497638868
20247	0.05497497884
20248	0.0549737591
20249	0.05497307391
20250	0.05497137954
20251	0.0549692946
20252	0.05496730312
20253	0.0549661874
20254	0.05496495179
20255	0.05496343263
20256	0.05496177151
20257	0.05496083254
20258	0.05495847484
20259	0.0549571472
20260	0.05495502194
20261	0.0549540011
20262	0.05495248951
20263	0.05495049755
20264	0.05494889677
20265	0.05494783427
20266	0.0549462922
20267	0.05494476623
20268	0.05494416351
20269	0.05494273172
20270	0.05494050348
20271	0.0549382104
20272	0.05493597603
20273	0.05493350709
20274	0.05493206793
20275	0.0549302365
20276	0.05492892688
20277	0.0549271592
20278	0.05492646018
20279	0.05492443535
20280	0.05492291705
20281	0.05492177651
20282	0.05492018226
20283	0.05491823998
20284	0.05491690207
20285	0.0549150246
20286	0.05491299291
20287	0.05491079536
20288	0.05490842662
20289	0.05490727561
20290	0.05490540076
20291	0.05490386354
20292	0.05490202167
20293	0.05490024708
20294	0.05489816437
20295	0.05489730816
20296	0.05489544192
20297	0.05489336782
20298	0.05489154905
20299	0.05488993662
20300	0.05488684324
20301	0.05488586151
20302	0.05488447518
20303	0.05488327957
20304	0.05488126437
20305	0.05488012006
20306	0.0548792227
20307	0.05487754459
20308	0.05487640174
20309	0.05487467795
20310	0.05487271026
20311	0.05487090386
20312	0.05487027111
20313	0.05486822915
20314	0.05486505165
20315	0.05486148962
20316	0.05486021022
20317	0.05485911071
20318	0.05485717425
20319	0.05485612612
20320	0.0548553367
20321	0.05485354188
20322	0.05485212032
20323	0.05485012208
20324	0.05484773858
20325	0.05484664379
20326	0.05484509437
20327	0.05484354926
20328	0.05484164023
20329	0.05483973126
20330	0.05483848353
20331	0.05483462013
20332	0.05483310967
20333	0.05483227743
20334	0.05483102629
20335	0.05482945837
20336	0.0548281216
20337	0.05482728068
20338	0.05482456458
20339	0.05482303819
20340	0.05482142792
20341	0.05481807761
20342	0.05481629154
20343	0.05481512406
20344	0.05481346949
20345	0.05481115637
20346	0.05480918233
20347	0.05480760173
20348	0.05480529692
20349	0.0548032203
20350	0.05480217842
20351	0.05480043812
20352	0.05479886392
20353	0.05479676696
20354	0.05479300136
20355	0.05479148725
20356	0.05478909903
20357	0.05478763055
20358	0.05478555974
20359	0.05478343875
20360	0.05478185239
20361	0.05477938313
20362	0.05477764579
20363	0.05477590022
20364	0.05477469828
20365	0.05477295762
20366	0.05477072696
20367	0.05476885853
20368	0.05476693988
20369	0.05476464311
20370	0.05476374321
20371	0.05476205504
20372	0.05476010217
20373	0.05475887387
20374	0.05475748429
20375	0.05475634431
20376	0.05475540087
20377	0.05475410191
20378	0.05475231471
20379	0.05475016828
20380	0.05474848152
20381	0.05474727408
20382	0.05474616705
20383	0.05474490415
20384	0.05474321443
20385	0.05474137929
20386	0.05473963369
20387	0.05473702525
20388	0.05473502808
20389	0.05473290996
20390	0.05473121422
20391	0.05472950447
20392	0.05472741496
20393	0.05472600914
20394	0.05472434697
20395	0.05472281741
20396	0.05472120933
20397	0.05471948937
20398	0.05471776114
20399	0.05471685442
20400	0.05471472098
20401	0.05471279998
20402	0.05471113144
20403	0.05470933357
20404	0.05470858445
20405	0.0547070233
20406	0.05470540783
20407	0.05470427311
20408	0.05470278914
20409	0.05470107733
20410	0.05469903794
20411	0.05469766081
20412	0.05469663705
20413	0.05469310007
20414	0.05469089197
20415	0.0546895895
20416	0.05468801324
20417	0.0546863598
20418	0.05468445241
20419	0.05468331654
20420	0.05468068005
20421	0.05467960048
20422	0.05467831301
20423	0.05467706179
20424	0.05467580593
20425	0.05467400541
20426	0.0546723875
20427	0.05466901816
20428	0.05466770187
20429	0.05466614957
20430	0.05466416527
20431	0.05466300898
20432	0.05466050736
20433	0.05465919337
20434	0.05465764384
20435	0.05465554036
20436	0.0546538145
20437	0.05465173379
20438	0.05464989383
20439	0.05464824463
20440	0.05464762832
20441	0.05464611088
20442	0.05464481113
20443	0.05464251215
20444	0.05464036814
20445	0.05463801018
20446	0.05463594759
20447	0.05463395369
20448	0.05463107961
20449	0.05463010692
20450	0.05462879086
20451	0.0546268326
20452	0.05462519963
20453	0.05462357651
20454	0.0546219457
20455	0.05462027214
20456	0.054618979
20457	0.0546175582
20458	0.05461651054
20459	0.05461262183
20460	0.05461107235
20461	0.05460958484
20462	0.05460856228
20463	0.05460676885
20464	0.05460423492
20465	0.05460209628
20466	0.05460046926
20467	0.05459896635
20468	0.05459838444
20469	0.05459412854
20470	0.05459226952
20471	0.05459023092
20472	0.05458766864
20473	0.05458646076
20474	0.05458357189
20475	0.05458212509
20476	0.05458037446
20477	0.05457855361
20478	0.05457601621
20479	0.05457450405
20480	0.05457263493
20481	0.05457067557
20482	0.05456866292
20483	0.05456640026
20484	0.0545647149
20485	0.05456304294
20486	0.05456205255
20487	0.0545605327
20488	0.05455919036
20489	0.05455705013
20490	0.05455542528
20491	0.05455418507
20492	0.0545521721
20493	0.05455037389
20494	0.05454886403
20495	0.05454672219
20496	0.05454525102
20497	0.05454292561
20498	0.054540811
20499	0.05453874406
20500	0.05453732664
20501	0.05453575683
20502	0.05453319096
20503	0.05453198785
20504	0.05453007913
20505	0.05452667901
20506	0.05452441224
20507	0.05452276052
20508	0.0545209573
20509	0.05451823673
20510	0.05451626102
20511	0.05451495419
20512	0.05451382313
20513	0.05451185204
20514	0.05450954583
20515	0.05450616014
20516	0.05450410673
20517	0.05450255655
20518	0.05450035116
20519	0.05449871617
20520	0.05449736806
20521	0.05449537569
20522	0.05449301043
20523	0.05449168949
20524	0.0544899022
20525	0.05448846117
20526	0.05448618895
20527	0.05448427316
20528	0.0544831715
20529	0.05448153393
20530	0.05447938588
20531	0.05447765043
20532	0.05447543038
20533	0.05447256409
20534	0.05446981873
20535	0.05446870955
20536	0.05446736589
20537	0.0544661936
20538	0.05446329416
20539	0.05446206987
20540	0.05446081641
20541	0.0544587268
20542	0.05445777033
20543	0.05445604322
20544	0.05445387342
20545	0.05445254855
20546	0.0544479989
20547	0.05444579492
20548	0.05444352056
20549	0.05444192855
20550	0.05443952573
20551	0.0544382822
20552	0.05443643836
20553	0.05443494643
20554	0.05443425058
20555	0.05443083829
20556	0.05442845757
20557	0.05442651722
20558	0.05442520752
20559	0.05442370326
20560	0.05442276284
20561	0.05442021992
20562	0.0544184372
20563	0.05441678581
20564	0.05441364796
20565	0.05441197473
20566	0.05441021426
20567	0.05440858049
20568	0.05440613632
20569	0.05440385621
20570	0.05440187495
20571	0.05440022806
20572	0.05439770871
20573	0.05439663847
20574	0.05439440947
20575	0.05439242509
20576	0.0543912516
20577	0.05438945753
20578	0.05438605902
20579	0.05438451119
20580	0.05438160117
20581	0.05437985073
20582	0.05437842086
20583	0.0543747085
20584	0.05437258706
20585	0.05437151706
20586	0.05436928593
20587	0.05436758031
20588	0.05436586445
20589	0.0543640115
20590	0.05436180398
20591	0.05436060611
20592	0.05435959727
20593	0.05435835659
20594	0.05435707149
20595	0.05435507116
20596	0.05435328961
20597	0.05435209468
20598	0.05435096288
20599	0.05434953238
20600	0.05434774193
20601	0.05434644635
20602	0.05434398416
20603	0.05434233033
20604	0.05434031811
20605	0.0543389331
20606	0.05433683427
20607	0.05433563265
20608	0.05433154202
20609	0.05433065366
20610	0.05432916891
20611	0.05432761331
20612	0.05432390949
20613	0.05432285986
20614	0.05432181823
20615	0.05432008726
20616	0.05431806385
20617	0.05431700552
20618	0.05431543446
20619	0.05431424594
20620	0.05431257736
20621	0.05430980115
20622	0.05430818822
20623	0.05430652243
20624	0.05430488281
20625	0.05430354433
20626	0.05430223182
20627	0.05430113154
20628	0.05429933943
20629	0.05429742987
20630	0.05429607168
20631	0.054294477
20632	0.05429312588
20633	0.05429171872
20634	0.05429048979
20635	0.05428908613
20636	0.05428806207
20637	0.05428635459
20638	0.05428517452
20639	0.05428384584
20640	0.05428245023
20641	0.05428161426
20642	0.05428003515
20643	0.05427862763
20644	0.05427596293
20645	0.05427432304
20646	0.05427209072
20647	0.05427087284
20648	0.05426940265
20649	0.05426768768
20650	0.05426581271
20651	0.0542641998
20652	0.05426269351
20653	0.05426100933
20654	0.05425878933
20655	0.05425711999
20656	0.05425570788
20657	0.05425138807
20658	0.05424970976
20659	0.05424764274
20660	0.05424633969
20661	0.05424497822
20662	0.05424396607
20663	0.05424269032
20664	0.05424088655
20665	0.05423980237
20666	0.05423878311
20667	0.05423727113
20668	0.05423581737
20669	0.05423440649
20670	0.05423188414
20671	0.05422969116
20672	0.0542279409
20673	0.05422603065
20674	0.05422465076
20675	0.0542234742
20676	0.05422174924
20677	0.05422043777
20678	0.05421918329
20679	0.0542174779
20680	0.05421522891
20681	0.05421370583
20682	0.05421244495
20683	0.05421083975
20684	0.05420967804
20685	0.05420870822
20686	0.0542066888
20687	0.05420527348
20688	0.05420327738
20689	0.05420203203
20690	0.05420015723
20691	0.05419772282
20692	0.05419654361
20693	0.05419536799
20694	0.05419343858
20695	0.05419223294
20696	0.05419044594
20697	0.05418816729
20698	0.05418767156
20699	0.054185145
20700	0.05418256939
20701	0.05418085468
20702	0.05417926277
20703	0.05417802218
20704	0.05417657965
20705	0.05417387513
20706	0.05417204442
20707	0.05417010705
20708	0.05416830601
20709	0.05416722159
20710	0.05416529476
20711	0.0541644248
20712	0.05416333717
20713	0.05416190599
20714	0.05415979778
20715	0.05415803664
20716	0.05415561573
20717	0.054154122
20718	0.05415269345
20719	0.05415122791
20720	0.05414932866
20721	0.05414867038
20722	0.05414689337
20723	0.05414436241
20724	0.05414311836
20725	0.05413984364
20726	0.05413691262
20727	0.05413554052
20728	0.05413366382
20729	0.05413220044
20730	0.05413048571
20731	0.05412946503
20732	0.05412792965
20733	0.05412507085
20734	0.05412358466
20735	0.05412236312
20736	0.05412078092
20737	0.05411914691
20738	0.05411776213
20739	0.05411633724
20740	0.05411503326
20741	0.05411340347
20742	0.05411217151
20743	0.05411043421
20744	0.05410750603
20745	0.05410568439
20746	0.05410418008
20747	0.05410305039
20748	0.05410137195
20749	0.05409975677
20750	0.05409862062
20751	0.05409714347
20752	0.05409569579
20753	0.05409432004
20754	0.05409245026
20755	0.05409048061
20756	0.05408818335
20757	0.05408630433
20758	0.05408523226
20759	0.05408397453
20760	0.0540828031
20761	0.05408158532
20762	0.05407980125
20763	0.05407819137
20764	0.05407671673
20765	0.05407302285
20766	0.05407068363
20767	0.05406909567
20768	0.05406682794
20769	0.05406557024
20770	0.0540639175
20771	0.05406266079
20772	0.05405979569
20773	0.05405721815
20774	0.05405566311
20775	0.05405347387
20776	0.0540524126
20777	0.05405049263
20778	0.05404846388
20779	0.05404668356
20780	0.05404534885
20781	0.05404395108
20782	0.05404244647
20783	0.05404132767
20784	0.05403960653
20785	0.05403766149
20786	0.05403618261
20787	0.0540344149
20788	0.05403298958
20789	0.05403126726
20790	0.054029651
20791	0.05402809071
20792	0.05402634637
20793	0.05402437852
20794	0.05402307267
20795	0.05402178538
20796	0.05401994404
20797	0.05401692817
20798	0.054015409
20799	0.05401412673
20800	0.05401221574
20801	0.05401039827
20802	0.05400831423
20803	0.05400626937
20804	0.05400237942
20805	0.05400101364
20806	0.05399884432
20807	0.05399663735
20808	0.05399493597
20809	0.05399366376
20810	0.05399205567
20811	0.05398994746
20812	0.05398816761
20813	0.05398704646
20814	0.05398523294
20815	0.0539830924
20816	0.05398200996
20817	0.05398024095
20818	0.05397890718
20819	0.05397486132
20820	0.0539730146
20821	0.05397089634
20822	0.05396827783
20823	0.05396735126
20824	0.0539662296
20825	0.0539654642
20826	0.05396457383
20827	0.05396353228
20828	0.05396200958
20829	0.05396039965
20830	0.05395804967
20831	0.05395607879
20832	0.05395493964
20833	0.05395318936
20834	0.0539511971
20835	0.05394929114
20836	0.05394847622
20837	0.05394736379
20838	0.05394525174
20839	0.05394367904
20840	0.05394249998
20841	0.05394109692
20842	0.05393799086
20843	0.05393554438
20844	0.05393492285
20845	0.05393322468
20846	0.05393167562
20847	0.05392816463
20848	0.05392576273
20849	0.05392378755
20850	0.05392159093
20851	0.0539195053
20852	0.05391756688
20853	0.05391543176
20854	0.05391196338
20855	0.05391117029
20856	0.05390977292
20857	0.05390848003
20858	0.05390640581
20859	0.05390490329
20860	0.05390275105
20861	0.05390147466
20862	0.05389944844
20863	0.05389783295
20864	0.05389668283
20865	0.05389476534
20866	0.05389144133
20867	0.05388928081
20868	0.05388540413
20869	0.05388481053
20870	0.05388369282
20871	0.05388217799
20872	0.05388045264
20873	0.05387800907
20874	0.05387645622
20875	0.05387511545
20876	0.05387394566
20877	0.05387235556
20878	0.05387093169
20879	0.05386959607
20880	0.05386808089
20881	0.05386700102
20882	0.05386486642
20883	0.05386285216
20884	0.05386027052
20885	0.05385693339
20886	0.05385536872
20887	0.05385314304
20888	0.0538517786
20889	0.0538489499
20890	0.05384678391
20891	0.0538457371
20892	0.05384436984
20893	0.05384307589
20894	0.05384142207
20895	0.05383933949
20896	0.05383694275
20897	0.05383209545
20898	0.05382958347
20899	0.0538284419
20900	0.05382618765
20901	0.05382380707
20902	0.0538220423
20903	0.05382128559
20904	0.05382013599
20905	0.05381692906
20906	0.05381459686
20907	0.05381220426
20908	0.05380982565
20909	0.05380852995
20910	0.05380668374
20911	0.05380427453
20912	0.05380302421
20913	0.05380137203
20914	0.05379934894
20915	0.05379778495
20916	0.05379608204
20917	0.05379447838
20918	0.05379092108
20919	0.05378953739
20920	0.0537885568
20921	0.05378684956
20922	0.05378526367
20923	0.05378262322
20924	0.0537806352
20925	0.05377852824
20926	0.05377511936
20927	0.05377308088
20928	0.05377229016
20929	0.05377037722
20930	0.05376992743
20931	0.0537683048
20932	0.05376524327
20933	0.05376320293
20934	0.05376138429
20935	0.05375846912
20936	0.05375604381
20937	0.05375453282
20938	0.05375183721
20939	0.05374994474
20940	0.05374854038
20941	0.05374398798
20942	0.05374296851
20943	0.05374121339
20944	0.05373932117
20945	0.05373759173
20946	0.05373657474
20947	0.0537348309
20948	0.05373233562
20949	0.05372956905
20950	0.05372784077
20951	0.05372642358
20952	0.0537242682
20953	0.0537229607
20954	0.05372214486
20955	0.0537209841
20956	0.05371971762
20957	0.05371877168
20958	0.05371782226
20959	0.05371639155
20960	0.05371527596
20961	0.05371393879
20962	0.05371285481
20963	0.05371162439
20964	0.05371003478
20965	0.05370791337
20966	0.05370572361
20967	0.05370455951
20968	0.05370331396
20969	0.0537011054
20970	0.05369909022
20971	0.05369772076
20972	0.05369598592
20973	0.0536942274
20974	0.05369238393
20975	0.05369075858
20976	0.0536899104
20977	0.05368895024
20978	0.05368721575
20979	0.05368521114
20980	0.05368408852
20981	0.05368253624
20982	0.0536802571
20983	0.05367779489
20984	0.05367416671
20985	0.05367304281
20986	0.05366964483
20987	0.05366836465
20988	0.05366623628
20989	0.0536646754
20990	0.05366264776
20991	0.05366046142
20992	0.05365861179
20993	0.05365715643
20994	0.05365613593
20995	0.0536552666
20996	0.05365383234
20997	0.05365037117
20998	0.05364794159
20999	0.05364707918
21000	0.05364586389
21001	0.05364418249
21002	0.05364284527
21003	0.05364124846
21004	0.05363995442
21005	0.05363822944
21006	0.05363548848
21007	0.05363404252
21008	0.05363197966
21009	0.05363085583
21010	0.05362932714
21011	0.05362772105
21012	0.05362517333
21013	0.05362332489
21014	0.05362222055
21015	0.05361982472
21016	0.05361873775
21017	0.05361736493
21018	0.05361457389
21019	0.05361334415
21020	0.0536106312
21021	0.05360834263
21022	0.05360580971
21023	0.05360426574
21024	0.05360202561
21025	0.05360098963
21026	0.05359939362
21027	0.05359740777
21028	0.05359618939
21029	0.05359478832
21030	0.05359285472
21031	0.05359187445
21032	0.05359099248
21033	0.05358840298
21034	0.0535854249
21035	0.05358451601
21036	0.05358314201
21037	0.05358237517
21038	0.05358060231
21039	0.05357806631
21040	0.05357628066
21041	0.05357481521
21042	0.05357410694
21043	0.05357230921
21044	0.053571315
21045	0.05356965782
21046	0.0535686307
21047	0.05356634316
21048	0.05356469686
21049	0.05356177082
21050	0.05356050281
21051	0.05355838288
21052	0.05355671922
21053	0.05355464924
21054	0.05355283922
21055	0.05355173284
21056	0.05355002322
21057	0.05354896561
21058	0.05354760795
21059	0.05354665088
21060	0.05354483474
21061	0.05354251571
21062	0.05354079493
21063	0.05353916221
21064	0.05353730342
21065	0.05353555248
21066	0.05353316854
21067	0.05353098431
21068	0.05352948707
21069	0.05352808097
21070	0.0535272799
21071	0.05352646314
21072	0.0535246888
21073	0.05352136393
21074	0.05351849062
21075	0.05351712877
21076	0.05351546749
21077	0.05351435783
21078	0.05351284965
21079	0.05351095053
21080	0.05350945318
21081	0.05350816833
21082	0.05350671935
21083	0.0535048521
21084	0.05350357633
21085	0.05350164545
21086	0.05350020408
21087	0.05349929899
21088	0.05349743172
21089	0.05349600282
21090	0.05349456474
21091	0.05349285405
21092	0.05349191142
21093	0.05349047374
21094	0.05348944934
21095	0.05348785826
21096	0.05348586536
21097	0.05348454772
21098	0.05348225686
21099	0.05348119165
21100	0.05347995245
21101	0.05347728727
21102	0.05347595552
21103	0.05347409704
21104	0.05347242782
21105	0.05347019404
21106	0.05346920229
21107	0.05346720512
21108	0.05346603642
21109	0.05346445379
21110	0.05346244018
21111	0.05346066578
21112	0.0534596402
21113	0.05345882426
21114	0.05345655132
21115	0.05345493347
21116	0.05345290441
21117	0.05345199046
21118	0.05345062758
21119	0.05344925296
21120	0.05344703271
21121	0.05344611395
21122	0.05344511413
21123	0.05344378393
21124	0.05344160842
21125	0.05344042158
21126	0.05343867579
21127	0.05343652088
21128	0.05343539974
21129	0.05343392832
21130	0.05343161586
21131	0.05342958587
21132	0.05342763736
21133	0.05342587458
21134	0.05342440897
21135	0.05342240076
21136	0.05342122222
21137	0.05341956579
21138	0.05341698301
21139	0.05341531438
21140	0.05341380931
21141	0.05341210799
21142	0.05341025426
21143	0.05340770128
21144	0.0534058084
21145	0.05340496862
21146	0.05340287251
21147	0.05340137418
21148	0.05339822613
21149	0.05339698518
21150	0.05339568694
21151	0.05339393769
21152	0.05339344365
21153	0.05339199665
21154	0.05339006054
21155	0.05338772968
21156	0.05338649712
21157	0.05338490039
21158	0.0533826301
21159	0.05338092571
21160	0.05338007981
21161	0.05337848189
21162	0.05337681996
21163	0.05337569063
21164	0.05337324654
21165	0.05337138793
21166	0.05336896938
21167	0.05336698576
21168	0.05336548666
21169	0.05336395307
21170	0.05336247888
21171	0.05336060705
21172	0.05335946926
21173	0.05335841964
21174	0.05335720501
21175	0.05335541262
21176	0.05335376883
21177	0.0533522877
21178	0.0533505916
21179	0.05334749052
21180	0.05334627101
21181	0.0533441658
21182	0.0533425813
21183	0.05334106262
21184	0.05333926565
21185	0.05333759803
21186	0.05333504568
21187	0.05333333025
21188	0.05333114978
21189	0.05332927545
21190	0.0533270342
21191	0.05332552273
21192	0.05332383978
21193	0.05332227429
21194	0.05332063802
21195	0.05331796945
21196	0.05331665646
21197	0.05331523122
21198	0.0533135287
21199	0.05331228284
21200	0.05330943841
21201	0.05330699061
21202	0.05330508239
21203	0.05330266639
21204	0.05330141665
21205	0.05330027741
21206	0.05329844241
21207	0.05329724775
21208	0.05329561435
21209	0.05329376545
21210	0.05329144136
21211	0.05328964043
21212	0.05328858224
21213	0.0532867883
21214	0.05328511897
21215	0.05328380973
21216	0.05328251924
21217	0.05328037296
21218	0.05327928944
21219	0.05327813693
21220	0.05327616431
21221	0.05327489679
21222	0.05327330026
21223	0.05327221245
21224	0.05327069387
21225	0.05326983163
21226	0.05326938961
21227	0.05326759779
21228	0.05326482809
21229	0.05326260333
21230	0.05325923545
21231	0.05325672403
21232	0.05325530148
21233	0.05325343499
21234	0.0532525057
21235	0.05325179808
21236	0.0532500553
21237	0.05324877537
21238	0.05324758035
21239	0.0532459596
21240	0.05324491872
21241	0.05324301492
21242	0.05324158303
21243	0.05323854504
21244	0.05323732603
21245	0.05323635507
21246	0.05323399874
21247	0.05323193744
21248	0.05322981214
21249	0.05322859232
21250	0.05322755197
21251	0.05322634591
21252	0.05322354681
21253	0.05322236624
21254	0.05322024618
21255	0.0532188103
21256	0.05321711431
21257	0.05321598909
21258	0.05321514575
21259	0.05321324992
21260	0.05321051581
21261	0.05320922612
21262	0.05320669987
21263	0.05320513026
21264	0.05320298526
21265	0.05320203601
21266	0.05319928082
21267	0.05319635521
21268	0.05319564914
21269	0.05319414876
21270	0.05319211311
21271	0.05319082657
21272	0.05318941827
21273	0.05318726112
21274	0.05318571597
21275	0.05318339931
21276	0.05318216048
21277	0.05317980229
21278	0.0531783215
21279	0.05317619255
21280	0.05317491509
21281	0.05317326957
21282	0.05317170743
21283	0.05317003696
21284	0.05316867335
21285	0.05316705548
21286	0.05316517787
21287	0.05316336285
21288	0.05316167914
21289	0.05315912909
21290	0.05315659463
21291	0.0531540339
21292	0.05315278233
21293	0.05315144964
21294	0.05314992819
21295	0.05314869771
21296	0.05314744964
21297	0.05314614851
21298	0.05314493671
21299	0.05314352785
21300	0.05314205649
21301	0.05314054115
21302	0.0531385953
21303	0.05313631267
21304	0.05313495011
21305	0.05313354909
21306	0.05313265315
21307	0.05313091892
21308	0.05312972787
21309	0.05312799123
21310	0.05312633772
21311	0.05312507083
21312	0.0531239794
21313	0.05312197333
21314	0.05312035803
21315	0.05311918849
21316	0.05311709245
21317	0.05311463301
21318	0.05311316029
21319	0.05311140826
21320	0.0531093095
21321	0.05310791505
21322	0.05310643897
21323	0.05310434415
21324	0.05310282765
21325	0.05310172543
21326	0.05310000874
21327	0.05309869204
21328	0.05309757762
21329	0.05309615553
21330	0.05309051827
21331	0.05308906344
21332	0.05308721688
21333	0.05308558452
21334	0.05308421633
21335	0.05308153617
21336	0.05307903616
21337	0.0530781032
21338	0.05307714551
21339	0.05307525791
21340	0.05307419499
21341	0.05307318334
21342	0.05307235831
21343	0.05307133566
21344	0.05307031883
21345	0.05306936676
21346	0.05306702439
21347	0.05306581843
21348	0.05306309168
21349	0.05306151784
21350	0.05305905921
21351	0.05305745893
21352	0.05305549155
21353	0.05305374663
21354	0.05305139787
21355	0.05304932018
21356	0.05304858375
21357	0.05304693626
21358	0.05304499197
21359	0.05304330972
21360	0.05304100629
21361	0.05303962048
21362	0.05303817166
21363	0.05303639344
21364	0.05303488094
21365	0.05303355663
21366	0.05303168982
21367	0.05302913172
21368	0.05302749237
21369	0.05302620208
21370	0.05302429086
21371	0.05302259567
21372	0.05302082256
21373	0.05301954818
21374	0.05301859118
21375	0.05301781911
21376	0.05301698483
21377	0.05301518546
21378	0.05301271712
21379	0.05301070622
21380	0.05301018501
21381	0.05300843819
21382	0.0530067443
21383	0.05300545363
21384	0.0530026468
21385	0.05300169758
21386	0.05300036915
21387	0.05299901864
21388	0.05299750029
21389	0.05299564394
21390	0.0529947711
21391	0.0529926395
21392	0.05299048871
21393	0.05298720041
21394	0.05298533537
21395	0.05298415744
21396	0.05298233849
21397	0.05298123709
21398	0.05297945272
21399	0.05297745563
21400	0.05297599599
21401	0.05297245544
21402	0.05297100246
21403	0.0529692856
21404	0.05296779651
21405	0.05296638398
21406	0.05296416437
21407	0.05296212558
21408	0.05295929866
21409	0.05295810225
21410	0.05295703431
21411	0.05295611653
21412	0.05295461577
21413	0.0529531782
21414	0.05295175316
21415	0.05294938354
21416	0.0529459832
21417	0.0529448258
21418	0.05294371931
21419	0.0529426408
21420	0.05294072166
21421	0.0529387241
21422	0.05293722448
21423	0.05293565089
21424	0.05293382618
21425	0.05293088062
21426	0.05292936039
21427	0.05292756775
21428	0.05292661602
21429	0.05292542423
21430	0.05292371915
21431	0.05292218109
21432	0.05292001766
21433	0.05291838977
21434	0.0529171948
21435	0.05291577732
21436	0.05291466046
21437	0.05291363592
21438	0.05291207983
21439	0.05291097649
21440	0.05290938618
21441	0.05290828996
21442	0.0528995288
21443	0.05289749224
21444	0.05289657137
21445	0.05289517811
21446	0.0528918064
21447	0.05289033649
21448	0.05288919996
21449	0.05288695105
21450	0.05288495465
21451	0.05288307423
21452	0.05288092589
21453	0.05287956893
21454	0.05287769214
21455	0.0528739794
21456	0.05287173115
21457	0.05287052531
21458	0.05286903598
21459	0.05286741564
21460	0.0528661267
21461	0.052864312
21462	0.0528626754
21463	0.05286152688
21464	0.05286049191
21465	0.05285900741
21466	0.05285626969
21467	0.05285370966
21468	0.05285178699
21469	0.05285068174
21470	0.05284945178
21471	0.05284760929
21472	0.05284631567
21473	0.05284470995
21474	0.052842752
21475	0.0528411833
21476	0.05283949667
21477	0.0528380935
21478	0.05283695731
21479	0.05283573428
21480	0.05283287089
21481	0.05283114591
21482	0.05283012122
21483	0.05282871629
21484	0.05282697137
21485	0.0528257088
21486	0.05282404148
21487	0.05282214142
21488	0.05282107577
21489	0.05281920431
21490	0.05281614929
21491	0.05281404292
21492	0.05281322734
21493	0.05281100539
21494	0.05280980439
21495	0.05280788587
21496	0.0528058065
21497	0.05280455141
21498	0.05280226605
21499	0.0527983806
21500	0.05279680233
21501	0.05279514591
21502	0.05279210118
21503	0.05279118882
21504	0.05278918284
21505	0.05278813173
21506	0.05278658028
21507	0.05278468835
21508	0.05278326192
21509	0.05277974566
21510	0.05277800904
21511	0.05277671831
21512	0.05277545785
21513	0.05277406897
21514	0.05276995801
21515	0.05276845281
21516	0.05276778764
21517	0.05276552865
21518	0.0527627031
21519	0.05276130762
21520	0.05275963882
21521	0.05275789459
21522	0.05275655277
21523	0.05275559109
21524	0.05275394945
21525	0.05275257194
21526	0.05275029773
21527	0.05274947217
21528	0.05274857332
21529	0.05274711945
21530	0.0527461578
21531	0.05274454278
21532	0.05274299742
21533	0.05274178839
21534	0.05273979246
21535	0.05273624424
21536	0.0527351826
21537	0.05273327722
21538	0.05273011081
21539	0.05272811588
21540	0.05272536416
21541	0.05272385366
21542	0.05272152453
21543	0.05272017985
21544	0.05271944441
21545	0.05271712027
21546	0.05271597708
21547	0.05271402199
21548	0.05271255915
21549	0.05271127101
21550	0.05271007974
21551	0.05270871082
21552	0.05270742698
21553	0.05270574222
21554	0.05270450173
21555	0.05270340479
21556	0.05270244626
21557	0.05269899714
21558	0.05269752102
21559	0.05269610506
21560	0.05269477927
21561	0.05269380693
21562	0.05269222226
21563	0.05268999068
21564	0.0526880417
21565	0.05268507436
21566	0.0526841554
21567	0.05268267191
21568	0.05268093816
21569	0.05267993255
21570	0.0526789224
21571	0.05267708326
21572	0.05267558327
21573	0.0526738663
21574	0.05267205091
21575	0.05267045671
21576	0.05266938539
21577	0.05266823798
21578	0.05266702762
21579	0.05266546788
21580	0.05266281562
21581	0.05266075923
21582	0.05265914418
21583	0.0526570169
21584	0.05265503399
21585	0.05265230834
21586	0.05264798242
21587	0.05264647034
21588	0.05264368169
21589	0.05264230958
21590	0.05264117227
21591	0.05264009895
21592	0.05263824281
21593	0.05263598203
21594	0.05263521262
21595	0.05263241074
21596	0.05263157728
21597	0.05263053236
21598	0.05262868254
21599	0.05262741618
21600	0.05262565526
21601	0.05262316979
21602	0.05262170691
21603	0.05262082102
21604	0.05261860751
21605	0.05261724119
21606	0.05261557178
21607	0.05261445293
21608	0.05261332438
21609	0.05261162401
21610	0.05260943916
21611	0.05260757715
21612	0.05260566213
21613	0.05260333368
21614	0.05260186091
21615	0.05260023873
21616	0.05259924405
21617	0.05259824386
21618	0.05259688448
21619	0.05259531273
21620	0.05259337345
21621	0.05259219982
21622	0.05259049436
21623	0.05258860943
21624	0.05258822615
21625	0.05258667499
21626	0.05258586369
21627	0.05258424188
21628	0.05258329469
21629	0.05258227361
21630	0.05258054139
21631	0.05257842215
21632	0.05257737252
21633	0.05257588256
21634	0.05257321242
21635	0.05257236821
21636	0.05256958457
21637	0.05256766954
21638	0.05256609414
21639	0.05256442881
21640	0.05256353509
21641	0.05256255008
21642	0.05256029313
21643	0.05255800857
21644	0.05255617259
21645	0.05255485988
21646	0.05255275865
21647	0.05255140444
21648	0.05254969626
21649	0.0525484686
21650	0.05254632786
21651	0.05254452032
21652	0.05254372318
21653	0.05254134663
21654	0.05253926715
21655	0.05253830016
21656	0.05253618155
21657	0.05253420036
21658	0.05253167035
21659	0.05253033207
21660	0.05252854338
21661	0.05252738625
21662	0.05252594699
21663	0.05252434001
21664	0.05252291244
21665	0.05252172629
21666	0.05252087165
21667	0.05251953383
21668	0.05251777038
21669	0.05251611844
21670	0.05251412968
21671	0.05251319593
21672	0.05251098652
21673	0.05251006151
21674	0.05250872644
21675	0.05250741194
21676	0.05250611172
21677	0.05250376438
21678	0.05250187182
21679	0.0525000992
21680	0.05249863705
21681	0.05249752602
21682	0.05249637422
21683	0.05249443135
21684	0.05249280313
21685	0.05249025817
21686	0.05248801916
21687	0.05248639423
21688	0.05248538487
21689	0.05248391491
21690	0.05248306506
21691	0.05248122243
21692	0.05248015829
21693	0.05247841023
21694	0.05247702125
21695	0.05247517064
21696	0.05247321763
21697	0.05247173638
21698	0.05246850152
21699	0.05246662615
21700	0.05246567759
21701	0.05246323039
21702	0.05246079403
21703	0.05245937169
21704	0.05245714143
21705	0.0524565271
21706	0.05245525002
21707	0.0524539828
21708	0.05245259421
21709	0.05245118308
21710	0.05245026583
21711	0.05244823056
21712	0.05244667121
21713	0.05244545757
21714	0.05244343543
21715	0.05244175562
21716	0.05244058973
21717	0.05243851482
21718	0.05243542825
21719	0.05243467787
21720	0.05243352067
21721	0.05243147832
21722	0.05243069849
21723	0.05242970707
21724	0.05242857648
21725	0.05242719616
21726	0.05242434192
21727	0.0524218211
21728	0.05241988378
21729	0.05241877949
21730	0.05241787671
21731	0.0524163067
21732	0.05241486703
21733	0.05241342503
21734	0.05241200919
21735	0.05241028346
21736	0.05240844721
21737	0.05240743605
21738	0.0524063907
21739	0.05240496257
21740	0.05240384061
21741	0.05240180731
21742	0.05239848981
21743	0.05239716062
21744	0.05239625418
21745	0.05239516888
21746	0.0523934237
21747	0.05239234164
21748	0.05239071714
21749	0.05238758107
21750	0.05238627413
21751	0.05238503495
21752	0.05238288149
21753	0.05238162568
21754	0.0523798142
21755	0.05237795425
21756	0.05237635534
21757	0.05237479723
21758	0.0523732122
21759	0.0523721166
21760	0.05237092112
21761	0.05236911628
21762	0.05236708698
21763	0.05236516438
21764	0.05236396301
21765	0.05236251037
21766	0.05236066314
21767	0.05235879917
21768	0.05235748808
21769	0.05235581544
21770	0.05235481576
21771	0.05235293503
21772	0.05235181964
21773	0.0523500999
21774	0.05234883349
21775	0.05234798851
21776	0.05234533122
21777	0.05234306375
21778	0.0523418187
21779	0.05234029785
21780	0.05233804201
21781	0.05233581803
21782	0.0523344851
21783	0.05233315707
21784	0.0523319767
21785	0.05233045147
21786	0.05232971315
21787	0.0523290122
21788	0.05232744778
21789	0.05232571828
21790	0.05232383956
21791	0.05232271243
21792	0.05232143375
21793	0.05231909708
21794	0.05231803624
21795	0.0523163965
21796	0.05231426821
21797	0.05231312707
21798	0.05231175472
21799	0.0523109914
21800	0.05230978892
21801	0.0523091928
21802	0.05230772846
21803	0.05230600909
21804	0.05230482089
21805	0.05230239814
21806	0.0523013371
21807	0.05229926597
21808	0.05229739823
21809	0.05229648077
21810	0.05229394329
21811	0.05229253103
21812	0.05229139094
21813	0.05228999311
21814	0.05228765859
21815	0.05228626015
21816	0.05228404672
21817	0.05228261138
21818	0.05228122388
21819	0.05228008329
21820	0.05227830988
21821	0.05227640783
21822	0.05227435426
21823	0.05227300771
21824	0.05227137734
21825	0.05226965046
21826	0.05226790771
21827	0.05226644096
21828	0.05226485494
21829	0.05226376006
21830	0.05226199096
21831	0.05226067207
21832	0.05225862433
21833	0.05225779409
21834	0.05225536399
21835	0.0522542218
21836	0.05225289987
21837	0.0522510307
21838	0.05224850182
21839	0.0522468031
21840	0.05224553869
21841	0.05224394661
21842	0.0522423071
21843	0.05224085544
21844	0.05223891861
21845	0.05223781286
21846	0.05223653543
21847	0.0522345195
21848	0.05223318934
21849	0.05223057255
21850	0.05222845408
21851	0.05222632942
21852	0.05222473641
21853	0.05222329287
21854	0.05222142846
21855	0.05221988986
21856	0.05221802279
21857	0.05221628378
21858	0.05221511021
21859	0.05221388786
21860	0.05221110943
21861	0.05221032346
21862	0.05220945144
21863	0.05220854735
21864	0.05220744404
21865	0.05220581091
21866	0.05220314085
21867	0.05220126075
21868	0.0521998664
21869	0.05219783302
21870	0.052196485
21871	0.05219523027
21872	0.05219368759
21873	0.05219174323
21874	0.05218991518
21875	0.05218894231
21876	0.05218656681
21877	0.05218474077
21878	0.05218363474
21879	0.05218162684
21880	0.05217993092
21881	0.05217862334
21882	0.05217651448
21883	0.05217347866
21884	0.05217225409
21885	0.05217056515
21886	0.05216895624
21887	0.05216750901
21888	0.05216589696
21889	0.05216371703
21890	0.05216172666
21891	0.05216057717
21892	0.05215816899
21893	0.05215603453
21894	0.05215423973
21895	0.05215326878
21896	0.05215182567
21897	0.05215023598
21898	0.05214899289
21899	0.05214771882
21900	0.05214606094
21901	0.05214417626
21902	0.05214146577
21903	0.05213947693
21904	0.05213766944
21905	0.05213644123
21906	0.05213521522
21907	0.0521334063
21908	0.05213173513
21909	0.05213088763
21910	0.05212888446
21911	0.05212804589
21912	0.05212737522
21913	0.05212532994
21914	0.05212418031
21915	0.0521225939
21916	0.05212033306
21917	0.05211928543
21918	0.0521174676
21919	0.05211532146
21920	0.05211343466
21921	0.05211153543
21922	0.052110412
21923	0.05210905783
21924	0.05210757717
21925	0.05210669933
21926	0.05210504467
21927	0.05210318381
21928	0.05210236796
21929	0.05210139379
21930	0.05210041996
21931	0.05209845274
21932	0.05209705637
21933	0.05209610062
21934	0.05209440649
21935	0.05209263403
21936	0.05209117132
21937	0.05208963665
21938	0.05208767216
21939	0.05208580487
21940	0.05208452728
21941	0.05208254468
21942	0.05208120013
21943	0.05207957293
21944	0.0520786725
21945	0.05207586182
21946	0.05207448607
21947	0.05207290111
21948	0.05207145676
21949	0.05207011504
21950	0.0520685189
21951	0.05206785206
21952	0.05206586808
21953	0.05206475413
21954	0.05206347593
21955	0.05206154245
21956	0.05205966052
21957	0.05205854274
21958	0.05205653269
21959	0.05205566753
21960	0.05205402496
21961	0.05205204068
21962	0.05205076357
21963	0.05204915731
21964	0.05204787436
21965	0.05204622069
21966	0.05204467366
21967	0.05204325379
21968	0.05204145253
21969	0.05204001648
21970	0.05203773298
21971	0.05203662432
21972	0.05203482698
21973	0.05203344608
21974	0.05203173258
21975	0.0520308399
21976	0.05202901019
21977	0.05202742277
21978	0.05202540181
21979	0.05202395805
21980	0.05202276091
21981	0.05202182142
21982	0.05202093789
21983	0.05201895723
21984	0.05201749755
21985	0.05201614853
21986	0.0520140375
21987	0.05201265952
21988	0.05201078537
21989	0.05200985762
21990	0.0520088258
21991	0.05200729342
21992	0.05200643103
21993	0.05200519287
21994	0.05200428781
21995	0.05200097537
21996	0.05199892133
21997	0.05199739245
21998	0.05199616299
21999	0.05199480696
22000	0.05199393841
22001	0.05199300341
22002	0.05199127284
22003	0.05198993613
22004	0.05198803364
22005	0.05198621151
22006	0.05198464451
22007	0.0519820929
22008	0.05198043036
22009	0.05197922525
22010	0.05197763686
22011	0.05197584055
22012	0.05197426328
22013	0.05197268587
22014	0.05197175977
22015	0.05197055061
22016	0.05196979935
22017	0.05196806303
22018	0.05196650348
22019	0.05196542658
22020	0.05196459794
22021	0.05196295405
22022	0.05196129798
22023	0.05196013606
22024	0.0519583805
22025	0.05195658765
22026	0.05195423724
22027	0.05195313714
22028	0.05195197727
22029	0.051950574
22030	0.05194856781
22031	0.05194744706
22032	0.05194581933
22033	0.05194384415
22034	0.05194282932
22035	0.05194180604
22036	0.05194034365
22037	0.05193854998
22038	0.05193682576
22039	0.05193488442
22040	0.05193359334
22041	0.05193180535
22042	0.05193030364
22043	0.05192838589
22044	0.05192657892
22045	0.05192490644
22046	0.05192288807
22047	0.05192151807
22048	0.05191939002
22049	0.05191794382
22050	0.05191669069
22051	0.05191592361
22052	0.05191414769
22053	0.05191265524
22054	0.05190988747
22055	0.05190809785
22056	0.05190524207
22057	0.05190340665
22058	0.0519016885
22059	0.05190053777
22060	0.0518992142
22061	0.05189707013
22062	0.0518953769
22063	0.05189424302
22064	0.05189268166
22065	0.05189165861
22066	0.05189045876
22067	0.05188818418
22068	0.05188628982
22069	0.05188476083
22070	0.0518834018
22071	0.05188186572
22072	0.05188052071
22073	0.05187903177
22074	0.05187763449
22075	0.0518756324
22076	0.05187417118
22077	0.05187266796
22078	0.05187122045
22079	0.05186912502
22080	0.05186695311
22081	0.05186510571
22082	0.05186362974
22083	0.05186145077
22084	0.05186006752
22085	0.05185600421
22086	0.05185498069
22087	0.05185339807
22088	0.0518522177
22089	0.05185072178
22090	0.05184926231
22091	0.05184773988
22092	0.05184678983
22093	0.05184552592
22094	0.05184346681
22095	0.05184212346
22096	0.05184119199
22097	0.05183942905
22098	0.05183803349
22099	0.05183703272
22100	0.05183609774
22101	0.05183495443
22102	0.05183350055
22103	0.05183134622
22104	0.0518304181
22105	0.05182938101
22106	0.05182839567
22107	0.05182697988
22108	0.05182461317
22109	0.0518226506
22110	0.05182101717
22111	0.0518198852
22112	0.05181878106
22113	0.05181767704
22114	0.05181649785
22115	0.05181406766
22116	0.05181252364
22117	0.05180935256
22118	0.05180750638
22119	0.05180559152
22120	0.0518047851
22121	0.05180338658
22122	0.05180145557
22123	0.05179983363
22124	0.05179823623
22125	0.05179671093
22126	0.05179530869
22127	0.05179402916
22128	0.05179341886
22129	0.05179215332
22130	0.05179065473
22131	0.05178881714
22132	0.05178765839
22133	0.05178597648
22134	0.05178412916
22135	0.05178222714
22136	0.05178057272
22137	0.05177888831
22138	0.05177719236
22139	0.05177518263
22140	0.05177357381
22141	0.05177204119
22142	0.05177078006
22143	0.05176932284
22144	0.0517675717
22145	0.05176620593
22146	0.05176444323
22147	0.05176208232
22148	0.05176063247
22149	0.05175972036
22150	0.05175836058
22151	0.05175639927
22152	0.0517547033
22153	0.0517535029
22154	0.05175187333
22155	0.05175013777
22156	0.05174843612
22157	0.05174735221
22158	0.05174577081
22159	0.0517444854
22160	0.05174285756
22161	0.05174134132
22162	0.05173940057
22163	0.05173698357
22164	0.05173527381
22165	0.05173364499
22166	0.05173196131
22167	0.05173031994
22168	0.05172882833
22169	0.05172734735
22170	0.05172553552
22171	0.05172446956
22172	0.05172281438
22173	0.05172111338
22174	0.05171929147
22175	0.05171586119
22176	0.05171480235
22177	0.05171354189
22178	0.05171087488
22179	0.05170890457
22180	0.05170784663
22181	0.05170598412
22182	0.05170429706
22183	0.05170298902
22184	0.051701933
22185	0.0516996346
22186	0.05169819807
22187	0.05169687436
22188	0.05169571666
22189	0.05169395911
22190	0.05169242731
22191	0.05169052029
22192	0.05168941449
22193	0.05168837588
22194	0.05168708454
22195	0.05168546306
22196	0.05168381844
22197	0.0516821505
22198	0.05168084276
22199	0.05167989031
22200	0.05167812592
22201	0.05167676499
22202	0.0516732363
22203	0.05167138302
22204	0.05167041543
22205	0.05166881478
22206	0.05166763236
22207	0.05166621245
22208	0.05166509444
22209	0.05166409538
22210	0.05166271165
22211	0.05166147208
22212	0.05165989287
22213	0.05165823878
22214	0.05165667115
22215	0.05165456471
22216	0.05165318302
22217	0.05165224091
22218	0.05165096521
22219	0.0516500476
22220	0.05164839154
22221	0.05164631615
22222	0.05164417668
22223	0.05164236055
22224	0.05164077535
22225	0.05163875363
22226	0.05163674541
22227	0.05163501644
22228	0.05163303281
22229	0.05163151902
22230	0.05162904691
22231	0.05162730854
22232	0.05162558122
22233	0.0516232023
22234	0.05162120877
22235	0.05161920318
22236	0.05161765968
22237	0.05161553386
22238	0.05161387785
22239	0.05161208055
22240	0.05161024556
22241	0.05160790438
22242	0.0516060245
22243	0.05160437226
22244	0.0516029382
22245	0.05160176789
22246	0.05160002357
22247	0.05159847561
22248	0.05159653629
22249	0.05159497252
22250	0.05159322695
22251	0.05159269033
22252	0.05159122538
22253	0.05158935135
22254	0.05158848776
22255	0.05158748326
22256	0.05158602097
22257	0.0515834369
22258	0.05158233317
22259	0.05158100126
22260	0.05157915663
22261	0.05157819803
22262	0.05157658513
22263	0.05157490134
22264	0.05157366607
22265	0.0515723562
22266	0.05157107547
22267	0.05156995539
22268	0.05156943988
22269	0.05156636131
22270	0.0515655456
22271	0.0515639406
22272	0.05156282128
22273	0.05156131516
22274	0.05156006591
22275	0.05155750166
22276	0.05155565263
22277	0.05155444506
22278	0.05155254969
22279	0.05155101065
22280	0.05155024171
22281	0.05154903127
22282	0.051546773
22283	0.05154530361
22284	0.0515433259
22285	0.05154179435
22286	0.05153973015
22287	0.05153840419
22288	0.05153718058
22289	0.05153531948
22290	0.05153349243
22291	0.05153156585
22292	0.0515296807
22293	0.05152855445
22294	0.05152733848
22295	0.05152580393
22296	0.05152259542
22297	0.05152102637
22298	0.05151984997
22299	0.05151872116
22300	0.05151768594
22301	0.05151535447
22302	0.05151250703
22303	0.05151102537
22304	0.05150968383
22305	0.05150826387
22306	0.05150702667
22307	0.05150561381
22308	0.05150426504
22309	0.05150238102
22310	0.05150179191
22311	0.05150011581
22312	0.05149889673
22313	0.05149797426
22314	0.0514962146
22315	0.05149388928
22316	0.05149172259
22317	0.05149023863
22318	0.05148917673
22319	0.05148679547
22320	0.05148477913
22321	0.05148324425
22322	0.05148061558
22323	0.05147542519
22324	0.05147433278
22325	0.05147329573
22326	0.0514719425
22327	0.05146969703
22328	0.05146893812
22329	0.05146724671
22330	0.05146547681
22331	0.05146351179
22332	0.05146214076
22333	0.05146013393
22334	0.05145782499
22335	0.05145582297
22336	0.05145443575
22337	0.05145237753
22338	0.0514508663
22339	0.05144948204
22340	0.05144770599
22341	0.05144586213
22342	0.05144265959
22343	0.05144075098
22344	0.05143856768
22345	0.05143689637
22346	0.05143602573
22347	0.05143436902
22348	0.051432948
22349	0.05143163043
22350	0.05143015745
22351	0.05142836481
22352	0.05142698252
22353	0.05142527643
22354	0.05142349107
22355	0.05142146341
22356	0.05141979108
22357	0.0514182112
22358	0.05141686282
22359	0.05141486617
22360	0.0514129714
22361	0.05140834947
22362	0.05140677835
22363	0.05140537283
22364	0.05140415367
22365	0.05140099
22366	0.05140004988
22367	0.05139824423
22368	0.05139712181
22369	0.0513950232
22370	0.05139311198
22371	0.05138934275
22372	0.05138785187
22373	0.05138623233
22374	0.05138473116
22375	0.05138241205
22376	0.05138090185
22377	0.05137904932
22378	0.05137834786
22379	0.05137690707
22380	0.05137601413
22381	0.05137463198
22382	0.05137288181
22383	0.05137180276
22384	0.05137047927
22385	0.05136901427
22386	0.05136739149
22387	0.05136541984
22388	0.05136422829
22389	0.05136267362
22390	0.0513611669
22391	0.05135941658
22392	0.05135839664
22393	0.05135716695
22394	0.05135554421
22395	0.05135407858
22396	0.051352347
22397	0.05135107705
22398	0.05134955716
22399	0.05134729546
22400	0.05134559843
22401	0.05134434984
22402	0.05134266595
22403	0.05134112735
22404	0.05134030696
22405	0.05133903172
22406	0.05133634623
22407	0.05133499469
22408	0.05133344754
22409	0.05133140181
22410	0.05133064506
22411	0.05132983404
22412	0.05132848715
22413	0.05132728818
22414	0.05132586694
22415	0.05132402403
22416	0.05132191726
22417	0.05132088331
22418	0.05131860589
22419	0.05131720824
22420	0.05131556321
22421	0.05131418631
22422	0.05131258966
22423	0.05131140663
22424	0.05130988274
22425	0.05130821957
22426	0.05130655964
22427	0.05130449279
22428	0.05130315534
22429	0.05129897426
22430	0.05129837414
22431	0.05129744627
22432	0.05129556857
22433	0.05129336624
22434	0.05129163664
22435	0.05128990444
22436	0.05128847175
22437	0.05128674843
22438	0.05128611354
22439	0.05128493472
22440	0.05128318045
22441	0.05128116485
22442	0.05127963445
22443	0.05127785244
22444	0.05127588496
22445	0.0512750082
22446	0.05127300174
22447	0.05127115231
22448	0.05126879277
22449	0.05126678696
22450	0.05126556862
22451	0.05126427611
22452	0.05126324344
22453	0.05126217926
22454	0.05126008176
22455	0.05125844994
22456	0.05125754047
22457	0.05125594556
22458	0.05125467281
22459	0.05125328784
22460	0.05125140667
22461	0.05124866703
22462	0.05124573409
22463	0.0512438802
22464	0.05124226235
22465	0.05124098864
22466	0.0512389679
22467	0.05123710217
22468	0.05123423635
22469	0.0512332525
22470	0.05122988895
22471	0.05122759366
22472	0.05122638606
22473	0.05122474002
22474	0.05122345999
22475	0.05122187684
22476	0.05122008245
22477	0.05121850889
22478	0.0512172461
22479	0.05121565122
22480	0.0512147438
22481	0.05121370471
22482	0.05121238384
22483	0.05121042284
22484	0.05120967608
22485	0.05120824515
22486	0.0512064022
22487	0.05120464057
22488	0.05120238976
22489	0.05119849644
22490	0.05119708407
22491	0.05119529843
22492	0.05119354657
22493	0.05119248817
22494	0.05119158692
22495	0.05119030896
22496	0.05118924359
22497	0.05118763855
22498	0.05118615271
22499	0.05118401552
22500	0.05118267961
22501	0.05118092239
22502	0.05117882869
22503	0.05117790604
22504	0.05117657804
22505	0.05117431973
22506	0.05117178748
22507	0.05116975069
22508	0.05116733325
22509	0.05116552066
22510	0.05116268439
22511	0.05116106173
22512	0.05115966119
22513	0.05115885897
22514	0.0511567839
22515	0.05115445525
22516	0.0511530732
22517	0.0511518218
22518	0.05114966213
22519	0.05114822843
22520	0.05114741177
22521	0.05114503246
22522	0.05114294048
22523	0.05113986306
22524	0.0511376413
22525	0.05113496358
22526	0.05113278416
22527	0.05113103541
22528	0.05112955327
22529	0.05112689369
22530	0.05112567791
22531	0.05112337725
22532	0.05112223905
22533	0.05112125418
22534	0.05111968601
22535	0.05111867597
22536	0.05111700962
22537	0.05111532731
22538	0.05111423599
22539	0.05111283028
22540	0.05111102315
22541	0.05110948795
22542	0.05110867369
22543	0.05110745641
22544	0.05110591958
22545	0.05110478868
22546	0.05110364145
22547	0.05110233952
22548	0.05110005225
22549	0.05109674808
22550	0.05109566813
22551	0.05109413411
22552	0.05109295152
22553	0.05109168614
22554	0.05109029956
22555	0.05108892342
22556	0.05108720215
22557	0.0510843591
22558	0.0510824076
22559	0.05108117156
22560	0.05107947711
22561	0.05107837551
22562	0.051076992
22563	0.05107445687
22564	0.051072806
22565	0.05107172824
22566	0.05106970379
22567	0.05106815268
22568	0.05106694613
22569	0.05106565583
22570	0.05106439754
22571	0.05106345738
22572	0.05106256641
22573	0.05106136395
22574	0.051058699
22575	0.05105707218
22576	0.0510553316
22577	0.05105423659
22578	0.05105316584
22579	0.0510518103
22580	0.05105072887
22581	0.05104876823
22582	0.05104626639
22583	0.0510446886
22584	0.05104352249
22585	0.0510416065
22586	0.05104038552
22587	0.05103940972
22588	0.05103678567
22589	0.05103561956
22590	0.05103313056
22591	0.05103203394
22592	0.05103000373
22593	0.05102871918
22594	0.05102699204
22595	0.05102605951
22596	0.05102493151
22597	0.05102408639
22598	0.05102278047
22599	0.0510215753
22600	0.05102061113
22601	0.05101929097
22602	0.05101799051
22603	0.05101611577
22604	0.05101459232
22605	0.05101362959
22606	0.05101232695
22607	0.05101108077
22608	0.0510097244
22609	0.05100904715
22610	0.05100820872
22611	0.05100670245
22612	0.05100508731
22613	0.05100352977
22614	0.05100196669
22615	0.05099957397
22616	0.05099780913
22617	0.05099681843
22618	0.0509951976
22619	0.05099423673
22620	0.0509924136
22621	0.05099103791
22622	0.05099017138
22623	0.05098870876
22624	0.05098722125
22625	0.05098556337
22626	0.05098308764
22627	0.05098114112
22628	0.05097965538
22629	0.05097920835
22630	0.05097728836
22631	0.05097606045
22632	0.05097482463
22633	0.05097342402
22634	0.05097109197
22635	0.05096991871
22636	0.05096864273
22637	0.05096770181
22638	0.05096575844
22639	0.05096356162
22640	0.05096231287
22641	0.05096012362
22642	0.0509587983
22643	0.05095774019
22644	0.05095625259
22645	0.05095409372
22646	0.05095315452
22647	0.05095207756
22648	0.0509507673
22649	0.05094950818
22650	0.05094839457
22651	0.05094735534
22652	0.05094568558
22653	0.05094415031
22654	0.05094227416
22655	0.05094146459
22656	0.05094017626
22657	0.05093926769
22658	0.05093790198
22659	0.05093647504
22660	0.05093490776
22661	0.05093421422
22662	0.05093233224
22663	0.05093055475
22664	0.05092867778
22665	0.05092738423
22666	0.05092587421
22667	0.05092260746
22668	0.05092061845
22669	0.05091897396
22670	0.05091722172
22671	0.05091542718
22672	0.05091343766
22673	0.05091220107
22674	0.05091068944
22675	0.05090944093
22676	0.05090815941
22677	0.05090549058
22678	0.05090395859
22679	0.0509028557
22680	0.05090139425
22681	0.05089989051
22682	0.05089842835
22683	0.05089707308
22684	0.05089587139
22685	0.05089488341
22686	0.05089186205
22687	0.05089004322
22688	0.05088858273
22689	0.05088664048
22690	0.05088563288
22691	0.05088377476
22692	0.05088291344
22693	0.05088115863
22694	0.05087952607
22695	0.05087806952
22696	0.05087675711
22697	0.05087523768
22698	0.05087367703
22699	0.05087223213
22700	0.05087064346
22701	0.05086944024
22702	0.05086791723
22703	0.05086667305
22704	0.05086560853
22705	0.05086420715
22706	0.05086297257
22707	0.05086098241
22708	0.05085904072
22709	0.05085781098
22710	0.05085657948
22711	0.05085518502
22712	0.05085234467
22713	0.05085124152
22714	0.05084965037
22715	0.05084885253
22716	0.05084715448
22717	0.05084543334
22718	0.05084430092
22719	0.05084324522
22720	0.05084220595
22721	0.05084076949
22722	0.05083982386
22723	0.05083803706
22724	0.05083685759
22725	0.05083557846
22726	0.05083346787
22727	0.05083250283
22728	0.0508314902
22729	0.05082996821
22730	0.05082915089
22731	0.05082680675
22732	0.05082547913
22733	0.05082295599
22734	0.05082180025
22735	0.050820118
22736	0.05081833883
22737	0.05081690947
22738	0.0508148858
22739	0.05081320436
22740	0.05081137808
22741	0.05080936238
22742	0.05080726225
22743	0.0508052737
22744	0.05080359978
22745	0.05080222155
22746	0.05080116301
22747	0.05079942735
22748	0.05079767712
22749	0.05079609277
22750	0.05079506199
22751	0.05079389024
22752	0.0507922948
22753	0.05079078829
22754	0.05078883443
22755	0.05078696334
22756	0.05077971269
22757	0.05077800566
22758	0.05077699222
22759	0.05077582386
22760	0.05077433518
22761	0.0507728613
22762	0.05077151892
22763	0.05076972842
22764	0.05076782374
22765	0.05076620178
22766	0.05076519521
22767	0.05076321208
22768	0.05076222497
22769	0.05076147638
22770	0.05075985367
22771	0.05075840615
22772	0.05075665765
22773	0.05075559618
22774	0.05075371762
22775	0.05075244981
22776	0.05075069547
22777	0.05074720823
22778	0.05074639702
22779	0.05074540905
22780	0.0507436845
22781	0.05074155375
22782	0.05074047011
22783	0.05073902625
22784	0.05073762308
22785	0.05073588153
22786	0.05073452318
22787	0.05073300314
22788	0.05073178127
22789	0.05073039396
22790	0.05072835886
22791	0.05072693417
22792	0.05072483081
22793	0.05072279974
22794	0.05072186607
22795	0.05072018193
22796	0.05071877157
22797	0.05071715116
22798	0.05071416853
22799	0.05071329892
22800	0.05071090284
22801	0.05071014143
22802	0.05070800255
22803	0.05070573506
22804	0.05070514855
22805	0.05070348778
22806	0.05070247686
22807	0.05070070323
22808	0.05069905609
22809	0.05069587319
22810	0.05069447999
22811	0.05069288485
22812	0.05069016545
22813	0.05068823681
22814	0.05068656751
22815	0.05068607065
22816	0.05068441087
22817	0.05068266708
22818	0.05068119614
22819	0.05067977949
22820	0.05067831697
22821	0.0506771702
22822	0.05067524221
22823	0.05067330006
22824	0.05067224462
22825	0.05067100959
22826	0.05066866937
22827	0.05066696782
22828	0.05066535667
22829	0.05066354577
22830	0.05066122717
22831	0.05065972094
22832	0.05065843914
22833	0.05065728438
22834	0.05065548558
22835	0.05065367385
22836	0.05065211631
22837	0.05065057986
22838	0.05064839479
22839	0.05064636139
22840	0.05064476717
22841	0.05064339657
22842	0.05064206785
22843	0.05064068699
22844	0.05063852977
22845	0.05063718607
22846	0.05063595042
22847	0.05063518545
22848	0.05063329596
22849	0.05063189781
22850	0.05063071103
22851	0.0506283453
22852	0.05062662557
22853	0.05062447738
22854	0.05062296777
22855	0.05062158198
22856	0.05061979991
22857	0.0506175346
22858	0.0506159611
22859	0.0506134266
22860	0.05061254657
22861	0.05061118239
22862	0.0506095891
22863	0.05060899715
22864	0.05060813
22865	0.05060664278
22866	0.05060552475
22867	0.05060406869
22868	0.05060319862
22869	0.05060199386
22870	0.05060085231
22871	0.05059921313
22872	0.05059757445
22873	0.05059629341
22874	0.0505953008
22875	0.05059327133
22876	0.05059152305
22877	0.05058993615
22878	0.05058802487
22879	0.05058651463
22880	0.05058530779
22881	0.05058437144
22882	0.05058277677
22883	0.05058082302
22884	0.0505798465
22885	0.05057826683
22886	0.05057685851
22887	0.05057476916
22888	0.05057275219
22889	0.05057047517
22890	0.050569142
22891	0.05056776889
22892	0.05056676516
22893	0.05056588356
22894	0.05056442587
22895	0.05056313908
22896	0.05056175413
22897	0.05056100675
22898	0.05055888007
22899	0.05055740812
22900	0.050555155
22901	0.05055374982
22902	0.05055207915
22903	0.05055106749
22904	0.05054907909
22905	0.05054776298
22906	0.05054637674
22907	0.05054492234
22908	0.050543385
22909	0.05054130107
22910	0.05054063786
22911	0.05053916639
22912	0.05053758836
22913	0.05053570013
22914	0.05053467413
22915	0.05053386432
22916	0.05053267309
22917	0.05053057049
22918	0.05052881239
22919	0.05052772401
22920	0.0505256439
22921	0.05052414188
22922	0.05052240406
22923	0.0505210625
22924	0.05051892385
22925	0.05051740677
22926	0.05051619649
22927	0.05051447982
22928	0.05051343247
22929	0.05051181628
22930	0.0505091761
22931	0.05050847192
22932	0.05050729458
22933	0.05050553742
22934	0.05050363618
22935	0.05050107423
22936	0.05049993629
22937	0.05049834733
22938	0.05049670102
22939	0.05049532125
22940	0.05049289262
22941	0.05049143392
22942	0.05049062641
22943	0.05049024311
22944	0.05048902601
22945	0.05048668613
22946	0.05048528752
22947	0.05048409316
22948	0.0504828456
22949	0.05048148824
22950	0.05047989542
22951	0.05047842483
22952	0.05047739855
22953	0.05047461278
22954	0.0504714542
22955	0.05047072362
22956	0.05046979933
22957	0.05046853037
22958	0.0504671814
22959	0.05046590078
22960	0.05046515434
22961	0.05046321633
22962	0.05046113692
22963	0.05045940192
22964	0.05045809598
22965	0.05045675654
22966	0.05045551863
22967	0.05045408085
22968	0.05045251465
22969	0.05045064543
22970	0.05044858375
22971	0.05044744522
22972	0.05044549087
22973	0.0504432139
22974	0.05044068757
22975	0.05043934967
22976	0.05043796387
22977	0.05043698688
22978	0.05043645148
22979	0.05043476539
22980	0.05043371727
22981	0.05043215038
22982	0.05043083067
22983	0.05042976549
22984	0.05042847833
22985	0.05042657172
22986	0.05042502131
22987	0.05042431527
22988	0.05042326687
22989	0.05042185716
22990	0.05042004608
22991	0.05041855193
22992	0.05041706715
22993	0.05041562796
22994	0.05041419634
22995	0.05041303238
22996	0.05041219966
22997	0.05041061405
22998	0.05040918051
22999	0.05040726622
23000	0.05040558891
23001	0.0504037629
23002	0.05040152709
23003	0.05039995524
23004	0.05039816086
23005	0.05039702947
23006	0.05039433008
23007	0.05039284771
23008	0.05039201595
23009	0.0503913736
23010	0.0503902525
23011	0.05038836465
23012	0.05038700057
23013	0.05038597585
23014	0.05038363646
23015	0.05038224238
23016	0.05038037054
23017	0.05037949102
23018	0.05037814714
23019	0.05037666379
23020	0.05037519509
23021	0.0503734193
23022	0.05037223015
23023	0.0503707361
23024	0.05036963005
23025	0.05036754869
23026	0.05036526969
23027	0.05036338244
23028	0.05036167045
23029	0.05035980754
23030	0.05035816343
23031	0.05035669126
23032	0.05035592008
23033	0.05035377023
23034	0.05035115427
23035	0.05035025697
23036	0.05034852259
23037	0.05034724377
23038	0.05034544928
23039	0.05034409537
23040	0.05034179701
23041	0.05034090452
23042	0.05033960776
23043	0.05033805825
23044	0.05033688037
23045	0.05033553629
23046	0.05033474101
23047	0.05033318745
23048	0.05033232037
23049	0.05033093029
23050	0.05032914909
23051	0.05032774376
23052	0.05032583357
23053	0.05032447591
23054	0.05032296447
23055	0.05032114203
23056	0.05031985264
23057	0.05031858088
23058	0.05031752829
23059	0.0503163631
23060	0.05031345993
23061	0.05031185914
23062	0.05031062838
23063	0.05030974958
23064	0.05030889558
23065	0.05030796778
23066	0.05030631797
23067	0.05030432208
23068	0.05030271942
23069	0.0503013201
23070	0.05030027405
23071	0.05029646595
23072	0.0502949013
23073	0.0502932721
23074	0.05029179908
23075	0.05029052112
23076	0.05028925981
23077	0.05028761317
23078	0.05028607965
23079	0.05028507624
23080	0.05028357446
23081	0.05028206478
23082	0.05028033076
23083	0.05027943968
23084	0.05027895939
23085	0.0502770585
23086	0.05027588014
23087	0.05027124761
23088	0.05026999096
23089	0.05026897864
23090	0.05026772265
23091	0.05026680883
23092	0.05026502134
23093	0.0502633848
23094	0.05026171611
23095	0.05025882792
23096	0.0502580973
23097	0.05025706226
23098	0.05025533674
23099	0.05025399185
23100	0.05025261174
23101	0.05025038712
23102	0.05024869256
23103	0.05024779708
23104	0.05024642822
23105	0.05024473646
23106	0.05024276915
23107	0.05024169942
23108	0.05023940551
23109	0.05023813261
23110	0.05023550201
23111	0.05023292498
23112	0.05023116194
23113	0.05022962739
23114	0.05022786874
23115	0.05022663751
23116	0.05022497615
23117	0.05022266358
23118	0.05022101865
23119	0.05021848933
23120	0.05021660581
23121	0.05021530457
23122	0.05021348112
23123	0.05021200969
23124	0.05021002022
23125	0.05020934044
23126	0.05020831362
23127	0.05020727026
23128	0.05020533209
23129	0.05020430532
23130	0.05020256082
23131	0.05020072209
23132	0.05019942917
23133	0.05019758033
23134	0.05019631172
23135	0.05019517729
23136	0.05019349889
23137	0.0501920032
23138	0.05019008949
23139	0.05018903204
23140	0.05018597044
23141	0.05018283404
23142	0.05018128955
23143	0.05017790469
23144	0.05017671873
23145	0.05017526515
23146	0.05017344854
23147	0.05017217846
23148	0.05017021137
23149	0.050168371
23150	0.0501668111
23151	0.05016475974
23152	0.05016388944
23153	0.05016254638
23154	0.05016073324
23155	0.05015910697
23156	0.05015721917
23157	0.05015561696
23158	0.05015427095
23159	0.05015329327
23160	0.05015189092
23161	0.05014918931
23162	0.05014859189
23163	0.05014705472
23164	0.05014571202
23165	0.05014382323
23166	0.05014241623
23167	0.05014120037
23168	0.050139708
23169	0.05013800188
23170	0.05013636511
23171	0.05013412429
23172	0.0501322961
23173	0.05012991463
23174	0.05012769629
23175	0.05012619962
23176	0.05012467032
23177	0.05012374869
23178	0.05012254433
23179	0.05012090454
23180	0.05011972306
23181	0.05011873002
23182	0.05011727236
23183	0.050115117
23184	0.05011385998
23185	0.05011266885
23186	0.05011117915
23187	0.05011015889
23188	0.05010656544
23189	0.05010465234
23190	0.05010290047
23191	0.05009970867
23192	0.05009856782
23193	0.05009714277
23194	0.05009537851
23195	0.05009454382
23196	0.05009297302
23197	0.05009147683
23198	0.05008900673
23199	0.05008834092
23200	0.05008605017
23201	0.05008462327
23202	0.05008279565
23203	0.05008013457
23204	0.05007856104
23205	0.05007709409
23206	0.05007598802
23207	0.05007386459
23208	0.05007266538
23209	0.05007041857
23210	0.05006933062
23211	0.05006722219
23212	0.0500652955
23213	0.05006346896
23214	0.05006000801
23215	0.05005833819
23216	0.05005652519
23217	0.05005537333
23218	0.05005369371
23219	0.05005216707
23220	0.05005115264
23221	0.05005017953
23222	0.05004933174
23223	0.05004790143
23224	0.05004680956
23225	0.05004514712
23226	0.05004331898
23227	0.05004249573
23228	0.05004061026
23229	0.05003903819
23230	0.05003744117
23231	0.05003552943
23232	0.05003446818
23233	0.05003344087
23234	0.05003217178
23235	0.05003067756
23236	0.05002912001
23237	0.05002703331
23238	0.05002526757
23239	0.05002366534
23240	0.05002204081
23241	0.0500207842
23242	0.05001964503
23243	0.05001857082
23244	0.05001780809
23245	0.05001666352
23246	0.05001553106
23247	0.05001364864
23248	0.0500122064
23249	0.05000998316
23250	0.05000832468
23251	0.05000499343
23252	0.05000411219
23253	0.05000241203
23254	0.05000164923
23255	0.0500005866
23256	0.04999825442
23257	0.04999617333
23258	0.04999476695
23259	0.04999279373
23260	0.0499913623
23261	0.04999041728
23262	0.04998861703
23263	0.04998717358
23264	0.04998642245
23265	0.0499845401
23266	0.04998276876
23267	0.04998095668
23268	0.04997933828
23269	0.04997819244
23270	0.04997616668
23271	0.04997487227
23272	0.04997401131
23273	0.04997326604
23274	0.04997201335
23275	0.04997109587
23276	0.04996905978
23277	0.04996710568
23278	0.04996524407
23279	0.04996418461
23280	0.049962784
23281	0.04996138319
23282	0.04995965652
23283	0.04995822124
23284	0.04995627624
23285	0.04995503815
23286	0.04995290122
23287	0.04995083238
23288	0.0499482062
23289	0.049947321
23290	0.04994578668
23291	0.04994455022
23292	0.04994349458
23293	0.04994217167
23294	0.0499406981
23295	0.04993931989
23296	0.04993846253
23297	0.04993700162
23298	0.04993528075
23299	0.04993365934
23300	0.04993152635
23301	0.04993034228
23302	0.04992829857
23303	0.04992711006
23304	0.04992568023
23305	0.04992421897
23306	0.04992256662
23307	0.04992146179
23308	0.04992036193
23309	0.04991883176
23310	0.04991726233
23311	0.04991541192
23312	0.04991453954
23313	0.04991312633
23314	0.04991041169
23315	0.0499088981
23316	0.04990740109
23317	0.04990558255
23318	0.04990169135
23319	0.04990093779
23320	0.04989991251
23321	0.04989804488
23322	0.04989644789
23323	0.04989439965
23324	0.04989250376
23325	0.04989074704
23326	0.04989007814
23327	0.04988855723
23328	0.04988706836
23329	0.04988580477
23330	0.04988416391
23331	0.04988185947
23332	0.0498805139
23333	0.04987776629
23334	0.04987536929
23335	0.04987376658
23336	0.04987275593
23337	0.04987142964
23338	0.04987003323
23339	0.04986693991
23340	0.04986546074
23341	0.04986351241
23342	0.04986101853
23343	0.04985977039
23344	0.04985914079
23345	0.04985751233
23346	0.04985565514
23347	0.04985469914
23348	0.04985303209
23349	0.04985119829
23350	0.0498495176
23351	0.04984855076
23352	0.04984725763
23353	0.04984576984
23354	0.0498437343
23355	0.04984113721
23356	0.04984016392
23357	0.04983783173
23358	0.04983713148
23359	0.04983572259
23360	0.04983439947
23361	0.04983261265
23362	0.04983081835
23363	0.0498294267
23364	0.04982808029
23365	0.04982693809
23366	0.04982485527
23367	0.04982359002
23368	0.04982214329
23369	0.04982042753
23370	0.04981810145
23371	0.0498166768
23372	0.04981554226
23373	0.04981469538
23374	0.04981343435
23375	0.04981179355
23376	0.04980974359
23377	0.04980810053
23378	0.04980688643
23379	0.04980595344
23380	0.04980474113
23381	0.04980328498
23382	0.04980241524
23383	0.04979972741
23384	0.04979863912
23385	0.04979740418
23386	0.049796347
23387	0.04979526133
23388	0.04979328905
23389	0.04979186326
23390	0.04979103522
23391	0.04978935074
23392	0.04978821806
23393	0.04978602607
23394	0.04978425575
23395	0.04978289719
23396	0.0497816145
23397	0.04978032192
23398	0.04977889846
23399	0.0497777906
23400	0.04977555562
23401	0.0497747324
23402	0.04977388912
23403	0.04977158512
23404	0.04977021814
23405	0.04976886164
23406	0.04976711932
23407	0.04976609351
23408	0.04976452492
23409	0.0497630169
23410	0.04976036257
23411	0.04975681075
23412	0.04975571063
23413	0.04975465989
23414	0.04975241409
23415	0.04975098294
23416	0.04975001112
23417	0.04974874039
23418	0.04974633593
23419	0.04974463586
23420	0.04974352912
23421	0.04974114117
23422	0.04973909192
23423	0.04973781023
23424	0.04973621046
23425	0.04973494395
23426	0.04973327963
23427	0.04973171853
23428	0.04973081303
23429	0.04972992301
23430	0.04972895305
23431	0.04972676238
23432	0.04972535096
23433	0.04972457756
23434	0.04972314165
23435	0.04972236402
23436	0.04972135025
23437	0.04971991951
23438	0.04971860913
23439	0.04971700771
23440	0.04971425329
23441	0.04971237909
23442	0.04971105489
23443	0.04970930612
23444	0.04970760658
23445	0.04970678472
23446	0.0497055663
23447	0.04970419825
23448	0.04970258264
23449	0.04969999965
23450	0.04969913006
23451	0.04969683817
23452	0.04969519622
23453	0.04969352413
23454	0.04969241186
23455	0.04969135961
23456	0.04968995104
23457	0.04968890172
23458	0.04968715275
23459	0.04968579609
23460	0.04968437868
23461	0.04968288359
23462	0.04968191003
23463	0.04968039742
23464	0.04967848145
23465	0.049676617
23466	0.04967473077
23467	0.04967340312
23468	0.04967212793
23469	0.04967051601
23470	0.04966925968
23471	0.04966802501
23472	0.04966604372
23473	0.04966524989
23474	0.04966371172
23475	0.04966115977
23476	0.04965973987
23477	0.04965872815
23478	0.04965752819
23479	0.04965623355
23480	0.0496541574
23481	0.04965290515
23482	0.04965149236
23483	0.04964973909
23484	0.04964368308
23485	0.04964281216
23486	0.04964191813
23487	0.04964075834
23488	0.04963964255
23489	0.04963797823
23490	0.04963661263
23491	0.04963581704
23492	0.04963406333
23493	0.04963302855
23494	0.04963133031
23495	0.04962970874
23496	0.04962820864
23497	0.0496267445
23498	0.04962623696
23499	0.04962457882
23500	0.04962303583
23501	0.0496212048
23502	0.04961985454
23503	0.04961816828
23504	0.04961711645
23505	0.04961511168
23506	0.04961329855
23507	0.04961141951
23508	0.04960883621
23509	0.04960743977
23510	0.04960694308
23511	0.04960615378
23512	0.04960392133
23513	0.04960265276
23514	0.04959538879
23515	0.04959422965
23516	0.04959251272
23517	0.04959153628
23518	0.04959055718
23519	0.04958913797
23520	0.04958841315
23521	0.04958622234
23522	0.0495853841
23523	0.04958367043
23524	0.04958238954
23525	0.04958031974
23526	0.04957877679
23527	0.04957754665
23528	0.04957587192
23529	0.04957486517
23530	0.04957309668
23531	0.04957162134
23532	0.04956868367
23533	0.0495677785
23534	0.04956633597
23535	0.04956466049
23536	0.04956244012
23537	0.04956159619
23538	0.04956036018
23539	0.04955946507
23540	0.04955847293
23541	0.0495577917
23542	0.0495550143
23543	0.04955382317
23544	0.04955235055
23545	0.04955116046
23546	0.04954933459
23547	0.04954751255
23548	0.0495463431
23549	0.04954442791
23550	0.04954241507
23551	0.04954137084
23552	0.04954020755
23553	0.04953862924
23554	0.0495376336
23555	0.0495365523
23556	0.04953524418
23557	0.04953341816
23558	0.04953175268
23559	0.04952965831
23560	0.04952762528
23561	0.04952606994
23562	0.04952395015
23563	0.04952103174
23564	0.0495188251
23565	0.0495178225
23566	0.04951481137
23567	0.0495135212
23568	0.04951272399
23569	0.0495109952
23570	0.04950990686
23571	0.04950795607
23572	0.04950545953
23573	0.04950368342
23574	0.0495020056
23575	0.04950066299
23576	0.04949997428
23577	0.04949889119
23578	0.04949763538
23579	0.04949591104
23580	0.04949419289
23581	0.04949257204
23582	0.04949140385
23583	0.04949030486
23584	0.04948872361
23585	0.04948742936
23586	0.04948622199
23587	0.04948440647
23588	0.04948283734
23589	0.04948129887
23590	0.0494795906
23591	0.04947773197
23592	0.04947649113
23593	0.04947497451
23594	0.04947390408
23595	0.049472822
23596	0.04947098658
23597	0.04946990417
23598	0.04946909845
23599	0.04946758862
23600	0.04946587156
23601	0.04946432321
23602	0.04946293034
23603	0.04946108356
23604	0.04945961955
23605	0.04945778163
23606	0.04945606792
23607	0.04945301231
23608	0.04945219166
23609	0.04945091256
23610	0.04944914068
23611	0.04944793648
23612	0.04944508118
23613	0.04944368302
23614	0.04944188094
23615	0.04944030914
23616	0.04943872547
23617	0.04943738512
23618	0.04943634775
23619	0.04943451436
23620	0.04943324366
23621	0.04943143692
23622	0.04942992263
23623	0.04942788069
23624	0.04942586137
23625	0.04942489881
23626	0.04942376378
23627	0.04942190238
23628	0.04942008097
23629	0.04941867587
23630	0.04941739526
23631	0.04941632373
23632	0.04941476453
23633	0.04941332528
23634	0.04941228487
23635	0.0494112262
23636	0.04941037277
23637	0.04940918411
23638	0.04940759263
23639	0.04940643424
23640	0.04940537432
23641	0.04940373417
23642	0.04940188695
23643	0.04939998536
23644	0.0493978242
23645	0.04939563742
23646	0.04939449235
23647	0.04939317523
23648	0.04939187635
23649	0.04939045628
23650	0.04938926099
23651	0.04938774598
23652	0.04938627951
23653	0.04938466627
23654	0.04938304756
23655	0.04938178598
23656	0.04938034685
23657	0.04937854881
23658	0.04937680868
23659	0.04937484563
23660	0.04937240894
23661	0.04937173772
23662	0.04937005657
23663	0.04936811812
23664	0.0493670207
23665	0.04936470959
23666	0.04936228472
23667	0.0493615104
23668	0.04935936576
23669	0.04935755039
23670	0.04935682995
23671	0.04935511218
23672	0.04935388273
23673	0.04934930017
23674	0.04934791328
23675	0.04934683012
23676	0.04934517913
23677	0.04934365636
23678	0.049341653
23679	0.0493396781
23680	0.04933830596
23681	0.04933636456
23682	0.04933413654
23683	0.04933230002
23684	0.0493310084
23685	0.0493289873
23686	0.04932648441
23687	0.04932439126
23688	0.04932305331
23689	0.04932125316
23690	0.04932025825
23691	0.04931854988
23692	0.04931690943
23693	0.04931624124
23694	0.04931410689
23695	0.04931289088
23696	0.04931175031
23697	0.04931027464
23698	0.04930964076
23699	0.04930807739
23700	0.04930616884
23701	0.04930415505
23702	0.04930260291
23703	0.04930118785
23704	0.04930015425
23705	0.04929900805
23706	0.04929731651
23707	0.04929669607
23708	0.04929528399
23709	0.04929392733
23710	0.04929288035
23711	0.04929211479
23712	0.04929086189
23713	0.04928926045
23714	0.04928815108
23715	0.04928684643
23716	0.04928443455
23717	0.04928368586
23718	0.04928249024
23719	0.0492811436
23720	0.04927970619
23721	0.04927919566
23722	0.0492774216
23723	0.04927645192
23724	0.04927582728
23725	0.04927370875
23726	0.04927236187
23727	0.04927106501
23728	0.04926915963
23729	0.0492666979
23730	0.04926552645
23731	0.04926413924
23732	0.04926308771
23733	0.04926176078
23734	0.04926089102
23735	0.04925933651
23736	0.04925861342
23737	0.04925702058
23738	0.04925606178
23739	0.0492550046
23740	0.04925275241
23741	0.04925155135
23742	0.049250114
23743	0.04924864393
23744	0.04924714861
23745	0.04924586807
23746	0.04924509704
23747	0.04924306567
23748	0.04924182379
23749	0.04924024652
23750	0.04923905351
23751	0.04923769912
23752	0.04923608611
23753	0.04923452786
23754	0.04923277351
23755	0.04923137944
23756	0.04922974627
23757	0.0492284467
23758	0.04922631555
23759	0.04922402745
23760	0.04922297695
23761	0.04922120683
23762	0.04922040395
23763	0.0492192775
23764	0.04921671199
23765	0.04921600041
23766	0.04921453234
23767	0.04921318153
23768	0.04921130348
23769	0.04920936473
23770	0.04920849522
23771	0.04920639564
23772	0.0492045995
23773	0.04920344232
23774	0.04920219495
23775	0.04920027195
23776	0.04919780647
23777	0.0491968334
23778	0.04919537454
23779	0.04919368096
23780	0.04919262358
23781	0.04919065118
23782	0.04918970485
23783	0.04918894609
23784	0.04918701547
23785	0.04918567761
23786	0.04918441564
23787	0.04918271791
23788	0.04918160364
23789	0.04918043341
23790	0.04917965991
23791	0.04917786794
23792	0.04917397412
23793	0.04917310871
23794	0.04917198953
23795	0.04917108485
23796	0.0491696166
23797	0.04916815629
23798	0.04916660686
23799	0.04916477356
23800	0.04916274843
23801	0.04916154779
23802	0.04916065066
23803	0.04915823594
23804	0.04915710589
23805	0.04915611783
23806	0.04915427576
23807	0.04915310438
23808	0.04915120275
23809	0.04914924027
23810	0.04914802342
23811	0.04914635587
23812	0.04914504367
23813	0.04914435821
23814	0.04914309541
23815	0.04914209238
23816	0.04914048181
23817	0.04913885905
23818	0.0491370393
23819	0.04913559288
23820	0.04913405691
23821	0.04913311513
23822	0.04913182978
23823	0.04913104001
23824	0.04912916456
23825	0.04912815776
23826	0.04912657917
23827	0.04912535049
23828	0.04912451851
23829	0.04912332733
23830	0.04912280449
23831	0.04912147931
23832	0.04912030786
23833	0.04911845328
23834	0.04911642067
23835	0.04911515809
23836	0.04911166439
23837	0.04911012023
23838	0.04910905094
23839	0.04910759571
23840	0.04910611495
23841	0.0491048129
23842	0.04910317464
23843	0.0491017243
23844	0.04910062789
23845	0.04909906739
23846	0.04909822458
23847	0.04909657525
23848	0.0490957088
23849	0.04909472004
23850	0.04909273721
23851	0.04909148373
23852	0.04908883008
23853	0.04908763374
23854	0.04908658971
23855	0.0490853856
23856	0.04908404825
23857	0.04908284463
23858	0.049081373
23859	0.04908052356
23860	0.0490780909
23861	0.0490763161
23862	0.04907519065
23863	0.04907379943
23864	0.04907297607
23865	0.04907190522
23866	0.04907008525
23867	0.04906893027
23868	0.04906831847
23869	0.04906709395
23870	0.04906536348
23871	0.04906453067
23872	0.04906343059
23873	0.04906244287
23874	0.04906116638
23875	0.04905939777
23876	0.04905761147
23877	0.04905689904
23878	0.04905587439
23879	0.04905456238
23880	0.04905233731
23881	0.04905121656
23882	0.04904920882
23883	0.04904747365
23884	0.04904611827
23885	0.04904360003
23886	0.04904230795
23887	0.04904091645
23888	0.04903944138
23889	0.04903774462
23890	0.049035158
23891	0.04903369544
23892	0.04903262002
23893	0.04903110911
23894	0.04902917186
23895	0.04902748217
23896	0.04902663345
23897	0.04902529367
23898	0.04902407865
23899	0.04902277265
23900	0.04902135328
23901	0.04901965158
23902	0.04901863997
23903	0.04901637511
23904	0.04901304425
23905	0.04901113787
23906	0.04900930049
23907	0.04900749734
23908	0.04900602996
23909	0.04900472968
23910	0.04900326836
23911	0.0490014107
23912	0.04900010669
23913	0.04899899035
23914	0.04899692829
23915	0.04899474575
23916	0.04899313977
23917	0.04899202937
23918	0.04899024263
23919	0.04898913604
23920	0.04898859609
23921	0.0489876636
23922	0.04898631859
23923	0.04898513994
23924	0.04898326091
23925	0.04898009724
23926	0.04897923342
23927	0.04897746819
23928	0.04897609708
23929	0.04897398666
23930	0.04897224718
23931	0.04897130763
23932	0.0489702491
23933	0.04896901199
23934	0.04896800634
23935	0.04896667395
23936	0.04896547848
23937	0.04896363408
23938	0.04896245011
23939	0.04896185717
23940	0.04895974917
23941	0.04895827199
23942	0.0489568208
23943	0.04895584287
23944	0.04895446572
23945	0.04895328918
23946	0.04895251116
23947	0.04895174894
23948	0.04894937105
23949	0.04894772499
23950	0.04894610219
23951	0.04894392628
23952	0.04894263313
23953	0.04894112021
23954	0.04893953562
23955	0.04893804537
23956	0.0489363597
23957	0.0489347935
23958	0.04893308754
23959	0.04893148528
23960	0.04892947003
23961	0.0489277937
23962	0.04892638916
23963	0.04892488852
23964	0.04892292544
23965	0.04892141068
23966	0.04891993163
23967	0.04891873839
23968	0.04891663846
23969	0.04891532931
23970	0.048913924
23971	0.04891193337
23972	0.04891117333
23973	0.04890989128
23974	0.04890863833
23975	0.04890694853
23976	0.04890545105
23977	0.04890426612
23978	0.04890248092
23979	0.04890101364
23980	0.04889928307
23981	0.04889794885
23982	0.04889646075
23983	0.04889559356
23984	0.04889456817
23985	0.04889350112
23986	0.04889187954
23987	0.04889020953
23988	0.04888778304
23989	0.04888605501
23990	0.04888515283
23991	0.04888361457
23992	0.04888215051
23993	0.04888018387
23994	0.04887882186
23995	0.04887765672
23996	0.04887628242
23997	0.0488747996
23998	0.04887324857
23999	0.04887184344
24000	0.04887067234
24001	0.04886935474
24002	0.04886853758
24003	0.0488671966
24004	0.04886552452
24005	0.04886464876
24006	0.04886370783
24007	0.04886207941
24008	0.04886085445
24009	0.04885931498
24010	0.04885792169
24011	0.04885682154
24012	0.04885503077
24013	0.04885360748
24014	0.04885207123
24015	0.0488508162
24016	0.04884999668
24017	0.04884758972
24018	0.04884596363
24019	0.04884553092
24020	0.04884337937
24021	0.04884179339
24022	0.04884069455
24023	0.04883885922
24024	0.04883790008
24025	0.04883700199
24026	0.04883607563
24027	0.04883518026
24028	0.04883435517
24029	0.04883312982
24030	0.04883169292
24031	0.04883014215
24032	0.04882707908
24033	0.04882555744
24034	0.04882415865
24035	0.04882289668
24036	0.04882134281
24037	0.04881976436
24038	0.04881824704
24039	0.04881726745
24040	0.0488162187
24041	0.04881407985
24042	0.04881312
24043	0.04881134751
24044	0.04881026684
24045	0.04880929791
24046	0.04880764875
24047	0.04880531808
24048	0.04880336441
24049	0.04880144859
24050	0.04880006932
24051	0.04879853319
24052	0.04879743283
24053	0.04879615908
24054	0.04879457224
24055	0.04879378263
24056	0.04879323596
24057	0.04879142445
24058	0.04878992122
24059	0.04878826836
24060	0.04878740876
24061	0.04878576589
24062	0.04878286113
24063	0.04878111581
24064	0.04877974706
24065	0.04877751009
24066	0.04877574628
24067	0.04877399468
24068	0.04877273126
24069	0.04877123802
24070	0.04876883284
24071	0.04876756603
24072	0.04876628919
24073	0.04876495445
24074	0.0487639504
24075	0.04876258885
24076	0.04876128829
24077	0.04876055408
24078	0.04875936256
24079	0.04875761071
24080	0.04875664499
24081	0.04875584966
24082	0.04875472324
24083	0.04875346489
24084	0.04875242753
24085	0.04875104983
24086	0.04874889351
24087	0.04874745799
24088	0.0487455606
24089	0.04874140251
24090	0.04873953012
24091	0.04873750415
24092	0.04873626344
24093	0.04873487743
24094	0.04873330423
24095	0.0487320612
24096	0.04873068338
24097	0.04872944142
24098	0.04872754134
24099	0.04872607562
24100	0.04872339424
24101	0.04872204132
24102	0.04872070597
24103	0.04871853722
24104	0.04871747606
24105	0.04871602972
24106	0.04871449317
24107	0.04871271871
24108	0.04871142064
24109	0.04871065279
24110	0.0487081809
24111	0.04870676988
24112	0.04870505566
24113	0.04870322425
24114	0.0487015808
24115	0.04870066955
24116	0.04869979128
24117	0.04869837251
24118	0.04869640537
24119	0.04869565204
24120	0.04869360781
24121	0.04869252714
24122	0.04869110196
24123	0.04868950457
24124	0.04868794397
24125	0.04868702714
24126	0.04868545277
24127	0.04868365895
24128	0.04868218631
24129	0.048679986
24130	0.04867807892
24131	0.04867536616
24132	0.04867347026
24133	0.04867192425
24134	0.04867020043
24135	0.0486685177
24136	0.04866610139
24137	0.04866455561
24138	0.04866351424
24139	0.04866202729
24140	0.04865957601
24141	0.04865661863
24142	0.04865575059
24143	0.04865379801
24144	0.04865266273
24145	0.04865169141
24146	0.04865072562
24147	0.04864891098
24148	0.04864715757
24149	0.04864558705
24150	0.0486439824
24151	0.04864255426
24152	0.04864109405
24153	0.04864010735
24154	0.04863905796
24155	0.04863773347
24156	0.04863649263
24157	0.04863522469
24158	0.04863365181
24159	0.04863234821
24160	0.04863091017
24161	0.04862857788
24162	0.04862711303
24163	0.04862548155
24164	0.04862342164
24165	0.04862257481
24166	0.04862126987
24167	0.04862004414
24168	0.04861775683
24169	0.0486164783
24170	0.0486156101
24171	0.04861410814
24172	0.04861300273
24173	0.04861137457
24174	0.04861034138
24175	0.04860882628
24176	0.04860676501
24177	0.0486053968
24178	0.04860360561
24179	0.04860227004
24180	0.04860118712
24181	0.04859886283
24182	0.04859791019
24183	0.04859656859
24184	0.04859544061
24185	0.04859446361
24186	0.04859338712
24187	0.04859214358
24188	0.04859103688
24189	0.04858979513
24190	0.04858824488
24191	0.04858666729
24192	0.04858594706
24193	0.04858470526
24194	0.04858295949
24195	0.04858178152
24196	0.04858021235
24197	0.04857944894
24198	0.04857811657
24199	0.04857701801
24200	0.04857539408
24201	0.04857363648
24202	0.04857284988
24203	0.04857122915
24204	0.04856971894
24205	0.04856806071
24206	0.04856607867
24207	0.04856525885
24208	0.04856441783
24209	0.04856322129
24210	0.04856169684
24211	0.04855802854
24212	0.04855640361
24213	0.04855457673
24214	0.04855318386
24215	0.04855212065
24216	0.04855023083
24217	0.04854886865
24218	0.04854754548
24219	0.04854616615
24220	0.04854463591
24221	0.04854288892
24222	0.04854131477
24223	0.04854029789
24224	0.0485390233
24225	0.04853743244
24226	0.04853649265
24227	0.04853549637
24228	0.04853349229
24229	0.04853189127
24230	0.04853031542
24231	0.04852849048
24232	0.04852697237
24233	0.04852420825
24234	0.04852252264
24235	0.04852178295
24236	0.04852050418
24237	0.04851824938
24238	0.04851666831
24239	0.04851558716
24240	0.04851477097
24241	0.04851272542
24242	0.04851153488
24243	0.04850968128
24244	0.04850763214
24245	0.04850592153
24246	0.04850469099
24247	0.04850325032
24248	0.0485017872
24249	0.04849965504
24250	0.04849845606
24251	0.04849672585
24252	0.0484955828
24253	0.04849421633
24254	0.04849374092
24255	0.04849299336
24256	0.04849153087
24257	0.04848983755
24258	0.04848883517
24259	0.04848824934
24260	0.04848693866
24261	0.04848608899
24262	0.04848540076
24263	0.0484841811
24264	0.04848244987
24265	0.04848142956
24266	0.04847922877
24267	0.0484778406
24268	0.04847595662
24269	0.04847500142
24270	0.04847364226
24271	0.04847245165
24272	0.04847181814
24273	0.048470693
24274	0.04846946034
24275	0.04846859604
24276	0.04846636147
24277	0.04846477487
24278	0.04846350138
24279	0.04846278159
24280	0.0484619722
24281	0.04846079931
24282	0.0484593889
24283	0.04845848929
24284	0.04845706946
24285	0.04845610621
24286	0.04845367412
24287	0.04845242659
24288	0.04845147705
24289	0.04845056116
24290	0.04844981112
24291	0.04844881306
24292	0.04844743974
24293	0.04844636969
24294	0.04844438208
24295	0.04844313324
24296	0.04844125887
24297	0.0484395343
24298	0.04843919753
24299	0.04843702152
24300	0.04843546994
24301	0.04843419656
24302	0.04843287333
24303	0.04843150331
24304	0.04842947706
24305	0.04842869177
24306	0.0484275682
24307	0.0484255177
24308	0.04842395587
24309	0.04842293063
24310	0.04842223668
24311	0.04842005001
24312	0.04841871182
24313	0.04841762078
24314	0.04841648223
24315	0.04841549863
24316	0.04841486419
24317	0.04841363041
24318	0.04841252742
24319	0.04841085086
24320	0.04840930422
24321	0.0484088001
24322	0.04840788365
24323	0.04840586337
24324	0.04840504553
24325	0.04840358208
24326	0.04840248387
24327	0.04840146604
24328	0.04840055097
24329	0.04839886507
24330	0.04839814614
24331	0.04839621001
24332	0.04839462839
24333	0.04839275942
24334	0.04839120481
24335	0.04838959474
24336	0.04838842896
24337	0.04838742916
24338	0.0483864765
24339	0.0483844682
24340	0.04838247621
24341	0.04838139057
24342	0.04838001235
24343	0.04837897909
24344	0.04837780553
24345	0.04837614259
24346	0.04837438276
24347	0.04837238661
24348	0.04837187432
24349	0.04837078011
24350	0.04836940719
24351	0.04836701456
24352	0.04836634884
24353	0.04836435881
24354	0.04836331561
24355	0.04836071379
24356	0.04835919754
24357	0.0483582597
24358	0.04835716789
24359	0.04835547789
24360	0.04835425027
24361	0.04835312699
24362	0.04835122842
24363	0.04834950448
24364	0.04834850218
24365	0.04834616461
24366	0.04834504495
24367	0.04834392693
24368	0.0483429663
24369	0.04834162893
24370	0.04834061702
24371	0.04833901844
24372	0.04833828253
24373	0.04833653058
24374	0.04833523436
24375	0.04833411709
24376	0.04833246222
24377	0.04833093372
24378	0.04832988182
24379	0.0483286314
24380	0.04832713053
24381	0.04832599479
24382	0.04832490337
24383	0.048323397
24384	0.04832211333
24385	0.04831997138
24386	0.04831841311
24387	0.04831720294
24388	0.04831563536
24389	0.0483140851
24390	0.04831269044
24391	0.04831028435
24392	0.04830926409
24393	0.048307425
24394	0.0483062214
24395	0.04830485707
24396	0.04830382076
24397	0.04830265352
24398	0.04829895723
24399	0.04829796693
24400	0.04829667686
24401	0.04829529617
24402	0.0482939072
24403	0.04829240796
24404	0.04829102656
24405	0.04828975569
24406	0.04828866375
24407	0.04828678256
24408	0.04828581843
24409	0.04828510268
24410	0.0482834277
24411	0.04828173573
24412	0.04828027216
24413	0.04827904275
24414	0.0482772083
24415	0.04827580765
24416	0.04827430495
24417	0.0482721451
24418	0.04827133948
24419	0.04827016154
24420	0.04826950238
24421	0.04826786234
24422	0.04826669007
24423	0.04826451448
24424	0.04826259731
24425	0.04826152467
24426	0.04825983033
24427	0.04825749805
24428	0.04825642265
24429	0.04825534323
24430	0.04825376914
24431	0.04825228813
24432	0.04825073709
24433	0.04824896714
24434	0.04824702193
24435	0.04824542104
24436	0.04824401664
24437	0.0482425993
24438	0.04824116589
24439	0.04823947215
24440	0.04823843812
24441	0.04823738112
24442	0.04823547598
24443	0.0482342835
24444	0.04823315748
24445	0.04823127221
24446	0.04823022265
24447	0.04822914435
24448	0.04822740661
24449	0.04822565759
24450	0.0482240296
24451	0.04822308479
24452	0.04822161463
24453	0.04822041519
24454	0.04821918367
24455	0.0482179121
24456	0.04821596434
24457	0.04821485623
24458	0.04821311786
24459	0.04821166842
24460	0.0482098865
24461	0.04820722015
24462	0.04820605094
24463	0.04820468499
24464	0.04820335415
24465	0.04820198003
24466	0.04820127986
24467	0.04820032652
24468	0.04819861425
24469	0.04819757889
24470	0.04819491743
24471	0.04819280398
24472	0.04819183075
24473	0.04819047436
24474	0.04818846792
24475	0.04818598666
24476	0.04818460173
24477	0.04818357206
24478	0.04818206761
24479	0.04818129241
24480	0.04817987807
24481	0.04817855265
24482	0.04817583008
24483	0.04817484197
24484	0.04817370906
24485	0.04817204561
24486	0.04817125171
24487	0.04816969672
24488	0.04816804101
24489	0.04816641941
24490	0.04816557796
24491	0.04816323097
24492	0.04816155083
24493	0.04815981284
24494	0.04815791003
24495	0.04815614625
24496	0.04815508393
24497	0.0481540951
24498	0.04815285735
24499	0.04815110005
24500	0.04814995409
24501	0.04814913508
24502	0.0481478923
24503	0.04814643129
24504	0.04814547869
24505	0.04814403606
24506	0.04814277186
24507	0.04814167985
24508	0.04813977933
24509	0.04813906908
24510	0.04813754343
24511	0.04813539921
24512	0.04813404844
24513	0.04813272807
24514	0.04813155142
24515	0.04813024576
24516	0.04812869144
24517	0.0481278775
24518	0.04812574879
24519	0.04812413245
24520	0.04812268839
24521	0.04812155077
24522	0.0481206603
24523	0.04811969043
24524	0.04811769961
24525	0.04811515677
24526	0.04811451927
24527	0.04811305828
24528	0.0481115055
24529	0.04810973385
24530	0.0481078389
24531	0.04810455689
24532	0.04810293544
24533	0.04810144412
24534	0.04810027827
24535	0.04809881498
24536	0.04809699149
24537	0.04809552646
24538	0.04809466112
24539	0.048093718
24540	0.04809233938
24541	0.04809074743
24542	0.04808892631
24543	0.04808853532
24544	0.04808754072
24545	0.0480856536
24546	0.0480847261
24547	0.04808348517
24548	0.04808193129
24549	0.04808074788
24550	0.04807965243
24551	0.0480783944
24552	0.04807771703
24553	0.04807620769
24554	0.04807448613
24555	0.04807246501
24556	0.0480712569
24557	0.04806875248
24558	0.04806695015
24559	0.04806599433
24560	0.04806530811
24561	0.04806371736
24562	0.04806209507
24563	0.0480609496
24564	0.04805952135
24565	0.04805827104
24566	0.04805701311
24567	0.04805549705
24568	0.04805332997
24569	0.04805242967
24570	0.04805104234
24571	0.04804958001
24572	0.04804842252
24573	0.0480469379
24574	0.04804592377
24575	0.04804501839
24576	0.04804298362
24577	0.04804175658
24578	0.04803930279
24579	0.0480385335
24580	0.04803780104
24581	0.04803612096
24582	0.04803543662
24583	0.04803352448
24584	0.04803265944
24585	0.04803121388
24586	0.048029464
24587	0.04802830847
24588	0.04802695065
24589	0.04802573264
24590	0.04802437047
24591	0.04802333939
24592	0.04802207057
24593	0.04802081748
24594	0.04801953023
24595	0.04801787692
24596	0.0480165944
24597	0.0480155995
24598	0.04801343779
24599	0.04801172496
24600	0.04800990691
24601	0.04800812394
24602	0.04800760192
24603	0.04800679314
24604	0.04800477885
24605	0.04800346485
24606	0.0480019403
24607	0.04800041212
24608	0.04799915793
24609	0.04799772054
24610	0.04799633812
24611	0.0479955619
24612	0.04799426586
24613	0.04799252412
24614	0.04799070565
24615	0.04798990876
24616	0.04798865078
24617	0.04798770297
24618	0.04798591251
24619	0.04798414147
24620	0.04798185464
24621	0.04798035866
24622	0.04797865889
24623	0.04797694984
24624	0.04797593919
24625	0.04797493179
24626	0.04797332922
24627	0.04797230799
24628	0.04797107784
24629	0.04797025123
24630	0.04796880703
24631	0.04796711942
24632	0.04796564018
24633	0.04796495595
24634	0.0479642787
24635	0.04796314143
24636	0.04796128665
24637	0.0479601808
24638	0.0479587653
24639	0.04795669484
24640	0.04795546708
24641	0.04795390805
24642	0.04795264756
24643	0.04795139
24644	0.04795009717
24645	0.04794863538
24646	0.04794731004
24647	0.04794609485
24648	0.04794508822
24649	0.04794383099
24650	0.04794200105
24651	0.04794002859
24652	0.04793922683
24653	0.04793768469
24654	0.04793651123
24655	0.04793578268
24656	0.04793449361
24657	0.04793301577
24658	0.04793157638
24659	0.04792967098
24660	0.04792726865
24661	0.0479265711
24662	0.04792544524
24663	0.04792320671
24664	0.04792220928
24665	0.04792066307
24666	0.04791964119
24667	0.04791877605
24668	0.04791734839
24669	0.04791652461
24670	0.04791512864
24671	0.04791446157
24672	0.04791326211
24673	0.04791178994
24674	0.04790933477
24675	0.04790770022
24676	0.04790592791
24677	0.04790490003
24678	0.04790371924
24679	0.04790287695
24680	0.04790145332
24681	0.04789946883
24682	0.04789879039
24683	0.04789802195
24684	0.04789672079
24685	0.04789568547
24686	0.04789464225
24687	0.04789352382
24688	0.04789260897
24689	0.04789093855
24690	0.04788905967
24691	0.04788718394
24692	0.0478854831
24693	0.04788404921
24694	0.04788224782
24695	0.04788079016
24696	0.04787942502
24697	0.0478781674
24698	0.04787719573
24699	0.04787609118
24700	0.04787491534
24701	0.04787334939
24702	0.04787195476
24703	0.04787067162
24704	0.04786900987
24705	0.04786391189
24706	0.04786289209
24707	0.04786114799
24708	0.04786004607
24709	0.0478591732
24710	0.04785719453
24711	0.04785613079
24712	0.04785469824
24713	0.04785312039
24714	0.04785172095
24715	0.047850348
24716	0.04784892067
24717	0.04784688061
24718	0.04784562205
24719	0.04784323723
24720	0.04784202452
24721	0.04783934319
24722	0.04783674596
24723	0.04783445909
24724	0.04783380262
24725	0.04783214174
24726	0.04783012721
24727	0.04782848943
24728	0.04782697485
24729	0.04782551971
24730	0.04782444632
24731	0.04782307269
24732	0.04782199528
24733	0.04782114748
24734	0.04781888673
24735	0.04781722694
24736	0.04781625703
24737	0.04781426635
24738	0.04781256308
24739	0.04781005894
24740	0.0478082375
24741	0.0478067539
24742	0.04780537562
24743	0.04780373632
24744	0.04780169049
24745	0.04779949804
24746	0.04779789029
24747	0.04779691212
24748	0.04779442735
24749	0.04779293346
24750	0.04779199931
24751	0.04779106523
24752	0.04778951765
24753	0.04778801629
24754	0.04778664442
24755	0.04778453969
24756	0.04778344516
24757	0.04778235189
24758	0.04778125922
24759	0.04778056433
24760	0.04777913127
24761	0.04777789569
24762	0.0477759772
24763	0.0477735139
24764	0.04777231239
24765	0.04777090302
24766	0.04776994215
24767	0.04776858158
24768	0.0477662878
24769	0.0477652956
24770	0.04776359045
24771	0.04776266833
24772	0.04776068498
24773	0.04775975895
24774	0.04775845244
24775	0.04775702109
24776	0.04775535641
24777	0.04775447116
24778	0.047753251
24779	0.04775161354
24780	0.04774992547
24781	0.04774803519
24782	0.04774662236
24783	0.04774579572
24784	0.04774439629
24785	0.04774356136
24786	0.04774261106
24787	0.04774196874
24788	0.04774124715
24789	0.04774025244
24790	0.04773970011
24791	0.04773816363
24792	0.04773739604
24793	0.04773570489
24794	0.04773446518
24795	0.04773293698
24796	0.04773161425
24797	0.04773029788
24798	0.04772908335
24799	0.04772669979
24800	0.04772277607
24801	0.04772205336
24802	0.04772090754
24803	0.04771922221
24804	0.04771782856
24805	0.04771605873
24806	0.04771404211
24807	0.0477127279
24808	0.04771187363
24809	0.04771056498
24810	0.04770882533
24811	0.04770819832
24812	0.04770661551
24813	0.04770428471
24814	0.04770295084
24815	0.04770172384
24816	0.04769946457
24817	0.04769831428
24818	0.04769680469
24819	0.04769460303
24820	0.04769284813
24821	0.04769136773
24822	0.04768960341
24823	0.04768768359
24824	0.04768554396
24825	0.04768336771
24826	0.04768260125
24827	0.04768192233
24828	0.04768038319
24829	0.0476788674
24830	0.04767806835
24831	0.04767719907
24832	0.04767611078
24833	0.0476739586
24834	0.04767277935
24835	0.04767115132
24836	0.04766946289
24837	0.04766839557
24838	0.04766696464
24839	0.04766509456
24840	0.0476634678
24841	0.04766214419
24842	0.04766104755
24843	0.04765976331
24844	0.04765847725
24845	0.04765623806
24846	0.04765528802
24847	0.04765279571
24848	0.04765220128
24849	0.0476512814
24850	0.04764990319
24851	0.04764816819
24852	0.04764717409
24853	0.04764542498
24854	0.04764406388
24855	0.04764291938
24856	0.04764120102
24857	0.04763995821
24858	0.04763945842
24859	0.04763857672
24860	0.04763638604
24861	0.04763518638
24862	0.04763379148
24863	0.04763229703
24864	0.04763057018
24865	0.04762810101
24866	0.0476260304
24867	0.04762416097
24868	0.04762271988
24869	0.04762122541
24870	0.04761967589
24871	0.04761849439
24872	0.04761772537
24873	0.04761678074
24874	0.04761355254
24875	0.04761209173
24876	0.04761099468
24877	0.04760983016
24878	0.04760860047
24879	0.04760715399
24880	0.0476062979
24881	0.0476052278
24882	0.04760382823
24883	0.04760301403
24884	0.0476012682
24885	0.04760011612
24886	0.04759760713
24887	0.04759606293
24888	0.04759432889
24889	0.04759340583
24890	0.04759188789
24891	0.04759053218
24892	0.04758865446
24893	0.04758776768
24894	0.04758663917
24895	0.04758552196
24896	0.04758374995
24897	0.04758216676
24898	0.04758117385
24899	0.04757875677
24900	0.04757647852
24901	0.04757522834
24902	0.04757362415
24903	0.04757291622
24904	0.04757081213
24905	0.04756864337
24906	0.04756784635
24907	0.04756682704
24908	0.047565596
24909	0.04756377842
24910	0.04756276596
24911	0.04756157637
24912	0.04756034577
24913	0.04755949425
24914	0.04755854696
24915	0.04755667854
24916	0.0475557101
24917	0.04755431121
24918	0.04755286516
24919	0.04755188731
24920	0.04755063677
24921	0.04754858946
24922	0.0475475442
24923	0.04754571796
24924	0.04754474422
24925	0.04754347528
24926	0.04754185412
24927	0.04754060994
24928	0.04753932429
24929	0.04753809139
24930	0.04753674229
24931	0.04753548492
24932	0.04753441547
24933	0.04753338655
24934	0.04753208016
24935	0.04753034798
24936	0.04752808579
24937	0.0475262004
24938	0.04752480247
24939	0.04752344729
24940	0.04752224684
24941	0.04752069441
24942	0.04751899686
24943	0.04751806572
24944	0.04751642232
24945	0.04751546638
24946	0.04751479361
24947	0.04751229312
24948	0.04751129387
24949	0.04751038853
24950	0.04750915896
24951	0.04750774966
24952	0.04750658472
24953	0.04750516062
24954	0.04750406255
24955	0.04750274708
24956	0.04750088171
24957	0.04749912723
24958	0.04749799078
24959	0.04749678603
24960	0.04749557648
24961	0.04749398918
24962	0.04749239493
24963	0.04749184014
24964	0.04748993468
24965	0.04748836608
24966	0.04748631862
24967	0.04748481088
24968	0.04748323309
24969	0.04748107421
24970	0.04747983301
24971	0.04747850269
24972	0.04747664606
24973	0.04747508757
24974	0.04747395814
24975	0.0474721121
24976	0.04747054891
24977	0.04746831452
24978	0.04746728879
24979	0.04746581541
24980	0.04746481122
24981	0.04746263644
24982	0.04746110627
24983	0.04745974625
24984	0.04745906073
24985	0.04745799154
24986	0.04745613652
24987	0.04745434647
24988	0.0474522006
24989	0.04745019406
24990	0.04744843199
24991	0.04744727451
24992	0.04744590471
24993	0.04744497044
24994	0.04744294717
24995	0.04744172239
24996	0.04744019473
24997	0.04743904012
24998	0.04743821363
24999	0.04743733108
25000	0.0474361803
25001	0.04743510774
25002	0.04743316465
25003	0.04743133398
25004	0.0474294337
25005	0.04742837643
25006	0.04742718015
25007	0.04742554167
25008	0.04742367542
25009	0.04742224617
25010	0.04742086077
25011	0.04741994803
25012	0.04741854853
25013	0.04741702558
25014	0.04741589717
25015	0.04741482343
25016	0.04741310243
25017	0.04741196763
25018	0.04740981031
25019	0.04740848147
25020	0.04740714453
25021	0.047406152
25022	0.0474046537
25023	0.04740395662
25024	0.04740288329
25025	0.04740105473
25026	0.04740032954
25027	0.04739890032
25028	0.04739591557
25029	0.04739494476
25030	0.0473934683
25031	0.04739105956
25032	0.047390185
25033	0.04738876492
25034	0.04738672104
25035	0.04738567753
25036	0.04738440338
25037	0.04738297989
25038	0.04738184783
25039	0.04738039672
25040	0.04737868303
25041	0.0473764138
25042	0.04737484892
25043	0.04737384116
25044	0.04737149456
25045	0.04736979605
25046	0.0473687112
25047	0.04736704886
25048	0.04736493013
25049	0.04736379278
25050	0.04736267225
25051	0.04736112818
25052	0.04735910961
25053	0.04735789564
25054	0.04735672477
25055	0.04735517648
25056	0.04735411606
25057	0.04735276356
25058	0.04735063295
25059	0.04734997096
25060	0.0473483093
25061	0.04734607774
25062	0.04734504958
25063	0.04734426717
25064	0.04734386846
25065	0.04734267039
25066	0.04734099734
25067	0.04733753164
25068	0.04733492065
25069	0.04733364928
25070	0.04733207454
25071	0.04732943725
25072	0.04732772438
25073	0.04732650677
25074	0.04732477053
25075	0.04732329711
25076	0.04732205068
25077	0.04732092433
25078	0.04732002803
25079	0.04731899943
25080	0.04731708441
25081	0.04731608093
25082	0.04731476732
25083	0.04731355628
25084	0.04731257376
25085	0.04730957199
25086	0.04730893939
25087	0.04730692606
25088	0.04730496727
25089	0.04730371396
25090	0.04730200928
25091	0.0473009757
25092	0.04729918243
25093	0.04729840328
25094	0.04729717598
25095	0.04729576718
25096	0.04729459602
25097	0.04729253942
25098	0.04729160594
25099	0.04729072184
25100	0.0472899059
25101	0.0472876996
25102	0.04728692776
25103	0.04728586881
25104	0.04728448059
25105	0.04728306622
25106	0.04728122191
25107	0.04727973343
25108	0.0472781323
25109	0.04727699802
25110	0.04727630097
25111	0.04727498619
25112	0.04727389519
25113	0.0472729896
25114	0.04727187561
25115	0.04727009475
25116	0.04726939888
25117	0.04726818626
25118	0.04726593783
25119	0.04726496203
25120	0.04726372775
25121	0.04726253044
25122	0.04726200035
25123	0.04726100905
25124	0.04725981274
25125	0.04725525408
25126	0.04725401878
25127	0.04725281166
25128	0.04725172245
25129	0.04725034131
25130	0.04724945444
25131	0.04724853983
25132	0.04724724925
25133	0.04724556184
25134	0.04724459535
25135	0.04724335575
25136	0.04724087381
25137	0.0472400977
25138	0.04723906536
25139	0.04723666729
25140	0.04723479268
25141	0.04723266433
25142	0.0472310988
25143	0.04722999894
25144	0.0472278482
25145	0.04722699566
25146	0.04722422063
25147	0.0472233977
25148	0.04722190887
25149	0.04722046105
25150	0.04721921277
25151	0.04721781576
25152	0.04721603998
25153	0.0472147764
25154	0.04721364226
25155	0.0472123613
25156	0.04721090962
25157	0.04721024597
25158	0.04720881877
25159	0.04720785675
25160	0.04720702688
25161	0.04720543598
25162	0.0472043941
25163	0.04720279866
25164	0.04720167038
25165	0.04720083
25166	0.04719933727
25167	0.04719851823
25168	0.0471975523
25169	0.04719563014
25170	0.04719446344
25171	0.04719360556
25172	0.04719217196
25173	0.04718993289
25174	0.04718876304
25175	0.0471874615
25176	0.04718556146
25177	0.04718439856
25178	0.04718281119
25179	0.04718219392
25180	0.0471808943
25181	0.04717960367
25182	0.0471783137
25183	0.04717709255
25184	0.04717583786
25185	0.04717494877
25186	0.04717362185
25187	0.04717182499
25188	0.04717033616
25189	0.04716928092
25190	0.04716726583
25191	0.04716568975
25192	0.0471636403
25193	0.04716222945
25194	0.04716082586
25195	0.04715826075
25196	0.04715635946
25197	0.04715499186
25198	0.04715306643
25199	0.04715240707
25200	0.04715141709
25201	0.04715033592
25202	0.04714982303
25203	0.04714827938
25204	0.04714702339
25205	0.04714662528
25206	0.04714490186
25207	0.04714333314
25208	0.04714248723
25209	0.04714049228
25210	0.04713965543
25211	0.04713847398
25212	0.04713630584
25213	0.04713560925
25214	0.04713388072
25215	0.0471321385
25216	0.04713045501
25217	0.04712973509
25218	0.04712694219
25219	0.04712634427
25220	0.04712538531
25221	0.04712448599
25222	0.0471232246
25223	0.04712191688
25224	0.04712084203
25225	0.04711950517
25226	0.04711835907
25227	0.04711745928
25228	0.04711652952
25229	0.04711533556
25230	0.0471144353
25231	0.04711332873
25232	0.04711169077
25233	0.04710973332
25234	0.04710741958
25235	0.0471057671
25236	0.04710383648
25237	0.04710228397
25238	0.0471012471
25239	0.0471000027
25240	0.0470994951
25241	0.04709825709
25242	0.04709707238
25243	0.04709576877
25244	0.04709455028
25245	0.0470936814
25246	0.04709223237
25247	0.04709176521
25248	0.04709022557
25249	0.04708939261
25250	0.0470883699
25251	0.04708778541
25252	0.04708639041
25253	0.04708578674
25254	0.04708485991
25255	0.04708368789
25256	0.04708240233
25257	0.04708094965
25258	0.04707998149
25259	0.04707891214
25260	0.04707763915
25261	0.04707570144
25262	0.04707292791
25263	0.04707112769
25264	0.04706977427
25265	0.04706788099
25266	0.04706636192
25267	0.04706495977
25268	0.04706375103
25269	0.04706272378
25270	0.04706043798
25271	0.04705918938
25272	0.0470576399
25273	0.04705590907
25274	0.04705441477
25275	0.04705314324
25276	0.04705179798
25277	0.04705069157
25278	0.04704971746
25279	0.0470489266
25280	0.04704722282
25281	0.0470459185
25282	0.04704494112
25283	0.04704307796
25284	0.04704163932
25285	0.04704023278
25286	0.04703882283
25287	0.0470380682
25288	0.04703646425
25289	0.04703506031
25290	0.04703407452
25291	0.04703234202
25292	0.04703033425
25293	0.04702922467
25294	0.0470274122
25295	0.04702692944
25296	0.0470259464
25297	0.04702324996
25298	0.04702154683
25299	0.04701959438
25300	0.04701787021
25301	0.04701641974
25302	0.0470147499
25303	0.04701398524
25304	0.04701292272
25305	0.04701048495
25306	0.04700877401
25307	0.0470070824
25308	0.04700555043
25309	0.04700333081
25310	0.04700189734
25311	0.04700035919
25312	0.04699868243
25313	0.04699698685
25314	0.04699625113
25315	0.04699450547
25316	0.04699385227
25317	0.04699277998
25318	0.04699092487
25319	0.0469899981
25320	0.04698897452
25321	0.04698739967
25322	0.04698512571
25323	0.04698361509
25324	0.04698266648
25325	0.04698172782
25326	0.04698076558
25327	0.04697880678
25328	0.04697757517
25329	0.04697626098
25330	0.04697453424
25331	0.04697298058
25332	0.04697155406
25333	0.04696928568
25334	0.04696780196
25335	0.04696595641
25336	0.04696501418
25337	0.0469638748
25338	0.04696237197
25339	0.04696067937
25340	0.04695897263
25341	0.04695601445
25342	0.04695483766
25343	0.04695356828
25344	0.04695284001
25345	0.04695169144
25346	0.04695068167
25347	0.04694985689
25348	0.04694820321
25349	0.04694713209
25350	0.04694602665
25351	0.04694467871
25352	0.04694365581
25353	0.04694258287
25354	0.04694152785
25355	0.04694066637
25356	0.04693925791
25357	0.04693772021
25358	0.04693598309
25359	0.04693486475
25360	0.04693385353
25361	0.04693311261
25362	0.04693089647
25363	0.04693023358
25364	0.04692808203
25365	0.04692593116
25366	0.0469249353
25367	0.04692329782
25368	0.04692183951
25369	0.04692028665
25370	0.04691960708
25371	0.04691823041
25372	0.04691658363
25373	0.04691554849
25374	0.04691378354
25375	0.04691263446
25376	0.04691111794
25377	0.04690996338
25378	0.04690816089
25379	0.04690745558
25380	0.0469061817
25381	0.04690519868
25382	0.04690356719
25383	0.04690230481
25384	0.04690123801
25385	0.0469000119
25386	0.04689877215
25387	0.04689772521
25388	0.04689631878
25389	0.04689557924
25390	0.0468948842
25391	0.04689389
25392	0.04689235744
25393	0.04689142656
25394	0.04689056283
25395	0.04688951268
25396	0.04688833486
25397	0.04688733763
25398	0.04688507299
25399	0.04688332192
25400	0.04688246053
25401	0.04688030669
25402	0.04687893128
25403	0.04687751584
25404	0.04687643502
25405	0.04687532174
25406	0.04687424202
25407	0.04687325012
25408	0.04687214668
25409	0.04686977896
25410	0.04686867195
25411	0.046867629
25412	0.04686539662
25413	0.0468640132
25414	0.04686277942
25415	0.04686137856
25416	0.04685972843
25417	0.04685845409
25418	0.04685755262
25419	0.04685694841
25420	0.04685458641
25421	0.04685345543
25422	0.04685229059
25423	0.04685042593
25424	0.04684948519
25425	0.04684841585
25426	0.04684704243
25427	0.04684561017
25428	0.04684465086
25429	0.0468436641
25430	0.04684209107
25431	0.04684047715
25432	0.04683937065
25433	0.04683742669
25434	0.04683660678
25435	0.04683497009
25436	0.04683336696
25437	0.04683216508
25438	0.04683137392
25439	0.04683061935
25440	0.04682964359
25441	0.04682873414
25442	0.04682700343
25443	0.04682584805
25444	0.04682498107
25445	0.04682345538
25446	0.0468223732
25447	0.04682102115
25448	0.04682008178
25449	0.04681819861
25450	0.04681641671
25451	0.04681468358
25452	0.04681326529
25453	0.04681252966
25454	0.04681064361
25455	0.04680901536
25456	0.04680793074
25457	0.0468057617
25458	0.04680471228
25459	0.04680385233
25460	0.04680248221
25461	0.04680121804
25462	0.04680012687
25463	0.04679850491
25464	0.04679716795
25465	0.04679617463
25466	0.04679536013
25467	0.04679422507
25468	0.04679031531
25469	0.04678914312
25470	0.04678792288
25471	0.04678690913
25472	0.04678561867
25473	0.0467845802
25474	0.04678299378
25475	0.04678178351
25476	0.04678092595
25477	0.04678007739
25478	0.04677879389
25479	0.0467775497
25480	0.04677542378
25481	0.04677399329
25482	0.04677322509
25483	0.04677179444
25484	0.04676872065
25485	0.04676722355
25486	0.04676489977
25487	0.04676370661
25488	0.04676274552
25489	0.04676160168
25490	0.046760403
25491	0.04675959595
25492	0.04675844081
25493	0.04675740077
25494	0.04675648301
25495	0.04675508727
25496	0.04674931251
25497	0.04674691258
25498	0.04674625894
25499	0.04674531673
25500	0.04674399648
25501	0.046743216
25502	0.04674192452
25503	0.04674000018
25504	0.04673854146
25505	0.04673683033
25506	0.04673593842
25507	0.04673505633
25508	0.04673381134
25509	0.04673250932
25510	0.04673088309
25511	0.04672975027
25512	0.04672879988
25513	0.04672838157
25514	0.04672760257
25515	0.04672651619
25516	0.04672523294
25517	0.04672401421
25518	0.04672226087
25519	0.0467206894
25520	0.04671903604
25521	0.04671755306
25522	0.04671529721
25523	0.04671410416
25524	0.04671194352
25525	0.04671054208
25526	0.04670898334
25527	0.04670774367
25528	0.04670673974
25529	0.04670536265
25530	0.04670417326
25531	0.04670297924
25532	0.0467018727
25533	0.04670017375
25534	0.04669926205
25535	0.04669863303
25536	0.04669790779
25537	0.04669650141
25538	0.04669549509
25539	0.04669436086
25540	0.04669297697
25541	0.0466914808
25542	0.04669034807
25543	0.04668893751
25544	0.04668770785
25545	0.04668636892
25546	0.0466852808
25547	0.04668402665
25548	0.04668299263
25549	0.04668205344
25550	0.0466812266
25551	0.04667989676
25552	0.04667915807
25553	0.04667780333
25554	0.04667610921
25555	0.0466744445
25556	0.04667294735
25557	0.04667218223
25558	0.04667144694
25559	0.04667040104
25560	0.04666983249
25561	0.04666901756
25562	0.04666818526
25563	0.04666678568
25564	0.04666529345
25565	0.04666449012
25566	0.04666310417
25567	0.0466603721
25568	0.04665898791
25569	0.04665700593
25570	0.04665610179
25571	0.04665493687
25572	0.0466538399
25573	0.04665252014
25574	0.04665084162
25575	0.04665033406
25576	0.04664904054
25577	0.04664788333
25578	0.04664281968
25579	0.04664126734
25580	0.04663915567
25581	0.04663672832
25582	0.04663567404
25583	0.04663432621
25584	0.0466331775
25585	0.0466313813
25586	0.04662992629
25587	0.04662813436
25588	0.04662673612
25589	0.04662580268
25590	0.04662381121
25591	0.04662227374
25592	0.04662101276
25593	0.0466185957
25594	0.04661658611
25595	0.04661555126
25596	0.0466146954
25597	0.04661365286
25598	0.04661206804
25599	0.04661126081
25600	0.04660951584
25601	0.04660847311
25602	0.04660739412
25603	0.04660639614
25604	0.04660491043
25605	0.04660384083
25606	0.04660303071
25607	0.04660162486
25608	0.04660034443
25609	0.046598639
25610	0.0465973804
25611	0.046596437
25612	0.04659533952
25613	0.04659375415
25614	0.04659243587
25615	0.04659127731
25616	0.04658992509
25617	0.04658866275
25618	0.04658702507
25619	0.04658582272
25620	0.04658464096
25621	0.04658327109
25622	0.04658241699
25623	0.04658061359
25624	0.04657947302
25625	0.04657811915
25626	0.04657745813
25627	0.0465769255
25628	0.04657570984
25629	0.04657464922
25630	0.0465732853
25631	0.04657210993
25632	0.04657108593
25633	0.04656884759
25634	0.0465681102
25635	0.04656661992
25636	0.04656515486
25637	0.04656452279
25638	0.04656242136
25639	0.04656119015
25640	0.04656033753
25641	0.046559088
25642	0.04655771414
25643	0.04655625407
25644	0.0465552241
25645	0.04655478304
25646	0.04655347019
25647	0.04655240576
25648	0.04655104795
25649	0.04654932575
25650	0.04654814271
25651	0.04654606381
25652	0.04654526515
25653	0.04654400645
25654	0.0465422123
25655	0.04654045001
25656	0.04653932581
25657	0.04653780785
25658	0.04653647357
25659	0.04653476335
25660	0.04653285316
25661	0.04653120696
25662	0.04652883664
25663	0.0465276771
25664	0.04652647095
25665	0.04652485905
25666	0.04652392481
25667	0.04652173616
25668	0.04652071603
25669	0.04651938329
25670	0.04651784287
25671	0.04651580465
25672	0.0465144043
25673	0.04651314392
25674	0.0465117969
25675	0.04651036728
25676	0.04650898624
25677	0.04650756181
25678	0.04650600732
25679	0.04650470027
25680	0.04650314523
25681	0.0465013498
25682	0.04650023398
25683	0.0464988236
25684	0.04649743788
25685	0.04649566127
25686	0.0464942192
25687	0.04649290355
25688	0.04649182578
25689	0.04649111225
25690	0.04649029463
25691	0.04648956182
25692	0.04648768129
25693	0.04648609882
25694	0.04648455174
25695	0.04648334053
25696	0.046482116
25697	0.04648069119
25698	0.04647839997
25699	0.04647697931
25700	0.04647587803
25701	0.04647417026
25702	0.04647249071
25703	0.04647127139
25704	0.04646999562
25705	0.04646867491
25706	0.04646696761
25707	0.04646566089
25708	0.04646487475
25709	0.0464635494
25710	0.04646240188
25711	0.0464611674
25712	0.0464597235
25713	0.04645789354
25714	0.0464562726
25715	0.04645515871
25716	0.04645362776
25717	0.0464521206
25718	0.04645083235
25719	0.04644929476
25720	0.04644852138
25721	0.04644720438
25722	0.04644582699
25723	0.04644463769
25724	0.04644301668
25725	0.04644144407
25726	0.0464404136
25727	0.0464389958
25728	0.04643727624
25729	0.04643625412
25730	0.04643577278
25731	0.0464335099
25732	0.04643194031
25733	0.04643023872
25734	0.04642895811
25735	0.04642782527
25736	0.0464265798
25737	0.04642550354
25738	0.04642446184
25739	0.04642316727
25740	0.04642147997
25741	0.04642025673
25742	0.04641892451
25743	0.04641694997
25744	0.04641565133
25745	0.0464149286
25746	0.0464136274
25747	0.04641202042
25748	0.04641062522
25749	0.04640819495
25750	0.04640727322
25751	0.04640692219
25752	0.04640560856
25753	0.04640362599
25754	0.04640095361
25755	0.04639968253
25756	0.04639884104
25757	0.04639823707
25758	0.04639669702
25759	0.04639561392
25760	0.04639490486
25761	0.04639401281
25762	0.04639269564
25763	0.04639076975
25764	0.04638787509
25765	0.04638658085
25766	0.04638506337
25767	0.04638430637
25768	0.04638371399
25769	0.04638212912
25770	0.04638103975
25771	0.04637983476
25772	0.04637907943
25773	0.04637761393
25774	0.04637647843
25775	0.0463747015
25776	0.04637277214
25777	0.04637111122
25778	0.04636996773
25779	0.04636919002
25780	0.04636812967
25781	0.04636746882
25782	0.04636653164
25783	0.04636509081
25784	0.04636390405
25785	0.04636248819
25786	0.04636145934
25787	0.04636067797
25788	0.04635877174
25789	0.04635711722
25790	0.04635601001
25791	0.04635520032
25792	0.04635387621
25793	0.04635175015
25794	0.04635087621
25795	0.04634903919
25796	0.04634811669
25797	0.04634767356
25798	0.04634616853
25799	0.04634470214
25800	0.04634378953
25801	0.04634233358
25802	0.04634068279
25803	0.04633974563
25804	0.04633876422
25805	0.04633753854
25806	0.0463361511
25807	0.04633532348
25808	0.04633301246
25809	0.04633159508
25810	0.04632994601
25811	0.04632834954
25812	0.04632662008
25813	0.04632458422
25814	0.04632310179
25815	0.046321886
25816	0.04632094005
25817	0.04632015723
25818	0.04631922865
25819	0.04631819982
25820	0.04631668104
25821	0.04631575719
25822	0.0463149124
25823	0.04631342644
25824	0.04631154936
25825	0.04631048038
25826	0.0463089327
25827	0.04630733329
25828	0.04630586097
25829	0.04630448611
25830	0.04630317558
25831	0.04630192594
25832	0.04630064896
25833	0.04629975838
25834	0.0462989519
25835	0.04629676979
25836	0.04629563263
25837	0.04629475696
25838	0.04629227769
25839	0.04629112015
25840	0.0462897245
25841	0.04628802399
25842	0.04628691641
25843	0.04628524077
25844	0.04628378908
25845	0.04628281653
25846	0.04628213724
25847	0.04628117583
25848	0.04627975246
25849	0.04627837138
25850	0.04627727016
25851	0.04627558177
25852	0.04627501078
25853	0.04627368879
25854	0.04627293373
25855	0.04627102735
25856	0.04627009179
25857	0.04626884549
25858	0.04626737642
25859	0.04626640003
25860	0.04626503092
25861	0.04626415654
25862	0.04626315416
25863	0.04626236895
25864	0.04626124733
25865	0.04626008293
25866	0.04625843835
25867	0.0462572748
25868	0.04625540472
25869	0.04625425802
25870	0.04625311131
25871	0.04625167418
25872	0.04625017766
25873	0.04624885878
25874	0.04624700508
25875	0.04624599362
25876	0.04624452375
25877	0.04624367639
25878	0.04624286017
25879	0.04624178197
25880	0.04624034724
25881	0.04623915234
25882	0.046236685
25883	0.04623507048
25884	0.04623289027
25885	0.04623162866
25886	0.0462309088
25887	0.04622995823
25888	0.04622884371
25889	0.04622826376
25890	0.04622706055
25891	0.04622608757
25892	0.04622426192
25893	0.046222747
25894	0.04622151418
25895	0.0462201997
25896	0.04621919396
25897	0.04621813581
25898	0.04621726903
25899	0.04621560258
25900	0.04621429018
25901	0.04621264485
25902	0.0462111375
25903	0.04621014931
25904	0.04620879643
25905	0.04620742667
25906	0.04620583851
25907	0.04620473547
25908	0.04620376662
25909	0.04620259631
25910	0.04620130488
25911	0.04620025773
25912	0.04619818557
25913	0.0461963202
25914	0.04619457832
25915	0.04619323215
25916	0.04619141918
25917	0.04618977522
25918	0.04618883724
25919	0.04618763072
25920	0.04618650814
25921	0.0461851245
25922	0.04618308834
25923	0.04618185336
25924	0.04618087697
25925	0.04617957734
25926	0.04617772606
25927	0.0461763992
25928	0.04617529455
25929	0.0461726783
25930	0.04617142501
25931	0.0461697423
25932	0.04616793544
25933	0.04616727595
25934	0.04616562479
25935	0.04616375637
25936	0.04616250604
25937	0.04616104876
25938	0.04615959105
25939	0.04615847575
25940	0.04615762763
25941	0.04615616869
25942	0.04615532908
25943	0.04615383907
25944	0.04615288314
25945	0.04615152342
25946	0.0461501471
25947	0.04614743747
25948	0.04614618744
25949	0.04614478278
25950	0.0461420044
25951	0.04614124782
25952	0.0461404446
25953	0.04613904719
25954	0.0461376679
25955	0.04613645713
25956	0.04613498195
25957	0.04613339142
25958	0.04613201062
25959	0.04613051205
25960	0.04612967883
25961	0.04612755047
25962	0.04612581994
25963	0.04612382161
25964	0.0461232744
25965	0.04612220722
25966	0.04612043098
25967	0.04611957794
25968	0.04611774445
25969	0.0461167814
25970	0.04611455636
25971	0.04611346419
25972	0.04611280176
25973	0.04611100178
25974	0.04611014903
25975	0.0461088326
25976	0.04610782006
25977	0.04610603377
25978	0.0461053951
25979	0.04610333275
25980	0.04610204484
25981	0.04609961334
25982	0.04609804407
25983	0.04609708185
25984	0.04609545173
25985	0.04609394188
25986	0.04609267692
25987	0.04609159788
25988	0.04608981448
25989	0.04608841038
25990	0.04608744044
25991	0.04608623991
25992	0.04608432974
25993	0.04608355053
25994	0.04608165309
25995	0.04608062493
25996	0.04607866596
25997	0.04607734715
25998	0.04607669512
25999	0.04607525455
26000	0.04607408486
26001	0.04607289539
26002	0.04607092809
26003	0.04606939714
26004	0.04606791943
26005	0.04606606654
26006	0.0460651695
26007	0.0460633265
26008	0.04606203189
26009	0.04606039863
26010	0.04605866939
26011	0.04605776819
26012	0.04605495962
26013	0.04605327077
26014	0.04605234714
26015	0.04605037921
26016	0.04604957114
26017	0.04604837646
26018	0.04604708292
26019	0.04604549782
26020	0.0460441255
26021	0.04604262623
26022	0.04604178044
26023	0.04604031248
26024	0.04603918038
26025	0.04603798204
26026	0.04603722152
26027	0.04603604823
26028	0.04603455227
26029	0.04603353027
26030	0.04603231495
26031	0.04603049663
26032	0.0460291744
26033	0.04602710127
26034	0.04602600372
26035	0.04602471598
26036	0.04602342794
26037	0.04602239812
26038	0.04602109847
26039	0.04601930433
26040	0.04601814309
26041	0.04601670319
26042	0.04601517141
26043	0.04601378701
26044	0.04601263534
26045	0.04601144789
26046	0.04601041393
26047	0.04600915579
26048	0.04600760342
26049	0.04600667624
26050	0.04600594967
26051	0.046004685
26052	0.04600385054
26053	0.046002109
26054	0.04600074193
26055	0.04600003392
26056	0.04599813879
26057	0.04599709397
26058	0.04599598403
26059	0.04599481927
26060	0.04599312457
26061	0.04599146159
26062	0.04599030792
26063	0.04598903378
26064	0.04598732608
26065	0.04598576704
26066	0.04598499649
26067	0.04598319491
26068	0.04598174866
26069	0.04598061934
26070	0.04597952594
26071	0.04597853747
26072	0.04597707758
26073	0.0459759674
26074	0.04597441221
26075	0.04597306849
26076	0.04597217777
26077	0.04597021688
26078	0.04596878839
26079	0.04596741497
26080	0.04596618361
26081	0.04596470195
26082	0.04596257628
26083	0.04596176968
26084	0.04596073798
26085	0.04595915165
26086	0.04595809806
26087	0.04595660094
26088	0.04595577772
26089	0.04595442413
26090	0.04595351204
26091	0.04595211414
26092	0.04595100142
26093	0.04594979205
26094	0.04594885449
26095	0.04594743704
26096	0.04594604805
26097	0.04594355292
26098	0.04594221299
26099	0.04594026049
26100	0.04593913417
26101	0.04593783479
26102	0.04593586938
26103	0.04593519072
26104	0.04593366809
26105	0.04593267157
26106	0.04593079965
26107	0.04593001877
26108	0.04592873361
26109	0.04592733958
26110	0.04592585828
26111	0.04592469829
26112	0.04592306368
26113	0.04592167201
26114	0.04592093003
26115	0.04592009135
26116	0.04591876096
26117	0.04591741242
26118	0.04591571712
26119	0.04591454161
26120	0.04591369342
26121	0.04591262994
26122	0.04591148395
26123	0.04591058606
26124	0.04590851513
26125	0.04590655744
26126	0.04590437318
26127	0.0459020306
26128	0.04590100532
26129	0.0459001609
26130	0.04589937694
26131	0.04589763074
26132	0.04589653602
26133	0.04589555926
26134	0.04589319363
26135	0.04589176684
26136	0.04589066173
26137	0.0458890932
26138	0.04588839619
26139	0.04588738565
26140	0.04588625937
26141	0.04588514432
26142	0.04588378926
26143	0.04588251287
26144	0.04588095965
26145	0.04587972211
26146	0.04587813582
26147	0.0458770413
26148	0.04587569899
26149	0.04587444507
26150	0.04587278424
26151	0.04587095427
26152	0.04586967344
26153	0.04586836279
26154	0.04586707302
26155	0.04586624635
26156	0.04586500802
26157	0.04586353647
26158	0.04586269641
26159	0.04586165568
26160	0.04586022296
26161	0.0458591589
26162	0.04585793022
26163	0.04585634621
26164	0.04585577952
26165	0.04585520409
26166	0.04585377415
26167	0.04585256261
26168	0.04585098399
26169	0.04584936369
26170	0.04584811021
26171	0.04584595789
26172	0.04584497269
26173	0.04584380412
26174	0.04584272916
26175	0.04584172669
26176	0.04584109236
26177	0.04584031225
26178	0.0458389448
26179	0.04583851821
26180	0.04583760799
26181	0.04583645971
26182	0.04583577316
26183	0.04583498615
26184	0.04583349677
26185	0.04583202797
26186	0.04583066308
26187	0.04582952357
26188	0.04582814931
26189	0.0458273512
26190	0.04582638075
26191	0.04582548076
26192	0.04582421739
26193	0.0458230094
26194	0.04582171124
26195	0.0458204321
26196	0.04581886182
26197	0.04581788078
26198	0.04581663657
26199	0.04581540199
26200	0.04581414739
26201	0.04581329012
26202	0.04581251408
26203	0.04581073204
26204	0.0458104068
26205	0.04580956053
26206	0.04580801449
26207	0.04580696821
26208	0.04580563464
26209	0.04580446709
26210	0.04580298608
26211	0.04580230691
26212	0.04580062672
26213	0.04579894356
26214	0.04579832047
26215	0.04579767316
26216	0.04579693729
26217	0.04579606881
26218	0.04579474974
26219	0.04579330997
26220	0.04579210442
26221	0.04579108884
26222	0.04578904666
26223	0.04578757881
26224	0.04578638164
26225	0.04578501652
26226	0.04578345583
26227	0.04578190424
26228	0.04578068697
26229	0.04577971473
26230	0.04577851637
26231	0.04577745901
26232	0.04577616355
26233	0.04577359988
26234	0.04577270979
26235	0.04577208604
26236	0.04577046995
26237	0.04576877873
26238	0.04576740797
26239	0.04576612746
26240	0.04576456573
26241	0.04576327224
26242	0.0457612937
26243	0.04576004996
26244	0.04575835654
26245	0.04575707297
26246	0.04575532299
26247	0.04575430711
26248	0.0457528628
26249	0.04575165048
26250	0.0457499249
26251	0.045748746
26252	0.0457479064
26253	0.04574642497
26254	0.04574528534
26255	0.04574408624
26256	0.04574249543
26257	0.0457417622
26258	0.04574007625
26259	0.04573926837
26260	0.04573794228
26261	0.0457371705
26262	0.04573509676
26263	0.04573409893
26264	0.04573245112
26265	0.04573074159
26266	0.04572941186
26267	0.04572806132
26268	0.04572698888
26269	0.04572624439
26270	0.04572543385
26271	0.04572454444
26272	0.04572322646
26273	0.04572197719
26274	0.04572085991
26275	0.04571900008
26276	0.04571719376
26277	0.04571539704
26278	0.04571457172
26279	0.04571341799
26280	0.04571252547
26281	0.04571090525
26282	0.0457094214
26283	0.04570787012
26284	0.04570642049
26285	0.04570476917
26286	0.04570331069
26287	0.04570233684
26288	0.04570072629
26289	0.04569943105
26290	0.04569791879
26291	0.04569697547
26292	0.04569477956
26293	0.04569362484
26294	0.04569232847
26295	0.04569081436
26296	0.04568917496
26297	0.04568818116
26298	0.04568666592
26299	0.04568542375
26300	0.04568401526
26301	0.04568267118
26302	0.04568151063
26303	0.04568036254
26304	0.04567944921
26305	0.04567851542
26306	0.04567724301
26307	0.0456757152
26308	0.04567496305
26309	0.0456743612
26310	0.04567238363
26311	0.04567172417
26312	0.04567054915
26313	0.04566942216
26314	0.0456676674
26315	0.0456670411
26316	0.04566598053
26317	0.04566492643
26318	0.04566403109
26319	0.0456616969
26320	0.04566043141
26321	0.04565913207
26322	0.0456582647
26323	0.04565754333
26324	0.04565650136
26325	0.04565494531
26326	0.04565430365
26327	0.0456527629
26328	0.0456508222
26329	0.04564925725
26330	0.04564740377
26331	0.04564632545
26332	0.0456451995
26333	0.04564408676
26334	0.04564271464
26335	0.04564146007
26336	0.04564014254
26337	0.0456390964
26338	0.04563710071
26339	0.04563612902
26340	0.04563504081
26341	0.04563419429
26342	0.0456331822
26343	0.04563169327
26344	0.04563036044
26345	0.04562910865
26346	0.04562782159
26347	0.04562670605
26348	0.04562596603
26349	0.0456254398
26350	0.04562443024
26351	0.0456230972
26352	0.04562197269
26353	0.04562094145
26354	0.04561981189
26355	0.04561922085
26356	0.04561818657
26357	0.04561728388
26358	0.04561607808
26359	0.04561509349
26360	0.04561349055
26361	0.04561264438
26362	0.04561073318
26363	0.04560971123
26364	0.04560882886
26365	0.0456072382
26366	0.04560589316
26367	0.04560444034
26368	0.04560309232
26369	0.04560166347
26370	0.04560091772
26371	0.04560016094
26372	0.04559855274
26373	0.04559678323
26374	0.04559568824
26375	0.04559439932
26376	0.04559370439
26377	0.04559285683
26378	0.04559182956
26379	0.04559111905
26380	0.04558958887
26381	0.04558827608
26382	0.0455871369
26383	0.04558536761
26384	0.04558449834
26385	0.04558339353
26386	0.04558221185
26387	0.04558142339
26388	0.04557988622
26389	0.04557874248
26390	0.04557721742
26391	0.04557568429
26392	0.04557418017
26393	0.04557307232
26394	0.04557125828
26395	0.04557000591
26396	0.04556882071
26397	0.04556691615
26398	0.04556493759
26399	0.04556395477
26400	0.04556303791
26401	0.04556196219
26402	0.04556055121
26403	0.04555937117
26404	0.04555782548
26405	0.04555652027
26406	0.0455549381
26407	0.04555375239
26408	0.04555311687
26409	0.04555222509
26410	0.04555102519
26411	0.04554926686
26412	0.04554830443
26413	0.04554746086
26414	0.04554659141
26415	0.04554589839
26416	0.04554482658
26417	0.04554286824
26418	0.04554203268
26419	0.04554087444
26420	0.04553900001
26421	0.04553787996
26422	0.04553688967
26423	0.04553610792
26424	0.04553481206
26425	0.04553383212
26426	0.04553240963
26427	0.04553030205
26428	0.04552871847
26429	0.04552730375
26430	0.04552611915
26431	0.04552483553
26432	0.04552379463
26433	0.04552288047
26434	0.04552180823
26435	0.04552077356
26436	0.04551926208
26437	0.04551788939
26438	0.0455170184
26439	0.04551553763
26440	0.04551439293
26441	0.04551305111
26442	0.0455117782
26443	0.04550974057
26444	0.04550874362
26445	0.04550807595
26446	0.0455059188
26447	0.04550434135
26448	0.0455034061
26449	0.04550288
26450	0.04550193223
26451	0.04549998815
26452	0.04549899689
26453	0.04549728406
26454	0.04549513781
26455	0.04549333475
26456	0.04549173315
26457	0.04548937012
26458	0.0454883407
26459	0.04548705806
26460	0.04548569705
26461	0.04548380444
26462	0.04548268977
26463	0.04548160474
26464	0.04547973695
26465	0.04547868478
26466	0.04547754138
26467	0.04547611868
26468	0.04547559503
26469	0.04547413045
26470	0.04547203193
26471	0.04547139638
26472	0.04547054932
26473	0.04546946762
26474	0.04546796501
26475	0.04546675587
26476	0.04546570583
26477	0.04546435683
26478	0.04546293747
26479	0.04546180529
26480	0.04546043364
26481	0.04545892495
26482	0.04545727231
26483	0.04545490049
26484	0.04545406539
26485	0.04545249182
26486	0.04545120798
26487	0.04545051746
26488	0.0454495538
26489	0.04544859857
26490	0.04544740353
26491	0.04544651522
26492	0.0454454018
26493	0.04544472129
26494	0.04544375206
26495	0.04544184416
26496	0.04544080097
26497	0.04543974165
26498	0.04543852513
26499	0.0454377593
26500	0.04543661117
26501	0.04543565351
26502	0.04543400165
26503	0.04543245883
26504	0.04543101273
26505	0.04542996071
26506	0.0454282111
26507	0.04542745249
26508	0.04542676089
26509	0.04542575843
26510	0.0454247165
26511	0.04542415432
26512	0.04542317888
26513	0.04542219116
26514	0.04542011898
26515	0.04541887883
26516	0.04541756169
26517	0.04541642535
26518	0.04541508778
26519	0.04541329718
26520	0.04541230271
26521	0.04541012784
26522	0.04540892193
26523	0.0454077016
26524	0.04540617407
26525	0.04540511497
26526	0.04540340744
26527	0.04540206599
26528	0.045401268
26529	0.04540045198
26530	0.04539928536
26531	0.04539837024
26532	0.04539723974
26533	0.04539561911
26534	0.0453947667
26535	0.04539382649
26536	0.04539284698
26537	0.04539114112
26538	0.04538946535
26539	0.04538818382
26540	0.04538692766
26541	0.04538595514
26542	0.04538444979
26543	0.04538269525
26544	0.04538175157
26545	0.04538038749
26546	0.04537831541
26547	0.04537675864
26548	0.04537504131
26549	0.045373481
26550	0.04537235769
26551	0.0453710888
26552	0.04536968346
26553	0.04536872903
26554	0.04536753916
26555	0.04536648545
26556	0.04536535644
26557	0.045364082
26558	0.04536313061
26559	0.04536165202
26560	0.04535858072
26561	0.04535692525
26562	0.04535516165
26563	0.0453536231
26564	0.04535292903
26565	0.04535039425
26566	0.04534851198
26567	0.04534644686
26568	0.04534559948
26569	0.04534432824
26570	0.04534272202
26571	0.04534080303
26572	0.04533990263
26573	0.04533854962
26574	0.04533691575
26575	0.04533509364
26576	0.04533293289
26577	0.0453311276
26578	0.04533006567
26579	0.0453277099
26580	0.04532572135
26581	0.04532489757
26582	0.04532389328
26583	0.04532212549
26584	0.04532074638
26585	0.04531953446
26586	0.0453187601
26587	0.04531773318
26588	0.04531591625
26589	0.04531429187
26590	0.04531281658
26591	0.04531136432
26592	0.04531003003
26593	0.04530828456
26594	0.04530728256
26595	0.04530605027
26596	0.04530462488
26597	0.0453038292
26598	0.04530244838
26599	0.04530138656
26600	0.04529945855
26601	0.04529813653
26602	0.04529738105
26603	0.04529623935
26604	0.04529537282
26605	0.04529342634
26606	0.0452913778
26607	0.045288987
26608	0.0452880774
26609	0.04528699807
26610	0.04528604858
26611	0.04528410502
26612	0.0452832764
26613	0.04528256385
26614	0.04528097871
26615	0.04527947715
26616	0.04527828873
26617	0.04527738544
26618	0.04527599312
26619	0.04527493606
26620	0.04527366579
26621	0.04527166981
26622	0.04526879341
26623	0.04526704628
26624	0.04526580967
26625	0.04526416038
26626	0.04526318346
26627	0.04526201986
26628	0.04526067083
26629	0.04526003297
26630	0.04525879772
26631	0.04525750472
26632	0.04525690994
26633	0.04525534068
26634	0.04525427263
26635	0.04525303407
26636	0.04525204686
26637	0.04525089092
26638	0.04525017586
26639	0.04524900943
26640	0.04524763154
26641	0.04524659279
26642	0.04524505903
26643	0.04524379867
26644	0.04524253087
26645	0.04524145138
26646	0.0452401526
26647	0.04523882459
26648	0.04523704874
26649	0.0452354955
26650	0.04523487782
26651	0.0452334465
26652	0.04523230498
26653	0.04523093075
26654	0.0452295916
26655	0.04522772079
26656	0.0452262236
26657	0.04522483631
26658	0.04522318939
26659	0.045221938
26660	0.04522044127
26661	0.04521942433
26662	0.04521755158
26663	0.04521661443
26664	0.04521579416
26665	0.04521475344
26666	0.04521328176
26667	0.04521241618
26668	0.04521116489
26669	0.04521000725
26670	0.04520873637
26671	0.04520816399
26672	0.04520633219
26673	0.04520512211
26674	0.04520429911
26675	0.04520283174
26676	0.0452013428
26677	0.0451993787
26678	0.04519803393
26679	0.04519700109
26680	0.04519598326
26681	0.04519532758
26682	0.04519410552
26683	0.04519253679
26684	0.04519148542
26685	0.04519066296
26686	0.04519011909
26687	0.04518892597
26688	0.04518808493
26689	0.04518638105
26690	0.04518507419
26691	0.04518401177
26692	0.0451824692
26693	0.04518097359
26694	0.04518021215
26695	0.04517827293
26696	0.04517683585
26697	0.04517547593
26698	0.04517442297
26699	0.04517384932
26700	0.0451728175
26701	0.04517179641
26702	0.04517021976
26703	0.04516932817
26704	0.04516705207
26705	0.04516549711
26706	0.04516323509
26707	0.04516209733
26708	0.04516114398
26709	0.04516034827
26710	0.04515839054
26711	0.04515720035
26712	0.04515545126
26713	0.04515467221
26714	0.04515339524
26715	0.04515214011
26716	0.04515145714
26717	0.04514979681
26718	0.0451486829
26719	0.04514753675
26720	0.04514684466
26721	0.04514608044
26722	0.04514527363
26723	0.04514428037
26724	0.04514310761
26725	0.04514187787
26726	0.0451403709
26727	0.04513907249
26728	0.04513773157
26729	0.0451362681
26730	0.04513513276
26731	0.04513368847
26732	0.04513256153
26733	0.04513112405
26734	0.04512812071
26735	0.04512740374
26736	0.04512559184
26737	0.0451247171
26738	0.04512241474
26739	0.04512156068
26740	0.04511971898
26741	0.04511844901
26742	0.0451166829
26743	0.04511534325
26744	0.04511416509
26745	0.04511288751
26746	0.04511194338
26747	0.04511052995
26748	0.04510956058
26749	0.04510852677
26750	0.04510689552
26751	0.04510571186
26752	0.0451046819
26753	0.04510312649
26754	0.04510186114
26755	0.04510037016
26756	0.0450994363
26757	0.04509845077
26758	0.045096727
26759	0.04509550282
26760	0.04509412295
26761	0.04509322495
26762	0.04509218181
26763	0.04509090804
26764	0.0450898331
26765	0.04508844992
26766	0.04508694148
26767	0.04508578669
26768	0.04508453314
26769	0.04508319439
26770	0.04508239039
26771	0.04508088434
26772	0.04507995425
26773	0.04507905837
26774	0.04507783682
26775	0.04507618818
26776	0.04507511147
26777	0.04507374262
26778	0.04507228799
26779	0.04507067042
26780	0.0450685024
26781	0.04506731968
26782	0.04506625021
26783	0.04506523714
26784	0.04506385671
26785	0.04506221671
26786	0.04506108929
26787	0.04505962338
26788	0.04505809878
26789	0.04505701008
26790	0.04505560468
26791	0.04505459864
26792	0.04505293138
26793	0.0450514374
26794	0.04505068451
26795	0.04504939879
26796	0.0450480993
26797	0.04504609796
26798	0.04504496573
26799	0.0450428325
26800	0.04504117809
26801	0.04503970525
26802	0.04503852714
26803	0.04503736102
26804	0.04503627557
26805	0.04503540518
26806	0.04503426006
26807	0.04503289078
26808	0.04503072563
26809	0.0450296751
26810	0.04502828706
26811	0.04502650267
26812	0.04502550951
26813	0.04502399028
26814	0.04502272869
26815	0.04502115142
26816	0.04502008472
26817	0.04501847217
26818	0.04501765754
26819	0.04501641183
26820	0.04501547893
26821	0.04501444562
26822	0.0450126412
26823	0.04501162891
26824	0.04500939269
26825	0.04500774209
26826	0.04500658338
26827	0.04500493757
26828	0.0450036997
26829	0.04500218797
26830	0.04500023398
26831	0.04499915992
26832	0.0449977363
26833	0.04499580779
26834	0.04499453875
26835	0.04499361113
26836	0.04499257134
26837	0.04499113106
26838	0.04498920185
26839	0.04498774467
26840	0.0449861553
26841	0.04498528533
26842	0.04498479955
26843	0.04498304993
26844	0.04498158422
26845	0.04498047185
26846	0.04497952524
26847	0.04497879488
26848	0.04497783757
26849	0.04497553021
26850	0.04497444604
26851	0.04497317489
26852	0.04497256859
26853	0.04497199398
26854	0.04497067219
26855	0.04496650134
26856	0.04496534367
26857	0.04496382023
26858	0.04496276261
26859	0.04496190917
26860	0.04495995975
26861	0.04495839494
26862	0.04495630548
26863	0.04495493085
26864	0.04495380962
26865	0.04495327083
26866	0.04495151424
26867	0.04494921491
26868	0.04494760593
26869	0.04494652853
26870	0.04494519405
26871	0.04494412821
26872	0.04494307429
26873	0.04494122291
26874	0.04493983275
26875	0.0449369859
26876	0.04493619303
26877	0.04493516417
26878	0.04493374526
26879	0.04493281196
26880	0.04493163625
26881	0.04493031067
26882	0.04492877066
26883	0.04492751028
26884	0.04492606565
26885	0.04492195434
26886	0.04492042475
26887	0.04491928371
26888	0.04491783244
26889	0.04491622384
26890	0.04491447696
26891	0.04491274471
26892	0.04491197688
26893	0.04491059815
26894	0.04490909454
26895	0.04490686344
26896	0.04490494479
26897	0.04490325213
26898	0.04490236116
26899	0.0449005009
26900	0.04489995698
26901	0.04489789482
26902	0.0448969244
26903	0.04489539626
26904	0.0448936382
26905	0.0448926355
26906	0.04489158727
26907	0.04489061731
26908	0.0448893681
26909	0.0448882873
26910	0.04488691044
26911	0.04488600708
26912	0.04488454484
26913	0.04488324818
26914	0.04488197826
26915	0.04488074151
26916	0.04487958724
26917	0.04487820655
26918	0.04487712848
26919	0.04487553779
26920	0.04487407284
26921	0.04487201568
26922	0.04487036471
26923	0.04486958978
26924	0.04486835148
26925	0.04486731106
26926	0.04486558226
26927	0.0448647216
26928	0.04486385688
26929	0.04486290131
26930	0.04486191177
26931	0.0448609088
26932	0.04485990806
26933	0.04485818001
26934	0.04485730116
26935	0.0448558089
26936	0.04485463811
26937	0.04485301412
26938	0.04485171445
26939	0.04485007274
26940	0.04484888995
26941	0.0448474624
26942	0.04484652672
26943	0.04484560716
26944	0.04484352252
26945	0.04484218657
26946	0.04484125175
26947	0.04484031606
26948	0.04483933307
26949	0.04483817418
26950	0.04483686759
26951	0.0448349663
26952	0.04483371118
26953	0.04483274206
26954	0.04483119017
26955	0.04482988286
26956	0.0448289346
26957	0.04482706837
26958	0.044826654
26959	0.04482499584
26960	0.04482418771
26961	0.04482303103
26962	0.04482190597
26963	0.04481968044
26964	0.04481869368
26965	0.04481774458
26966	0.04481621873
26967	0.04481489277
26968	0.04481268759
26969	0.04481120346
26970	0.04481060449
26971	0.04480920467
26972	0.04480803175
26973	0.04480644492
26974	0.04480475385
26975	0.04480358499
26976	0.04480201204
26977	0.04480087551
26978	0.04479936693
26979	0.04479757648
26980	0.04479644418
26981	0.04479525526
26982	0.04479410718
26983	0.04479266055
26984	0.04479139799
26985	0.04478924795
26986	0.04478789682
26987	0.0447867318
26988	0.04478467173
26989	0.04478363785
26990	0.04478191812
26991	0.0447804243
26992	0.04477949987
26993	0.04477820358
26994	0.0447768374
26995	0.044775292
26996	0.04477453894
26997	0.04477381908
26998	0.04477260974
26999	0.04477158399
27000	0.04477090951
27001	0.04476923821
27002	0.04476778046
27003	0.0447664664
27004	0.04476548315
27005	0.0447633342
27006	0.0447619331
27007	0.04476016917
27008	0.04475880298
27009	0.04475805772
27010	0.04475709981
27011	0.04475654404
27012	0.04475543756
27013	0.04475461772
27014	0.04475373137
27015	0.04475252422
27016	0.04475078904
27017	0.04474996099
27018	0.04474838191
27019	0.0447469069
27020	0.04474625173
27021	0.04474526413
27022	0.04474369371
27023	0.04474259111
27024	0.04474171772
27025	0.04474091674
27026	0.04473960977
27027	0.04473874011
27028	0.04473776175
27029	0.04473662224
27030	0.04473515315
27031	0.04473364783
27032	0.04473135108
27033	0.04472964678
27034	0.04472856429
27035	0.04472752487
27036	0.04472622997
27037	0.04472483119
27038	0.04472369747
27039	0.0447221187
27040	0.04472134456
27041	0.04471944457
27042	0.04471807238
27043	0.04471712528
27044	0.04471561839
27045	0.04471502881
27046	0.04471375456
27047	0.04471292666
27048	0.04471093066
27049	0.04471017778
27050	0.04470878758
27051	0.04470702135
27052	0.04470575282
27053	0.04470314067
27054	0.0447013261
27055	0.04470018708
27056	0.04469909088
27057	0.04469789784
27058	0.04469660234
27059	0.04469570633
27060	0.04469469883
27061	0.04469355031
27062	0.04469224329
27063	0.04469067531
27064	0.04468938957
27065	0.04468772296
27066	0.04468638413
27067	0.04468502916
27068	0.04468294527
27069	0.04468142692
27070	0.0446800612
27071	0.04467968445
27072	0.04467781426
27073	0.04467661069
27074	0.04467496664
27075	0.04467445903
27076	0.04467322003
27077	0.04467214983
27078	0.04467069647
27079	0.04466931438
27080	0.04466811212
27081	0.04466725193
27082	0.04466651299
27083	0.04466527976
27084	0.04466445457
27085	0.04466360305
27086	0.0446626167
27087	0.04466141284
27088	0.04466016451
27089	0.04465852759
27090	0.04465715134
27091	0.04465624575
27092	0.04465527555
27093	0.04465407707
27094	0.04465309243
27095	0.04465197881
27096	0.04465041647
27097	0.04464910646
27098	0.04464694755
27099	0.04464605286
27100	0.0446449266
27101	0.04464333128
27102	0.04464224521
27103	0.04464093536
27104	0.0446390457
27105	0.04463763354
27106	0.04463683136
27107	0.04463558479
27108	0.04463466389
27109	0.04463316869
27110	0.0446322414
27111	0.04463109515
27112	0.04463034928
27113	0.04462896805
27114	0.04462807658
27115	0.04462688672
27116	0.04462535479
27117	0.04462428656
27118	0.04462310931
27119	0.04462222531
27120	0.04462113355
27121	0.04461992465
27122	0.04461868022
27123	0.04461766734
27124	0.04461656053
27125	0.04461485795
27126	0.04461322099
27127	0.04461234758
27128	0.0446113885
27129	0.04461063893
27130	0.04460904786
27131	0.0446077182
27132	0.0446060658
27133	0.04460464752
27134	0.04460311033
27135	0.04460188066
27136	0.04460060073
27137	0.04459936514
27138	0.04459818866
27139	0.04459704075
27140	0.0445958726
27141	0.04459450743
27142	0.04459368877
27143	0.04459206358
27144	0.04459115085
27145	0.04459036968
27146	0.04458969191
27147	0.0445889188
27148	0.04458768097
27149	0.04458577179
27150	0.04458407607
27151	0.04458312343
27152	0.04458146977
27153	0.04458065084
27154	0.04457903212
27155	0.04457747058
27156	0.04457582171
27157	0.04457441942
27158	0.04457317865
27159	0.0445718223
27160	0.04457057734
27161	0.04456930973
27162	0.04456815688
27163	0.04456724569
27164	0.04456615535
27165	0.04456521014
27166	0.04456367328
27167	0.04456264277
27168	0.0445607275
27169	0.04455914781
27170	0.04455812273
27171	0.04455514125
27172	0.04455379705
27173	0.0445520138
27174	0.04455065515
27175	0.04454974483
27176	0.04454822652
27177	0.04454718585
27178	0.04454590767
27179	0.04454428133
27180	0.04454369639
27181	0.04454177675
27182	0.04454017283
27183	0.04453897837
27184	0.04453800928
27185	0.04453750304
27186	0.04453632961
27187	0.04453529974
27188	0.04453390658
27189	0.04453203626
27190	0.04453108232
27191	0.04452954298
27192	0.04452858137
27193	0.04452734866
27194	0.04452625829
27195	0.04452515829
27196	0.04452416491
27197	0.04452302813
27198	0.04452044386
27199	0.04451850725
27200	0.04451753426
27201	0.04451635137
27202	0.04451540997
27203	0.04451392779
27204	0.04451277468
27205	0.04451026025
27206	0.04450921452
27207	0.04450717581
27208	0.04450614962
27209	0.0445045486
27210	0.04450255868
27211	0.04450182019
27212	0.04450099442
27213	0.0445000337
27214	0.04449908717
27215	0.04449820536
27216	0.04449698944
27217	0.04449546323
27218	0.04449429783
27219	0.04449300105
27220	0.0444915816
27221	0.04448971879
27222	0.044487556
27223	0.04448645816
27224	0.0444856585
27225	0.0444849134
27226	0.04448314643
27227	0.04448183461
27228	0.0444802158
27229	0.04447916363
27230	0.04447860287
27231	0.0444771519
27232	0.04447588676
27233	0.04447379746
27234	0.04447277289
27235	0.04447127312
27236	0.04447007598
27237	0.04446945671
27238	0.04446863419
27239	0.0444667438
27240	0.0444653061
27241	0.04446412858
27242	0.04446242038
27243	0.04446052653
27244	0.04445981177
27245	0.0444582919
27246	0.04445648499
27247	0.0444553966
27248	0.0444540048
27249	0.0444523887
27250	0.04445128336
27251	0.04444971409
27252	0.04444752176
27253	0.04444608208
27254	0.04444430452
27255	0.04444336341
27256	0.04444250145
27257	0.04444146589
27258	0.04444008589
27259	0.04443891622
27260	0.0444376578
27261	0.04443677771
27262	0.04443519727
27263	0.04443438845
27264	0.04443335237
27265	0.04443186665
27266	0.04443034698
27267	0.04442918695
27268	0.04442780129
27269	0.04442665606
27270	0.04442584047
27271	0.04442481994
27272	0.04442299425
27273	0.04442174192
27274	0.04442047733
27275	0.04441918594
27276	0.04441816533
27277	0.0444167708
27278	0.044415882
27279	0.04441495369
27280	0.04441410072
27281	0.04441297173
27282	0.04441205901
27283	0.04441081149
27284	0.04440891541
27285	0.04440695118
27286	0.04440521033
27287	0.04440415202
27288	0.04440332271
27289	0.04440172796
27290	0.04440069649
27291	0.04439951939
27292	0.04439766536
27293	0.04439551715
27294	0.04439435988
27295	0.04439299297
27296	0.04439216581
27297	0.04439058031
27298	0.04438906953
27299	0.04438797311
27300	0.04438660777
27301	0.04438525287
27302	0.04438458059
27303	0.04438390675
27304	0.04438292359
27305	0.0443816996
27306	0.04438012881
27307	0.0443789455
27308	0.04437796469
27309	0.04437645975
27310	0.04437534685
27311	0.04437446705
27312	0.04437278952
27313	0.04437147905
27314	0.04437091308
27315	0.04436963517
27316	0.04436837572
27317	0.04436650137
27318	0.04436565247
27319	0.04436461552
27320	0.0443630329
27321	0.04436166144
27322	0.04436081653
27323	0.04435984578
27324	0.04435889595
27325	0.04435703021
27326	0.04435537457
27327	0.0443539621
27328	0.04435301013
27329	0.04435196587
27330	0.04435094136
27331	0.04434968136
27332	0.04434866786
27333	0.0443479059
27334	0.04434677628
27335	0.04434547509
27336	0.0443439535
27337	0.04434277685
27338	0.04434148381
27339	0.04434036485
27340	0.04433905688
27341	0.04433548238
27342	0.04433414082
27343	0.04433311167
27344	0.04433224283
27345	0.04433110335
27346	0.0443299728
27347	0.04432838642
27348	0.04432702234
27349	0.04432599008
27350	0.04432479028
27351	0.04432283236
27352	0.04431960789
27353	0.04431878329
27354	0.04431738113
27355	0.04431593696
27356	0.04431446191
27357	0.04431312325
27358	0.04431157543
27359	0.04430974708
27360	0.04430873967
27361	0.04430748824
27362	0.04430613446
27363	0.04430526519
27364	0.04430390828
27365	0.04430280905
27366	0.04430182224
27367	0.04430079913
27368	0.04429987829
27369	0.04429895055
27370	0.0442975635
27371	0.04429617398
27372	0.0442944282
27373	0.04429381838
27374	0.04429243269
27375	0.04429050015
27376	0.04428965578
27377	0.04428888148
27378	0.04428759754
27379	0.0442867393
27380	0.04428490814
27381	0.04428422172
27382	0.04428311914
27383	0.04428206252
27384	0.0442806373
27385	0.04427952557
27386	0.04427801278
27387	0.04427666738
27388	0.04427628146
27389	0.04427571813
27390	0.04427419697
27391	0.04427293961
27392	0.04427223421
27393	0.04427132751
27394	0.04426992133
27395	0.04426746302
27396	0.04426673402
27397	0.04426612094
27398	0.04426491107
27399	0.04426391902
27400	0.04426307591
27401	0.04426165496
27402	0.04426059841
27403	0.04425935568
27404	0.04425845719
27405	0.04425676235
27406	0.04425549566
27407	0.04425453649
27408	0.04425378527
27409	0.04425259485
27410	0.04425166719
27411	0.04425116447
27412	0.0442500436
27413	0.04424883566
27414	0.04424769404
27415	0.04424621211
27416	0.04424446593
27417	0.04424335507
27418	0.04424254604
27419	0.04424052671
27420	0.04423923708
27421	0.0442373983
27422	0.04423614622
27423	0.04423424021
27424	0.04423265537
27425	0.04423138656
27426	0.0442300859
27427	0.04422936507
27428	0.04422816992
27429	0.04422709702
27430	0.04422608163
27431	0.04422461009
27432	0.04422361189
27433	0.04422238872
27434	0.04422105933
27435	0.04421985796
27436	0.04421831045
27437	0.04421677018
27438	0.04421579514
27439	0.04421420931
27440	0.04421242584
27441	0.04421119692
27442	0.04421025325
27443	0.04420854098
27444	0.0442069192
27445	0.04420589369
27446	0.04420479706
27447	0.04420356382
27448	0.04420260189
27449	0.04420064943
27450	0.04419922267
27451	0.04419797494
27452	0.04419634171
27453	0.04419497309
27454	0.04419344287
27455	0.04419236546
27456	0.04419054383
27457	0.04418928959
27458	0.04418829439
27459	0.04418688567
27460	0.04418578794
27461	0.044183735
27462	0.04418245724
27463	0.0441810303
27464	0.04417993546
27465	0.04417872366
27466	0.04417664195
27467	0.04417547359
27468	0.04417448825
27469	0.0441738277
27470	0.04417266018
27471	0.04417165576
27472	0.04417016543
27473	0.04416955377
27474	0.04416837264
27475	0.04416717246
27476	0.04416633253
27477	0.04416466391
27478	0.04416347918
27479	0.04416233443
27480	0.04416074338
27481	0.04415952212
27482	0.04415821891
27483	0.04415754839
27484	0.04415575888
27485	0.04415458754
27486	0.04415292955
27487	0.04415174033
27488	0.04415057633
27489	0.04414951185
27490	0.04414838176
27491	0.04414734421
27492	0.04414569655
27493	0.04414444555
27494	0.044143087
27495	0.04414199052
27496	0.0441409022
27497	0.04413950837
27498	0.04413854932
27499	0.04413719296
27500	0.04413530393
27501	0.04413407899
27502	0.04413192001
27503	0.0441314314
27504	0.04413015337
27505	0.04412904948
27506	0.04412802937
27507	0.04412646875
27508	0.04412506866
27509	0.04412266832
27510	0.04412204987
27511	0.04412081865
27512	0.04411962082
27513	0.04411840994
27514	0.04411639876
27515	0.04411576596
27516	0.04411487777
27517	0.04411353719
27518	0.0441107908
27519	0.04410921289
27520	0.04410793159
27521	0.04410678215
27522	0.04410512237
27523	0.04410393344
27524	0.04410295398
27525	0.04410159488
27526	0.04410043497
27527	0.04409895312
27528	0.04409790603
27529	0.04409701004
27530	0.04409567457
27531	0.04409488474
27532	0.04409329445
27533	0.04409199286
27534	0.04409118674
27535	0.04408891486
27536	0.04408703611
27537	0.04408607342
27538	0.0440849278
27539	0.04408359999
27540	0.04408214966
27541	0.04408074327
27542	0.04407906996
27543	0.04407786102
27544	0.04407590445
27545	0.04407428981
27546	0.04407270364
27547	0.04407167317
27548	0.04406981742
27549	0.04406823989
27550	0.04406705884
27551	0.04406613983
27552	0.04406482755
27553	0.04406376397
27554	0.04406258239
27555	0.04406107245
27556	0.04405987263
27557	0.04405908027
27558	0.04405752022
27559	0.04405621771
27560	0.04405501148
27561	0.04405382592
27562	0.04405328724
27563	0.04405236519
27564	0.04405124542
27565	0.04404967504
27566	0.04404809509
27567	0.04404690331
27568	0.04404572128
27569	0.0440448374
27570	0.04404292165
27571	0.04404158926
27572	0.04404038719
27573	0.04403923181
27574	0.0440381691
27575	0.04403583841
27576	0.04403484839
27577	0.04403411448
27578	0.04403218959
27579	0.04403108275
27580	0.04402943587
27581	0.04402853535
27582	0.0440272481
27583	0.04402637839
27584	0.04402485116
27585	0.04402332568
27586	0.04402100562
27587	0.04401960148
27588	0.0440181799
27589	0.04401744098
27590	0.04401601749
27591	0.04401439552
27592	0.04401289835
27593	0.04401157275
27594	0.04400981128
27595	0.04400871613
27596	0.04400749625
27597	0.0440058322
27598	0.04400522955
27599	0.04400369848
27600	0.04400246699
27601	0.04400155698
27602	0.04400089082
27603	0.04399996766
27604	0.04399901151
27605	0.0439981005
27606	0.04399711898
27607	0.04399602624
27608	0.0439943661
27609	0.04399306807
27610	0.04399150025
27611	0.04399013745
27612	0.04398852295
27613	0.04398798176
27614	0.04398675117
27615	0.04398480823
27616	0.04398384879
27617	0.04398159266
27618	0.04398062868
27619	0.04397972873
27620	0.04397826127
27621	0.04397557502
27622	0.0439742684
27623	0.04397266858
27624	0.04397140909
27625	0.04397063527
27626	0.04396958249
27627	0.04396882775
27628	0.04396774033
27629	0.04396601178
27630	0.043964037
27631	0.04396313518
27632	0.04396195859
27633	0.04396073844
27634	0.04395892805
27635	0.04395791959
27636	0.04395693433
27637	0.04395489797
27638	0.04395374575
27639	0.04395208249
27640	0.04395097939
27641	0.04394977579
27642	0.04394812802
27643	0.04394663776
27644	0.04394586627
27645	0.04394463119
27646	0.04394357124
27647	0.04394199797
27648	0.04394123289
27649	0.04394077425
27650	0.04393965359
27651	0.04393841409
27652	0.04393746961
27653	0.04393617917
27654	0.04393464611
27655	0.04393279898
27656	0.04393128576
27657	0.04392997861
27658	0.04392844451
27659	0.04392744319
27660	0.0439260868
27661	0.04392448509
27662	0.04392330734
27663	0.04392296827
27664	0.04392192131
27665	0.04392112782
27666	0.04391918476
27667	0.04391848034
27668	0.04391643186
27669	0.04391550917
27670	0.04391443701
27671	0.04391332332
27672	0.04391247303
27673	0.04391132138
27674	0.04391034669
27675	0.04390952339
27676	0.04390813941
27677	0.04390758326
27678	0.04390559446
27679	0.04390495871
27680	0.04390395384
27681	0.04390313559
27682	0.04390182195
27683	0.04390120726
27684	0.0439004071
27685	0.04389936045
27686	0.04389851285
27687	0.04389740615
27688	0.043896474
27689	0.04389572897
27690	0.0438951118
27691	0.0438940532
27692	0.04389249032
27693	0.04389107951
27694	0.04388974982
27695	0.04388897208
27696	0.04388742784
27697	0.04388610495
27698	0.04388431852
27699	0.04388304316
27700	0.04388204676
27701	0.04388106237
27702	0.04387996642
27703	0.04387902286
27704	0.04387811322
27705	0.04387724646
27706	0.04387647005
27707	0.04387528177
27708	0.04387424605
27709	0.04387258536
27710	0.04387132213
27711	0.04387003176
27712	0.04386828837
27713	0.04386696586
27714	0.04386553356
27715	0.04386453923
27716	0.04386361493
27717	0.04386278678
27718	0.04386144314
27719	0.04386000965
27720	0.04385920013
27721	0.04385834408
27722	0.04385747474
27723	0.04385552704
27724	0.04385442751
27725	0.04385310942
27726	0.04385052381
27727	0.04384940005
27728	0.04384816265
27729	0.04384715449
27730	0.04384605007
27731	0.04384518781
27732	0.04384393488
27733	0.04384268787
27734	0.0438414555
27735	0.04383934355
27736	0.04383828377
27737	0.04383683613
27738	0.04383568361
27739	0.04383394342
27740	0.04383275706
27741	0.04383148812
27742	0.04383074893
27743	0.04382926262
27744	0.04382689251
27745	0.04382545622
27746	0.04382356612
27747	0.04382222915
27748	0.04382146465
27749	0.04381948422
27750	0.04381860998
27751	0.04381682839
27752	0.0438156594
27753	0.04381361088
27754	0.04381269028
27755	0.04381176059
27756	0.04381050679
27757	0.04380961289
27758	0.04380811255
27759	0.04380722111
27760	0.04380609745
27761	0.04380514678
27762	0.04380410925
27763	0.04380258521
27764	0.04380124086
27765	0.043799638
27766	0.04379853567
27767	0.04379749684
27768	0.04379611205
27769	0.04379459142
27770	0.04379327044
27771	0.04379136373
27772	0.0437901338
27773	0.04378956894
27774	0.04378841457
27775	0.04378765817
27776	0.04378538031
27777	0.0437846901
27778	0.04378332086
27779	0.0437821427
27780	0.04378099275
27781	0.04378002002
27782	0.04377914971
27783	0.04377867418
27784	0.04377740788
27785	0.04377521303
27786	0.04377347376
27787	0.04377173837
27788	0.04377022072
27789	0.04376836844
27790	0.04376578763
27791	0.04376510364
27792	0.04376378925
27793	0.04376284238
27794	0.04376141987
27795	0.04375967032
27796	0.04375818325
27797	0.04375723115
27798	0.04375620853
27799	0.04375511842
27800	0.04375383177
27801	0.04375273328
27802	0.04375186856
27803	0.04375095783
27804	0.04374949592
27805	0.04374902131
27806	0.0437461231
27807	0.04374440868
27808	0.04374252691
27809	0.04374196314
27810	0.0437411235
27811	0.04373969293
27812	0.04373799959
27813	0.04373705915
27814	0.04373577731
27815	0.04373430546
27816	0.04373347027
27817	0.04373282888
27818	0.0437313156
27819	0.04372989016
27820	0.04372885262
27821	0.04372779397
27822	0.0437263312
27823	0.04372497346
27824	0.04372354477
27825	0.04372275751
27826	0.04372205099
27827	0.04372081442
27828	0.04371861065
27829	0.04371718229
27830	0.04371614815
27831	0.04371455774
27832	0.04371272714
27833	0.04371105764
27834	0.04371030013
27835	0.04370969991
27836	0.04370775501
27837	0.04370713033
27838	0.04370545693
27839	0.04370431621
27840	0.04370356316
27841	0.04370197823
27842	0.04370091476
27843	0.04369917609
27844	0.04369826542
27845	0.04369704998
27846	0.04369556796
27847	0.04369402154
27848	0.04369304294
27849	0.04369131299
27850	0.04368981643
27851	0.04368901757
27852	0.04368769381
27853	0.04368564417
27854	0.04368307484
27855	0.04368243387
27856	0.04368083289
27857	0.04367991608
27858	0.04367846176
27859	0.04367741932
27860	0.04367659246
27861	0.04367540597
27862	0.04367434557
27863	0.04367266824
27864	0.0436713774
27865	0.04367082041
27866	0.04367037927
27867	0.04366901398
27868	0.04366770118
27869	0.04366694727
27870	0.04366544024
27871	0.04366475131
27872	0.04366349902
27873	0.04366250551
27874	0.04366154053
27875	0.04366015505
27876	0.04365911856
27877	0.04365829773
27878	0.04365668211
27879	0.04365532549
27880	0.04365407518
27881	0.0436530367
27882	0.04365135353
27883	0.04365040731
27884	0.04364944037
27885	0.04364881221
27886	0.04364797356
27887	0.0436469828
27888	0.04364555069
27889	0.04364348531
27890	0.04364254806
27891	0.04364139788
27892	0.04363995875
27893	0.04363910205
27894	0.04363792228
27895	0.04363683781
27896	0.0436361062
27897	0.04363487412
27898	0.04363374991
27899	0.04363271677
27900	0.04363170715
27901	0.04363093735
27902	0.04362971094
27903	0.04362860909
27904	0.04362609186
27905	0.04362495842
27906	0.04362383462
27907	0.04362331344
27908	0.04362246812
27909	0.04362155343
27910	0.04362034066
27911	0.04361924342
27912	0.04361756243
27913	0.04361622702
27914	0.04361477254
27915	0.0436128728
27916	0.04361198458
27917	0.04361099879
27918	0.04360983392
27919	0.04360817267
27920	0.04360701932
27921	0.04360549478
27922	0.0436036252
27923	0.04360163639
27924	0.04360071884
27925	0.04359948989
27926	0.04359784047
27927	0.04359692683
27928	0.04359635711
27929	0.04359533524
27930	0.04359387044
27931	0.04359213021
27932	0.0435899067
27933	0.04358881034
27934	0.04358762026
27935	0.04358680927
27936	0.04358567075
27937	0.0435838116
27938	0.04358255509
27939	0.04358142984
27940	0.04357947583
27941	0.0435782715
27942	0.04357730551
27943	0.04357592706
27944	0.04357503456
27945	0.04357320614
27946	0.04357227043
27947	0.04357138722
27948	0.04357010715
27949	0.04356921115
27950	0.04356792417
27951	0.04356655664
27952	0.043565359
27953	0.04356474958
27954	0.04356351796
27955	0.0435619072
27956	0.04356078826
27957	0.04355928188
27958	0.04355732841
27959	0.04355628225
27960	0.04355458333
27961	0.04355384305
27962	0.04355274777
27963	0.04355166386
27964	0.04355083228
27965	0.043549229
27966	0.04354821048
27967	0.04354665841
27968	0.04354507584
27969	0.04354362493
27970	0.04354245085
27971	0.04354032981
27972	0.0435396131
27973	0.04353851672
27974	0.04353704995
27975	0.04353542406
27976	0.04353379001
27977	0.04353294712
27978	0.04353214857
27979	0.04353131654
27980	0.0435299146
27981	0.04352855127
27982	0.04352715357
27983	0.04352566384
27984	0.04352465914
27985	0.04352375386
27986	0.04352278805
27987	0.04352193723
27988	0.0435203704
27989	0.04351911001
27990	0.04351649166
27991	0.04351447825
27992	0.04351324112
27993	0.04351191213
27994	0.0435109026
27995	0.04351003113
27996	0.04350894401
27997	0.04350784082
27998	0.04350632198
27999	0.04350518614
28000	0.04350414585
28001	0.04350320473
28002	0.04350152474
28003	0.04350016753
28004	0.04349905685
28005	0.04349835754
28006	0.0434967657
28007	0.0434958204
28008	0.04349466664
28009	0.04349302988
28010	0.04349199786
28011	0.04349077892
28012	0.04348914654
28013	0.04348783006
28014	0.04348624834
28015	0.0434851826
28016	0.04348352051
28017	0.04348226135
28018	0.04347970772
28019	0.0434790486
28020	0.04347769573
28021	0.04347681877
28022	0.04347576691
28023	0.04347445114
28024	0.04347332715
28025	0.04347151605
28026	0.04346966355
28027	0.04346806846
28028	0.0434674266
28029	0.04346543902
28030	0.04346467979
28031	0.04346292194
28032	0.04346140297
28033	0.04346058786
28034	0.0434598665
28035	0.04345778466
28036	0.04345643037
28037	0.0434551596
28038	0.04345427301
28039	0.04345276754
28040	0.04345138278
28041	0.0434501554
28042	0.04344907902
28043	0.04344779732
28044	0.04344703744
28045	0.04344579691
28046	0.04344477772
28047	0.04344317379
28048	0.04344169427
28049	0.04344021492
28050	0.04343907114
28051	0.04343826768
28052	0.04343716119
28053	0.0434356516
28054	0.04343372898
28055	0.04343240873
28056	0.04343161184
28057	0.04343024132
28058	0.04342962346
28059	0.043428713
28060	0.04342799536
28061	0.04342698355
28062	0.04342568613
28063	0.0434243377
28064	0.04342305112
28065	0.04342167663
28066	0.04342029808
28067	0.04341931711
28068	0.0434188044
28069	0.0434175991
28070	0.04341652359
28071	0.04341550255
28072	0.04341474564
28073	0.04341339535
28074	0.04341238181
28075	0.04341146394
28076	0.04341027285
28077	0.04340915586
28078	0.04340851309
28079	0.043406533
28080	0.04340522974
28081	0.04340384061
28082	0.0434028857
28083	0.04340096932
28084	0.04339972196
28085	0.04339878455
28086	0.04339787801
28087	0.04339659336
28088	0.04339511477
28089	0.04339430108
28090	0.0433930643
28091	0.0433920502
28092	0.04339069211
28093	0.04338903222
28094	0.04338734826
28095	0.04338606332
28096	0.04338460401
28097	0.04338374089
28098	0.04338278972
28099	0.04338112979
28100	0.04338009906
28101	0.04337886839
28102	0.04337767329
28103	0.04337647299
28104	0.04337584924
28105	0.04337453838
28106	0.04337338245
28107	0.04337203067
28108	0.0433711653
28109	0.04336983435
28110	0.04336861794
28111	0.04336763885
28112	0.04336696179
28113	0.04336605893
28114	0.0433645873
28115	0.0433638435
28116	0.04336260399
28117	0.04336120641
28118	0.04336023024
28119	0.04335863609
28120	0.04335792718
28121	0.04335684822
28122	0.04335533507
28123	0.04335356104
28124	0.04335214174
28125	0.0433511552
28126	0.04334946975
28127	0.04334810038
28128	0.04334683222
28129	0.04334615161
28130	0.04334457233
28131	0.04334373798
28132	0.0433422195
28133	0.04334093597
28134	0.04333989827
28135	0.04333847485
28136	0.04333745804
28137	0.04333629448
28138	0.0433355517
28139	0.0433344804
28140	0.04333347539
28141	0.04333227287
28142	0.04333117097
28143	0.04332989579
28144	0.04332855961
28145	0.04332778997
28146	0.04332658522
28147	0.0433253227
28148	0.04332425141
28149	0.04332298284
28150	0.0433214991
28151	0.04332044666
28152	0.04331930693
28153	0.04331735362
28154	0.04331634497
28155	0.04331538755
28156	0.04331417261
28157	0.04331126066
28158	0.04330996511
28159	0.04330888839
28160	0.04330776405
28161	0.04330657559
28162	0.04330537811
28163	0.0433039558
28164	0.04330283006
28165	0.04330103763
28166	0.04330018727
28167	0.04329839043
28168	0.04329647686
28169	0.0432956383
28170	0.04329474168
28171	0.043294442
28172	0.04329337437
28173	0.04329158347
28174	0.04329102512
28175	0.04328914048
28176	0.04328826605
28177	0.04328717016
28178	0.04328607015
28179	0.04328457068
28180	0.04328298603
28181	0.0432820912
28182	0.04328108546
28183	0.04327973104
28184	0.04327903931
28185	0.04327852389
28186	0.04327746748
28187	0.0432765901
28188	0.04327574252
28189	0.04327408129
28190	0.04327339686
28191	0.04327231998
28192	0.04327103758
28193	0.0432698699
28194	0.0432686711
28195	0.04326778942
28196	0.04326640941
28197	0.04326469371
28198	0.04326350685
28199	0.04326267119
28200	0.04326159688
28201	0.04326018348
28202	0.04325942046
28203	0.0432588265
28204	0.04325786052
28205	0.04325709137
28206	0.04325607383
28207	0.04325514078
28208	0.04325374348
28209	0.04325257671
28210	0.04325064799
28211	0.04324932407
28212	0.04324821681
28213	0.04324672393
28214	0.0432448809
28215	0.04324375288
28216	0.04324269482
28217	0.04324169622
28218	0.04324068416
28219	0.04323977635
28220	0.04323828998
28221	0.04323696992
28222	0.04323611089
28223	0.04323515796
28224	0.04323410707
28225	0.04323209269
28226	0.04323076026
28227	0.04322960198
28228	0.04322824738
28229	0.04322752437
28230	0.04322629885
28231	0.04322521898
28232	0.0432237558
28233	0.04322280629
28234	0.04322140315
28235	0.04322047899
28236	0.04321952964
28237	0.04321802417
28238	0.0432168701
28239	0.04321616222
28240	0.04321421102
28241	0.04321337383
28242	0.04321183483
28243	0.04321074244
28244	0.0432096855
28245	0.04320888679
28246	0.04320808671
28247	0.04320661385
28248	0.04320560354
28249	0.04320480944
28250	0.04320338121
28251	0.04320230482
28252	0.04320087631
28253	0.04319993085
28254	0.04319851542
28255	0.04319689452
28256	0.04319548162
28257	0.04319370189
28258	0.04319170831
28259	0.04319091345
28260	0.04318979533
28261	0.04318899046
28262	0.04318731346
28263	0.04318627038
28264	0.0431845058
28265	0.04318384992
28266	0.04318299337
28267	0.04318153133
28268	0.04317976591
28269	0.0431788405
28270	0.04317767023
28271	0.04317638094
28272	0.04317514465
28273	0.04317425226
28274	0.04317320555
28275	0.04317174716
28276	0.04316989782
28277	0.04316861419
28278	0.04316698761
28279	0.04316642532
28280	0.04316459425
28281	0.04316339378
28282	0.04316183672
28283	0.04316120327
28284	0.04316010421
28285	0.04315891611
28286	0.04315753594
28287	0.04315655501
28288	0.04315582399
28289	0.04315080807
28290	0.04314971494
28291	0.04314875331
28292	0.04314734116
28293	0.04314597377
28294	0.04314489389
28295	0.04314386661
28296	0.04314300976
28297	0.04314173926
28298	0.04314063976
28299	0.04313979875
28300	0.04313902716
28301	0.04313771236
28302	0.04313669601
28303	0.04313571351
28304	0.04313466555
28305	0.04313313154
28306	0.04313218406
28307	0.04313072237
28308	0.04312983059
28309	0.0431286291
28310	0.0431268841
28311	0.04312560358
28312	0.04312490499
28313	0.043123716
28314	0.04312309838
28315	0.04312114707
28316	0.04312029697
28317	0.04311927659
28318	0.0431172976
28319	0.04311637184
28320	0.04311560557
28321	0.04311449964
28322	0.04311332915
28323	0.04311191994
28324	0.04311096727
28325	0.04310970321
28326	0.04310862262
28327	0.04310774389
28328	0.04310663946
28329	0.04310549889
28330	0.04310432419
28331	0.04310330663
28332	0.04310205348
28333	0.04310085709
28334	0.04309996257
28335	0.04309926558
28336	0.04309788626
28337	0.04309721079
28338	0.04309642375
28339	0.0430952001
28340	0.0430941073
28341	0.04309311411
28342	0.04309196025
28343	0.04309139516
28344	0.04308979274
28345	0.04308883476
28346	0.04308710932
28347	0.04308549438
28348	0.04308450857
28349	0.04308348469
28350	0.04308240168
28351	0.04308133235
28352	0.04307982899
28353	0.04307885088
28354	0.04307731829
28355	0.04307618537
28356	0.04307496571
28357	0.04307344223
28358	0.04307211125
28359	0.04307121772
28360	0.04307040928
28361	0.04306933921
28362	0.04306756107
28363	0.04306542116
28364	0.04306433011
28365	0.04306352161
28366	0.04306207097
28367	0.0430610097
28368	0.04305983704
28369	0.04305888693
28370	0.04305824487
28371	0.04305719931
28372	0.0430558874
28373	0.04305465996
28374	0.04305336536
28375	0.04305209902
28376	0.0430507118
28377	0.04304897713
28378	0.04304796705
28379	0.04304676573
28380	0.04304583974
28381	0.04304478215
28382	0.04304354156
28383	0.04304209606
28384	0.0430407902
28385	0.0430398257
28386	0.0430388091
28387	0.04303785415
28388	0.04303729164
28389	0.04303643953
28390	0.04303531536
28391	0.04303467925
28392	0.04303299479
28393	0.04303253811
28394	0.04303147285
28395	0.04303007757
28396	0.04302939433
28397	0.04302839576
28398	0.04302751465
28399	0.0430265428
28400	0.04302594622
28401	0.04302484015
28402	0.0430231524
28403	0.0430220933
28404	0.04302101406
28405	0.04301970283
28406	0.04301871347
28407	0.04301766866
28408	0.04301701265
28409	0.04301611505
28410	0.04301520509
28411	0.04301264999
28412	0.04301176605
28413	0.04301048925
28414	0.04300910225
28415	0.04300750711
28416	0.04300650824
28417	0.04300466766
28418	0.04300385434
28419	0.04300289683
28420	0.04300150016
28421	0.04300022826
28422	0.04299910848
28423	0.04299787121
28424	0.04299629157
28425	0.04299541174
28426	0.04299454678
28427	0.04299283484
28428	0.04299167924
28429	0.04299052018
28430	0.04298915267
28431	0.04298785853
28432	0.04298688755
28433	0.04298609312
28434	0.04298481197
28435	0.04298317519
28436	0.04298221816
28437	0.04298127112
28438	0.04298048693
28439	0.04297971031
28440	0.04297868053
28441	0.04297828963
28442	0.04297724842
28443	0.04297620425
28444	0.04297518175
28445	0.04297429733
28446	0.04297292638
28447	0.04297193508
28448	0.04297103223
28449	0.04296980862
28450	0.04296894909
28451	0.04296814181
28452	0.04296726291
28453	0.0429653099
28454	0.04296472573
28455	0.04296385698
28456	0.04296247539
28457	0.04296143477
28458	0.04296050941
28459	0.04295979087
28460	0.04295862398
28461	0.04295779607
28462	0.04295486254
28463	0.04295375092
28464	0.04295297432
28465	0.0429522413
28466	0.04295115257
28467	0.04295022664
28468	0.04294870105
28469	0.04294767616
28470	0.04294655193
28471	0.04294553369
28472	0.04294456261
28473	0.04294329848
28474	0.04294225072
28475	0.04294075142
28476	0.04293945489
28477	0.04293815707
28478	0.04293742001
28479	0.04293596387
28480	0.04293500845
28481	0.04293392661
28482	0.04293221194
28483	0.04293094852
28484	0.04292974366
28485	0.04292824354
28486	0.04292681749
28487	0.04292598888
28488	0.0429251386
28489	0.0429240968
28490	0.04292266328
28491	0.04292131148
28492	0.04292032355
28493	0.04291856165
28494	0.04291694737
28495	0.04291602987
28496	0.04291565995
28497	0.042913725
28498	0.04291229496
28499	0.04291109406
28500	0.0429092092
28501	0.04290759121
28502	0.042906451
28503	0.04290568683
28504	0.04290442556
28505	0.04290224444
28506	0.04289992346
28507	0.04289849578
28508	0.04289747034
28509	0.04289681411
28510	0.0428954389
28511	0.04289385234
28512	0.04289277144
28513	0.04289190436
28514	0.04289071898
28515	0.04288964553
28516	0.04288889851
28517	0.04288762961
28518	0.04288594495
28519	0.04288420377
28520	0.0428830192
28521	0.04288205631
28522	0.04288030831
28523	0.04287927251
28524	0.04287825767
28525	0.04287649344
28526	0.04287517363
28527	0.04287433639
28528	0.04287378613
28529	0.04287220536
28530	0.04287050164
28531	0.0428696856
28532	0.04286761111
28533	0.04286645288
28534	0.04286518372
28535	0.04286424177
28536	0.04286320564
28537	0.04286228741
28538	0.04286095509
28539	0.04286000017
28540	0.04285846308
28541	0.04285746728
28542	0.04285548985
28543	0.04285445625
28544	0.04285320062
28545	0.04285241237
28546	0.0428511932
28547	0.04284976505
28548	0.04284905771
28549	0.04284759101
28550	0.04284627419
28551	0.04284557779
28552	0.0428448402
28553	0.04284382953
28554	0.04284259346
28555	0.04284115775
28556	0.04283929061
28557	0.04283816408
28558	0.04283691817
28559	0.04283577011
28560	0.0428340685
28561	0.0428329295
28562	0.04283230772
28563	0.04283083996
28564	0.04282961584
28565	0.04282850093
28566	0.04282701527
28567	0.04282547734
28568	0.04282460714
28569	0.04282408984
28570	0.04282306311
28571	0.04282162162
28572	0.04282033741
28573	0.04281914244
28574	0.04281781738
28575	0.04281619602
28576	0.04281513994
28577	0.04281348216
28578	0.04281143548
28579	0.04280985179
28580	0.04280803043
28581	0.04280664599
28582	0.04280547883
28583	0.04280439829
28584	0.04280353213
28585	0.04280058762
28586	0.04279791142
28587	0.04279689676
28588	0.0427961398
28589	0.04279529297
28590	0.04279385432
28591	0.04279282507
28592	0.04279168841
28593	0.04279071677
28594	0.04278897117
28595	0.04278800224
28596	0.04278752452
28597	0.04278584421
28598	0.0427847645
28599	0.04278392874
28600	0.04278309919
28601	0.04278217535
28602	0.04278072828
28603	0.04277974595
28604	0.04277912814
28605	0.04277782015
28606	0.04277649307
28607	0.04277526992
28608	0.04277440316
28609	0.04277320907
28610	0.04277208461
28611	0.04277092926
28612	0.04276954056
28613	0.04276849183
28614	0.04276694326
28615	0.04276548975
28616	0.04276420162
28617	0.04276332359
28618	0.0427615788
28619	0.04276085103
28620	0.04275968272
28621	0.04275820304
28622	0.04275714435
28623	0.04275580555
28624	0.04275510603
28625	0.04275285083
28626	0.04275141952
28627	0.04275026479
28628	0.04274888073
28629	0.04274708622
28630	0.04274543614
28631	0.04274442379
28632	0.04274348111
28633	0.04274236015
28634	0.04274036978
28635	0.04273904796
28636	0.04273790655
28637	0.04273648906
28638	0.04273537819
28639	0.04273435699
28640	0.04273360134
28641	0.04273229634
28642	0.04273096491
28643	0.04273020825
28644	0.04272896009
28645	0.04272733113
28646	0.04272596782
28647	0.04272440336
28648	0.0427230821
28649	0.04272209138
28650	0.04272058417
28651	0.04271923351
28652	0.04271779068
28653	0.04271656354
28654	0.04271550448
28655	0.04271421175
28656	0.04271328519
28657	0.04271229229
28658	0.04271096709
28659	0.04270983827
28660	0.04270852069
28661	0.04270738792
28662	0.04270643282
28663	0.0427050325
28664	0.04270433829
28665	0.04270320557
28666	0.04270274115
28667	0.04270151781
28668	0.04270049537
28669	0.04269912574
28670	0.04269789153
28671	0.04269542856
28672	0.04269448896
28673	0.04269287104
28674	0.04269163249
28675	0.04269009653
28676	0.04268904624
28677	0.0426886108
28678	0.04268628664
28679	0.04268514684
28680	0.04268433497
28681	0.04268322751
28682	0.04268208948
28683	0.04268110995
28684	0.04267947863
28685	0.04267875151
28686	0.04267738983
28687	0.04267664335
28688	0.04267517283
28689	0.04267427539
28690	0.042672757
28691	0.04267174059
28692	0.04267045985
28693	0.04266935265
28694	0.04266803726
28695	0.04266708397
28696	0.04266590788
28697	0.04266481455
28698	0.04266323763
28699	0.04266217509
28700	0.04266092887
28701	0.04265918044
28702	0.0426585124
28703	0.04265768585
28704	0.04265700416
28705	0.04265607876
28706	0.04265517237
28707	0.04265403904
28708	0.04265231275
28709	0.04265063966
28710	0.04264939796
28711	0.04264817535
28712	0.04264664275
28713	0.04264537491
28714	0.04264400862
28715	0.04264238904
28716	0.04264130674
28717	0.04264012557
28718	0.04263828347
28719	0.04263687317
28720	0.04263613109
28721	0.04263459797
28722	0.04263210967
28723	0.04263111757
28724	0.042629847
28725	0.04262859185
28726	0.04262693291
28727	0.04262585434
28728	0.0426244363
28729	0.04262285437
28730	0.04262108455
28731	0.04262038045
28732	0.04261935199
28733	0.04261712812
28734	0.0426166425
28735	0.04261526331
28736	0.042613626
28737	0.04261329297
28738	0.04261203622
28739	0.04261094053
28740	0.04260972561
28741	0.04260871642
28742	0.04260719412
28743	0.04260523651
28744	0.04260437943
28745	0.04260349421
28746	0.04260305734
28747	0.04260173603
28748	0.04260019995
28749	0.04259952431
28750	0.04259844874
28751	0.04259690478
28752	0.0425956489
28753	0.04259383783
28754	0.04259238526
28755	0.04259175346
28756	0.04258928892
28757	0.04258845877
28758	0.04258677442
28759	0.04258433434
28760	0.04258388994
28761	0.04258247435
28762	0.04258157433
28763	0.04258026811
28764	0.04257906219
28765	0.04257754204
28766	0.04257604454
28767	0.04257464426
28768	0.04257366074
28769	0.04257230635
28770	0.04257154302
28771	0.04257044798
28772	0.04256874998
28773	0.04256759884
28774	0.04256692219
28775	0.0425654601
28776	0.0425646452
28777	0.04256358739
28778	0.04256220561
28779	0.04256150806
28780	0.04256085763
28781	0.04255945817
28782	0.04255850848
28783	0.04255742814
28784	0.04255579436
28785	0.04255506598
28786	0.04255401446
28787	0.04255176226
28788	0.04255035563
28789	0.04254938719
28790	0.04254842446
28791	0.04254685858
28792	0.04254626536
28793	0.04254489619
28794	0.0425430907
28795	0.04254205631
28796	0.04253999666
28797	0.0425385043
28798	0.04253695138
28799	0.04253563871
28800	0.04253486729
28801	0.04253418681
28802	0.04253324259
28803	0.04253192371
28804	0.04253058851
28805	0.04252933978
28806	0.04252836671
28807	0.04252715331
28808	0.042525488
28809	0.04252414632
28810	0.04252292285
28811	0.04252159932
28812	0.04252073011
28813	0.04251955345
28814	0.04251874375
28815	0.04251759322
28816	0.04251644613
28817	0.04251549569
28818	0.04251448499
28819	0.04251402529
28820	0.04251343541
28821	0.04251181591
28822	0.04251093765
28823	0.04251003134
28824	0.04250915764
28825	0.04250773549
28826	0.04250721285
28827	0.04250574564
28828	0.04250444677
28829	0.0425030699
28830	0.04250111099
28831	0.04250020169
28832	0.04249943234
28833	0.04249776786
28834	0.04249725334
28835	0.04249620828
28836	0.04249430534
28837	0.04249248443
28838	0.04249124534
28839	0.04248966573
28840	0.04248828107
28841	0.04248754289
28842	0.04248618444
28843	0.04248481974
28844	0.04248296628
28845	0.04248211661
28846	0.04248033002
28847	0.04247960963
28848	0.0424786028
28849	0.04247714081
28850	0.04247586141
28851	0.04247493427
28852	0.0424739383
28853	0.04247296325
28854	0.04247173445
28855	0.04247074613
28856	0.04246955813
28857	0.04246859141
28858	0.04246772153
28859	0.04246635348
28860	0.04246447759
28861	0.04246269864
28862	0.04246081597
28863	0.04246001328
28864	0.04245832631
28865	0.04245711327
28866	0.0424561896
28867	0.04245452832
28868	0.04245302181
28869	0.04245130347
28870	0.04245016132
28871	0.04244942006
28872	0.04244830265
28873	0.04244719147
28874	0.04244615637
28875	0.04244470833
28876	0.04244374984
28877	0.04244248054
28878	0.04244145898
28879	0.04244028905
28880	0.04243904765
28881	0.0424369318
28882	0.04243526881
28883	0.04243439657
28884	0.04243262558
28885	0.04243163665
28886	0.04243051281
28887	0.04242918387
28888	0.04242841176
28889	0.04242723544
28890	0.04242554597
28891	0.04242388
28892	0.04242304379
28893	0.04242143113
28894	0.04241974092
28895	0.04241872974
28896	0.04241771598
28897	0.04241602776
28898	0.0424144956
28899	0.0424133717
28900	0.0424126878
28901	0.0424115548
28902	0.04241027638
28903	0.04240978504
28904	0.04240824919
28905	0.04240729127
28906	0.04240577261
28907	0.04240460432
28908	0.04240325894
28909	0.04240176332
28910	0.04240103575
28911	0.04239936349
28912	0.04239802966
28913	0.04239624481
28914	0.04239528448
28915	0.04239359408
28916	0.04239251012
28917	0.04239159859
28918	0.04239053232
28919	0.0423896302
28920	0.04238813665
28921	0.04238692272
28922	0.04238549875
28923	0.04238313562
28924	0.0423823371
28925	0.04238153832
28926	0.04238061586
28927	0.04237871727
28928	0.04237776884
28929	0.04237669825
28930	0.04237604463
28931	0.04237514572
28932	0.04237440024
28933	0.04237347553
28934	0.04237265616
28935	0.04237134203
28936	0.04237037063
28937	0.04236915894
28938	0.04236839902
28939	0.04236732499
28940	0.04236563226
28941	0.04236456681
28942	0.04236313653
28943	0.04236145777
28944	0.04236045635
28945	0.04235911846
28946	0.04235860937
28947	0.04235776366
28948	0.04235703023
28949	0.04235524807
28950	0.04235465376
28951	0.0423539448
28952	0.04235283339
28953	0.04235166476
28954	0.04235013251
28955	0.04234929031
28956	0.04234866066
28957	0.0423474768
28958	0.04234625866
28959	0.04234535597
28960	0.0423445861
28961	0.04234323192
28962	0.04234203993
28963	0.042340604
28964	0.0423394178
28965	0.0423383975
28966	0.0423368923
28967	0.0423352888
28968	0.04233419602
28969	0.04233330367
28970	0.04233243867
28971	0.0423314622
28972	0.04233047069
28973	0.04232907524
28974	0.04232854515
28975	0.04232707533
28976	0.04232583515
28977	0.04232485719
28978	0.04232370427
28979	0.04232281185
28980	0.04232161708
28981	0.04232026499
28982	0.04231941178
28983	0.04231824521
28984	0.04231648836
28985	0.04231583022
28986	0.04231440454
28987	0.04231352587
28988	0.04231163012
28989	0.04231034783
28990	0.04230937598
28991	0.04230787363
28992	0.04230655213
28993	0.04230565273
28994	0.04230469828
28995	0.04230366604
28996	0.04230263751
28997	0.04230182435
28998	0.04230088592
28999	0.04229938407
29000	0.04229733233
29001	0.04229669792
29002	0.04229588149
29003	0.04229526096
29004	0.04229358652
29005	0.04229245823
29006	0.04229142115
29007	0.04228987773
29008	0.04228880115
29009	0.0422876636
29010	0.04228636645
29011	0.04228557815
29012	0.0422848293
29013	0.0422831288
29014	0.04228219457
29015	0.04228144187
29016	0.04227978992
29017	0.04227884363
29018	0.04227732891
29019	0.0422760805
29020	0.04227471732
29021	0.04227302991
29022	0.04227165281
29023	0.04227039462
29024	0.04226953163
29025	0.04226825541
29026	0.04226702426
29027	0.04226607362
29028	0.04226520932
29029	0.04226397644
29030	0.04226299067
29031	0.04226192794
29032	0.04226074827
29033	0.04225988854
29034	0.04225918926
29035	0.04225839723
29036	0.0422571602
29037	0.0422563018
29038	0.0422546097
29039	0.04225404409
29040	0.04225283818
29041	0.04225176176
29042	0.04225055539
29043	0.04224944557
29044	0.04224821746
29045	0.04224704202
29046	0.0422462826
29047	0.0422456002
29048	0.04224374837
29049	0.04224212579
29050	0.04224056551
29051	0.04223921863
29052	0.04223812833
29053	0.04223715448
29054	0.04223624641
29055	0.04223553479
29056	0.04223430436
29057	0.04223270982
29058	0.04223177484
29059	0.04223088596
29060	0.04222961067
29061	0.04222801008
29062	0.04222715808
29063	0.04222595522
29064	0.04222477456
29065	0.04222305465
29066	0.04222226673
29067	0.0422205953
29068	0.04221977866
29069	0.04221872475
29070	0.04221686835
29071	0.04221607943
29072	0.04221407112
29073	0.04221240836
29074	0.04221142381
29075	0.04220964968
29076	0.04220860889
29077	0.04220773709
29078	0.04220691046
29079	0.04220578914
29080	0.04220457166
29081	0.04220314747
29082	0.04220234616
29083	0.04220063798
29084	0.04220023351
29085	0.04219907767
29086	0.04219810321
29087	0.04219709585
29088	0.04219595308
29089	0.04219508792
29090	0.04219404962
29091	0.04219297141
29092	0.04219185798
29093	0.04219053843
29094	0.04218901767
29095	0.0421880484
29096	0.04218616498
29097	0.04218448125
29098	0.04218371287
29099	0.04218326169
29100	0.04218246766
29101	0.04218185524
29102	0.042181321
29103	0.0421807344
29104	0.04217935341
29105	0.0421781863
29106	0.04217687283
29107	0.04217640015
29108	0.04217534564
29109	0.04217470562
29110	0.04217402051
29111	0.04217332263
29112	0.04217270785
29113	0.04217174226
29114	0.04217027855
29115	0.04216883903
29116	0.042167879
29117	0.04216691198
29118	0.04216597025
29119	0.0421649576
29120	0.04216426059
29121	0.04216328042
29122	0.04216211136
29123	0.0421611339
29124	0.04216000763
29125	0.04215882335
29126	0.04215765735
29127	0.04215647291
29128	0.0421553559
29129	0.04215373409
29130	0.04215280698
29131	0.04215119991
29132	0.04214982098
29133	0.04214848496
29134	0.04214755627
29135	0.04214660905
29136	0.04214505274
29137	0.04214368981
29138	0.04214287709
29139	0.04214159405
29140	0.04214017367
29141	0.04213899892
29142	0.04213829702
29143	0.04213735484
29144	0.04213543544
29145	0.04213483504
29146	0.04213377293
29147	0.0421326274
29148	0.04213150025
29149	0.04213071589
29150	0.04212942253
29151	0.04212770839
29152	0.04212615644
29153	0.04212520812
29154	0.04212437472
29155	0.04212301757
29156	0.04212161965
29157	0.04212066171
29158	0.04211972977
29159	0.04211820587
29160	0.04211704444
29161	0.04211588522
29162	0.04211459432
29163	0.04211283975
29164	0.04211124064
29165	0.04210988761
29166	0.04210898942
29167	0.04210798035
29168	0.04210634402
29169	0.04210522357
29170	0.04210409793
29171	0.04210274334
29172	0.04210146178
29173	0.04210007739
29174	0.04209907463
29175	0.04209783811
29176	0.04209704149
29177	0.04209629795
29178	0.04209513785
29179	0.04209438216
29180	0.04209340411
29181	0.04209273336
29182	0.04209135506
29183	0.04209088073
29184	0.042089548
29185	0.04208826107
29186	0.04208758688
29187	0.04208584832
29188	0.0420839847
29189	0.04208294828
29190	0.04208149343
29191	0.04208013922
29192	0.04207952243
29193	0.04207879004
29194	0.04207731091
29195	0.04207566327
29196	0.04207427485
29197	0.04207280099
29198	0.04207168304
29199	0.04207063802
29200	0.04206951811
29201	0.04206801032
29202	0.04206706397
29203	0.04206548163
29204	0.04206404183
29205	0.04206298997
29206	0.04206199866
29207	0.04206116256
29208	0.04205999666
29209	0.04205910143
29210	0.04205654774
29211	0.04205597544
29212	0.04205470263
29213	0.04205321742
29214	0.04205204135
29215	0.04205191281
29216	0.04205031298
29217	0.04204968891
29218	0.04204837041
29219	0.04204757424
29220	0.04204636761
29221	0.04204517773
29222	0.04204469481
29223	0.04204348749
29224	0.04204202859
29225	0.04204114977
29226	0.04204056455
29227	0.04203892035
29228	0.04203770552
29229	0.04203651327
29230	0.04203573777
29231	0.04203474531
29232	0.04203324117
29233	0.04203254993
29234	0.04203152521
29235	0.04203018899
29236	0.04202820264
29237	0.04202688683
29238	0.04202547463
29239	0.04202401984
29240	0.04202247937
29241	0.04202094007
29242	0.04201984759
29243	0.0420186364
29244	0.04201780933
29245	0.04201750378
29246	0.04201578692
29247	0.04201471043
29248	0.04201391119
29249	0.04201258471
29250	0.04201082839
29251	0.04200975511
29252	0.04200870701
29253	0.04200744127
29254	0.04200638029
29255	0.04200510402
29256	0.04200331081
29257	0.04200094604
29258	0.04199979878
29259	0.04199878645
29260	0.04199785162
29261	0.04199671579
29262	0.04199582192
29263	0.04199468775
29264	0.04199381453
29265	0.0419921751
29266	0.04199132917
29267	0.04199078939
29268	0.04198943817
29269	0.04198844832
29270	0.04198734764
29271	0.04198647138
29272	0.04198492701
29273	0.04198387349
29274	0.04198260026
29275	0.04198157809
29276	0.0419802368
29277	0.04197813276
29278	0.0419770277
29279	0.04197589093
29280	0.04197518805
29281	0.04197410309
29282	0.04197266636
29283	0.04197042035
29284	0.04196866875
29285	0.0419670751
29286	0.04196563242
29287	0.0419647126
29288	0.04196366983
29289	0.04196303778
29290	0.04196193066
29291	0.04196040521
29292	0.04195861164
29293	0.04195769203
29294	0.0419564755
29295	0.04195508996
29296	0.04195399113
29297	0.04195319333
29298	0.04195241537
29299	0.04195092713
29300	0.04195010951
29301	0.04194898534
29302	0.0419475203
29303	0.04194664736
29304	0.04194585538
29305	0.04194516968
29306	0.04194440217
29307	0.04194374282
29308	0.04194220423
29309	0.04194003823
29310	0.04193862947
29311	0.04193722
29312	0.04193614604
29313	0.04193541119
29314	0.04193392243
29315	0.04193279593
29316	0.04193147902
29317	0.04192994833
29318	0.04192922639
29319	0.04192801424
29320	0.04192667319
29321	0.04192585012
29322	0.04192443594
29323	0.04192305241
29324	0.04192253293
29325	0.04192127037
29326	0.0419203164
29327	0.04191894567
29328	0.04191729465
29329	0.04191641828
29330	0.04191544173
29331	0.04191402598
29332	0.04191293435
29333	0.04191157423
29334	0.04191033629
29335	0.04190914625
29336	0.04190787104
29337	0.04190687854
29338	0.04190624305
29339	0.04190508583
29340	0.04190396103
29341	0.04190296991
29342	0.04190208788
29343	0.04190053694
29344	0.04189867096
29345	0.04189760321
29346	0.0418967796
29347	0.04189541554
29348	0.04189437694
29349	0.04189324513
29350	0.04189191419
29351	0.04189090289
29352	0.04188994373
29353	0.04188785986
29354	0.04188708573
29355	0.04188571612
29356	0.04188363106
29357	0.04188264933
29358	0.04188124743
29359	0.04188050821
29360	0.04187895296
29361	0.04187799084
29362	0.04187718411
29363	0.04187504251
29364	0.04187409103
29365	0.04187286163
29366	0.04187141842
29367	0.0418702712
29368	0.04186804041
29369	0.0418662295
29370	0.04186496151
29371	0.04186343804
29372	0.04186258253
29373	0.04186133788
29374	0.04185925486
29375	0.04185676119
29376	0.04185592567
29377	0.04185458769
29378	0.04185299664
29379	0.04185189954
29380	0.04185059612
29381	0.04184950873
29382	0.0418481829
29383	0.04184763839
29384	0.04184625242
29385	0.04184550457
29386	0.04184485677
29387	0.04184383531
29388	0.04184266812
29389	0.04184137441
29390	0.0418408841
29391	0.04183904045
29392	0.0418369627
29393	0.04183527709
29394	0.04183488181
29395	0.04183340664
29396	0.04183223408
29397	0.04183155183
29398	0.04183054641
29399	0.04182915408
29400	0.04182762015
29401	0.04182645155
29402	0.04182589718
29403	0.04182481697
29404	0.04182332395
29405	0.04182245462
29406	0.04182159731
29407	0.04182060806
29408	0.04181979337
29409	0.0418185073
29410	0.04181777926
29411	0.04181666667
29412	0.04181537475
29413	0.04181370448
29414	0.04181211236
29415	0.04181102382
29416	0.04180969114
29417	0.04180791458
29418	0.04180662313
29419	0.041805309
29420	0.04180411771
29421	0.04180254344
29422	0.0418010295
29423	0.04180006864
29424	0.04179920423
29425	0.04179824389
29426	0.04179752078
29427	0.04179652772
29428	0.04179542963
29429	0.04179388903
29430	0.04179306962
29431	0.04179227474
29432	0.04179133079
29433	0.04179001497
29434	0.04178891765
29435	0.04178812867
29436	0.04178723626
29437	0.04178601084
29438	0.04178523025
29439	0.04178376828
29440	0.04178174573
29441	0.04178072354
29442	0.04177911174
29443	0.04177825531
29444	0.04177706082
29445	0.04177466134
29446	0.04177375581
29447	0.04177274149
29448	0.0417715789
29449	0.04177041374
29450	0.04176921135
29451	0.04176844022
29452	0.0417670742
29453	0.04176635842
29454	0.04176519241
29455	0.04176393462
29456	0.04176313376
29457	0.04176161177
29458	0.04176047919
29459	0.04175943396
29460	0.04175804474
29461	0.04175735045
29462	0.04175599856
29463	0.04175516047
29464	0.04175380743
29465	0.04175267364
29466	0.04175105327
29467	0.04174984066
29468	0.0417489021
29469	0.04174784876
29470	0.04174611131
29471	0.04174438779
29472	0.04174286132
29473	0.04174152465
29474	0.04174013639
29475	0.04173883852
29476	0.04173789562
29477	0.0417361701
29478	0.04173502548
29479	0.04173195106
29480	0.0417311429
29481	0.0417300841
29482	0.04172895547
29483	0.04172813452
29484	0.04172691022
29485	0.04172583799
29486	0.04172496397
29487	0.04172395128
29488	0.04172286575
29489	0.04172160331
29490	0.04172060079
29491	0.04171915245
29492	0.04171855334
29493	0.04171702101
29494	0.04171617047
29495	0.04171527207
29496	0.04171422107
29497	0.0417127071
29498	0.04171159648
29499	0.04171061835
29500	0.04171008817
29501	0.04170909577
29502	0.04170762406
29503	0.04170644272
29504	0.04170537705
29505	0.04170373559
29506	0.04170277804
29507	0.04170174599
29508	0.04170038276
29509	0.04169926524
29510	0.04169846376
29511	0.04169779643
29512	0.04169628218
29513	0.04169526673
29514	0.04169420983
29515	0.04169252259
29516	0.04169154825
29517	0.0416901366
29518	0.04168866903
29519	0.0416880849
29520	0.04168652506
29521	0.04168591151
29522	0.04168511182
29523	0.04168405273
29524	0.04168236564
29525	0.04168147718
29526	0.04168051817
29527	0.04167999906
29528	0.04167935707
29529	0.04167781322
29530	0.04167681048
29531	0.04167542099
29532	0.04167443876
29533	0.04167356802
29534	0.04167255832
29535	0.041671588
29536	0.04167082267
29537	0.04167011455
29538	0.04166920508
29539	0.04166777946
29540	0.0416664183
29541	0.04166483257
29542	0.04166424168
29543	0.04166334223
29544	0.04166212068
29545	0.04166002809
29546	0.04165872705
29547	0.04165797445
29548	0.04165665148
29549	0.04165542651
29550	0.04165454923
29551	0.0416537272
29552	0.04165279551
29553	0.04165206145
29554	0.04165059403
29555	0.04164920501
29556	0.04164810106
29557	0.04164745865
29558	0.04164637704
29559	0.04164526425
29560	0.04164402681
29561	0.04164280998
29562	0.04164171113
29563	0.04164058628
29564	0.04163913164
29565	0.04163800152
29566	0.04163726598
29567	0.041636349
29568	0.04163511261
29569	0.04163345815
29570	0.04163213367
29571	0.04163112801
29572	0.04163019075
29573	0.04162947507
29574	0.04162870693
29575	0.04162796301
29576	0.04162644845
29577	0.04162482959
29578	0.04162328028
29579	0.04162287542
29580	0.04162178822
29581	0.04162083853
29582	0.04162004355
29583	0.04161906559
29584	0.04161796181
29585	0.04161696395
29586	0.04161582706
29587	0.04161492709
29588	0.04161394519
29589	0.0416127619
29590	0.04161115777
29591	0.0416102266
29592	0.04160895542
29593	0.04160763098
29594	0.04160627211
29595	0.04160493833
29596	0.04160384815
29597	0.04160274471
29598	0.04160158757
29599	0.04160065929
29600	0.04159942558
29601	0.0415975039
29602	0.0415966019
29603	0.04159525254
29604	0.04159425633
29605	0.04159272592
29606	0.04159205465
29607	0.04159138078
29608	0.04159011366
29609	0.04158873844
29610	0.04158809334
29611	0.04158747387
29612	0.04158658496
29613	0.04158576401
29614	0.04158491763
29615	0.04158399254
29616	0.04158303074
29617	0.04158124856
29618	0.04158067346
29619	0.0415799301
29620	0.04157920144
29621	0.04157827528
29622	0.04157711416
29623	0.04157570818
29624	0.04157511938
29625	0.0415743143
29626	0.04157330789
29627	0.04157183026
29628	0.04157012451
29629	0.04156870635
29630	0.04156767401
29631	0.0415664731
29632	0.04156514721
29633	0.04156387437
29634	0.04156177525
29635	0.04156043716
29636	0.04155902721
29637	0.04155769698
29638	0.04155651576
29639	0.041555293
29640	0.04155346085
29641	0.04155214988
29642	0.04155153047
29643	0.04154977228
29644	0.0415486205
29645	0.04154780184
29646	0.04154695083
29647	0.04154524815
29648	0.041543659
29649	0.04154331269
29650	0.04154192406
29651	0.04154089296
29652	0.04153991767
29653	0.04153880335
29654	0.04153819346
29655	0.04153744462
29656	0.04153635997
29657	0.04153558713
29658	0.0415333967
29659	0.04153245241
29660	0.0415312491
29661	0.04153038116
29662	0.04152919042
29663	0.04152816403
29664	0.04152615086
29665	0.04152480706
29666	0.04152308813
29667	0.04152206726
29668	0.04152066143
29669	0.04151920556
29670	0.04151814464
29671	0.04151752355
29672	0.04151638136
29673	0.04151525644
29674	0.04151379245
29675	0.04151267993
29676	0.04151183057
29677	0.04151140365
29678	0.0415101248
29679	0.04150954863
29680	0.04150894174
29681	0.04150775494
29682	0.04150636838
29683	0.04150545725
29684	0.04150440516
29685	0.04150366056
29686	0.04150279687
29687	0.04150165232
29688	0.04149708326
29689	0.04149647847
29690	0.0414945956
29691	0.04149350704
29692	0.04149244685
29693	0.04149162673
29694	0.04148997467
29695	0.04148909953
29696	0.04148792318
29697	0.04148639528
29698	0.04148569006
29699	0.04148505761
29700	0.04148377664
29701	0.04148328434
29702	0.04148167644
29703	0.04148081639
29704	0.04147993852
29705	0.04147931099
29706	0.04147856875
29707	0.04147779689
29708	0.04147584095
29709	0.04147446969
29710	0.04147300949
29711	0.04147231863
29712	0.04147133716
29713	0.04147048983
29714	0.04146975632
29715	0.04146853293
29716	0.04146767236
29717	0.04146640874
29718	0.04146547806
29719	0.04146459746
29720	0.04146360386
29721	0.04146280707
29722	0.0414615999
29723	0.04146016379
29724	0.04145937421
29725	0.04145801762
29726	0.04145709873
29727	0.04145599532
29728	0.0414548674
29729	0.04145300283
29730	0.04145202902
29731	0.0414509364
29732	0.04144969452
29733	0.04144824161
29734	0.04144649128
29735	0.04144526635
29736	0.04144461892
29737	0.04144381255
29738	0.0414429886
29739	0.04144164167
29740	0.04144064465
29741	0.0414396196
29742	0.04143776549
29743	0.04143696003
29744	0.0414359859
29745	0.04143435513
29746	0.04143345683
29747	0.04143191533
29748	0.04143122116
29749	0.04143025114
29750	0.04142902579
29751	0.04142794402
29752	0.04142640286
29753	0.04142520355
29754	0.04142393785
29755	0.04142295214
29756	0.04142080879
29757	0.0414198345
29758	0.04141867351
29759	0.04141692055
29760	0.04141567315
29761	0.04141501462
29762	0.04141445213
29763	0.04141339501
29764	0.04141169166
29765	0.04140954096
29766	0.04140873904
29767	0.04140787278
29768	0.04140680694
29769	0.04140585247
29770	0.04140483043
29771	0.0414037106
29772	0.04140270614
29773	0.04140123273
29774	0.04140020052
29775	0.04139866243
29776	0.04139757628
29777	0.04139695332
29778	0.04139571224
29779	0.04139409474
29780	0.04139312346
29781	0.04139154739
29782	0.04139019125
29783	0.04138928841
29784	0.04138833361
29785	0.04138734197
29786	0.04138590791
29787	0.04138488248
29788	0.04138361226
29789	0.04138180644
29790	0.04138111244
29791	0.04138030614
29792	0.04137921987
29793	0.0413780394
29794	0.04137699389
29795	0.04137598249
29796	0.04137468525
29797	0.04137344233
29798	0.04137195446
29799	0.04137034371
29800	0.04136901451
29801	0.04136751185
29802	0.04136555623
29803	0.04136461632
29804	0.04136366991
29805	0.04136022246
29806	0.04135859488
29807	0.04135695251
29808	0.04135574395
29809	0.04135488206
29810	0.041353417
29811	0.04135214052
29812	0.04135097736
29813	0.04135022723
29814	0.04134909115
29815	0.0413482014
29816	0.04134677041
29817	0.04134470933
29818	0.04134340559
29819	0.0413423741
29820	0.04134118249
29821	0.04133987934
29822	0.04133802047
29823	0.04133684008
29824	0.04133531649
29825	0.04133427326
29826	0.04133339546
29827	0.04133190106
29828	0.04133084166
29829	0.04132927853
29830	0.04132730389
29831	0.04132550902
29832	0.04132417042
29833	0.0413229835
29834	0.04132195601
29835	0.04132073099
29836	0.04131994564
29837	0.04131943848
29838	0.04131835279
29839	0.04131741754
29840	0.04131588245
29841	0.04131416958
29842	0.04131298143
29843	0.04131196986
29844	0.04131129582
29845	0.04130996902
29846	0.04130843941
29847	0.04130757412
29848	0.04130527693
29849	0.04130435841
29850	0.04130300066
29851	0.04130058133
29852	0.04129971401
29853	0.04129898981
29854	0.04129828626
29855	0.04129731592
29856	0.04129606369
29857	0.04129500134
29858	0.04129373837
29859	0.04129229429
29860	0.04129111711
29861	0.04128970804
29862	0.0412889784
29863	0.041288027
29864	0.04128702653
29865	0.04128578875
29866	0.04128402457
29867	0.04128315011
29868	0.04128222995
29869	0.0412801598
29870	0.04127934067
29871	0.04127836659
29872	0.04127740045
29873	0.04127656572
29874	0.04127305325
29875	0.04127145954
29876	0.04126992384
29877	0.0412686932
29878	0.04126776236
29879	0.04126705095
29880	0.04126636027
29881	0.04126479513
29882	0.04126393108
29883	0.04126250858
29884	0.041261492
29885	0.04126061
29886	0.04125915708
29887	0.04125828115
29888	0.04125713479
29889	0.04125575751
29890	0.04125405972
29891	0.04125270794
29892	0.04125082665
29893	0.04125007465
29894	0.04124915926
29895	0.04124781956
29896	0.04124697216
29897	0.04124595913
29898	0.04124479167
29899	0.04124386642
29900	0.04124214617
29901	0.04124060722
29902	0.04123937697
29903	0.04123824733
29904	0.04123733462
29905	0.04123631142
29906	0.04123446227
29907	0.04123351397
29908	0.04123157419
29909	0.04122976567
29910	0.04122903113
29911	0.04122766643
29912	0.04122671905
29913	0.04122539865
29914	0.04122499686
29915	0.04122405259
29916	0.04122287023
29917	0.04122202911
29918	0.04122115438
29919	0.0412198747
29920	0.0412186976
29921	0.04121791576
29922	0.0412167464
29923	0.04121585455
29924	0.04121429911
29925	0.04121290163
29926	0.0412118241
29927	0.04121058134
29928	0.04120937255
29929	0.04120875381
29930	0.04120718714
29931	0.04120588217
29932	0.0412041348
29933	0.0412032177
29934	0.04120198764
29935	0.04120119944
29936	0.04119885365
29937	0.04119728122
29938	0.04119691854
29939	0.04119620614
29940	0.04119548815
29941	0.0411948183
29942	0.04119364275
29943	0.04119271893
29944	0.04119187613
29945	0.04119053687
29946	0.04118959145
29947	0.04118840536
29948	0.04118707881
29949	0.04118552758
29950	0.04118465927
29951	0.04118360309
29952	0.04118270296
29953	0.04118198295
29954	0.04118073435
29955	0.04117927005
29956	0.04117799902
29957	0.04117596416
29958	0.04117387001
29959	0.04117324796
29960	0.04117179038
29961	0.04117076103
29962	0.04116994896
29963	0.04116843101
29964	0.04116710312
29965	0.04116584892
29966	0.04116418891
29967	0.04116273973
29968	0.04116153892
29969	0.04116014156
29970	0.04115916777
29971	0.04115865551
29972	0.04115739933
29973	0.04115620356
29974	0.04115529294
29975	0.04115412318
29976	0.04115302914
29977	0.04115201192
29978	0.04115074334
29979	0.04114915765
29980	0.04114789802
29981	0.0411466336
29982	0.04114580232
29983	0.04114490817
29984	0.04114337333
29985	0.04114213967
29986	0.04114072614
29987	0.04113950299
29988	0.04113859516
29989	0.04113749191
29990	0.0411361716
29991	0.04113532354
29992	0.04113426386
29993	0.04113363965
29994	0.04113274322
29995	0.04113149588
29996	0.04112917217
29997	0.04112663322
29998	0.0411252707
29999	0.04112455351
