iter	Passed	Remaining
0	139	4172642
1	144	2174223
2	149	1498009
3	153	1153250
4	156	937073
5	161	806798
6	167	717660
7	171	641848
8	174	580628
9	179	536967
10	181	495579
11	186	464845
12	190	439957
13	196	421083
14	201	403740
15	205	385695
16	210	370382
17	213	356407
18	217	343960
19	221	332510
20	226	322684
21	229	313328
22	233	303700
23	237	296021
24	241	289181
25	245	282784
26	248	275636
27	251	269604
28	257	265795
29	262	262631
30	267	258949
31	273	256096
32	277	252230
33	280	247246
34	285	244661
35	289	241272
36	294	238657
37	298	235482
38	303	233319
39	308	230984
40	312	228423
41	317	226337
42	321	224187
43	326	222623
44	332	221065
45	336	219127
46	340	217163
47	344	215227
48	349	213422
49	353	212026
50	358	210420
51	362	208533
52	365	206528
53	368	204539
54	372	202986
55	377	201925
56	381	200436
57	385	198793
58	389	197454
59	394	196679
60	397	195270
61	401	193834
62	405	192723
63	410	191839
64	413	190603
65	418	189742
66	422	188942
67	427	188207
68	431	187179
69	435	186335
70	439	185153
71	443	184290
72	447	183480
73	452	182986
74	456	182054
75	459	180995
76	463	180007
77	467	179168
78	470	178302
79	475	177933
80	480	177469
81	485	176970
82	489	176274
83	493	175583
84	496	174691
85	499	173852
86	503	173040
87	506	172215
88	510	171505
89	515	171251
90	518	170565
91	522	169841
92	526	169230
93	529	168543
94	533	167908
95	537	167447
96	542	167221
97	547	167028
98	551	166499
99	554	165856
100	558	165317
101	562	164924
102	566	164402
103	571	164179
104	576	164030
105	580	163599
106	584	163171
107	588	162756
108	591	162213
109	594	161647
110	598	161252
111	602	160698
112	607	160664
113	612	160559
114	616	160128
115	620	159742
116	623	159353
117	627	158955
118	631	158629
119	635	158281
120	639	157966
121	643	157625
122	648	157440
123	653	157334
124	657	157209
125	660	156685
126	664	156413
127	669	156317
128	673	156059
129	677	155678
130	681	155437
131	685	155046
132	688	154658
133	692	154412
134	699	154692
135	705	154936
136	710	154786
137	714	154578
138	720	154835
139	725	154835
140	729	154587
141	734	154458
142	739	154438
143	744	154318
144	748	154206
145	753	153998
146	757	153807
147	761	153577
148	764	153257
149	770	153280
150	774	153193
151	779	153059
152	783	152862
153	788	152853
154	793	152727
155	797	152627
156	803	152744
157	808	152710
158	813	152740
159	819	152766
160	823	152675
161	828	152587
162	833	152647
163	840	152829
164	844	152628
165	849	152617
166	853	152442
167	857	152355
168	862	152238
169	867	152305
170	873	152334
171	877	152246
172	882	152220
173	887	152133
174	892	152045
175	897	152116
176	902	152121
177	908	152133
178	912	152005
179	916	151844
180	920	151607
181	924	151500
182	928	151356
183	934	151410
184	939	151333
185	942	151111
186	946	150973
187	951	150864
188	956	150807
189	961	150799
190	966	150825
191	970	150717
192	974	150571
193	979	150430
194	983	150296
195	988	150282
196	992	150152
197	997	150202
198	1002	150117
199	1006	149992
200	1010	149880
201	1015	149803
202	1020	149833
203	1024	149688
204	1030	149809
205	1034	149688
206	1039	149562
207	1043	149451
208	1047	149357
209	1052	149371
210	1058	149413
211	1063	149393
212	1067	149340
213	1072	149229
214	1076	149176
215	1080	148964
216	1085	148935
217	1089	148909
218	1094	148825
219	1098	148648
220	1101	148458
221	1105	148349
222	1109	148199
223	1114	148151
224	1120	148264
225	1125	148288
226	1129	148186
227	1134	148130
228	1138	147973
229	1142	147853
230	1146	147759
231	1151	147741
232	1156	147728
233	1160	147619
234	1164	147531
235	1168	147410
236	1173	147345
237	1177	147290
238	1183	147329
239	1188	147312
240	1192	147260
241	1196	147160
242	1200	147066
243	1205	147061
244	1210	147067
245	1215	147045
246	1220	146988
247	1224	146941
248	1229	146880
249	1233	146799
250	1238	146839
251	1242	146726
252	1247	146670
253	1251	146523
254	1254	146375
255	1259	146317
256	1263	146221
257	1267	146146
258	1271	146025
259	1276	145969
260	1281	146012
261	1285	145885
262	1289	145836
263	1294	145753
264	1298	145733
265	1303	145753
266	1309	145798
267	1313	145772
268	1318	145676
269	1321	145542
270	1325	145460
271	1329	145346
272	1335	145460
273	1341	145537
274	1345	145481
275	1350	145406
276	1354	145309
277	1358	145202
278	1362	145113
279	1366	145034
280	1370	144978
281	1374	144888
282	1379	144908
283	1384	144891
284	1390	144998
285	1396	145080
286	1400	145038
287	1404	144898
288	1409	144907
289	1413	144821
290	1418	144811
291	1422	144708
292	1427	144685
293	1431	144612
294	1435	144543
295	1440	144540
296	1445	144518
297	1450	144552
298	1454	144522
299	1458	144390
300	1462	144258
301	1466	144193
302	1470	144156
303	1475	144136
304	1480	144152
305	1485	144142
306	1489	144045
307	1493	143997
308	1497	143914
309	1502	143891
310	1506	143803
311	1512	143890
312	1516	143842
313	1520	143780
314	1524	143707
315	1529	143631
316	1533	143564
317	1538	143626
318	1543	143638
319	1548	143630
320	1553	143596
321	1557	143509
322	1561	143442
323	1566	143440
324	1570	143367
325	1574	143346
326	1579	143297
327	1583	143263
328	1587	143210
329	1592	143150
330	1596	143135
331	1601	143082
332	1606	143126
333	1611	143122
334	1615	143068
335	1619	143002
336	1623	142941
337	1628	142920
338	1633	142924
339	1638	142941
340	1642	142838
341	1646	142770
342	1651	142751
343	1655	142707
344	1660	142731
345	1665	142733
346	1670	142712
347	1674	142641
348	1678	142588
349	1682	142522
350	1686	142461
351	1692	142540
352	1696	142507
353	1701	142483
354	1705	142450
355	1709	142383
356	1714	142330
357	1718	142302
358	1723	142261
359	1727	142249
360	1732	142260
361	1738	142295
362	1742	142243
363	1745	142147
364	1749	142066
365	1754	142030
366	1759	142099
367	1764	142100
368	1769	142091
369	1773	142040
370	1777	141947
371	1781	141907
372	1786	141902
373	1790	141832
374	1795	141826
375	1799	141782
376	1803	141743
377	1807	141677
378	1812	141637
379	1817	141662
380	1821	141621
381	1825	141570
382	1831	141621
383	1836	141664
384	1842	141709
385	1848	141814
386	1854	141871
387	1859	141932
388	1865	142005
389	1870	142008
390	1876	142122
391	1883	142258
392	1889	142345
393	1894	142352
394	1898	142301
395	1903	142270
396	1907	142251
397	1912	142239
398	1917	142264
399	1922	142241
400	1926	142205
401	1930	142135
402	1935	142128
403	1940	142151
404	1945	142159
405	1950	142145
406	1954	142122
407	1958	142082
408	1963	142059
409	1967	141995
410	1971	141940
411	1975	141856
412	1979	141806
413	1983	141760
414	1988	141780
415	1994	141839
416	1999	141852
417	2003	141805
418	2008	141770
419	2013	141775
420	2017	141739
421	2021	141709
422	2027	141740
423	2031	141704
424	2035	141628
425	2039	141581
426	2043	141510
427	2047	141462
428	2051	141443
429	2056	141410
430	2061	141451
431	2067	141478
432	2071	141438
433	2075	141420
434	2080	141420
435	2084	141350
436	2089	141351
437	2094	141351
438	2098	141275
439	2102	141240
440	2106	141198
441	2111	141169
442	2115	141146
443	2120	141172
444	2125	141175
445	2129	141121
446	2134	141100
447	2138	141070
448	2142	141024
449	2146	140969
450	2151	140966
451	2155	140901
452	2159	140883
453	2163	140816
454	2167	140776
455	2172	140738
456	2178	140800
457	2183	140826
458	2188	140825
459	2192	140790
460	2196	140717
461	2199	140648
462	2204	140652
463	2209	140629
464	2213	140604
465	2218	140606
466	2222	140581
467	2227	140568
468	2231	140500
469	2235	140480
470	2239	140417
471	2244	140423
472	2249	140402
473	2253	140356
474	2257	140312
475	2261	140279
476	2265	140231
477	2270	140221
478	2275	140218
479	2279	140165
480	2283	140123
481	2287	140085
482	2291	140032
483	2295	139990
484	2299	139959
485	2304	139929
486	2308	139899
487	2313	139903
488	2317	139880
489	2321	139829
490	2325	139775
491	2329	139727
492	2334	139724
493	2339	139740
494	2344	139724
495	2348	139694
496	2352	139652
497	2356	139606
498	2361	139612
499	2365	139593
500	2370	139590
501	2376	139625
502	2380	139588
503	2384	139540
504	2388	139484
505	2392	139475
506	2398	139505
507	2403	139507
508	2406	139458
509	2411	139420
510	2415	139379
511	2419	139355
512	2424	139360
513	2429	139380
514	2434	139409
515	2439	139380
516	2443	139341
517	2447	139312
518	2451	139279
519	2456	139279
520	2462	139306
521	2467	139316
522	2470	139265
523	2475	139253
524	2479	139224
525	2484	139215
526	2489	139216
527	2493	139166
528	2498	139183
529	2502	139142
530	2506	139101
531	2510	139054
532	2514	139010
533	2519	139030
534	2524	139028
535	2529	139036
536	2533	138996
537	2537	138960
538	2541	138915
539	2546	138901
540	2550	138888
541	2554	138860
542	2560	138898
543	2564	138886
544	2569	138864
545	2574	138855
546	2578	138822
547	2582	138814
548	2588	138836
549	2593	138852
550	2597	138825
551	2601	138796
552	2606	138776
553	2610	138743
554	2614	138729
555	2619	138707
556	2623	138666
557	2628	138671
558	2634	138734
559	2639	138782
560	2644	138752
561	2648	138721
562	2652	138695
563	2656	138664
564	2661	138668
565	2666	138646
566	2671	138666
567	2675	138635
568	2679	138602
569	2683	138570
570	2688	138549
571	2692	138529
572	2698	138559
573	2703	138569
574	2708	138618
575	2715	138699
576	2720	138725
577	2726	138762
578	2730	138760
579	2734	138723
580	2739	138697
581	2743	138685
582	2748	138659
583	2752	138652
584	2757	138642
585	2762	138639
586	2766	138609
587	2769	138553
588	2774	138527
589	2777	138471
590	2781	138433
591	2786	138437
592	2791	138420
593	2796	138456
594	2800	138423
595	2805	138414
596	2809	138371
597	2814	138374
598	2818	138357
599	2824	138395
600	2829	138390
601	2834	138397
602	2838	138375
603	2842	138355
604	2847	138362
605	2853	138422
606	2858	138414
607	2862	138402
608	2867	138376
609	2871	138358
610	2876	138348
611	2882	138396
612	2887	138434
613	2893	138484
614	2899	138517
615	2903	138524
616	2909	138575
617	2914	138587
618	2920	138643
619	2926	138670
620	2931	138696
621	2937	138719
622	2941	138724
623	2946	138710
624	2951	138733
625	2956	138732
626	2961	138733
627	2965	138701
628	2970	138694
629	2974	138684
630	2980	138715
631	2985	138728
632	2989	138695
633	2993	138652
634	2997	138624
635	3002	138620
636	3006	138601
637	3011	138610
638	3016	138599
639	3020	138562
640	3024	138527
641	3029	138515
642	3033	138497
643	3038	138492
644	3042	138491
645	3048	138505
646	3052	138490
647	3057	138483
648	3061	138477
649	3067	138517
650	3073	138552
651	3078	138568
652	3082	138542
653	3087	138518
654	3091	138513
655	3096	138510
656	3100	138481
657	3106	138520
658	3111	138515
659	3115	138492
660	3119	138460
661	3124	138482
662	3130	138500
663	3135	138508
664	3139	138491
665	3143	138464
666	3148	138457
667	3152	138429
668	3156	138408
669	3161	138394
670	3165	138370
671	3170	138373
672	3174	138342
673	3179	138322
674	3183	138313
675	3187	138289
676	3193	138309
677	3198	138312
678	3203	138314
679	3207	138304
680	3212	138295
681	3217	138301
682	3222	138307
683	3227	138312
684	3232	138316
685	3237	138332
686	3243	138377
687	3248	138408
688	3253	138397
689	3258	138402
690	3262	138399
691	3267	138405
692	3274	138466
693	3279	138495
694	3283	138468
695	3288	138474
696	3293	138455
697	3298	138453
698	3303	138466
699	3308	138485
700	3313	138484
701	3318	138478
702	3323	138487
703	3327	138464
704	3332	138476
705	3337	138486
706	3342	138473
707	3346	138451
708	3350	138427
709	3355	138420
710	3359	138410
711	3364	138408
712	3369	138413
713	3374	138426
714	3380	138438
715	3385	138445
716	3389	138421
717	3393	138404
718	3398	138420
719	3403	138426
720	3408	138408
721	3412	138388
722	3416	138361
723	3421	138337
724	3425	138322
725	3431	138350
726	3436	138357
727	3440	138341
728	3444	138308
729	3448	138277
730	3453	138258
731	3458	138267
732	3462	138260
733	3467	138242
734	3471	138219
735	3475	138195
736	3479	138168
737	3484	138148
738	3490	138201
739	3495	138209
740	3499	138200
741	3503	138158
742	3507	138131
743	3511	138098
744	3516	138083
745	3520	138056
746	3525	138058
747	3530	138072
748	3535	138073
749	3539	138053
750	3544	138029
751	3548	138020
752	3553	138008
753	3558	138017
754	3562	138005
755	3566	137979
756	3571	137958
757	3575	137929
758	3579	137920
759	3585	137934
760	3590	137941
761	3594	137928
762	3599	137910
763	3603	137893
764	3607	137860
765	3612	137882
766	3617	137858
767	3621	137857
768	3626	137848
769	3630	137824
770	3635	137810
771	3639	137783
772	3643	137775
773	3649	137787
774	3654	137803
775	3658	137779
776	3662	137758
777	3666	137729
778	3671	137707
779	3675	137688
780	3680	137691
781	3684	137682
782	3690	137691
783	3694	137668
784	3698	137648
785	3703	137642
786	3709	137687
787	3714	137687
788	3719	137700
789	3723	137683
790	3727	137656
791	3732	137651
792	3737	137648
793	3741	137629
794	3746	137619
795	3750	137589
796	3754	137560
797	3758	137543
798	3763	137530
799	3767	137499
800	3771	137491
801	3776	137490
802	3781	137485
803	3785	137452
804	3789	137443
805	3794	137426
806	3799	137429
807	3803	137415
808	3808	137438
809	3813	137428
810	3818	137425
811	3823	137424
812	3828	137428
813	3832	137408
814	3837	137425
815	3843	137447
816	3848	137465
817	3853	137476
818	3859	137500
819	3864	137509
820	3869	137513
821	3874	137515
822	3879	137524
823	3884	137535
824	3888	137528
825	3893	137521
826	3898	137519
827	3902	137490
828	3906	137475
829	3912	137500
830	3918	137539
831	3923	137538
832	3928	137558
833	3933	137567
834	3939	137592
835	3944	137601
836	3960	138004
837	3966	138020
838	3971	138025
839	3976	138041
840	3981	138040
841	3985	138018
842	3989	137993
843	3993	137961
844	3997	137927
845	4002	137922
846	4006	137911
847	4011	137903
848	4016	137911
849	4021	137922
850	4026	137917
851	4030	137890
852	4035	137904
853	4039	137878
854	4044	137870
855	4049	137866
856	4053	137838
857	4057	137823
858	4061	137798
859	4066	137791
860	4071	137794
861	4076	137810
862	4081	137802
863	4085	137781
864	4089	137757
865	4094	137744
866	4099	137737
867	4104	137741
868	4108	137732
869	4113	137723
870	4117	137694
871	4121	137675
872	4126	137683
873	4132	137721
874	4137	137729
875	4142	137719
876	4146	137699
877	4150	137677
878	4155	137659
879	4160	137676
880	4164	137661
881	4169	137654
882	4173	137636
883	4178	137612
884	4182	137592
885	4186	137566
886	4191	137582
887	4196	137561
888	4200	137552
889	4205	137545
890	4209	137530
891	4214	137517
892	4218	137507
893	4223	137500
894	4228	137496
895	4233	137523
896	4238	137503
897	4242	137486
898	4246	137462
899	4251	137452
900	4255	137436
901	4260	137453
902	4265	137444
903	4269	137419
904	4273	137395
905	4277	137360
906	4281	137340
907	4286	137343
908	4291	137336
909	4295	137324
910	4300	137302
911	4304	137283
912	4308	137265
913	4312	137250
914	4317	137234
915	4321	137218
916	4327	137242
917	4331	137222
918	4336	137211
919	4340	137194
920	4345	137191
921	4350	137205
922	4355	137224
923	4361	137235
924	4365	137221
925	4369	137206
926	4374	137201
927	4379	137194
928	4384	137211
929	4390	137226
930	4394	137205
931	4398	137185
932	4403	137180
933	4408	137186
934	4413	137182
935	4417	137180
936	4421	137153
937	4426	137139
938	4429	137103
939	4434	137087
940	4439	137090
941	4443	137072
942	4449	137093
943	4454	137105
944	4459	137105
945	4463	137086
946	4467	137062
947	4472	137050
948	4476	137047
949	4481	137040
950	4485	137018
951	4490	137007
952	4495	137022
953	4500	137012
954	4504	136990
955	4508	136959
956	4511	136925
957	4516	136915
958	4521	136917
959	4526	136918
960	4530	136905
961	4535	136899
962	4539	136874
963	4543	136854
964	4548	136842
965	4553	136866
966	4559	136879
967	4564	136892
968	4568	136874
969	4572	136855
970	4576	136829
971	4581	136826
972	4585	136805
973	4590	136798
974	4595	136793
975	4599	136769
976	4603	136755
977	4607	136737
978	4612	136736
979	4617	136745
980	4623	136757
981	4626	136721
982	4631	136715
983	4635	136698
984	4640	136687
985	4645	136695
986	4649	136684
987	4655	136694
988	4659	136680
989	4663	136661
990	4667	136641
991	4671	136616
992	4677	136629
993	4681	136603
994	4686	136615
995	4691	136607
996	4696	136613
997	4700	136583
998	4704	136571
999	4709	136572
1000	4714	136571
1001	4719	136571
1002	4722	136540
1003	4726	136517
1004	4731	136499
1005	4735	136493
1006	4740	136473
1007	4745	136479
1008	4749	136459
1009	4753	136442
1010	4757	136423
1011	4762	136405
1012	4766	136390
1013	4772	136417
1014	4778	136446
1015	4783	136457
1016	4788	136462
1017	4792	136438
1018	4797	136430
1019	4802	136442
1020	4807	136451
1021	4812	136456
1022	4817	136448
1023	4821	136429
1024	4825	136404
1025	4830	136407
1026	4835	136413
1027	4840	136414
1028	4845	136425
1029	4850	136427
1030	4855	136423
1031	4860	136438
1032	4865	136435
1033	4870	136441
1034	4875	136436
1035	4879	136426
1036	4883	136404
1037	4887	136381
1038	4892	136372
1039	4896	136360
1040	4901	136339
1041	4905	136315
1042	4909	136292
1043	4913	136276
1044	4917	136264
1045	4921	136238
1046	4926	136240
1047	4931	136237
1048	4936	136237
1049	4941	136235
1050	4945	136217
1051	4949	136197
1052	4954	136190
1053	4960	136219
1054	4966	136250
1055	4971	136268
1056	4977	136281
1057	4983	136316
1058	4990	136371
1059	4995	136388
1060	5002	136437
1061	5007	136450
1062	5013	136474
1063	5017	136456
1064	5021	136425
1065	5026	136425
1066	5030	136407
1067	5034	136390
1068	5038	136371
1069	5043	136365
1070	5048	136362
1071	5052	136336
1072	5057	136349
1073	5062	136352
1074	5066	136332
1075	5071	136317
1076	5075	136290
1077	5079	136280
1078	5084	136275
1079	5088	136251
1080	5093	136273
1081	5098	136264
1082	5102	136246
1083	5107	136235
1084	5111	136213
1085	5115	136193
1086	5119	136161
1087	5123	136143
1088	5127	136135
1089	5131	136110
1090	5137	136133
1091	5142	136130
1092	5146	136122
1093	5151	136110
1094	5155	136101
1095	5160	136096
1096	5165	136103
1097	5171	136116
1098	5176	136120
1099	5180	136106
1100	5184	136085
1101	5188	136065
1102	5193	136073
1103	5199	136079
1104	5204	136084
1105	5208	136077
1106	5212	136060
1107	5216	136030
1108	5221	136022
1109	5226	136027
1110	5230	136013
1111	5234	135982
1112	5238	135968
1113	5243	135964
1114	5247	135933
1115	5251	135927
1116	5256	135915
1117	5261	135935
1118	5266	135938
1119	5271	135924
1120	5275	135901
1121	5279	135879
1122	5283	135865
1123	5287	135849
1124	5292	135844
1125	5296	135828
1126	5301	135809
1127	5306	135829
1128	5311	135816
1129	5316	135831
1130	5321	135831
1131	5326	135834
1132	5331	135831
1133	5335	135823
1134	5340	135817
1135	5344	135798
1136	5349	135795
1137	5354	135789
1138	5357	135762
1139	5362	135765
1140	5367	135758
1141	5372	135755
1142	5376	135744
1143	5381	135747
1144	5386	135737
1145	5390	135730
1146	5395	135736
1147	5400	135728
1148	5404	135708
1149	5409	135713
1150	5416	135749
1151	5420	135749
1152	5425	135743
1153	5430	135732
1154	5434	135717
1155	5439	135718
1156	5443	135700
1157	5448	135707
1158	5453	135697
1159	5458	135699
1160	5461	135671
1161	5466	135658
1162	5471	135668
1163	5475	135651
1164	5480	135655
1165	5485	135639
1166	5489	135630
1167	5493	135612
1168	5497	135594
1169	5502	135598
1170	5507	135595
1171	5512	135600
1172	5517	135591
1173	5521	135580
1174	5526	135567
1175	5530	135547
1176	5534	135535
1177	5539	135538
1178	5545	135555
1179	5550	135552
1180	5554	135545
1181	5558	135526
1182	5563	135512
1183	5567	135510
1184	5572	135505
1185	5577	135517
1186	5582	135499
1187	5586	135484
1188	5590	135466
1189	5594	135439
1190	5598	135423
1191	5603	135425
1192	5607	135413
1193	5611	135389
1194	5615	135369
1195	5619	135349
1196	5624	135330
1197	5629	135341
1198	5635	135359
1199	5639	135342
1200	5643	135335
1201	5647	135310
1202	5651	135289
1203	5655	135269
1204	5660	135258
1205	5664	135252
1206	5670	135268
1207	5674	135258
1208	5679	135247
1209	5683	135230
1210	5688	135223
1211	5692	135213
1212	5697	135203
1213	5702	135222
1214	5707	135222
1215	5711	135202
1216	5716	135198
1217	5721	135190
1218	5725	135180
1219	5729	135153
1220	5733	135139
1221	5738	135130
1222	5742	135120
1223	5747	135133
1224	5753	135144
1225	5758	135144
1226	5762	135138
1227	5767	135137
1228	5772	135138
1229	5778	135153
1230	5783	135153
1231	5787	135141
1232	5792	135140
1233	5797	135144
1234	5802	135143
1235	5807	135146
1236	5811	135138
1237	5815	135118
1238	5820	135111
1239	5824	135099
1240	5829	135096
1241	5834	135103
1242	5840	135130
1243	5845	135131
1244	5850	135121
1245	5854	135113
1246	5859	135095
1247	5863	135086
1248	5867	135075
1249	5873	135085
1250	5877	135068
1251	5881	135054
1252	5886	135043
1253	5890	135031
1254	5895	135033
1255	5900	135034
1256	5905	135036
1257	5909	135018
1258	5913	134998
1259	5918	134988
1260	5922	134983
1261	5927	134980
1262	5932	134991
1263	5938	134997
1264	5941	134971
1265	5946	134959
1266	5950	134944
1267	5955	134940
1268	5959	134928
1269	5964	134922
1270	5968	134911
1271	5972	134895
1272	5977	134888
1273	5981	134870
1274	5986	134863
1275	5991	134866
1276	5996	134880
1277	6003	134913
1278	6009	134940
1279	6014	134950
1280	6020	134972
1281	6026	134993
1282	6032	135022
1283	6037	135031
1284	6043	135048
1285	6048	135050
1286	6054	135077
1287	6059	135076
1288	6063	135062
1289	6067	135045
1290	6071	135024
1291	6076	135016
1292	6080	135003
1293	6085	135005
1294	6090	134999
1295	6094	134987
1296	6098	134968
1297	6102	134949
1298	6107	134933
1299	6111	134919
1300	6116	134927
1301	6121	134928
1302	6126	134920
1303	6130	134915
1304	6134	134885
1305	6138	134866
1306	6143	134862
1307	6146	134836
1308	6151	134839
1309	6156	134842
1310	6161	134841
1311	6166	134829
1312	6170	134812
1313	6175	134817
1314	6179	134793
1315	6184	134796
1316	6189	134795
1317	6193	134782
1318	6197	134763
1319	6201	134748
1320	6206	134737
1321	6210	134727
1322	6214	134708
1323	6218	134692
1324	6223	134694
1325	6227	134667
1326	6231	134656
1327	6236	134653
1328	6241	134650
1329	6246	134643
1330	6250	134641
1331	6255	134624
1332	6259	134608
1333	6262	134583
1334	6267	134566
1335	6272	134576
1336	6277	134581
1337	6282	134579
1338	6286	134568
1339	6291	134558
1340	6295	134548
1341	6299	134534
1342	6304	134536
1343	6309	134531
1344	6314	134528
1345	6319	134523
1346	6323	134504
1347	6327	134493
1348	6332	134489
1349	6336	134478
1350	6341	134473
1351	6345	134463
1352	6350	134454
1353	6354	134444
1354	6359	134435
1355	6363	134420
1356	6367	134408
1357	6371	134389
1358	6377	134401
1359	6381	134389
1360	6386	134390
1361	6392	134403
1362	6396	134390
1363	6400	134375
1364	6405	134378
1365	6409	134365
1366	6414	134358
1367	6419	134351
1368	6424	134355
1369	6428	134335
1370	6432	134324
1371	6436	134307
1372	6441	134299
1373	6446	134306
1374	6451	134308
1375	6455	134295
1376	6459	134276
1377	6463	134258
1378	6468	134254
1379	6474	134270
1380	6480	134290
1381	6485	134292
1382	6490	134293
1383	6494	134284
1384	6499	134281
1385	6504	134295
1386	6510	134297
1387	6514	134295
1388	6519	134289
1389	6523	134277
1390	6528	134264
1391	6532	134250
1392	6536	134238
1393	6541	134234
1394	6546	134236
1395	6550	134224
1396	6555	134215
1397	6559	134205
1398	6563	134189
1399	6567	134174
1400	6573	134179
1401	6578	134188
1402	6582	134175
1403	6586	134147
1404	6590	134131
1405	6594	134114
1406	6599	134112
1407	6604	134126
1408	6609	134119
1409	6613	134106
1410	6617	134083
1411	6621	134068
1412	6626	134061
1413	6631	134066
1414	6636	134067
1415	6641	134059
1416	6646	134060
1417	6650	134049
1418	6654	134038
1419	6659	134041
1420	6664	134035
1421	6669	134031
1422	6673	134021
1423	6677	133998
1424	6681	133981
1425	6686	133976
1426	6691	133979
1427	6696	133993
1428	6702	134002
1429	6706	133990
1430	6711	133980
1431	6715	133968
1432	6719	133956
1433	6724	133956
1434	6729	133962
1435	6734	133967
1436	6739	133962
1437	6744	133956
1438	6748	133947
1439	6753	133945
1440	6758	133954
1441	6764	133968
1442	6769	133966
1443	6774	133962
1444	6779	133962
1445	6783	133954
1446	6788	133963
1447	6793	133954
1448	6798	133952
1449	6802	133936
1450	6806	133922
1451	6811	133920
1452	6816	133915
1453	6820	133907
1454	6825	133902
1455	6830	133903
1456	6834	133888
1457	6838	133878
1458	6842	133856
1459	6847	133850
1460	6851	133844
1461	6857	133851
1462	6861	133839
1463	6866	133835
1464	6870	133813
1465	6873	133788
1466	6878	133789
1467	6883	133789
1468	6888	133787
1469	6892	133774
1470	6896	133758
1471	6900	133742
1472	6905	133732
1473	6910	133745
1474	6916	133767
1475	6921	133760
1476	6926	133752
1477	6930	133738
1478	6935	133744
1479	6939	133735
1480	6945	133737
1481	6949	133733
1482	6954	133723
1483	6958	133712
1484	6962	133698
1485	6967	133686
1486	6971	133670
1487	6975	133657
1488	6980	133653
1489	6984	133639
1490	6988	133626
1491	6993	133621
1492	6998	133618
1493	7003	133623
1494	7007	133620
1495	7012	133606
1496	7016	133592
1497	7020	133581
1498	7025	133574
1499	7030	133583
1500	7035	133573
1501	7039	133563
1502	7044	133571
1503	7050	133581
1504	7055	133593
1505	7061	133609
1506	7067	133621
1507	7072	133631
1508	7077	133635
1509	7083	133654
1510	7090	133688
1511	7096	133707
1512	7100	133697
1513	7105	133682
1514	7109	133674
1515	7114	133683
1516	7120	133702
1517	7125	133696
1518	7130	133695
1519	7134	133677
1520	7138	133667
1521	7143	133657
1522	7147	133648
1523	7153	133655
1524	7158	133657
1525	7163	133658
1526	7167	133653
1527	7172	133642
1528	7176	133624
1529	7180	133619
1530	7186	133631
1531	7190	133618
1532	7195	133608
1533	7199	133605
1534	7204	133602
1535	7210	133611
1536	7214	133598
1537	7219	133605
1538	7224	133600
1539	7228	133582
1540	7232	133565
1541	7236	133554
1542	7241	133550
1543	7246	133548
1544	7250	133531
1545	7254	133525
1546	7258	133506
1547	7263	133493
1548	7267	133480
1549	7272	133479
1550	7277	133477
1551	7281	133477
1552	7286	133468
1553	7290	133451
1554	7294	133436
1555	7299	133430
1556	7303	133425
1557	7309	133434
1558	7314	133439
1559	7318	133426
1560	7323	133419
1561	7327	133406
1562	7332	133403
1563	7337	133407
1564	7342	133404
1565	7346	133398
1566	7351	133383
1567	7355	133372
1568	7359	133365
1569	7365	133368
1570	7369	133361
1571	7374	133366
1572	7379	133365
1573	7383	133348
1574	7387	133334
1575	7392	133324
1576	7397	133324
1577	7402	133321
1578	7406	133308
1579	7411	133310
1580	7415	133300
1581	7419	133285
1582	7424	133280
1583	7428	133267
1584	7433	133270
1585	7438	133268
1586	7443	133264
1587	7447	133247
1588	7451	133229
1589	7456	133231
1590	7461	133224
1591	7465	133222
1592	7471	133226
1593	7476	133227
1594	7480	133214
1595	7484	133201
1596	7490	133228
1597	7497	133248
1598	7502	133252
1599	7507	133250
1600	7511	133248
1601	7516	133235
1602	7521	133241
1603	7526	133237
1604	7531	133241
1605	7535	133234
1606	7540	133224
1607	7544	133213
1608	7550	133221
1609	7555	133235
1610	7561	133248
1611	7565	133235
1612	7570	133228
1613	7574	133218
1614	7579	133210
1615	7584	133218
1616	7589	133220
1617	7594	133224
1618	7600	133236
1619	7605	133232
1620	7610	133231
1621	7613	133210
1622	7618	133196
1623	7622	133179
1624	7626	133170
1625	7631	133163
1626	7636	133168
1627	7641	133175
1628	7646	133173
1629	7650	133159
1630	7655	133152
1631	7660	133152
1632	7664	133147
1633	7670	133152
1634	7675	133150
1635	7679	133138
1636	7683	133125
1637	7687	133115
1638	7692	133113
1639	7697	133111
1640	7703	133124
1641	7708	133131
1642	7713	133122
1643	7718	133125
1644	7722	133116
1645	7727	133118
1646	7732	133120
1647	7737	133115
1648	7742	133109
1649	7746	133103
1650	7752	133109
1651	7758	133129
1652	7763	133139
1653	7768	133134
1654	7773	133128
1655	7778	133129
1656	7782	133120
1657	7787	133128
1658	7792	133119
1659	7797	133126
1660	7802	133123
1661	7807	133116
1662	7811	133106
1663	7816	133106
1664	7820	133096
1665	7825	133097
1666	7830	133090
1667	7834	133079
1668	7839	133071
1669	7843	133058
1670	7847	133048
1671	7852	133043
1672	7857	133039
1673	7861	133018
1674	7865	133003
1675	7869	132990
1676	7873	132983
1677	7878	132984
1678	7883	132983
1679	7889	132987
1680	7893	132978
1681	7897	132963
1682	7902	132959
1683	7906	132948
1684	7911	132949
1685	7916	132943
1686	7921	132943
1687	7925	132933
1688	7929	132920
1689	7934	132915
1690	7938	132900
1691	7943	132897
1692	7948	132891
1693	7953	132901
1694	7958	132903
1695	7963	132896
1696	7968	132894
1697	7973	132897
1698	7979	132913
1699	7984	132911
1700	7987	132892
1701	7992	132884
1702	7996	132873
1703	8001	132863
1704	8005	132859
1705	8011	132862
1706	8016	132862
1707	8020	132859
1708	8025	132850
1709	8029	132835
1710	8033	132829
1711	8038	132827
1712	8043	132822
1713	8048	132824
1714	8052	132805
1715	8056	132797
1716	8061	132787
1717	8065	132777
1718	8070	132770
1719	8075	132782
1720	8081	132790
1721	8086	132795
1722	8091	132800
1723	8097	132803
1724	8103	132819
1725	8109	132836
1726	8114	132845
1727	8119	132852
1728	8125	132861
1729	8130	132863
1730	8136	132870
1731	8140	132860
1732	8145	132855
1733	8149	132843
1734	8153	132834
1735	8158	132826
1736	8163	132832
1737	8168	132834
1738	8173	132827
1739	8177	132816
1740	8182	132811
1741	8186	132801
1742	8191	132797
1743	8197	132808
1744	8201	132804
1745	8206	132796
1746	8211	132792
1747	8215	132786
1748	8219	132772
1749	8223	132754
1750	8228	132756
1751	8232	132742
1752	8237	132737
1753	8242	132730
1754	8247	132731
1755	8252	132734
1756	8256	132722
1757	8261	132715
1758	8265	132701
1759	8269	132695
1760	8274	132690
1761	8280	132701
1762	8285	132705
1763	8289	132691
1764	8294	132681
1765	8298	132675
1766	8304	132686
1767	8308	132675
1768	8313	132665
1769	8317	132655
1770	8321	132644
1771	8326	132634
1772	8330	132622
1773	8335	132623
1774	8339	132608
1775	8344	132613
1776	8349	132602
1777	8352	132584
1778	8357	132578
1779	8362	132578
1780	8366	132563
1781	8371	132561
1782	8376	132567
1783	8381	132562
1784	8385	132551
1785	8390	132545
1786	8395	132541
1787	8401	132555
1788	8405	132551
1789	8410	132552
1790	8415	132541
1791	8419	132532
1792	8424	132534
1793	8429	132528
1794	8434	132535
1795	8439	132530
1796	8444	132525
1797	8447	132506
1798	8452	132493
1799	8457	132499
1800	8462	132502
1801	8467	132507
1802	8472	132500
1803	8476	132489
1804	8481	132480
1805	8485	132476
1806	8490	132471
1807	8495	132468
1808	8500	132470
1809	8504	132454
1810	8508	132435
1811	8512	132424
1812	8516	132413
1813	8521	132409
1814	8527	132415
1815	8532	132423
1816	8536	132410
1817	8541	132402
1818	8546	132400
1819	8550	132395
1820	8555	132398
1821	8561	132406
1822	8566	132406
1823	8571	132400
1824	8576	132402
1825	8581	132404
1826	8585	132397
1827	8590	132396
1828	8595	132391
1829	8599	132381
1830	8604	132369
1831	8608	132362
1832	8613	132358
1833	8618	132367
1834	8624	132376
1835	8629	132374
1836	8633	132364
1837	8638	132352
1838	8642	132339
1839	8646	132336
1840	8652	132341
1841	8657	132342
1842	8661	132335
1843	8666	132323
1844	8670	132315
1845	8674	132298
1846	8679	132305
1847	8685	132306
1848	8690	132311
1849	8695	132305
1850	8699	132298
1851	8704	132290
1852	8709	132290
1853	8713	132280
1854	8718	132283
1855	8723	132283
1856	8728	132285
1857	8733	132273
1858	8738	132275
1859	8742	132266
1860	8747	132272
1861	8753	132277
1862	8757	132271
1863	8762	132268
1864	8767	132266
1865	8771	132254
1866	8776	132256
1867	8781	132253
1868	8786	132250
1869	8791	132247
1870	8795	132234
1871	8799	132223
1872	8804	132216
1873	8808	132209
1874	8814	132216
1875	8818	132206
1876	8822	132193
1877	8827	132184
1878	8832	132186
1879	8837	132191
1880	8842	132185
1881	8846	132172
1882	8851	132165
1883	8855	132158
1884	8860	132150
1885	8864	132145
1886	8869	132139
1887	8873	132125
1888	8877	132113
1889	8882	132105
1890	8886	132093
1891	8891	132094
1892	8895	132081
1893	8900	132076
1894	8905	132075
1895	8911	132086
1896	8916	132088
1897	8921	132096
1898	8926	132097
1899	8931	132094
1900	8936	132085
1901	8939	132065
1902	8944	132066
1903	8949	132064
1904	8954	132066
1905	8959	132063
1906	8964	132056
1907	8968	132047
1908	8973	132047
1909	8977	132036
1910	8983	132038
1911	8988	132051
1912	8993	132038
1913	8997	132026
1914	9001	132017
1915	9006	132011
1916	9011	132008
1917	9016	132009
1918	9020	131999
1919	9024	131988
1920	9028	131973
1921	9033	131966
1922	9039	131981
1923	9044	131983
1924	9048	131974
1925	9053	131960
1926	9057	131948
1927	9061	131939
1928	9066	131938
1929	9071	131934
1930	9076	131938
1931	9081	131935
1932	9085	131926
1933	9090	131914
1934	9095	131913
1935	9099	131905
1936	9104	131905
1937	9110	131917
1938	9116	131926
1939	9120	131918
1940	9126	131926
1941	9132	131943
1942	9137	131950
1943	9143	131962
1944	9149	131967
1945	9154	131967
1946	9160	131991
1947	9166	132000
1948	9171	131998
1949	9175	131989
1950	9179	131974
1951	9184	131967
1952	9188	131957
1953	9193	131955
1954	9197	131946
1955	9203	131959
1956	9208	131949
1957	9212	131932
1958	9216	131921
1959	9220	131912
1960	9225	131904
1961	9229	131899
1962	9235	131912
1963	9239	131899
1964	9244	131888
1965	9248	131874
1966	9252	131862
1967	9258	131873
1968	9264	131889
1969	9269	131894
1970	9274	131894
1971	9279	131883
1972	9283	131875
1973	9288	131875
1974	9292	131860
1975	9298	131866
1976	9302	131856
1977	9306	131839
1978	9311	131841
1979	9316	131835
1980	9320	131833
1981	9325	131833
1982	9330	131833
1983	9335	131820
1984	9339	131808
1985	9343	131796
1986	9348	131791
1987	9352	131781
1988	9358	131792
1989	9362	131786
1990	9367	131777
1991	9371	131767
1992	9376	131763
1993	9381	131758
1994	9386	131767
1995	9391	131769
1996	9396	131760
1997	9400	131753
1998	9404	131738
1999	9408	131722
2000	9414	131728
2001	9418	131724
2002	9422	131706
2003	9426	131693
2004	9431	131692
2005	9436	131689
2006	9441	131689
2007	9446	131680
2008	9451	131680
2009	9456	131680
2010	9460	131676
2011	9465	131675
2012	9470	131665
2013	9474	131656
2014	9478	131643
2015	9482	131629
2016	9487	131624
2017	9493	131634
2018	9499	131647
2019	9504	131654
2020	9508	131643
2021	9513	131633
2022	9517	131620
2023	9522	131616
2024	9526	131613
2025	9532	131618
2026	9536	131605
2027	9541	131599
2028	9545	131589
2029	9550	131585
2030	9555	131588
2031	9559	131579
2032	9565	131581
2033	9569	131571
2034	9573	131556
2035	9577	131546
2036	9582	131539
2037	9586	131536
2038	9592	131537
2039	9596	131532
2040	9601	131533
2041	9606	131522
2042	9610	131518
2043	9616	131519
2044	9621	131524
2045	9625	131516
2046	9630	131507
2047	9634	131496
2048	9639	131491
2049	9643	131480
2050	9647	131473
2051	9653	131475
2052	9658	131473
2053	9663	131471
2054	9667	131459
2055	9671	131449
2056	9676	131449
2057	9682	131465
2058	9688	131475
2059	9694	131481
2060	9699	131486
2061	9704	131481
2062	9708	131474
2063	9714	131481
2064	9719	131483
2065	9724	131479
2066	9729	131476
2067	9733	131470
2068	9739	131474
2069	9743	131468
2070	9749	131474
2071	9753	131470
2072	9758	131459
2073	9762	131448
2074	9766	131434
2075	9771	131435
2076	9776	131429
2077	9781	131429
2078	9786	131430
2079	9791	131429
2080	9795	131413
2081	9799	131409
2082	9804	131404
2083	9810	131410
2084	9814	131405
2085	9819	131395
2086	9823	131390
2087	9828	131383
2088	9833	131385
2089	9838	131382
2090	9843	131379
2091	9847	131372
2092	9852	131364
2093	9856	131355
2094	9860	131345
2095	9865	131342
2096	9869	131322
2097	9874	131326
2098	9878	131315
2099	9883	131305
2100	9887	131291
2101	9890	131270
2102	9895	131265
2103	9900	131263
2104	9904	131258
2105	9909	131246
2106	9914	131244
2107	9918	131234
2108	9922	131223
2109	9927	131228
2110	9932	131225
2111	9937	131216
2112	9942	131213
2113	9946	131210
2114	9951	131201
2115	9955	131194
2116	9961	131197
2117	9966	131197
2118	9970	131190
2119	9975	131183
2120	9979	131173
2121	9983	131165
2122	9989	131165
2123	9993	131153
2124	9998	131153
2125	10003	131152
2126	10007	131148
2127	10012	131138
2128	10017	131134
2129	10021	131132
2130	10026	131127
2131	10032	131131
2132	10036	131127
2133	10040	131114
2134	10045	131103
2135	10049	131095
2136	10054	131092
2137	10058	131077
2138	10063	131079
2139	10068	131073
2140	10072	131066
2141	10077	131062
2142	10082	131067
2143	10086	131048
2144	10092	131056
2145	10096	131052
2146	10101	131046
2147	10105	131035
2148	10110	131026
2149	10114	131018
2150	10118	131009
2151	10123	130997
2152	10127	130986
2153	10132	130987
2154	10138	131004
2155	10143	131002
2156	10148	130995
2157	10151	130974
2158	10156	130977
2159	10162	130983
2160	10168	130990
2161	10174	131006
2162	10179	131010
2163	10184	131011
2164	10190	131016
2165	10196	131026
2166	10202	131044
2167	10208	131050
2168	10213	131045
2169	10217	131039
2170	10221	131027
2171	10226	131024
2172	10231	131019
2173	10236	131021
2174	10241	131014
2175	10245	131002
2176	10249	130994
2177	10253	130982
2178	10258	130977
2179	10263	130977
2180	10268	130973
2181	10273	130971
2182	10277	130964
2183	10282	130958
2184	10287	130954
2185	10291	130945
2186	10296	130946
2187	10301	130938
2188	10305	130933
2189	10310	130925
2190	10314	130915
2191	10318	130907
2192	10324	130918
2193	10329	130917
2194	10334	130912
2195	10338	130898
2196	10343	130891
2197	10347	130877
2198	10352	130876
2199	10356	130870
2200	10360	130859
2201	10365	130850
2202	10369	130843
2203	10374	130838
2204	10379	130838
2205	10384	130840
2206	10389	130841
2207	10394	130840
2208	10398	130826
2209	10402	130814
2210	10407	130805
2211	10412	130801
2212	10417	130801
2213	10422	130802
2214	10427	130801
2215	10432	130800
2216	10436	130791
2217	10441	130790
2218	10446	130785
2219	10451	130781
2220	10455	130772
2221	10460	130765
2222	10464	130756
2223	10469	130752
2224	10474	130752
2225	10479	130750
2226	10484	130749
2227	10488	130738
2228	10492	130728
2229	10497	130726
2230	10501	130714
2231	10506	130704
2232	10509	130689
2233	10515	130689
2234	10519	130680
2235	10523	130666
2236	10528	130661
2237	10532	130659
2238	10537	130655
2239	10542	130654
2240	10548	130659
2241	10552	130652
2242	10557	130643
2243	10561	130633
2244	10565	130623
2245	10569	130613
2246	10574	130609
2247	10579	130611
2248	10585	130615
2249	10590	130610
2250	10593	130596
2251	10598	130588
2252	10603	130584
2253	10608	130581
2254	10612	130577
2255	10617	130572
2256	10622	130565
2257	10626	130555
2258	10631	130553
2259	10635	130549
2260	10641	130552
2261	10645	130546
2262	10650	130540
2263	10654	130530
2264	10659	130521
2265	10663	130515
2266	10669	130519
2267	10674	130521
2268	10679	130520
2269	10684	130514
2270	10688	130512
2271	10694	130512
2272	10699	130518
2273	10704	130520
2274	10709	130519
2275	10714	130516
2276	10719	130510
2277	10724	130516
2278	10730	130517
2279	10735	130519
2280	10739	130513
2281	10744	130508
2282	10748	130492
2283	10752	130478
2284	10756	130468
2285	10761	130465
2286	10765	130457
2287	10770	130450
2288	10776	130461
2289	10782	130467
2290	10786	130459
2291	10791	130453
2292	10795	130444
2293	10799	130432
2294	10804	130432
2295	10809	130428
2296	10814	130427
2297	10818	130416
2298	10822	130406
2299	10827	130399
2300	10832	130398
2301	10837	130398
2302	10842	130397
2303	10847	130393
2304	10851	130383
2305	10856	130376
2306	10860	130364
2307	10864	130358
2308	10869	130349
2309	10874	130358
2310	10879	130356
2311	10884	130346
2312	10888	130337
2313	10892	130325
2314	10897	130323
2315	10902	130318
2316	10907	130322
2317	10912	130325
2318	10917	130313
2319	10921	130304
2320	10925	130293
2321	10930	130291
2322	10935	130288
2323	10940	130285
2324	10945	130284
2325	10949	130272
2326	10953	130264
2327	10958	130255
2328	10962	130245
2329	10966	130238
2330	10971	130231
2331	10975	130221
2332	10979	130211
2333	10984	130205
2334	10989	130202
2335	10996	130219
2336	11001	130224
2337	11005	130213
2338	11010	130204
2339	11014	130192
2340	11018	130180
2341	11022	130169
2342	11027	130174
2343	11032	130171
2344	11037	130167
2345	11041	130157
2346	11046	130149
2347	11050	130142
2348	11055	130141
2349	11060	130135
2350	11065	130135
2351	11070	130135
2352	11074	130124
2353	11078	130109
2354	11083	130107
2355	11087	130092
2356	11092	130089
2357	11096	130081
2358	11101	130076
2359	11105	130071
2360	11110	130061
2361	11115	130060
2362	11120	130057
2363	11124	130055
2364	11129	130052
2365	11133	130037
2366	11137	130025
2367	11142	130016
2368	11147	130015
2369	11151	130007
2370	11157	130014
2371	11162	130010
2372	11166	130000
2373	11170	129987
2374	11174	129974
2375	11179	129976
2376	11184	129971
2377	11189	129973
2378	11193	129962
2379	11198	129953
2380	11202	129941
2381	11207	129945
2382	11214	129968
2383	11220	129976
2384	11225	129981
2385	11231	129987
2386	11237	129991
2387	11242	129993
2388	11248	130008
2389	11255	130022
2390	11260	130020
2391	11264	130014
2392	11268	130004
2393	11274	130009
2394	11279	130008
2395	11284	130004
2396	11288	129995
2397	11292	129983
2398	11297	129977
2399	11301	129969
2400	11306	129964
2401	11311	129965
2402	11316	129962
2403	11320	129949
2404	11325	129943
2405	11329	129935
2406	11334	129934
2407	11339	129928
2408	11344	129928
2409	11348	129919
2410	11352	129910
2411	11357	129904
2412	11362	129898
2413	11367	129896
2414	11371	129885
2415	11376	129884
2416	11380	129873
2417	11385	129870
2418	11390	129875
2419	11396	129880
2420	11400	129875
2421	11405	129865
2422	11409	129855
2423	11414	129857
2424	11419	129854
2425	11425	129857
2426	11429	129854
2427	11434	129851
2428	11439	129842
2429	11444	129841
2430	11448	129829
2431	11453	129834
2432	11458	129830
2433	11462	129822
2434	11467	129816
2435	11472	129811
2436	11476	129806
2437	11481	129804
2438	11486	129799
2439	11490	129789
2440	11494	129775
2441	11499	129771
2442	11504	129765
2443	11509	129765
2444	11514	129763
2445	11518	129758
2446	11523	129751
2447	11527	129741
2448	11531	129732
2449	11536	129727
2450	11541	129725
2451	11546	129721
2452	11550	129715
2453	11555	129709
2454	11559	129700
2455	11563	129686
2456	11568	129685
2457	11572	129673
2458	11577	129672
2459	11582	129672
2460	11587	129670
2461	11592	129660
2462	11596	129653
2463	11601	129650
2464	11606	129653
2465	11612	129656
2466	11617	129651
2467	11621	129646
2468	11626	129642
2469	11631	129638
2470	11636	129641
2471	11641	129644
2472	11647	129644
2473	11651	129633
2474	11656	129629
2475	11661	129627
2476	11666	129626
2477	11671	129625
2478	11675	129617
2479	11680	129614
2480	11685	129613
2481	11689	129603
2482	11695	129605
2483	11699	129598
2484	11704	129598
2485	11708	129588
2486	11713	129578
2487	11717	129565
2488	11721	129552
2489	11726	129553
2490	11731	129549
2491	11736	129551
2492	11741	129551
2493	11746	129546
2494	11751	129548
2495	11756	129551
2496	11761	129545
2497	11766	129544
2498	11771	129544
2499	11775	129530
2500	11780	129526
2501	11784	129511
2502	11789	129509
2503	11794	129509
2504	11798	129504
2505	11803	129497
2506	11807	129485
2507	11811	129478
2508	11816	129468
2509	11820	129464
2510	11826	129467
2511	11831	129470
2512	11836	129462
2513	11840	129459
2514	11845	129448
2515	11850	129449
2516	11856	129464
2517	11862	129471
2518	11867	129463
2519	11871	129451
2520	11876	129449
2521	11881	129447
2522	11886	129447
2523	11891	129445
2524	11896	129451
2525	11901	129444
2526	11906	129446
2527	11912	129451
2528	11917	129450
2529	11923	129457
2530	11928	129457
2531	11932	129451
2532	11937	129441
2533	11941	129437
2534	11946	129436
2535	11951	129432
2536	11957	129436
2537	11961	129431
2538	11966	129428
2539	11971	129423
2540	11976	129423
2541	11981	129425
2542	11987	129427
2543	11992	129425
2544	11996	129421
2545	12001	129413
2546	12006	129408
2547	12010	129401
2548	12014	129392
2549	12018	129380
2550	12024	129382
2551	12029	129380
2552	12034	129376
2553	12038	129368
2554	12042	129357
2555	12047	129354
2556	12051	129345
2557	12057	129356
2558	12063	129357
2559	12067	129351
2560	12072	129349
2561	12076	129339
2562	12081	129329
2563	12086	129329
2564	12091	129328
2565	12097	129338
2566	12102	129332
2567	12105	129317
2568	12110	129308
2569	12115	129306
2570	12118	129292
2571	12124	129297
2572	12129	129291
2573	12134	129292
2574	12139	129288
2575	12143	129282
2576	12148	129278
2577	12153	129279
2578	12158	129276
2579	12163	129269
2580	12167	129255
2581	12171	129248
2582	12175	129240
2583	12180	129235
2584	12185	129232
2585	12190	129231
2586	12194	129221
2587	12199	129213
2588	12203	129199
2589	12207	129194
2590	12212	129191
2591	12217	129187
2592	12222	129186
2593	12227	129184
2594	12232	129181
2595	12236	129173
2596	12241	129167
2597	12246	129169
2598	12253	129187
2599	12258	129185
2600	12263	129187
2601	12269	129188
2602	12275	129199
2603	12281	129215
2604	12287	129223
2605	12293	129227
2606	12299	129231
2607	12304	129237
2608	12309	129233
2609	12315	129237
2610	12319	129234
2611	12324	129230
2612	12329	129223
2613	12333	129218
2614	12337	129205
2615	12342	129201
2616	12348	129203
2617	12352	129197
2618	12357	129189
2619	12361	129181
2620	12366	129179
2621	12371	129177
2622	12377	129186
2623	12383	129191
2624	12387	129186
2625	12392	129178
2626	12396	129173
2627	12401	129167
2628	12406	129164
2629	12410	129154
2630	12415	129147
2631	12419	129135
2632	12423	129124
2633	12427	129116
2634	12433	129120
2635	12438	129122
2636	12443	129117
2637	12448	129118
2638	12453	129117
2639	12458	129117
2640	12463	129118
2641	12469	129127
2642	12474	129120
2643	12479	129120
2644	12484	129115
2645	12489	129116
2646	12496	129129
2647	12501	129129
2648	12506	129129
2649	12512	129139
2650	12518	129147
2651	12523	129149
2652	12528	129143
2653	12533	129137
2654	12537	129131
2655	12542	129123
2656	12546	129115
2657	12550	129103
2658	12555	129105
2659	12561	129108
2660	12566	129111
2661	12571	129109
2662	12576	129103
2663	12580	129092
2664	12585	129092
2665	12591	129098
2666	12596	129099
2667	12602	129100
2668	12606	129096
2669	12611	129092
2670	12616	129087
2671	12621	129081
2672	12625	129077
2673	12630	129075
2674	12636	129076
2675	12641	129078
2676	12646	129073
2677	12650	129067
2678	12655	129062
2679	12660	129058
2680	12665	129058
2681	12670	129059
2682	12675	129052
2683	12680	129051
2684	12685	129047
2685	12689	129044
2686	12694	129037
2687	12700	129048
2688	12705	129045
2689	12711	129047
2690	12715	129039
2691	12719	129031
2692	12724	129031
2693	12729	129028
2694	12734	129020
2695	12738	129010
2696	12743	129008
2697	12748	129003
2698	12752	128992
2699	12757	128994
2700	12761	128982
2701	12766	128976
2702	12770	128970
2703	12775	128965
2704	12780	128957
2705	12783	128944
2706	12789	128946
2707	12794	128949
2708	12799	128947
2709	12804	128947
2710	12808	128934
2711	12813	128926
2712	12817	128917
2713	12821	128906
2714	12826	128904
2715	12831	128900
2716	12836	128899
2717	12841	128896
2718	12845	128884
2719	12850	128883
2720	12855	128881
2721	12860	128877
2722	12864	128867
2723	12868	128857
2724	12873	128849
2725	12877	128842
2726	12882	128842
2727	12886	128826
2728	12891	128824
2729	12896	128821
2730	12900	128813
2731	12904	128802
2732	12909	128794
2733	12915	128801
2734	12921	128811
2735	12926	128813
2736	12930	128802
2737	12935	128793
2738	12938	128780
2739	12943	128777
2740	12948	128774
2741	12953	128769
2742	12958	128770
2743	12963	128765
2744	12968	128759
2745	12972	128751
2746	12977	128752
2747	12982	128747
2748	12987	128743
2749	12992	128741
2750	12996	128732
2751	13000	128722
2752	13005	128722
2753	13010	128715
2754	13015	128713
2755	13021	128719
2756	13025	128710
2757	13029	128697
2758	13033	128685
2759	13038	128682
2760	13041	128666
2761	13046	128663
2762	13051	128661
2763	13056	128657
2764	13061	128652
2765	13066	128654
2766	13071	128654
2767	13077	128657
2768	13082	128653
2769	13086	128644
2770	13090	128630
2771	13094	128618
2772	13098	128611
2773	13103	128608
2774	13108	128602
2775	13113	128603
2776	13117	128590
2777	13121	128581
2778	13126	128576
2779	13131	128576
2780	13136	128575
2781	13142	128578
2782	13146	128569
2783	13150	128560
2784	13155	128552
2785	13159	128544
2786	13164	128541
2787	13169	128538
2788	13174	128539
2789	13179	128533
2790	13183	128528
2791	13187	128515
2792	13192	128511
2793	13197	128509
2794	13202	128504
2795	13206	128496
2796	13211	128496
2797	13216	128487
2798	13221	128484
2799	13225	128480
2800	13230	128476
2801	13236	128480
2802	13240	128470
2803	13244	128462
2804	13249	128455
2805	13253	128444
2806	13257	128436
2807	13261	128422
2808	13266	128414
2809	13270	128407
2810	13274	128399
2811	13279	128397
2812	13286	128407
2813	13291	128407
2814	13297	128415
2815	13302	128418
2816	13308	128424
2817	13314	128432
2818	13319	128431
2819	13325	128432
2820	13330	128437
2821	13338	128457
2822	13344	128466
2823	13350	128474
2824	13355	128477
2825	13360	128472
2826	13366	128480
2827	13372	128482
2828	13377	128485
2829	13382	128485
2830	13387	128482
2831	13392	128479
2832	13398	128481
2833	13403	128484
2834	13409	128490
2835	13414	128492
2836	13419	128489
2837	13424	128484
2838	13429	128479
2839	13434	128478
2840	13440	128487
2841	13445	128486
2842	13451	128488
2843	13456	128487
2844	13461	128490
2845	13466	128487
2846	13471	128483
2847	13476	128479
2848	13481	128476
2849	13486	128474
2850	13491	128473
2851	13495	128466
2852	13500	128462
2853	13505	128459
2854	13510	128452
2855	13514	128444
2856	13518	128437
2857	13523	128433
2858	13529	128436
2859	13535	128441
2860	13539	128437
2861	13544	128430
2862	13548	128423
2863	13553	128416
2864	13559	128424
2865	13564	128422
2866	13569	128424
2867	13575	128423
2868	13579	128419
2869	13585	128419
2870	13589	128416
2871	13594	128409
2872	13599	128409
2873	13603	128399
2874	13608	128389
2875	13613	128390
2876	13619	128394
2877	13624	128397
2878	13630	128401
2879	13635	128398
2880	13640	128398
2881	13645	128395
2882	13650	128395
2883	13655	128393
2884	13661	128395
2885	13665	128391
2886	13670	128383
2887	13674	128376
2888	13680	128379
2889	13685	128377
2890	13690	128377
2891	13695	128373
2892	13700	128367
2893	13704	128358
2894	13709	128354
2895	13714	128350
2896	13719	128349
2897	13723	128339
2898	13727	128331
2899	13732	128323
2900	13736	128317
2901	13740	128309
2902	13745	128301
2903	13750	128301
2904	13755	128301
2905	13759	128290
2906	13764	128279
2907	13768	128273
2908	13774	128274
2909	13779	128276
2910	13784	128274
2911	13788	128266
2912	13792	128254
2913	13797	128247
2914	13801	128240
2915	13806	128237
2916	13811	128233
2917	13817	128236
2918	13821	128229
2919	13826	128222
2920	13830	128219
2921	13835	128213
2922	13840	128213
2923	13846	128213
2924	13850	128208
2925	13855	128200
2926	13859	128190
2927	13863	128183
2928	13868	128174
2929	13872	128169
2930	13876	128159
2931	13881	128155
2932	13886	128150
2933	13891	128145
2934	13896	128142
2935	13900	128135
2936	13904	128127
2937	13909	128124
2938	13914	128117
2939	13919	128115
2940	13924	128109
2941	13928	128100
2942	13932	128093
2943	13937	128090
2944	13942	128082
2945	13946	128078
2946	13951	128070
2947	13955	128064
2948	13960	128062
2949	13965	128056
2950	13969	128049
2951	13974	128044
2952	13980	128048
2953	13985	128051
2954	13990	128048
2955	13995	128040
2956	13999	128033
2957	14004	128025
2958	14009	128024
2959	14013	128019
2960	14018	128011
2961	14023	128010
2962	14028	128005
2963	14032	127998
2964	14037	127995
2965	14042	127988
2966	14047	127986
2967	14051	127975
2968	14055	127963
2969	14059	127957
2970	14063	127946
2971	14068	127938
2972	14073	127938
2973	14078	127935
2974	14082	127930
2975	14087	127925
2976	14092	127917
2977	14096	127909
2978	14101	127907
2979	14105	127900
2980	14111	127899
2981	14115	127892
2982	14120	127886
2983	14124	127874
2984	14128	127866
2985	14133	127863
2986	14138	127863
2987	14144	127866
2988	14148	127858
2989	14153	127851
2990	14157	127839
2991	14160	127823
2992	14165	127820
2993	14170	127818
2994	14174	127810
2995	14179	127804
2996	14183	127797
2997	14187	127784
2998	14192	127778
2999	14198	127785
3000	14203	127785
3001	14208	127779
3002	14213	127780
3003	14217	127769
3004	14222	127761
3005	14226	127755
3006	14230	127746
3007	14236	127747
3008	14241	127744
3009	14245	127736
3010	14249	127726
3011	14254	127721
3012	14259	127720
3013	14264	127720
3014	14269	127718
3015	14274	127710
3016	14278	127703
3017	14282	127694
3018	14287	127688
3019	14292	127685
3020	14297	127679
3021	14301	127672
3022	14305	127665
3023	14310	127658
3024	14314	127650
3025	14320	127654
3026	14324	127643
3027	14330	127645
3028	14335	127648
3029	14340	127645
3030	14346	127647
3031	14351	127652
3032	14357	127658
3033	14363	127666
3034	14370	127673
3035	14375	127674
3036	14381	127682
3037	14387	127689
3038	14393	127691
3039	14398	127688
3040	14402	127679
3041	14407	127675
3042	14411	127670
3043	14417	127676
3044	14423	127676
3045	14427	127668
3046	14432	127663
3047	14436	127658
3048	14440	127647
3049	14446	127647
3050	14451	127648
3051	14457	127651
3052	14461	127644
3053	14465	127634
3054	14470	127627
3055	14474	127621
3056	14480	127620
3057	14485	127618
3058	14489	127609
3059	14494	127605
3060	14498	127596
3061	14502	127583
3062	14506	127576
3063	14510	127562
3064	14514	127556
3065	14519	127548
3066	14524	127551
3067	14529	127546
3068	14534	127544
3069	14539	127538
3070	14544	127535
3071	14548	127528
3072	14553	127527
3073	14558	127522
3074	14564	127528
3075	14568	127519
3076	14573	127514
3077	14577	127505
3078	14582	127500
3079	14587	127498
3080	14592	127495
3081	14597	127496
3082	14601	127486
3083	14606	127475
3084	14610	127469
3085	14615	127466
3086	14622	127477
3087	14627	127476
3088	14632	127473
3089	14636	127467
3090	14641	127459
3091	14645	127449
3092	14650	127447
3093	14655	127442
3094	14659	127437
3095	14664	127431
3096	14668	127422
3097	14672	127415
3098	14677	127412
3099	14682	127407
3100	14687	127404
3101	14692	127399
3102	14697	127399
3103	14702	127392
3104	14706	127385
3105	14711	127381
3106	14715	127372
3107	14720	127373
3108	14725	127362
3109	14729	127355
3110	14733	127343
3111	14737	127334
3112	14742	127328
3113	14747	127326
3114	14752	127323
3115	14756	127316
3116	14760	127306
3117	14764	127295
3118	14769	127287
3119	14774	127287
3120	14779	127285
3121	14784	127284
3122	14789	127279
3123	14793	127271
3124	14797	127259
3125	14802	127255
3126	14807	127252
3127	14811	127245
3128	14816	127242
3129	14821	127240
3130	14825	127229
3131	14829	127219
3132	14835	127220
3133	14841	127224
3134	14846	127223
3135	14851	127225
3136	14856	127218
3137	14861	127213
3138	14866	127212
3139	14870	127205
3140	14876	127208
3141	14881	127205
3142	14885	127195
3143	14889	127185
3144	14894	127180
3145	14899	127177
3146	14903	127166
3147	14908	127164
3148	14912	127156
3149	14917	127151
3150	14921	127144
3151	14926	127142
3152	14931	127139
3153	14936	127134
3154	14941	127129
3155	14945	127121
3156	14949	127107
3157	14952	127095
3158	14957	127086
3159	14961	127082
3160	14966	127078
3161	14972	127080
3162	14976	127074
3163	14981	127064
3164	14985	127059
3165	14990	127057
3166	14995	127049
3167	15000	127048
3168	15004	127039
3169	15009	127034
3170	15013	127029
3171	15019	127027
3172	15023	127022
3173	15029	127025
3174	15034	127024
3175	15038	127016
3176	15043	127010
3177	15047	126999
3178	15051	126991
3179	15057	126992
3180	15063	126998
3181	15068	126995
3182	15072	126988
3183	15077	126985
3184	15081	126975
3185	15087	126977
3186	15091	126965
3187	15095	126957
3188	15100	126951
3189	15104	126945
3190	15108	126936
3191	15113	126927
3192	15117	126919
3193	15122	126914
3194	15126	126904
3195	15130	126896
3196	15135	126890
3197	15140	126893
3198	15145	126891
3199	15149	126880
3200	15154	126873
3201	15158	126862
3202	15162	126854
3203	15167	126848
3204	15172	126844
3205	15176	126841
3206	15181	126836
3207	15186	126829
3208	15190	126820
3209	15195	126816
3210	15199	126810
3211	15205	126809
3212	15209	126801
3213	15213	126793
3214	15218	126786
3215	15222	126779
3216	15227	126774
3217	15232	126774
3218	15236	126765
3219	15241	126756
3220	15245	126748
3221	15249	126738
3222	15253	126728
3223	15258	126723
3224	15264	126728
3225	15269	126724
3226	15273	126715
3227	15277	126709
3228	15281	126698
3229	15286	126691
3230	15291	126694
3231	15297	126693
3232	15302	126690
3233	15306	126684
3234	15310	126676
3235	15314	126665
3236	15320	126665
3237	15324	126656
3238	15329	126654
3239	15334	126652
3240	15339	126647
3241	15343	126635
3242	15347	126631
3243	15353	126630
3244	15358	126629
3245	15362	126619
3246	15367	126616
3247	15372	126611
3248	15377	126613
3249	15383	126613
3250	15387	126607
3251	15392	126608
3252	15398	126610
3253	15403	126611
3254	15409	126609
3255	15414	126614
3256	15420	126615
3257	15425	126614
3258	15430	126611
3259	15434	126604
3260	15439	126596
3261	15444	126592
3262	15448	126587
3263	15453	126586
3264	15458	126583
3265	15463	126578
3266	15468	126572
3267	15472	126564
3268	15478	126566
3269	15483	126568
3270	15488	126561
3271	15492	126550
3272	15496	126540
3273	15500	126535
3274	15505	126528
3275	15509	126515
3276	15514	126514
3277	15519	126514
3278	15525	126519
3279	15530	126513
3280	15534	126508
3281	15539	126507
3282	15544	126502
3283	15550	126508
3284	15555	126502
3285	15560	126497
3286	15564	126490
3287	15570	126493
3288	15575	126493
3289	15581	126495
3290	15585	126492
3291	15590	126486
3292	15595	126482
3293	15600	126477
3294	15604	126471
3295	15610	126471
3296	15615	126469
3297	15619	126464
3298	15624	126455
3299	15627	126442
3300	15632	126434
3301	15635	126422
3302	15641	126421
3303	15645	126412
3304	15649	126407
3305	15654	126401
3306	15659	126395
3307	15663	126386
3308	15668	126381
3309	15673	126383
3310	15678	126377
3311	15682	126371
3312	15686	126359
3313	15690	126348
3314	15695	126348
3315	15700	126345
3316	15706	126346
3317	15710	126339
3318	15714	126329
3319	15719	126321
3320	15724	126318
3321	15729	126315
3322	15734	126313
3323	15738	126307
3324	15742	126297
3325	15747	126290
3326	15751	126280
3327	15755	126271
3328	15759	126262
3329	15763	126253
3330	15768	126245
3331	15772	126239
3332	15779	126246
3333	15783	126238
3334	15787	126230
3335	15791	126220
3336	15796	126213
3337	15800	126203
3338	15804	126198
3339	15810	126196
3340	15815	126195
3341	15819	126187
3342	15824	126181
3343	15828	126175
3344	15833	126169
3345	15838	126165
3346	15843	126163
3347	15848	126164
3348	15853	126161
3349	15858	126154
3350	15862	126144
3351	15866	126140
3352	15870	126130
3353	15876	126130
3354	15880	126119
3355	15885	126114
3356	15889	126107
3357	15893	126097
3358	15898	126096
3359	15904	126098
3360	15909	126101
3361	15914	126092
3362	15917	126079
3363	15922	126072
3364	15926	126062
3365	15931	126058
3366	15936	126057
3367	15940	126049
3368	15945	126043
3369	15950	126039
3370	15954	126031
3371	15958	126020
3372	15962	126011
3373	15966	126002
3374	15972	126004
3375	15976	125998
3376	15981	125988
3377	15985	125980
3378	15990	125976
3379	15995	125979
3380	16000	125976
3381	16005	125973
3382	16010	125970
3383	16014	125960
3384	16018	125950
3385	16023	125944
3386	16027	125935
3387	16032	125934
3388	16037	125930
3389	16042	125925
3390	16046	125915
3391	16050	125908
3392	16055	125899
3393	16060	125896
3394	16064	125887
3395	16068	125881
3396	16073	125875
3397	16077	125864
3398	16081	125856
3399	16086	125853
3400	16091	125848
3401	16095	125843
3402	16100	125838
3403	16105	125831
3404	16109	125823
3405	16113	125816
3406	16119	125821
3407	16125	125822
3408	16129	125812
3409	16132	125799
3410	16137	125793
3411	16142	125787
3412	16147	125790
3413	16152	125786
3414	16158	125787
3415	16163	125784
3416	16167	125775
3417	16171	125769
3418	16176	125766
3419	16181	125762
3420	16186	125760
3421	16191	125756
3422	16196	125750
3423	16200	125742
3424	16204	125733
3425	16209	125727
3426	16213	125716
3427	16218	125719
3428	16223	125718
3429	16227	125707
3430	16232	125699
3431	16236	125689
3432	16240	125682
3433	16245	125678
3434	16249	125669
3435	16254	125665
3436	16259	125664
3437	16264	125659
3438	16268	125652
3439	16274	125653
3440	16279	125652
3441	16285	125654
3442	16289	125644
3443	16293	125636
3444	16298	125629
3445	16303	125627
3446	16307	125616
3447	16311	125613
3448	16316	125610
3449	16320	125597
3450	16325	125592
3451	16329	125585
3452	16333	125576
3453	16339	125580
3454	16343	125570
3455	16348	125569
3456	16353	125566
3457	16358	125558
3458	16362	125551
3459	16367	125545
3460	16371	125540
3461	16376	125537
3462	16381	125534
3463	16386	125530
3464	16391	125527
3465	16396	125522
3466	16400	125516
3467	16404	125505
3468	16410	125506
3469	16415	125506
3470	16421	125510
3471	16427	125516
3472	16432	125512
3473	16437	125512
3474	16443	125512
3475	16449	125518
3476	16455	125523
3477	16460	125521
3478	16465	125520
3479	16470	125514
3480	16475	125511
3481	16479	125503
3482	16484	125501
3483	16489	125501
3484	16494	125492
3485	16499	125492
3486	16504	125488
3487	16509	125485
3488	16514	125481
3489	16519	125478
3490	16523	125473
3491	16528	125468
3492	16532	125457
3493	16537	125457
3494	16544	125464
3495	16549	125463
3496	16554	125461
3497	16558	125455
3498	16563	125447
3499	16567	125441
3500	16572	125438
3501	16578	125439
3502	16583	125441
3503	16588	125436
3504	16592	125424
3505	16596	125419
3506	16601	125413
3507	16606	125409
3508	16611	125407
3509	16615	125400
3510	16620	125394
3511	16624	125384
3512	16628	125373
3513	16632	125367
3514	16638	125365
3515	16642	125360
3516	16647	125357
3517	16652	125349
3518	16656	125339
3519	16660	125331
3520	16665	125328
3521	16670	125327
3522	16675	125320
3523	16679	125316
3524	16684	125312
3525	16688	125304
3526	16693	125300
3527	16699	125300
3528	16706	125311
3529	16710	125305
3530	16715	125301
3531	16719	125294
3532	16724	125292
3533	16729	125289
3534	16734	125283
3535	16739	125280
3536	16743	125273
3537	16747	125262
3538	16751	125250
3539	16756	125248
3540	16762	125250
3541	16767	125247
3542	16772	125245
3543	16776	125237
3544	16780	125228
3545	16785	125220
3546	16789	125215
3547	16794	125214
3548	16799	125208
3549	16804	125203
3550	16808	125195
3551	16813	125191
3552	16817	125185
3553	16823	125183
3554	16827	125179
3555	16832	125174
3556	16837	125173
3557	16841	125163
3558	16845	125153
3559	16850	125145
3560	16854	125140
3561	16859	125135
3562	16863	125125
3563	16868	125122
3564	16872	125114
3565	16877	125107
3566	16881	125101
3567	16887	125100
3568	16891	125095
3569	16896	125089
3570	16900	125083
3571	16905	125074
3572	16909	125067
3573	16914	125065
3574	16918	125056
3575	16924	125058
3576	16928	125050
3577	16933	125043
3578	16937	125036
3579	16941	125028
3580	16946	125025
3581	16952	125024
3582	16957	125026
3583	16961	125018
3584	16966	125011
3585	16970	125003
3586	16975	124999
3587	16981	125003
3588	16986	124998
3589	16990	124994
3590	16995	124988
3591	16999	124980
3592	17004	124972
3593	17008	124965
3594	17012	124958
3595	17016	124947
3596	17021	124939
3597	17026	124939
3598	17031	124938
3599	17036	124936
3600	17041	124930
3601	17045	124922
3602	17050	124915
3603	17054	124911
3604	17060	124909
3605	17064	124906
3606	17069	124901
3607	17073	124891
3608	17077	124881
3609	17081	124867
3610	17086	124867
3611	17090	124858
3612	17096	124859
3613	17101	124856
3614	17105	124847
3615	17109	124838
3616	17113	124829
3617	17118	124826
3618	17122	124815
3619	17127	124816
3620	17132	124810
3621	17136	124799
3622	17140	124789
3623	17144	124781
3624	17149	124775
3625	17154	124773
3626	17159	124773
3627	17164	124765
3628	17168	124758
3629	17172	124752
3630	17177	124745
3631	17183	124749
3632	17189	124752
3633	17194	124750
3634	17198	124743
3635	17203	124738
3636	17207	124730
3637	17212	124725
3638	17218	124727
3639	17223	124726
3640	17228	124723
3641	17232	124716
3642	17237	124711
3643	17241	124704
3644	17246	124702
3645	17252	124702
3646	17256	124694
3647	17261	124688
3648	17265	124681
3649	17269	124672
3650	17274	124666
3651	17278	124660
3652	17283	124659
3653	17288	124655
3654	17293	124647
3655	17298	124645
3656	17302	124640
3657	17307	124633
3658	17312	124635
3659	17318	124634
3660	17322	124626
3661	17327	124620
3662	17331	124610
3663	17336	124608
3664	17339	124594
3665	17344	124593
3666	17349	124591
3667	17353	124581
3668	17359	124578
3669	17363	124575
3670	17368	124571
3671	17372	124562
3672	17378	124562
3673	17382	124556
3674	17386	124545
3675	17391	124538
3676	17395	124528
3677	17400	124528
3678	17406	124532
3679	17412	124534
3680	17417	124536
3681	17423	124535
3682	17428	124534
3683	17432	124528
3684	17437	124522
3685	17442	124516
3686	17446	124509
3687	17451	124508
3688	17456	124506
3689	17461	124504
3690	17467	124506
3691	17475	124523
3692	17481	124526
3693	17486	124529
3694	17492	124532
3695	17499	124539
3696	17505	124547
3697	17510	124546
3698	17515	124543
3699	17520	124540
3700	17526	124541
3701	17531	124542
3702	17536	124538
3703	17541	124535
3704	17545	124526
3705	17549	124514
3706	17555	124514
3707	17559	124508
3708	17564	124506
3709	17570	124506
3710	17574	124502
3711	17579	124498
3712	17584	124494
3713	17589	124486
3714	17594	124487
3715	17598	124478
3716	17603	124473
3717	17608	124469
3718	17612	124460
3719	17616	124453
3720	17620	124445
3721	17625	124436
3722	17629	124427
3723	17634	124425
3724	17640	124429
3725	17645	124424
3726	17650	124421
3727	17654	124415
3728	17658	124405
3729	17663	124398
3730	17668	124395
3731	17673	124394
3732	17677	124387
3733	17682	124381
3734	17686	124371
3735	17690	124362
3736	17694	124357
3737	17699	124354
3738	17704	124348
3739	17708	124341
3740	17713	124337
3741	17718	124331
3742	17722	124326
3743	17727	124319
3744	17732	124313
3745	17736	124309
3746	17741	124303
3747	17745	124297
3748	17750	124289
3749	17754	124283
3750	17759	124279
3751	17764	124275
3752	17769	124275
3753	17774	124268
3754	17778	124260
3755	17781	124245
3756	17786	124238
3757	17791	124236
3758	17796	124231
3759	17800	124226
3760	17805	124222
3761	17810	124216
3762	17814	124210
3763	17819	124205
3764	17824	124204
3765	17829	124202
3766	17834	124197
3767	17838	124186
3768	17842	124178
3769	17846	124171
3770	17852	124169
3771	17856	124164
3772	17861	124160
3773	17866	124157
3774	17870	124145
3775	17874	124136
3776	17878	124128
3777	17883	124124
3778	17887	124114
3779	17893	124114
3780	17897	124110
3781	17901	124100
3782	17906	124093
3783	17910	124085
3784	17915	124082
3785	17920	124080
3786	17924	124073
3787	17929	124069
3788	17934	124062
3789	17938	124056
3790	17944	124057
3791	17949	124058
3792	17954	124056
3793	17959	124052
3794	17965	124054
3795	17970	124051
3796	17974	124042
3797	17979	124037
3798	17983	124026
3799	17988	124026
3800	17993	124022
3801	17998	124018
3802	18002	124010
3803	18007	124009
3804	18012	124001
3805	18017	124001
3806	18021	123994
3807	18025	123984
3808	18029	123974
3809	18034	123970
3810	18040	123971
3811	18046	123976
3812	18051	123976
3813	18056	123971
3814	18060	123965
3815	18065	123962
3816	18070	123957
3817	18075	123955
3818	18080	123952
3819	18084	123943
3820	18089	123934
3821	18093	123927
3822	18098	123924
3823	18103	123921
3824	18107	123911
3825	18112	123907
3826	18117	123903
3827	18121	123899
3828	18126	123892
3829	18129	123879
3830	18134	123874
3831	18138	123867
3832	18144	123870
3833	18149	123863
3834	18153	123857
3835	18158	123849
3836	18162	123842
3837	18167	123837
3838	18172	123835
3839	18176	123828
3840	18181	123822
3841	18185	123817
3842	18190	123810
3843	18194	123804
3844	18199	123800
3845	18204	123797
3846	18209	123790
3847	18213	123783
3848	18218	123779
3849	18222	123771
3850	18227	123769
3851	18233	123769
3852	18238	123771
3853	18243	123767
3854	18248	123761
3855	18252	123754
3856	18256	123746
3857	18260	123736
3858	18264	123726
3859	18268	123718
3860	18273	123710
3861	18279	123712
3862	18283	123708
3863	18288	123701
3864	18292	123690
3865	18296	123685
3866	18301	123678
3867	18305	123671
3868	18310	123665
3869	18315	123662
3870	18319	123654
3871	18323	123648
3872	18328	123639
3873	18332	123632
3874	18337	123628
3875	18341	123622
3876	18347	123621
3877	18351	123613
3878	18356	123610
3879	18360	123603
3880	18364	123594
3881	18369	123591
3882	18373	123581
3883	18378	123576
3884	18382	123569
3885	18387	123562
3886	18391	123555
3887	18395	123542
3888	18400	123540
3889	18404	123534
3890	18409	123530
3891	18414	123525
3892	18418	123517
3893	18422	123509
3894	18426	123498
3895	18431	123494
3896	18436	123491
3897	18441	123486
3898	18445	123480
3899	18449	123472
3900	18455	123470
3901	18459	123464
3902	18465	123470
3903	18470	123463
3904	18475	123460
3905	18480	123457
3906	18484	123451
3907	18489	123447
3908	18495	123450
3909	18501	123453
3910	18506	123451
3911	18512	123452
3912	18518	123457
3913	18523	123458
3914	18529	123459
3915	18535	123461
3916	18541	123463
3917	18546	123464
3918	18551	123463
3919	18557	123464
3920	18562	123462
3921	18567	123459
3922	18572	123453
3923	18577	123449
3924	18581	123442
3925	18586	123437
3926	18590	123431
3927	18595	123428
3928	18600	123423
3929	18604	123416
3930	18609	123409
3931	18613	123401
3932	18617	123393
3933	18622	123392
3934	18628	123392
3935	18632	123384
3936	18637	123378
3937	18641	123371
3938	18646	123366
3939	18650	123360
3940	18654	123351
3941	18660	123352
3942	18665	123347
3943	18669	123339
3944	18673	123333
3945	18678	123330
3946	18685	123334
3947	18689	123329
3948	18694	123322
3949	18698	123316
3950	18702	123307
3951	18707	123300
3952	18711	123295
3953	18716	123292
3954	18722	123290
3955	18726	123285
3956	18730	123275
3957	18735	123271
3958	18739	123264
3959	18744	123261
3960	18749	123255
3961	18755	123256
3962	18759	123247
3963	18763	123237
3964	18767	123228
3965	18771	123220
3966	18776	123215
3967	18780	123207
3968	18784	123202
3969	18789	123196
3970	18794	123191
3971	18798	123185
3972	18803	123178
3973	18807	123170
3974	18811	123162
3975	18816	123159
3976	18821	123154
3977	18825	123146
3978	18830	123144
3979	18835	123138
3980	18839	123133
3981	18845	123134
3982	18850	123130
3983	18854	123121
3984	18859	123116
3985	18863	123108
3986	18867	123101
3987	18872	123095
3988	18876	123086
3989	18879	123074
3990	18884	123065
3991	18888	123060
3992	18893	123057
3993	18898	123054
3994	18903	123050
3995	18907	123043
3996	18912	123036
3997	18917	123033
3998	18922	123034
3999	18927	123031
4000	18932	123022
4001	18936	123017
4002	18941	123011
4003	18945	123002
4004	18949	122996
4005	18954	122994
4006	18959	122989
4007	18964	122987
4008	18969	122981
4009	18974	122977
4010	18978	122970
4011	18983	122969
4012	18988	122964
4013	18992	122954
4014	18997	122949
4015	19001	122942
4016	19005	122935
4017	19010	122932
4018	19015	122929
4019	19020	122923
4020	19024	122916
4021	19029	122910
4022	19033	122904
4023	19037	122894
4024	19042	122889
4025	19046	122879
4026	19050	122872
4027	19055	122868
4028	19060	122863
4029	19065	122858
4030	19069	122849
4031	19074	122846
4032	19078	122839
4033	19083	122836
4034	19088	122833
4035	19092	122825
4036	19096	122816
4037	19101	122809
4038	19106	122809
4039	19111	122807
4040	19116	122801
4041	19120	122795
4042	19125	122791
4043	19129	122783
4044	19134	122778
4045	19139	122776
4046	19144	122771
4047	19149	122765
4048	19153	122756
4049	19157	122749
4050	19161	122738
4051	19166	122735
4052	19170	122725
4053	19174	122719
4054	19179	122712
4055	19183	122704
4056	19186	122693
4057	19191	122687
4058	19195	122677
4059	19199	122671
4060	19205	122669
4061	19210	122666
4062	19214	122660
4063	19219	122656
4064	19224	122652
4065	19228	122646
4066	19233	122641
4067	19238	122637
4068	19242	122631
4069	19247	122625
4070	19251	122618
4071	19256	122611
4072	19260	122604
4073	19265	122600
4074	19270	122597
4075	19275	122592
4076	19279	122584
4077	19283	122576
4078	19287	122569
4079	19292	122565
4080	19297	122559
4081	19301	122554
4082	19306	122547
4083	19310	122539
4084	19314	122531
4085	19319	122524
4086	19324	122525
4087	19329	122520
4088	19334	122517
4089	19339	122512
4090	19343	122507
4091	19347	122497
4092	19352	122491
4093	19357	122491
4094	19363	122496
4095	19367	122485
4096	19372	122478
4097	19376	122473
4098	19380	122463
4099	19385	122462
4100	19390	122456
4101	19395	122452
4102	19399	122445
4103	19404	122440
4104	19408	122434
4105	19412	122424
4106	19417	122419
4107	19422	122418
4108	19427	122413
4109	19432	122412
4110	19437	122408
4111	19442	122401
4112	19446	122397
4113	19452	122397
4114	19456	122389
4115	19461	122386
4116	19466	122380
4117	19470	122374
4118	19475	122369
4119	19480	122369
4120	19485	122366
4121	19491	122365
4122	19494	122354
4123	19499	122349
4124	19503	122342
4125	19508	122335
4126	19512	122325
4127	19516	122319
4128	19521	122312
4129	19525	122308
4130	19530	122302
4131	19535	122299
4132	19540	122294
4133	19543	122283
4134	19548	122279
4135	19553	122278
4136	19561	122291
4137	19567	122293
4138	19572	122292
4139	19577	122289
4140	19583	122289
4141	19589	122295
4142	19595	122296
4143	19601	122300
4144	19605	122293
4145	19610	122288
4146	19615	122284
4147	19620	122283
4148	19625	122278
4149	19630	122276
4150	19634	122268
4151	19639	122262
4152	19643	122253
4153	19647	122245
4154	19652	122241
4155	19657	122238
4156	19661	122232
4157	19666	122226
4158	19671	122223
4159	19675	122217
4160	19680	122213
4161	19685	122206
4162	19690	122205
4163	19694	122199
4164	19699	122193
4165	19704	122188
4166	19708	122181
4167	19713	122175
4168	19717	122170
4169	19723	122169
4170	19727	122162
4171	19732	122158
4172	19736	122152
4173	19741	122146
4174	19746	122147
4175	19750	122136
4176	19755	122131
4177	19759	122125
4178	19763	122114
4179	19767	122104
4180	19771	122098
4181	19777	122097
4182	19782	122098
4183	19787	122093
4184	19792	122086
4185	19796	122079
4186	19800	122070
4187	19804	122063
4188	19809	122060
4189	19815	122059
4190	19819	122054
4191	19824	122047
4192	19828	122039
4193	19832	122031
4194	19837	122026
4195	19841	122018
4196	19846	122015
4197	19851	122011
4198	19855	122001
4199	19859	121994
4200	19863	121986
4201	19868	121983
4202	19873	121981
4203	19878	121975
4204	19882	121968
4205	19886	121959
4206	19891	121955
4207	19896	121952
4208	19901	121949
4209	19906	121942
4210	19910	121938
4211	19915	121930
4212	19919	121925
4213	19924	121918
4214	19928	121914
4215	19933	121910
4216	19938	121907
4217	19944	121906
4218	19948	121899
4219	19953	121896
4220	19958	121891
4221	19963	121889
4222	19967	121881
4223	19972	121878
4224	19977	121872
4225	19981	121866
4226	19986	121861
4227	19990	121852
4228	19995	121852
4229	20000	121849
4230	20006	121849
4231	20011	121844
4232	20015	121837
4233	20020	121833
4234	20024	121826
4235	20029	121825
4236	20034	121818
4237	20038	121807
4238	20042	121800
4239	20046	121792
4240	20051	121788
4241	20056	121784
4242	20061	121779
4243	20066	121779
4244	20071	121773
4245	20075	121767
4246	20079	121759
4247	20084	121753
4248	20089	121749
4249	20093	121741
4250	20098	121740
4251	20102	121733
4252	20107	121725
4253	20111	121720
4254	20116	121716
4255	20121	121709
4256	20125	121703
4257	20130	121697
4258	20135	121694
4259	20139	121690
4260	20144	121687
4261	20149	121680
4262	20153	121674
4263	20158	121669
4264	20162	121661
4265	20167	121658
4266	20173	121658
4267	20177	121653
4268	20182	121647
4269	20187	121645
4270	20192	121639
4271	20196	121633
4272	20203	121638
4273	20208	121636
4274	20212	121629
4275	20217	121628
4276	20223	121628
4277	20228	121624
4278	20233	121623
4279	20239	121623
4280	20244	121621
4281	20249	121619
4282	20253	121612
4283	20257	121604
4284	20262	121601
4285	20267	121597
4286	20272	121594
4287	20278	121592
4288	20282	121587
4289	20287	121582
4290	20292	121578
4291	20296	121570
4292	20301	121568
4293	20306	121564
4294	20311	121562
4295	20315	121555
4296	20320	121549
4297	20325	121543
4298	20330	121544
4299	20335	121539
4300	20340	121535
4301	20344	121528
4302	20348	121519
4303	20352	121512
4304	20357	121509
4305	20362	121502
4306	20366	121495
4307	20371	121490
4308	20375	121484
4309	20380	121477
4310	20385	121474
4311	20390	121470
4312	20394	121466
4313	20400	121464
4314	20404	121457
4315	20409	121454
4316	20413	121447
4317	20418	121444
4318	20425	121449
4319	20431	121455
4320	20436	121453
4321	20441	121445
4322	20445	121437
4323	20450	121433
4324	20455	121433
4325	20461	121432
4326	20465	121429
4327	20470	121422
4328	20474	121416
4329	20480	121415
4330	20485	121411
4331	20489	121406
4332	20494	121402
4333	20499	121395
4334	20503	121387
4335	20508	121384
4336	20513	121385
4337	20518	121381
4338	20523	121378
4339	20527	121370
4340	20532	121362
4341	20536	121353
4342	20539	121343
4343	20544	121337
4344	20550	121338
4345	20555	121339
4346	20560	121332
4347	20564	121325
4348	20569	121319
4349	20573	121313
4350	20577	121303
4351	20583	121305
4352	20588	121302
4353	20593	121301
4354	20598	121298
4355	20604	121297
4356	20609	121297
4357	20615	121298
4358	20620	121296
4359	20625	121295
4360	20631	121297
4361	20637	121301
4362	20643	121301
4363	20648	121300
4364	20653	121293
4365	20657	121286
4366	20662	121282
4367	20667	121279
4368	20672	121274
4369	20676	121270
4370	20681	121264
4371	20685	121254
4372	20690	121249
4373	20694	121244
4374	20699	121241
4375	20704	121236
4376	20709	121234
4377	20714	121229
4378	20718	121223
4379	20723	121219
4380	20727	121211
4381	20732	121205
4382	20738	121206
4383	20742	121198
4384	20746	121193
4385	20750	121184
4386	20755	121176
4387	20759	121166
4388	20762	121156
4389	20767	121152
4390	20772	121148
4391	20777	121143
4392	20782	121139
4393	20787	121138
4394	20791	121132
4395	20796	121126
4396	20800	121119
4397	20805	121114
4398	20810	121110
4399	20815	121110
4400	20820	121105
4401	20825	121099
4402	20829	121092
4403	20834	121087
4404	20838	121082
4405	20844	121086
4406	20850	121086
4407	20854	121079
4408	20858	121070
4409	20863	121062
4410	20867	121053
4411	20871	121048
4412	20876	121045
4413	20881	121040
4414	20886	121037
4415	20891	121033
4416	20895	121027
4417	20899	121017
4418	20903	121010
4419	20909	121008
4420	20913	121003
4421	20918	120998
4422	20923	120992
4423	20927	120985
4424	20932	120983
4425	20937	120981
4426	20943	120979
4427	20946	120969
4428	20951	120962
4429	20955	120953
4430	20959	120946
4431	20964	120944
4432	20969	120937
4433	20974	120935
4434	20979	120930
4435	20983	120924
4436	20987	120914
4437	20991	120906
4438	20996	120904
4439	21001	120898
4440	21006	120895
4441	21010	120889
4442	21014	120880
4443	21018	120872
4444	21022	120863
4445	21027	120858
4446	21032	120852
4447	21037	120850
4448	21042	120848
4449	21047	120844
4450	21051	120839
4451	21056	120833
4452	21061	120831
4453	21066	120827
4454	21071	120822
4455	21074	120810
4456	21079	120804
4457	21083	120799
4458	21088	120795
4459	21093	120791
4460	21098	120787
4461	21103	120786
4462	21107	120778
4463	21112	120771
4464	21116	120763
4465	21121	120762
4466	21126	120757
4467	21131	120756
4468	21136	120749
4469	21140	120743
4470	21144	120734
4471	21148	120726
4472	21153	120721
4473	21158	120716
4474	21163	120712
4475	21167	120707
4476	21172	120703
4477	21176	120693
4478	21181	120688
4479	21185	120683
4480	21190	120681
4481	21195	120673
4482	21199	120669
4483	21204	120661
4484	21207	120651
4485	21213	120650
4486	21217	120639
4487	21222	120637
4488	21226	120630
4489	21231	120626
4490	21235	120618
4491	21239	120608
4492	21243	120601
4493	21248	120595
4494	21251	120584
4495	21256	120582
4496	21262	120579
4497	21266	120571
4498	21270	120566
4499	21275	120563
4500	21281	120561
4501	21286	120560
4502	21291	120557
4503	21295	120550
4504	21299	120541
4505	21304	120535
4506	21309	120531
4507	21313	120523
4508	21318	120520
4509	21322	120511
4510	21326	120505
4511	21331	120499
4512	21334	120488
4513	21339	120481
4514	21344	120478
4515	21349	120473
4516	21353	120468
4517	21357	120460
4518	21362	120454
4519	21366	120446
4520	21370	120439
4521	21376	120437
4522	21380	120433
4523	21385	120430
4524	21390	120425
4525	21395	120422
4526	21400	120417
4527	21404	120412
4528	21408	120403
4529	21413	120399
4530	21419	120399
4531	21424	120396
4532	21429	120393
4533	21434	120390
4534	21438	120383
4535	21443	120380
4536	21448	120377
4537	21452	120368
4538	21458	120368
4539	21463	120366
4540	21468	120359
4541	21472	120355
4542	21477	120350
4543	21482	120347
4544	21489	120352
4545	21494	120351
4546	21498	120344
4547	21502	120335
4548	21507	120330
4549	21512	120328
4550	21518	120328
4551	21523	120326
4552	21527	120321
4553	21532	120313
4554	21536	120306
4555	21541	120302
4556	21546	120298
4557	21551	120295
4558	21555	120290
4559	21561	120288
4560	21565	120280
4561	21569	120274
4562	21574	120269
4563	21578	120261
4564	21584	120263
4565	21589	120257
4566	21593	120251
4567	21597	120243
4568	21602	120236
4569	21606	120232
4570	21611	120224
4571	21616	120222
4572	21621	120219
4573	21626	120216
4574	21631	120213
4575	21637	120216
4576	21643	120219
4577	21649	120221
4578	21654	120220
4579	21660	120219
4580	21665	120215
4581	21671	120218
4582	21677	120222
4583	21683	120223
4584	21688	120221
4585	21693	120216
4586	21698	120212
4587	21703	120212
4588	21708	120209
4589	21713	120204
4590	21717	120196
4591	21722	120190
4592	21726	120184
4593	21731	120181
4594	21737	120181
4595	21741	120176
4596	21746	120171
4597	21751	120166
4598	21755	120159
4599	21759	120152
4600	21764	120148
4601	21769	120142
4602	21773	120136
4603	21778	120133
4604	21783	120127
4605	21787	120122
4606	21792	120116
4607	21797	120114
4608	21802	120108
4609	21807	120104
4610	21811	120099
4611	21816	120095
4612	21821	120089
4613	21826	120087
4614	21831	120086
4615	21836	120083
4616	21840	120072
4617	21845	120067
4618	21849	120060
4619	21853	120051
4620	21858	120050
4621	21863	120047
4622	21868	120043
4623	21873	120039
4624	21877	120032
4625	21881	120023
4626	21887	120022
4627	21892	120018
4628	21897	120016
4629	21901	120007
4630	21905	120001
4631	21910	119996
4632	21915	119991
4633	21920	119991
4634	21925	119987
4635	21930	119982
4636	21934	119975
4637	21938	119968
4638	21943	119961
4639	21947	119957
4640	21952	119950
4641	21957	119947
4642	21962	119944
4643	21967	119938
4644	21971	119935
4645	21976	119929
4646	21981	119925
4647	21985	119919
4648	21991	119919
4649	21995	119912
4650	22000	119907
4651	22004	119901
4652	22009	119894
4653	22013	119889
4654	22018	119881
4655	22022	119874
4656	22027	119870
4657	22031	119865
4658	22037	119864
4659	22042	119860
4660	22046	119855
4661	22051	119849
4662	22055	119843
4663	22060	119840
4664	22065	119832
4665	22070	119833
4666	22075	119828
4667	22079	119820
4668	22083	119813
4669	22089	119811
4670	22093	119806
4671	22098	119802
4672	22103	119798
4673	22108	119796
4674	22113	119790
4675	22117	119784
4676	22123	119783
4677	22128	119783
4678	22133	119777
4679	22138	119773
4680	22143	119769
4681	22147	119764
4682	22152	119760
4683	22157	119758
4684	22162	119754
4685	22167	119750
4686	22171	119743
4687	22176	119737
4688	22181	119733
4689	22185	119726
4690	22189	119720
4691	22195	119720
4692	22200	119715
4693	22204	119708
4694	22209	119703
4695	22213	119695
4696	22217	119687
4697	22222	119685
4698	22227	119681
4699	22232	119674
4700	22236	119665
4701	22240	119659
4702	22245	119656
4703	22250	119652
4704	22254	119646
4705	22259	119642
4706	22264	119636
4707	22268	119631
4708	22273	119627
4709	22278	119623
4710	22283	119618
4711	22288	119615
4712	22293	119612
4713	22297	119605
4714	22301	119596
4715	22306	119594
4716	22312	119594
4717	22317	119592
4718	22323	119590
4719	22328	119587
4720	22332	119581
4721	22336	119574
4722	22343	119578
4723	22348	119576
4724	22353	119575
4725	22358	119569
4726	22363	119566
4727	22369	119567
4728	22374	119566
4729	22379	119564
4730	22384	119558
4731	22388	119549
4732	22393	119544
4733	22397	119540
4734	22402	119536
4735	22407	119533
4736	22413	119533
4737	22418	119529
4738	22423	119525
4739	22428	119522
4740	22433	119520
4741	22438	119517
4742	22443	119514
4743	22449	119513
4744	22453	119509
4745	22458	119506
4746	22462	119497
4747	22467	119494
4748	22473	119492
4749	22478	119489
4750	22482	119483
4751	22487	119476
4752	22492	119474
4753	22497	119470
4754	22501	119465
4755	22507	119465
4756	22512	119464
4757	22517	119457
4758	22521	119451
4759	22526	119447
4760	22530	119441
4761	22535	119436
4762	22540	119431
4763	22544	119425
4764	22549	119418
4765	22553	119410
4766	22557	119403
4767	22563	119407
4768	22569	119407
4769	22574	119403
4770	22578	119396
4771	22583	119390
4772	22587	119381
4773	22592	119378
4774	22596	119370
4775	22601	119370
4776	22607	119367
4777	22612	119364
4778	22616	119359
4779	22621	119354
4780	22625	119348
4781	22631	119345
4782	22635	119340
4783	22640	119333
4784	22645	119330
4785	22649	119324
4786	22653	119316
4787	22657	119309
4788	22662	119304
4789	22666	119297
4790	22671	119293
4791	22676	119290
4792	22682	119289
4793	22687	119288
4794	22693	119290
4795	22699	119290
4796	22704	119287
4797	22710	119288
4798	22715	119285
4799	22721	119288
4800	22727	119291
4801	22733	119290
4802	22739	119291
4803	22744	119289
4804	22748	119283
4805	22753	119279
4806	22757	119271
4807	22762	119268
4808	22768	119267
4809	22773	119264
4810	22778	119259
4811	22782	119253
4812	22786	119246
4813	22790	119237
4814	22795	119234
4815	22800	119231
4816	22806	119228
4817	22810	119220
4818	22815	119216
4819	22819	119211
4820	22825	119210
4821	22830	119206
4822	22835	119205
4823	22840	119201
4824	22844	119196
4825	22849	119189
4826	22853	119183
4827	22858	119180
4828	22864	119178
4829	22868	119172
4830	22873	119167
4831	22877	119158
4832	22881	119152
4833	22886	119146
4834	22891	119144
4835	22896	119143
4836	22901	119137
4837	22905	119131
4838	22909	119121
4839	22913	119114
4840	22918	119110
4841	22923	119104
4842	22927	119098
4843	22932	119095
4844	22937	119092
4845	22942	119085
4846	22946	119079
4847	22951	119076
4848	22956	119072
4849	22961	119070
4850	22966	119065
4851	22970	119058
4852	22975	119050
4853	22980	119047
4854	22985	119047
4855	22990	119042
4856	22994	119034
4857	22998	119028
4858	23003	119020
4859	23007	119015
4860	23012	119010
4861	23016	119002
4862	23021	119000
4863	23026	118997
4864	23030	118988
4865	23034	118980
4866	23039	118976
4867	23044	118972
4868	23049	118968
4869	23054	118966
4870	23059	118964
4871	23064	118956
4872	23068	118949
4873	23072	118942
4874	23078	118941
4875	23082	118936
4876	23087	118933
4877	23093	118931
4878	23097	118923
4879	23101	118915
4880	23106	118914
4881	23110	118906
4882	23115	118902
4883	23121	118900
4884	23126	118896
4885	23130	118890
4886	23134	118884
4887	23139	118879
4888	23143	118872
4889	23149	118871
4890	23154	118866
4891	23158	118859
4892	23161	118848
4893	23167	118846
4894	23171	118840
4895	23176	118837
4896	23181	118834
4897	23186	118828
4898	23190	118822
4899	23195	118819
4900	23200	118814
4901	23206	118813
4902	23211	118814
4903	23216	118811
4904	23221	118807
4905	23226	118803
4906	23231	118797
4907	23235	118791
4908	23241	118790
4909	23245	118783
4910	23249	118776
4911	23253	118768
4912	23257	118760
4913	23262	118754
4914	23266	118747
4915	23270	118739
4916	23275	118733
4917	23279	118727
4918	23285	118726
4919	23290	118724
4920	23295	118722
4921	23299	118714
4922	23304	118709
4923	23308	118702
4924	23313	118697
4925	23318	118692
4926	23322	118687
4927	23326	118678
4928	23330	118671
4929	23335	118666
4930	23341	118665
4931	23346	118663
4932	23352	118664
4933	23357	118660
4934	23362	118657
4935	23366	118652
4936	23371	118648
4937	23376	118644
4938	23382	118646
4939	23387	118642
4940	23393	118641
4941	23397	118635
4942	23402	118631
4943	23408	118631
4944	23413	118628
4945	23418	118625
4946	23423	118621
4947	23428	118620
4948	23433	118618
4949	23439	118616
4950	23444	118614
4951	23448	118607
4952	23453	118602
4953	23457	118596
4954	23462	118589
4955	23466	118584
4956	23471	118577
4957	23476	118577
4958	23481	118570
4959	23484	118561
4960	23489	118554
4961	23493	118547
4962	23499	118547
4963	23504	118544
4964	23509	118541
4965	23514	118537
4966	23518	118530
4967	23522	118523
4968	23527	118516
4969	23531	118511
4970	23537	118511
4971	23542	118507
4972	23546	118498
4973	23550	118491
4974	23555	118486
4975	23559	118480
4976	23564	118476
4977	23569	118471
4978	23573	118464
4979	23578	118459
4980	23582	118452
4981	23586	118444
4982	23592	118444
4983	23596	118439
4984	23602	118437
4985	23607	118434
4986	23611	118427
4987	23616	118421
4988	23620	118415
4989	23626	118415
4990	23632	118418
4991	23637	118414
4992	23641	118404
4993	23645	118399
4994	23649	118390
4995	23654	118383
4996	23659	118384
4997	23665	118384
4998	23669	118377
4999	23674	118370
5000	23678	118364
5001	23683	118360
5002	23688	118355
5003	23692	118348
5004	23696	118339
5005	23700	118331
5006	23705	118327
5007	23710	118323
5008	23714	118318
5009	23720	118316
5010	23725	118317
5011	23731	118315
5012	23736	118312
5013	23741	118309
5014	23747	118308
5015	23752	118307
5016	23758	118307
5017	23764	118308
5018	23770	118311
5019	23775	118308
5020	23780	118304
5021	23785	118301
5022	23790	118298
5023	23794	118292
5024	23799	118285
5025	23803	118279
5026	23808	118273
5027	23813	118271
5028	23817	118265
5029	23822	118261
5030	23828	118259
5031	23832	118253
5032	23836	118245
5033	23842	118245
5034	23847	118243
5035	23852	118239
5036	23856	118232
5037	23860	118224
5038	23865	118219
5039	23870	118214
5040	23874	118207
5041	23879	118204
5042	23885	118204
5043	23890	118201
5044	23894	118195
5045	23899	118190
5046	23904	118184
5047	23908	118178
5048	23913	118172
5049	23917	118168
5050	23922	118161
5051	23927	118160
5052	23932	118157
5053	23937	118152
5054	23942	118148
5055	23946	118141
5056	23951	118136
5057	23955	118131
5058	23960	118126
5059	23965	118120
5060	23969	118112
5061	23973	118106
5062	23978	118100
5063	23983	118099
5064	23987	118092
5065	23993	118090
5066	23998	118087
5067	24002	118080
5068	24007	118075
5069	24011	118067
5070	24015	118062
5071	24020	118058
5072	24025	118053
5073	24029	118046
5074	24034	118039
5075	24038	118031
5076	24042	118025
5077	24048	118024
5078	24054	118025
5079	24059	118022
5080	24063	118013
5081	24067	118009
5082	24072	118004
5083	24077	118002
5084	24082	117995
5085	24087	117993
5086	24092	117987
5087	24096	117982
5088	24101	117978
5089	24106	117976
5090	24112	117976
5091	24117	117974
5092	24122	117971
5093	24127	117965
5094	24131	117959
5095	24136	117953
5096	24141	117949
5097	24145	117943
5098	24150	117939
5099	24154	117932
5100	24159	117928
5101	24164	117924
5102	24169	117920
5103	24173	117914
5104	24179	117914
5105	24184	117911
5106	24189	117905
5107	24194	117900
5108	24198	117895
5109	24203	117890
5110	24208	117885
5111	24213	117882
5112	24217	117877
5113	24222	117873
5114	24227	117867
5115	24231	117862
5116	24236	117857
5117	24241	117854
5118	24246	117851
5119	24251	117849
5120	24255	117840
5121	24259	117831
5122	24265	117830
5123	24270	117830
5124	24276	117827
5125	24280	117822
5126	24285	117816
5127	24289	117809
5128	24293	117799
5129	24298	117796
5130	24303	117794
5131	24308	117789
5132	24312	117781
5133	24316	117775
5134	24321	117769
5135	24326	117765
5136	24331	117763
5137	24337	117764
5138	24341	117758
5139	24346	117755
5140	24351	117750
5141	24356	117747
5142	24361	117745
5143	24367	117742
5144	24372	117738
5145	24376	117733
5146	24381	117730
5147	24386	117723
5148	24390	117719
5149	24395	117715
5150	24400	117713
5151	24406	117710
5152	24410	117703
5153	24414	117697
5154	24419	117692
5155	24423	117685
5156	24428	117681
5157	24432	117673
5158	24437	117667
5159	24441	117660
5160	24446	117655
5161	24451	117652
5162	24456	117647
5163	24461	117647
5164	24466	117641
5165	24470	117635
5166	24474	117627
5167	24479	117621
5168	24484	117621
5169	24490	117621
5170	24494	117613
5171	24499	117610
5172	24504	117605
5173	24508	117597
5174	24512	117590
5175	24517	117585
5176	24521	117578
5177	24526	117571
5178	24531	117568
5179	24535	117561
5180	24540	117559
5181	24545	117553
5182	24549	117544
5183	24553	117537
5184	24557	117529
5185	24562	117525
5186	24567	117523
5187	24572	117521
5188	24577	117518
5189	24582	117510
5190	24586	117503
5191	24591	117500
5192	24596	117495
5193	24601	117492
5194	24605	117486
5195	24609	117477
5196	24613	117471
5197	24618	117464
5198	24623	117464
5199	24629	117463
5200	24634	117458
5201	24638	117451
5202	24642	117445
5203	24646	117436
5204	24651	117430
5205	24655	117425
5206	24660	117418
5207	24665	117417
5208	24670	117411
5209	24674	117405
5210	24679	117400
5211	24684	117398
5212	24690	117400
5213	24696	117402
5214	24701	117397
5215	24705	117389
5216	24710	117384
5217	24714	117378
5218	24720	117376
5219	24725	117374
5220	24731	117375
5221	24736	117373
5222	24741	117367
5223	24745	117359
5224	24750	117357
5225	24754	117349
5226	24759	117343
5227	24764	117341
5228	24769	117338
5229	24774	117334
5230	24780	117337
5231	24786	117336
5232	24792	117338
5233	24799	117344
5234	24806	117349
5235	24811	117347
5236	24818	117352
5237	24823	117352
5238	24828	117345
5239	24833	117342
5240	24838	117339
5241	24843	117334
5242	24849	117336
5243	24854	117334
5244	24859	117330
5245	24864	117326
5246	24869	117324
5247	24875	117323
5248	24879	117318
5249	24884	117313
5250	24888	117306
5251	24893	117301
5252	24898	117296
5253	24903	117296
5254	24909	117294
5255	24915	117294
5256	24920	117291
5257	24924	117285
5258	24928	117276
5259	24932	117270
5260	24937	117266
5261	24942	117261
5262	24947	117258
5263	24951	117251
5264	24955	117243
5265	24960	117237
5266	24964	117231
5267	24969	117226
5268	24974	117222
5269	24979	117219
5270	24983	117212
5271	24988	117205
5272	24993	117201
5273	24998	117197
5274	25002	117193
5275	25008	117191
5276	25012	117186
5277	25017	117179
5278	25021	117172
5279	25025	117165
5280	25030	117163
5281	25035	117156
5282	25039	117151
5283	25044	117146
5284	25048	117138
5285	25052	117130
5286	25056	117123
5287	25062	117120
5288	25067	117117
5289	25072	117117
5290	25078	117117
5291	25083	117112
5292	25087	117106
5293	25092	117100
5294	25098	117102
5295	25103	117098
5296	25107	117091
5297	25111	117083
5298	25115	117075
5299	25120	117068
5300	25125	117067
5301	25131	117069
5302	25136	117066
5303	25141	117062
5304	25145	117054
5305	25149	117045
5306	25154	117040
5307	25158	117034
5308	25163	117028
5309	25167	117022
5310	25172	117019
5311	25177	117014
5312	25181	117007
5313	25186	117003
5314	25190	116996
5315	25195	116989
5316	25199	116984
5317	25204	116979
5318	25208	116971
5319	25213	116967
5320	25218	116964
5321	25222	116955
5322	25225	116945
5323	25230	116938
5324	25235	116936
5325	25240	116930
5326	25245	116928
5327	25249	116923
5328	25254	116916
5329	25258	116907
5330	25262	116903
5331	25267	116897
5332	25272	116896
5333	25277	116892
5334	25282	116887
5335	25286	116881
5336	25291	116875
5337	25296	116874
5338	25302	116871
5339	25307	116868
5340	25311	116862
5341	25316	116856
5342	25321	116852
5343	25326	116851
5344	25332	116850
5345	25337	116848
5346	25342	116845
5347	25347	116839
5348	25352	116836
5349	25357	116832
5350	25362	116829
5351	25367	116825
5352	25372	116824
5353	25377	116819
5354	25381	116811
5355	25385	116805
5356	25390	116802
5357	25395	116794
5358	25399	116790
5359	25405	116788
5360	25409	116782
5361	25413	116774
5362	25418	116769
5363	25423	116765
5364	25427	116759
5365	25432	116752
5366	25436	116747
5367	25440	116740
5368	25445	116734
5369	25450	116730
5370	25454	116724
5371	25459	116720
5372	25463	116710
5373	25468	116707
5374	25472	116699
5375	25476	116692
5376	25481	116688
5377	25485	116681
5378	25490	116676
5379	25496	116675
5380	25500	116667
5381	25504	116659
5382	25508	116652
5383	25513	116647
5384	25517	116643
5385	25522	116639
5386	25527	116634
5387	25531	116627
5388	25536	116620
5389	25540	116614
5390	25545	116609
5391	25550	116608
5392	25556	116608
5393	25561	116603
5394	25565	116597
5395	25570	116591
5396	25574	116585
5397	25579	116581
5398	25584	116576
5399	25588	116571
5400	25593	116565
5401	25597	116559
5402	25602	116553
5403	25607	116550
5404	25611	116544
5405	25617	116542
5406	25622	116539
5407	25627	116536
5408	25632	116531
5409	25636	116526
5410	25641	116520
5411	25646	116519
5412	25651	116513
5413	25655	116505
5414	25659	116498
5415	25663	116491
5416	25668	116488
5417	25673	116484
5418	25678	116480
5419	25684	116478
5420	25688	116471
5421	25692	116465
5422	25697	116460
5423	25701	116453
5424	25706	116448
5425	25710	116441
5426	25715	116436
5427	25719	116430
5428	25723	116423
5429	25728	116418
5430	25733	116415
5431	25738	116409
5432	25742	116404
5433	25747	116397
5434	25751	116390
5435	25755	116383
5436	25760	116378
5437	25764	116373
5438	25768	116364
5439	25773	116359
5440	25779	116358
5441	25784	116358
5442	25790	116357
5443	25795	116355
5444	25800	116348
5445	25805	116347
5446	25811	116346
5447	25816	116345
5448	25822	116346
5449	25828	116345
5450	25833	116343
5451	25838	116340
5452	25844	116341
5453	25851	116345
5454	25856	116344
5455	25861	116339
5456	25865	116330
5457	25869	116323
5458	25875	116322
5459	25880	116318
5460	25885	116315
5461	25890	116310
5462	25894	116304
5463	25898	116297
5464	25903	116291
5465	25907	116285
5466	25912	116283
5467	25917	116278
5468	25922	116272
5469	25926	116266
5470	25931	116261
5471	25936	116258
5472	25941	116254
5473	25946	116252
5474	25951	116250
5475	25956	116242
5476	25960	116236
5477	25964	116230
5478	25970	116229
5479	25975	116227
5480	25980	116222
5481	25984	116216
5482	25989	116211
5483	25994	116206
5484	25999	116203
5485	26003	116196
5486	26008	116192
5487	26013	116187
5488	26017	116181
5489	26022	116175
5490	26026	116168
5491	26031	116164
5492	26036	116160
5493	26040	116154
5494	26044	116147
5495	26049	116141
5496	26054	116136
5497	26058	116131
5498	26063	116128
5499	26069	116126
5500	26074	116123
5501	26078	116117
5502	26082	116110
5503	26087	116103
5504	26091	116095
5505	26095	116090
5506	26101	116089
5507	26106	116086
5508	26111	116080
5509	26115	116073
5510	26119	116065
5511	26124	116063
5512	26129	116060
5513	26134	116055
5514	26138	116048
5515	26142	116040
5516	26147	116035
5517	26151	116027
5518	26156	116023
5519	26161	116022
5520	26167	116019
5521	26171	116011
5522	26175	116003
5523	26179	115995
5524	26183	115991
5525	26189	115992
5526	26194	115988
5527	26199	115982
5528	26203	115973
5529	26207	115967
5530	26211	115959
5531	26216	115955
5532	26220	115949
5533	26225	115945
5534	26230	115939
5535	26234	115934
5536	26239	115928
5537	26243	115921
5538	26248	115915
5539	26252	115909
5540	26257	115905
5541	26262	115902
5542	26267	115899
5543	26273	115897
5544	26277	115893
5545	26283	115890
5546	26288	115887
5547	26293	115884
5548	26298	115881
5549	26302	115875
5550	26307	115870
5551	26313	115868
5552	26318	115865
5553	26322	115860
5554	26327	115853
5555	26331	115849
5556	26336	115843
5557	26341	115838
5558	26346	115834
5559	26351	115832
5560	26356	115828
5561	26361	115825
5562	26365	115817
5563	26369	115810
5564	26374	115807
5565	26379	115801
5566	26384	115797
5567	26389	115794
5568	26393	115787
5569	26397	115780
5570	26402	115773
5571	26406	115766
5572	26410	115760
5573	26414	115753
5574	26419	115748
5575	26425	115748
5576	26430	115745
5577	26435	115742
5578	26439	115734
5579	26444	115728
5580	26448	115720
5581	26453	115720
5582	26457	115712
5583	26463	115709
5584	26468	115707
5585	26472	115699
5586	26476	115691
5587	26480	115685
5588	26485	115681
5589	26490	115674
5590	26495	115671
5591	26500	115667
5592	26504	115660
5593	26508	115653
5594	26512	115647
5595	26517	115641
5596	26522	115639
5597	26528	115639
5598	26533	115635
5599	26537	115629
5600	26542	115623
5601	26547	115618
5602	26551	115613
5603	26556	115610
5604	26561	115603
5605	26565	115597
5606	26569	115589
5607	26573	115582
5608	26578	115576
5609	26583	115573
5610	26588	115571
5611	26593	115568
5612	26597	115561
5613	26602	115553
5614	26606	115548
5615	26612	115547
5616	26618	115548
5617	26623	115545
5618	26628	115540
5619	26632	115534
5620	26636	115527
5621	26641	115523
5622	26646	115520
5623	26651	115514
5624	26655	115507
5625	26659	115500
5626	26664	115495
5627	26668	115488
5628	26674	115486
5629	26679	115485
5630	26685	115483
5631	26689	115475
5632	26693	115468
5633	26697	115463
5634	26702	115458
5635	26707	115453
5636	26712	115451
5637	26717	115445
5638	26721	115438
5639	26725	115431
5640	26729	115423
5641	26734	115419
5642	26739	115415
5643	26744	115413
5644	26749	115407
5645	26753	115402
5646	26758	115396
5647	26761	115387
5648	26766	115382
5649	26771	115378
5650	26775	115371
5651	26779	115364
5652	26784	115357
5653	26788	115351
5654	26792	115344
5655	26797	115340
5656	26802	115335
5657	26807	115331
5658	26811	115325
5659	26815	115318
5660	26819	115310
5661	26824	115303
5662	26828	115296
5663	26835	115299
5664	26840	115297
5665	26844	115290
5666	26849	115285
5667	26853	115280
5668	26859	115278
5669	26864	115274
5670	26870	115276
5671	26875	115274
5672	26881	115275
5673	26887	115272
5674	26893	115273
5675	26899	115276
5676	26905	115275
5677	26910	115271
5678	26914	115264
5679	26919	115259
5680	26923	115253
5681	26928	115248
5682	26932	115242
5683	26936	115235
5684	26941	115228
5685	26945	115222
5686	26949	115213
5687	26954	115212
5688	26960	115210
5689	26965	115206
5690	26969	115201
5691	26974	115196
5692	26978	115189
5693	26984	115187
5694	26988	115181
5695	26993	115177
5696	26998	115174
5697	27003	115168
5698	27007	115162
5699	27011	115155
5700	27016	115150
5701	27021	115145
5702	27025	115139
5703	27030	115134
5704	27034	115126
5705	27039	115124
5706	27044	115121
5707	27049	115114
5708	27054	115111
5709	27058	115105
5710	27064	115105
5711	27070	115105
5712	27075	115102
5713	27080	115098
5714	27084	115090
5715	27089	115088
5716	27094	115085
5717	27099	115079
5718	27104	115075
5719	27108	115069
5720	27112	115063
5721	27117	115056
5722	27122	115052
5723	27126	115047
5724	27131	115043
5725	27136	115040
5726	27141	115035
5727	27145	115027
5728	27150	115023
5729	27155	115020
5730	27160	115015
5731	27165	115012
5732	27169	115006
5733	27173	114998
5734	27178	114991
5735	27182	114984
5736	27187	114980
5737	27191	114972
5738	27196	114972
5739	27201	114966
5740	27205	114958
5741	27209	114950
5742	27214	114946
5743	27219	114944
5744	27224	114941
5745	27230	114940
5746	27235	114937
5747	27240	114932
5748	27244	114925
5749	27250	114924
5750	27254	114919
5751	27259	114914
5752	27263	114908
5753	27268	114904
5754	27273	114899
5755	27277	114893
5756	27283	114891
5757	27289	114890
5758	27294	114890
5759	27299	114886
5760	27304	114882
5761	27308	114875
5762	27313	114871
5763	27318	114868
5764	27323	114864
5765	27328	114857
5766	27333	114853
5767	27337	114846
5768	27341	114840
5769	27345	114833
5770	27351	114831
5771	27356	114827
5772	27360	114820
5773	27364	114814
5774	27369	114808
5775	27373	114800
5776	27378	114796
5777	27382	114791
5778	27387	114784
5779	27391	114780
5780	27396	114773
5781	27400	114767
5782	27404	114761
5783	27409	114757
5784	27414	114752
5785	27419	114749
5786	27423	114742
5787	27429	114739
5788	27434	114736
5789	27439	114733
5790	27444	114729
5791	27449	114726
5792	27454	114721
5793	27458	114715
5794	27462	114709
5795	27467	114705
5796	27472	114699
5797	27477	114697
5798	27482	114691
5799	27486	114686
5800	27490	114679
5801	27495	114672
5802	27500	114669
5803	27506	114668
5804	27510	114664
5805	27515	114659
5806	27520	114653
5807	27523	114645
5808	27527	114636
5809	27532	114632
5810	27537	114628
5811	27542	114623
5812	27546	114618
5813	27551	114612
5814	27556	114607
5815	27559	114598
5816	27565	114595
5817	27569	114590
5818	27574	114585
5819	27578	114580
5820	27583	114574
5821	27587	114567
5822	27591	114561
5823	27596	114556
5824	27601	114552
5825	27607	114551
5826	27611	114545
5827	27616	114540
5828	27620	114532
5829	27625	114528
5830	27630	114524
5831	27634	114518
5832	27638	114512
5833	27643	114504
5834	27646	114495
5835	27650	114487
5836	27655	114481
5837	27659	114475
5838	27663	114469
5839	27668	114462
5840	27673	114459
5841	27677	114453
5842	27682	114449
5843	27687	114445
5844	27692	114439
5845	27696	114433
5846	27700	114427
5847	27706	114424
5848	27711	114422
5849	27716	114419
5850	27720	114410
5851	27724	114405
5852	27729	114401
5853	27734	114395
5854	27739	114391
5855	27744	114387
5856	27749	114387
5857	27754	114382
5858	27759	114377
5859	27764	114374
5860	27769	114370
5861	27773	114365
5862	27778	114361
5863	27783	114355
5864	27787	114347
5865	27792	114342
5866	27796	114338
5867	27801	114332
5868	27806	114329
5869	27811	114324
5870	27815	114319
5871	27820	114313
5872	27825	114308
5873	27829	114304
5874	27834	114297
5875	27838	114291
5876	27842	114284
5877	27846	114277
5878	27850	114269
5879	27855	114263
5880	27859	114257
5881	27864	114252
5882	27870	114252
5883	27874	114244
5884	27879	114240
5885	27884	114239
5886	27890	114238
5887	27895	114236
5888	27902	114239
5889	27908	114238
5890	27914	114238
5891	27918	114233
5892	27925	114236
5893	27931	114238
5894	27937	114239
5895	27942	114236
5896	27947	114230
5897	27952	114226
5898	27956	114220
5899	27961	114215
5900	27965	114208
5901	27970	114202
5902	27975	114198
5903	27979	114190
5904	27984	114187
5905	27989	114184
5906	27993	114178
5907	27998	114173
5908	28002	114165
5909	28007	114161
5910	28011	114154
5911	28015	114148
5912	28020	114145
5913	28026	114141
5914	28031	114138
5915	28035	114133
5916	28040	114126
5917	28045	114122
5918	28049	114116
5919	28054	114114
5920	28059	114109
5921	28064	114106
5922	28068	114098
5923	28073	114093
5924	28077	114088
5925	28082	114085
5926	28088	114082
5927	28092	114075
5928	28096	114069
5929	28101	114064
5930	28105	114058
5931	28110	114054
5932	28115	114050
5933	28121	114048
5934	28125	114043
5935	28130	114038
5936	28134	114031
5937	28140	114029
5938	28145	114028
5939	28151	114028
5940	28156	114023
5941	28161	114020
5942	28165	114013
5943	28169	114006
5944	28175	114004
5945	28180	114000
5946	28184	113994
5947	28189	113990
5948	28193	113983
5949	28198	113978
5950	28203	113976
5951	28208	113973
5952	28213	113968
5953	28218	113962
5954	28222	113955
5955	28227	113952
5956	28232	113948
5957	28237	113944
5958	28241	113937
5959	28246	113935
5960	28251	113931
5961	28256	113926
5962	28261	113922
5963	28265	113916
5964	28270	113909
5965	28274	113904
5966	28279	113900
5967	28285	113899
5968	28290	113895
5969	28295	113892
5970	28300	113888
5971	28305	113883
5972	28309	113879
5973	28314	113875
5974	28319	113869
5975	28324	113867
5976	28328	113859
5977	28332	113853
5978	28336	113845
5979	28341	113838
5980	28347	113840
5981	28353	113838
5982	28357	113834
5983	28362	113828
5984	28366	113822
5985	28370	113812
5986	28375	113810
5987	28379	113803
5988	28384	113797
5989	28388	113792
5990	28393	113785
5991	28397	113778
5992	28401	113773
5993	28406	113767
5994	28411	113763
5995	28416	113761
5996	28421	113756
5997	28425	113749
5998	28430	113743
5999	28434	113739
6000	28439	113734
6001	28444	113731
6002	28449	113725
6003	28453	113720
6004	28457	113712
6005	28462	113706
6006	28466	113698
6007	28471	113695
6008	28476	113693
6009	28481	113690
6010	28486	113683
6011	28490	113677
6012	28495	113673
6013	28500	113670
6014	28504	113664
6015	28510	113661
6016	28514	113654
6017	28518	113647
6018	28523	113642
6019	28527	113636
6020	28532	113631
6021	28537	113627
6022	28541	113622
6023	28545	113614
6024	28549	113607
6025	28554	113601
6026	28559	113596
6027	28563	113591
6028	28570	113592
6029	28575	113590
6030	28579	113585
6031	28584	113579
6032	28588	113572
6033	28593	113568
6034	28598	113563
6035	28603	113559
6036	28607	113553
6037	28611	113546
6038	28616	113540
6039	28620	113534
6040	28625	113528
6041	28629	113523
6042	28635	113521
6043	28639	113515
6044	28643	113508
6045	28648	113503
6046	28652	113495
6047	28657	113491
6048	28661	113486
6049	28667	113485
6050	28671	113478
6051	28675	113471
6052	28680	113466
6053	28684	113458
6054	28688	113452
6055	28694	113450
6056	28698	113444
6057	28703	113439
6058	28708	113435
6059	28712	113428
6060	28717	113423
6061	28722	113420
6062	28727	113415
6063	28731	113410
6064	28736	113407
6065	28741	113402
6066	28745	113396
6067	28751	113394
6068	28755	113387
6069	28760	113384
6070	28764	113377
6071	28769	113370
6072	28773	113364
6073	28777	113358
6074	28782	113353
6075	28788	113354
6076	28794	113352
6077	28799	113351
6078	28804	113346
6079	28808	113339
6080	28827	113391
6081	28832	113386
6082	28836	113377
6083	28840	113370
6084	28844	113363
6085	28848	113357
6086	28854	113356
6087	28859	113351
6088	28863	113345
6089	28868	113339
6090	28872	113334
6091	28877	113330
6092	28882	113325
6093	28887	113322
6094	28892	113319
6095	28897	113314
6096	28902	113310
6097	28906	113303
6098	28911	113298
6099	28915	113291
6100	28920	113286
6101	28924	113281
6102	28929	113275
6103	28934	113274
6104	28940	113272
6105	28945	113269
6106	28950	113265
6107	28955	113261
6108	28960	113259
6109	28967	113262
6110	28972	113260
6111	28978	113257
6112	28984	113258
6113	28991	113262
6114	28996	113260
6115	29001	113256
6116	29006	113253
6117	29011	113247
6118	29016	113243
6119	29021	113238
6120	29025	113234
6121	29030	113227
6122	29034	113220
6123	29038	113213
6124	29042	113208
6125	29048	113205
6126	29052	113200
6127	29057	113196
6128	29062	113192
6129	29067	113188
6130	29072	113182
6131	29076	113176
6132	29081	113171
6133	29085	113166
6134	29091	113163
6135	29095	113156
6136	29099	113150
6137	29104	113145
6138	29108	113138
6139	29112	113132
6140	29118	113129
6141	29122	113125
6142	29127	113118
6143	29131	113112
6144	29136	113107
6145	29141	113103
6146	29146	113099
6147	29150	113094
6148	29155	113088
6149	29159	113082
6150	29163	113076
6151	29168	113068
6152	29172	113062
6153	29177	113057
6154	29181	113052
6155	29186	113048
6156	29191	113045
6157	29196	113040
6158	29200	113032
6159	29205	113030
6160	29212	113031
6161	29216	113026
6162	29222	113024
6163	29226	113019
6164	29231	113014
6165	29236	113011
6166	29243	113012
6167	29248	113010
6168	29253	113005
6169	29257	112998
6170	29261	112991
6171	29265	112985
6172	29271	112983
6173	29276	112978
6174	29280	112972
6175	29284	112967
6176	29289	112960
6177	29293	112953
6178	29298	112950
6179	29303	112946
6180	29308	112942
6181	29313	112937
6182	29317	112929
6183	29321	112924
6184	29325	112917
6185	29330	112911
6186	29335	112907
6187	29339	112902
6188	29344	112897
6189	29348	112890
6190	29352	112883
6191	29357	112877
6192	29362	112875
6193	29367	112871
6194	29372	112868
6195	29377	112862
6196	29381	112856
6197	29385	112850
6198	29390	112846
6199	29395	112840
6200	29400	112835
6201	29404	112828
6202	29408	112822
6203	29413	112816
6204	29417	112809
6205	29422	112806
6206	29427	112804
6207	29432	112799
6208	29436	112793
6209	29441	112786
6210	29445	112780
6211	29450	112776
6212	29454	112770
6213	29459	112765
6214	29464	112762
6215	29468	112755
6216	29473	112749
6217	29477	112741
6218	29481	112735
6219	29486	112732
6220	29490	112725
6221	29496	112723
6222	29500	112718
6223	29505	112711
6224	29509	112703
6225	29513	112698
6226	29518	112692
6227	29522	112686
6228	29526	112680
6229	29531	112675
6230	29536	112670
6231	29541	112666
6232	29545	112661
6233	29550	112655
6234	29554	112648
6235	29558	112639
6236	29562	112633
6237	29567	112628
6238	29572	112625
6239	29577	112620
6240	29581	112613
6241	29585	112607
6242	29590	112601
6243	29594	112597
6244	29598	112589
6245	29603	112585
6246	29608	112578
6247	29612	112571
6248	29616	112563
6249	29620	112558
6250	29625	112554
6251	29631	112556
6252	29637	112553
6253	29641	112547
6254	29645	112540
6255	29650	112535
6256	29654	112529
6257	29660	112526
6258	29664	112521
6259	29669	112518
6260	29674	112512
6261	29678	112506
6262	29683	112503
6263	29688	112498
6264	29693	112493
6265	29698	112488
6266	29703	112486
6267	29708	112481
6268	29712	112476
6269	29716	112468
6270	29721	112463
6271	29726	112459
6272	29732	112459
6273	29736	112453
6274	29740	112446
6275	29745	112439
6276	29749	112434
6277	29754	112429
6278	29759	112424
6279	29763	112417
6280	29767	112410
6281	29771	112403
6282	29775	112396
6283	29779	112389
6284	29784	112384
6285	29790	112383
6286	29794	112378
6287	29799	112372
6288	29803	112366
6289	29808	112362
6290	29812	112355
6291	29817	112351
6292	29822	112348
6293	29827	112343
6294	29832	112338
6295	29836	112331
6296	29840	112324
6297	29845	112322
6298	29851	112319
6299	29856	112317
6300	29861	112313
6301	29865	112307
6302	29869	112299
6303	29874	112294
6304	29878	112287
6305	29883	112283
6306	29887	112277
6307	29892	112271
6308	29896	112265
6309	29901	112259
6310	29905	112252
6311	29909	112245
6312	29914	112243
6313	29919	112238
6314	29923	112230
6315	29927	112223
6316	29931	112217
6317	29936	112211
6318	29941	112208
6319	29947	112208
6320	29952	112204
6321	29956	112197
6322	29961	112192
6323	29965	112186
6324	29970	112180
6325	29974	112175
6326	29980	112175
6327	29986	112172
6328	29991	112168
6329	29996	112165
6330	30001	112164
6331	30007	112164
6332	30013	112162
6333	30018	112158
6334	30023	112154
6335	30028	112150
6336	30033	112149
6337	30039	112148
6338	30044	112143
6339	30048	112138
6340	30053	112133
6341	30057	112126
6342	30062	112122
6343	30068	112121
6344	30074	112120
6345	30078	112113
6346	30082	112107
6347	30086	112100
6348	30091	112095
6349	30096	112091
6350	30100	112083
6351	30105	112079
6352	30109	112073
6353	30114	112068
6354	30118	112060
6355	30122	112053
6356	30126	112047
6357	30130	112040
6358	30136	112037
6359	30139	112029
6360	30144	112022
6361	30148	112016
6362	30152	112009
6363	30157	112004
6364	30161	111997
6365	30165	111990
6366	30169	111984
6367	30174	111979
6368	30180	111979
6369	30185	111974
6370	30190	111972
6371	30195	111966
6372	30199	111961
6373	30204	111956
6374	30209	111954
6375	30215	111951
6376	30219	111946
6377	30224	111942
6378	30229	111936
6379	30233	111931
6380	30238	111925
6381	30242	111918
6382	30247	111914
6383	30252	111910
6384	30256	111904
6385	30261	111898
6386	30266	111895
6387	30271	111892
6388	30276	111888
6389	30280	111883
6390	30285	111876
6391	30289	111869
6392	30293	111861
6393	30297	111856
6394	30302	111850
6395	30307	111848
6396	30312	111842
6397	30316	111835
6398	30320	111830
6399	30325	111826
6400	30330	111822
6401	30335	111817
6402	30339	111810
6403	30343	111804
6404	30348	111797
6405	30352	111791
6406	30356	111785
6407	30362	111784
6408	30367	111779
6409	30372	111775
6410	30377	111771
6411	30381	111765
6412	30385	111759
6413	30390	111755
6414	30395	111751
6415	30400	111745
6416	30405	111743
6417	30409	111736
6418	30413	111728
6419	30417	111721
6420	30422	111716
6421	30427	111711
6422	30432	111708
6423	30437	111703
6424	30441	111697
6425	30446	111692
6426	30449	111684
6427	30455	111681
6428	30459	111676
6429	30464	111670
6430	30468	111663
6431	30472	111657
6432	30476	111649
6433	30480	111641
6434	30485	111638
6435	30491	111638
6436	30496	111635
6437	30500	111626
6438	30504	111620
6439	30509	111615
6440	30513	111608
6441	30518	111604
6442	30522	111597
6443	30527	111593
6444	30532	111588
6445	30536	111581
6446	30541	111576
6447	30545	111571
6448	30550	111567
6449	30555	111562
6450	30560	111558
6451	30564	111553
6452	30569	111547
6453	30573	111539
6454	30577	111533
6455	30582	111528
6456	30587	111526
6457	30592	111521
6458	30596	111514
6459	30601	111511
6460	30605	111504
6461	30610	111499
6462	30615	111494
6463	30620	111491
6464	30624	111486
6465	30629	111480
6466	30633	111473
6467	30637	111466
6468	30642	111462
6469	30646	111455
6470	30652	111455
6471	30658	111452
6472	30662	111445
6473	30666	111440
6474	30671	111435
6475	30675	111428
6476	30680	111425
6477	30685	111421
6478	30690	111415
6479	30694	111409
6480	30699	111404
6481	30704	111401
6482	30709	111400
6483	30714	111394
6484	30718	111387
6485	30722	111379
6486	30726	111372
6487	30731	111366
6488	30736	111363
6489	30740	111358
6490	30746	111355
6491	30750	111349
6492	30755	111345
6493	30759	111340
6494	30763	111332
6495	30768	111326
6496	30772	111320
6497	30777	111317
6498	30781	111310
6499	30786	111303
6500	30789	111295
6501	30794	111289
6502	30798	111283
6503	30802	111275
6504	30806	111267
6505	30810	111261
6506	30815	111256
6507	30820	111254
6508	30825	111249
6509	30830	111244
6510	30834	111237
6511	30838	111231
6512	30842	111224
6513	30847	111220
6514	30852	111214
6515	30857	111210
6516	30862	111207
6517	30866	111201
6518	30870	111195
6519	30876	111193
6520	30880	111186
6521	30885	111180
6522	30889	111176
6523	30894	111172
6524	30898	111164
6525	30903	111158
6526	30907	111153
6527	30913	111152
6528	30918	111149
6529	30923	111143
6530	30927	111137
6531	30932	111132
6532	30936	111126
6533	30941	111123
6534	30946	111117
6535	30950	111112
6536	30955	111107
6537	30959	111100
6538	30963	111094
6539	30968	111087
6540	30974	111087
6541	30980	111088
6542	30984	111082
6543	30989	111077
6544	30993	111070
6545	30997	111063
6546	31002	111059
6547	31007	111055
6548	31012	111050
6549	31018	111049
6550	31023	111046
6551	31028	111042
6552	31034	111041
6553	31040	111041
6554	31044	111036
6555	31050	111034
6556	31055	111030
6557	31060	111029
6558	31066	111028
6559	31072	111028
6560	31077	111022
6561	31081	111016
6562	31086	111010
6563	31090	111005
6564	31095	111000
6565	31100	110995
6566	31104	110990
6567	31109	110987
6568	31114	110980
6569	31118	110973
6570	31122	110967
6571	31127	110964
6572	31133	110963
6573	31138	110960
6574	31143	110955
6575	31147	110950
6576	31152	110943
6577	31157	110939
6578	31161	110934
6579	31167	110932
6580	31172	110928
6581	31176	110922
6582	31181	110918
6583	31186	110914
6584	31191	110910
6585	31195	110905
6586	31200	110900
6587	31205	110894
6588	31209	110889
6589	31214	110885
6590	31219	110880
6591	31224	110878
6592	31230	110875
6593	31234	110871
6594	31239	110864
6595	31244	110860
6596	31248	110855
6597	31253	110852
6598	31258	110846
6599	31263	110842
6600	31267	110836
6601	31271	110829
6602	31275	110821
6603	31279	110814
6604	31284	110810
6605	31290	110808
6606	31294	110803
6607	31299	110797
6608	31303	110791
6609	31308	110787
6610	31313	110782
6611	31317	110776
6612	31322	110772
6613	31326	110763
6614	31330	110757
6615	31334	110749
6616	31338	110743
6617	31342	110737
6618	31348	110735
6619	31353	110731
6620	31358	110727
6621	31363	110724
6622	31368	110718
6623	31372	110714
6624	31377	110708
6625	31381	110702
6626	31386	110699
6627	31391	110694
6628	31395	110688
6629	31400	110683
6630	31405	110678
6631	31409	110671
6632	31413	110665
6633	31418	110659
6634	31422	110653
6635	31427	110648
6636	31432	110646
6637	31437	110641
6638	31441	110636
6639	31446	110629
6640	31450	110624
6641	31454	110618
6642	31459	110613
6643	31464	110609
6644	31469	110604
6645	31473	110598
6646	31477	110591
6647	31481	110584
6648	31486	110580
6649	31490	110572
6650	31495	110568
6651	31500	110565
6652	31505	110558
6653	31510	110555
6654	31514	110549
6655	31520	110547
6656	31525	110544
6657	31529	110538
6658	31533	110531
6659	31538	110526
6660	31542	110519
6661	31547	110514
6662	31552	110510
6663	31557	110507
6664	31562	110503
6665	31566	110497
6666	31571	110491
6667	31575	110485
6668	31580	110482
6669	31585	110479
6670	31590	110474
6671	31595	110469
6672	31599	110463
6673	31603	110454
6674	31607	110449
6675	31612	110443
6676	31616	110437
6677	31621	110433
6678	31625	110427
6679	31630	110421
6680	31634	110416
6681	31639	110409
6682	31644	110407
6683	31649	110403
6684	31652	110394
6685	31657	110388
6686	31661	110383
6687	31666	110378
6688	31670	110371
6689	31676	110369
6690	31680	110361
6691	31685	110359
6692	31690	110355
6693	31695	110350
6694	31699	110343
6695	31703	110337
6696	31707	110331
6697	31713	110329
6698	31717	110321
6699	31721	110316
6700	31726	110310
6701	31730	110304
6702	31735	110298
6703	31740	110295
6704	31745	110292
6705	31749	110286
6706	31754	110282
6707	31758	110274
6708	31762	110267
6709	31767	110264
6710	31772	110259
6711	31777	110255
6712	31781	110249
6713	31786	110243
6714	31790	110236
6715	31794	110230
6716	31799	110227
6717	31804	110223
6718	31810	110221
6719	31814	110215
6720	31819	110209
6721	31823	110203
6722	31827	110197
6723	31832	110193
6724	31837	110186
6725	31842	110185
6726	31847	110182
6727	31852	110176
6728	31856	110170
6729	31861	110167
6730	31866	110161
6731	31871	110157
6732	31875	110149
6733	31879	110142
6734	31883	110135
6735	31887	110130
6736	31892	110126
6737	31896	110118
6738	31901	110115
6739	31906	110110
6740	31911	110107
6741	31915	110099
6742	31920	110094
6743	31925	110090
6744	31930	110087
6745	31934	110080
6746	31938	110074
6747	31943	110071
6748	31948	110066
6749	31953	110061
6750	31958	110057
6751	31963	110054
6752	31967	110047
6753	31972	110043
6754	31976	110036
6755	31980	110030
6756	31986	110026
6757	31991	110023
6758	31996	110020
6759	32001	110016
6760	32006	110011
6761	32010	110005
6762	32014	110000
6763	32019	109995
6764	32024	109991
6765	32029	109986
6766	32034	109984
6767	32039	109978
6768	32043	109973
6769	32049	109971
6770	32054	109967
6771	32060	109967
6772	32067	109972
6773	32075	109977
6774	32081	109976
6775	32087	109975
6776	32093	109974
6777	32098	109973
6778	32105	109975
6779	32111	109974
6780	32118	109976
6781	32124	109978
6782	32130	109978
6783	32137	109978
6784	32142	109975
6785	32147	109971
6786	32152	109968
6787	32157	109966
6788	32162	109961
6789	32168	109960
6790	32173	109956
6791	32178	109953
6792	32183	109948
6793	32188	109945
6794	32195	109949
6795	32201	109948
6796	32206	109942
6797	32210	109937
6798	32215	109933
6799	32221	109932
6800	32226	109926
6801	32231	109924
6802	32235	109918
6803	32240	109914
6804	32245	109909
6805	32250	109905
6806	32255	109901
6807	32260	109896
6808	32264	109891
6809	32269	109885
6810	32273	109880
6811	32277	109874
6812	32282	109869
6813	32287	109865
6814	32292	109861
6815	32297	109856
6816	32301	109851
6817	32305	109844
6818	32310	109837
6819	32315	109834
6820	32320	109830
6821	32324	109824
6822	32329	109819
6823	32333	109814
6824	32338	109808
6825	32342	109799
6826	32346	109795
6827	32351	109791
6828	32356	109786
6829	32360	109780
6830	32365	109775
6831	32370	109771
6832	32375	109766
6833	32380	109762
6834	32384	109756
6835	32388	109749
6836	32392	109742
6837	32396	109736
6838	32401	109729
6839	32405	109722
6840	32411	109722
6841	32415	109717
6842	32421	109714
6843	32426	109712
6844	32430	109704
6845	32434	109697
6846	32439	109692
6847	32443	109686
6848	32448	109682
6849	32452	109676
6850	32457	109672
6851	32461	109665
6852	32466	109659
6853	32470	109653
6854	32475	109649
6855	32480	109646
6856	32485	109641
6857	32489	109635
6858	32494	109629
6859	32498	109622
6860	32503	109619
6861	32508	109615
6862	32512	109609
6863	32517	109602
6864	32521	109596
6865	32525	109589
6866	32529	109582
6867	32534	109579
6868	32539	109575
6869	32544	109570
6870	32548	109563
6871	32552	109556
6872	32556	109550
6873	32561	109544
6874	32566	109540
6875	32571	109537
6876	32576	109534
6877	32580	109528
6878	32585	109523
6879	32590	109519
6880	32595	109515
6881	32601	109513
6882	32606	109510
6883	32610	109503
6884	32614	109498
6885	32619	109493
6886	32624	109488
6887	32630	109488
6888	32635	109484
6889	32639	109477
6890	32643	109471
6891	32648	109467
6892	32653	109463
6893	32658	109457
6894	32662	109452
6895	32667	109447
6896	32672	109444
6897	32677	109440
6898	32682	109436
6899	32687	109433
6900	32693	109430
6901	32698	109426
6902	32702	109419
6903	32706	109414
6904	32712	109411
6905	32717	109408
6906	32721	109401
6907	32725	109394
6908	32729	109388
6909	32733	109381
6910	32739	109379
6911	32744	109374
6912	32749	109371
6913	32753	109364
6914	32757	109359
6915	32762	109352
6916	32767	109349
6917	32771	109342
6918	32776	109338
6919	32780	109331
6920	32784	109324
6921	32789	109318
6922	32793	109313
6923	32798	109309
6924	32803	109305
6925	32808	109300
6926	32813	109297
6927	32818	109292
6928	32822	109285
6929	32826	109278
6930	32830	109273
6931	32836	109273
6932	32840	109265
6933	32844	109259
6934	32849	109253
6935	32854	109248
6936	32857	109239
6937	32862	109234
6938	32867	109229
6939	32871	109225
6940	32876	109221
6941	32881	109215
6942	32885	109210
6943	32890	109206
6944	32895	109200
6945	32900	109196
6946	32905	109194
6947	32909	109188
6948	32913	109181
6949	32918	109176
6950	32923	109171
6951	32927	109166
6952	32932	109162
6953	32937	109157
6954	32943	109154
6955	32947	109148
6956	32951	109143
6957	32957	109139
6958	32961	109135
6959	32966	109129
6960	32970	109122
6961	32974	109115
6962	32978	109107
6963	32982	109100
6964	32986	109096
6965	32991	109090
6966	32996	109085
6967	33001	109082
6968	33005	109076
6969	33009	109069
6970	33014	109063
6971	33018	109057
6972	33022	109050
6973	33027	109047
6974	33032	109041
6975	33036	109035
6976	33040	109029
6977	33045	109025
6978	33051	109023
6979	33057	109021
6980	33061	109016
6981	33066	109011
6982	33070	109006
6983	33075	109000
6984	33079	108995
6985	33084	108990
6986	33089	108986
6987	33093	108980
6988	33097	108973
6989	33102	108969
6990	33106	108962
6991	33111	108958
6992	33117	108956
6993	33123	108956
6994	33128	108953
6995	33134	108950
6996	33139	108947
6997	33145	108948
6998	33151	108946
6999	33157	108946
7000	33163	108945
7001	33168	108942
7002	33175	108942
7003	33180	108939
7004	33185	108937
7005	33190	108932
7006	33195	108928
7007	33199	108923
7008	33204	108917
7009	33209	108913
7010	33214	108908
7011	33218	108903
7012	33223	108898
7013	33227	108892
7014	33232	108887
7015	33237	108884
7016	33242	108881
7017	33247	108875
7018	33251	108869
7019	33256	108863
7020	33260	108856
7021	33264	108852
7022	33271	108854
7023	33276	108851
7024	33281	108846
7025	33286	108841
7026	33290	108835
7027	33294	108828
7028	33299	108823
7029	33303	108817
7030	33307	108809
7031	33311	108803
7032	33317	108800
7033	33321	108795
7034	33326	108789
7035	33331	108787
7036	33335	108780
7037	33340	108775
7038	33346	108773
7039	33350	108768
7040	33355	108765
7041	33360	108759
7042	33364	108753
7043	33369	108748
7044	33373	108740
7045	33377	108736
7046	33381	108728
7047	33386	108723
7048	33390	108718
7049	33395	108713
7050	33400	108708
7051	33404	108703
7052	33409	108698
7053	33414	108693
7054	33419	108688
7055	33423	108684
7056	33428	108678
7057	33431	108669
7058	33436	108665
7059	33441	108662
7060	33446	108657
7061	33451	108653
7062	33456	108649
7063	33460	108643
7064	33464	108636
7065	33469	108632
7066	33474	108628
7067	33479	108625
7068	33484	108620
7069	33489	108617
7070	33493	108609
7071	33498	108603
7072	33503	108601
7073	33508	108597
7074	33514	108595
7075	33518	108589
7076	33522	108581
7077	33526	108574
7078	33530	108569
7079	33535	108563
7080	33540	108560
7081	33545	108556
7082	33549	108549
7083	33554	108544
7084	33558	108537
7085	33563	108533
7086	33568	108530
7087	33573	108525
7088	33577	108520
7089	33582	108514
7090	33586	108508
7091	33591	108504
7092	33595	108497
7093	33600	108492
7094	33605	108488
7095	33610	108484
7096	33614	108477
7097	33618	108472
7098	33623	108467
7099	33628	108462
7100	33633	108458
7101	33638	108455
7102	33643	108452
7103	33647	108445
7104	33652	108441
7105	33657	108436
7106	33661	108431
7107	33666	108426
7108	33671	108420
7109	33675	108415
7110	33680	108411
7111	33685	108405
7112	33689	108400
7113	33694	108397
7114	33699	108392
7115	33703	108386
7116	33707	108379
7117	33711	108372
7118	33716	108366
7119	33721	108362
7120	33725	108357
7121	33731	108354
7122	33735	108348
7123	33739	108342
7124	33744	108336
7125	33748	108330
7126	33753	108327
7127	33758	108323
7128	33763	108318
7129	33767	108312
7130	33772	108307
7131	33776	108300
7132	33781	108295
7133	33785	108290
7134	33791	108288
7135	33796	108285
7136	33800	108279
7137	33805	108273
7138	33809	108266
7139	33813	108261
7140	33818	108255
7141	33823	108252
7142	33828	108247
7143	33832	108240
7144	33837	108236
7145	33841	108231
7146	33846	108227
7147	33851	108222
7148	33856	108218
7149	33861	108213
7150	33865	108206
7151	33869	108199
7152	33873	108194
7153	33878	108188
7154	33883	108185
7155	33888	108181
7156	33893	108176
7157	33897	108172
7158	33901	108165
7159	33906	108158
7160	33911	108154
7161	33915	108147
7162	33920	108143
7163	33925	108140
7164	33930	108137
7165	33935	108133
7166	33939	108126
7167	33943	108119
7168	33948	108114
7169	33952	108108
7170	33957	108105
7171	33962	108101
7172	33967	108097
7173	33972	108093
7174	33977	108087
7175	33981	108080
7176	33985	108074
7177	33990	108069
7178	33995	108065
7179	33999	108059
7180	34003	108053
7181	34008	108049
7182	34013	108043
7183	34018	108040
7184	34022	108032
7185	34026	108027
7186	34031	108022
7187	34036	108018
7188	34040	108012
7189	34044	108005
7190	34049	107999
7191	34053	107994
7192	34058	107990
7193	34063	107985
7194	34067	107979
7195	34071	107972
7196	34076	107967
7197	34080	107962
7198	34085	107958
7199	34090	107954
7200	34096	107951
7201	34100	107944
7202	34104	107939
7203	34111	107941
7204	34118	107941
7205	34123	107939
7206	34128	107935
7207	34132	107929
7208	34137	107923
7209	34142	107920
7210	34146	107914
7211	34152	107911
7212	34156	107905
7213	34161	107900
7214	34165	107894
7215	34170	107890
7216	34175	107888
7217	34181	107886
7218	34187	107884
7219	34191	107879
7220	34196	107876
7221	34202	107874
7222	34208	107874
7223	34214	107872
7224	34219	107867
7225	34223	107861
7226	34227	107854
7227	34231	107848
7228	34236	107844
7229	34241	107837
7230	34245	107833
7231	34250	107827
7232	34254	107820
7233	34258	107813
7234	34262	107808
7235	34268	107805
7236	34272	107800
7237	34277	107796
7238	34282	107790
7239	34286	107784
7240	34290	107777
7241	34294	107771
7242	34300	107768
7243	34305	107765
7244	34309	107760
7245	34314	107755
7246	34319	107750
7247	34323	107744
7248	34328	107738
7249	34333	107737
7250	34338	107731
7251	34343	107727
7252	34347	107721
7253	34351	107715
7254	34355	107708
7255	34360	107703
7256	34365	107698
7257	34369	107693
7258	34374	107689
7259	34379	107683
7260	34383	107676
7261	34387	107670
7262	34391	107664
7263	34396	107658
7264	34401	107655
7265	34405	107649
7266	34410	107644
7267	34414	107636
7268	34418	107630
7269	34423	107626
7270	34428	107622
7271	34432	107616
7272	34437	107611
7273	34441	107604
7274	34445	107597
7275	34450	107592
7276	34455	107589
7277	34459	107583
7278	34464	107580
7279	34470	107576
7280	34474	107570
7281	34478	107563
7282	34483	107559
7283	34488	107555
7284	34492	107550
7285	34497	107546
7286	34501	107539
7287	34505	107532
7288	34510	107526
7289	34515	107522
7290	34519	107516
7291	34525	107514
7292	34529	107510
7293	34534	107503
7294	34537	107496
7295	34542	107489
7296	34546	107484
7297	34550	107478
7298	34555	107472
7299	34560	107467
7300	34565	107464
7301	34571	107462
7302	34575	107457
7303	34580	107452
7304	34584	107445
7305	34588	107438
7306	34593	107434
7307	34598	107430
7308	34602	107423
7309	34607	107422
7310	34612	107416
7311	34616	107410
7312	34620	107403
7313	34625	107399
7314	34630	107395
7315	34636	107392
7316	34640	107387
7317	34645	107383
7318	34650	107378
7319	34654	107372
7320	34659	107368
7321	34664	107364
7322	34669	107360
7323	34674	107355
7324	34678	107350
7325	34683	107344
7326	34687	107337
7327	34692	107333
7328	34696	107328
7329	34701	107324
7330	34706	107318
7331	34710	107313
7332	34714	107306
7333	34719	107301
7334	34724	107296
7335	34729	107292
7336	34733	107287
7337	34738	107281
7338	34742	107276
7339	34747	107270
7340	34751	107264
7341	34757	107263
7342	34762	107260
7343	34767	107255
7344	34771	107250
7345	34775	107244
7346	34780	107237
7347	34784	107232
7348	34790	107232
7349	34795	107227
7350	34800	107222
7351	34804	107216
7352	34809	107211
7353	34814	107207
7354	34818	107201
7355	34823	107197
7356	34828	107193
7357	34832	107186
7358	34837	107181
7359	34841	107174
7360	34845	107168
7361	34849	107162
7362	34854	107158
7363	34858	107151
7364	34862	107143
7365	34867	107139
7366	34871	107133
7367	34876	107129
7368	34881	107124
7369	34886	107120
7370	34891	107116
7371	34895	107111
7372	34900	107105
7373	34904	107098
7374	34909	107095
7375	34913	107088
7376	34918	107085
7377	34923	107080
7378	34927	107073
7379	34931	107067
7380	34935	107060
7381	34940	107054
7382	34944	107048
7383	34949	107045
7384	34954	107041
7385	34959	107036
7386	34964	107031
7387	34968	107025
7388	34973	107022
7389	34979	107020
7390	34983	107013
7391	34988	107008
7392	34992	107001
7393	34996	106996
7394	35001	106993
7395	35006	106989
7396	35012	106986
7397	35016	106980
7398	35021	106976
7399	35026	106971
7400	35030	106966
7401	35036	106963
7402	35041	106960
7403	35045	106955
7404	35050	106950
7405	35055	106946
7406	35059	106940
7407	35064	106936
7408	35069	106931
7409	35075	106929
7410	35080	106925
7411	35084	106919
7412	35089	106914
7413	35093	106909
7414	35098	106904
7415	35104	106902
7416	35108	106898
7417	35113	106893
7418	35118	106888
7419	35122	106881
7420	35127	106877
7421	35131	106871
7422	35136	106866
7423	35141	106863
7424	35146	106859
7425	35151	106855
7426	35155	106849
7427	35160	106844
7428	35164	106838
7429	35169	106832
7430	35174	106828
7431	35178	106823
7432	35183	106820
7433	35188	106814
7434	35193	106810
7435	35196	106802
7436	35201	106796
7437	35207	106797
7438	35213	106796
7439	35219	106795
7440	35224	106791
7441	35230	106788
7442	35235	106786
7443	35240	106783
7444	35246	106782
7445	35252	106780
7446	35258	106779
7447	35263	106776
7448	35268	106771
7449	35272	106765
7450	35277	106760
7451	35282	106756
7452	35286	106750
7453	35290	106743
7454	35294	106736
7455	35299	106731
7456	35304	106727
7457	35308	106722
7458	35313	106717
7459	35318	106712
7460	35322	106706
7461	35327	106702
7462	35331	106695
7463	35337	106693
7464	35342	106689
7465	35346	106683
7466	35350	106677
7467	35354	106670
7468	35359	106664
7469	35363	106659
7470	35368	106654
7471	35374	106652
7472	35378	106646
7473	35382	106640
7474	35386	106634
7475	35391	106629
7476	35396	106624
7477	35401	106621
7478	35406	106616
7479	35410	106608
7480	35413	106601
7481	35417	106594
7482	35422	106589
7483	35428	106588
7484	35433	106583
7485	35437	106578
7486	35442	106572
7487	35446	106567
7488	35450	106560
7489	35455	106555
7490	35459	106548
7491	35464	106543
7492	35469	106539
7493	35473	106535
7494	35478	106530
7495	35482	106524
7496	35487	106518
7497	35492	106515
7498	35497	106510
7499	35501	106503
7500	35505	106497
7501	35510	106493
7502	35514	106487
7503	35519	106483
7504	35524	106477
7505	35529	106475
7506	35534	106470
7507	35538	106465
7508	35543	106459
7509	35547	106453
7510	35551	106447
7511	35557	106443
7512	35561	106439
7513	35566	106432
7514	35570	106427
7515	35574	106421
7516	35579	106415
7517	35583	106409
7518	35588	106406
7519	35593	106400
7520	35597	106395
7521	35601	106388
7522	35606	106382
7523	35610	106377
7524	35614	106370
7525	35619	106366
7526	35624	106361
7527	35628	106356
7528	35633	106350
7529	35637	106345
7530	35643	106342
7531	35649	106341
7532	35653	106337
7533	35657	106329
7534	35661	106323
7535	35665	106316
7536	35670	106309
7537	35674	106305
7538	35679	106301
7539	35685	106298
7540	35689	106292
7541	35693	106286
7542	35698	106280
7543	35702	106274
7544	35707	106270
7545	35712	106265
7546	35716	106259
7547	35720	106252
7548	35724	106247
7549	35729	106241
7550	35733	106236
7551	35738	106231
7552	35743	106226
7553	35748	106222
7554	35752	106215
7555	35756	106210
7556	35761	106205
7557	35765	106199
7558	35769	106192
7559	35774	106187
7560	35780	106185
7561	35785	106181
7562	35790	106177
7563	35794	106171
7564	35798	106164
7565	35803	106159
7566	35807	106154
7567	35812	106148
7568	35817	106145
7569	35821	106139
7570	35826	106134
7571	35830	106128
7572	35835	106123
7573	35839	106117
7574	35843	106111
7575	35849	106109
7576	35854	106105
7577	35859	106101
7578	35863	106094
7579	35867	106089
7580	35872	106083
7581	35877	106080
7582	35881	106073
7583	35887	106072
7584	35891	106065
7585	35896	106060
7586	35900	106053
7587	35904	106047
7588	35908	106042
7589	35913	106037
7590	35918	106032
7591	35922	106027
7592	35927	106021
7593	35931	106016
7594	35935	106009
7595	35941	106006
7596	35945	106000
7597	35950	105997
7598	35954	105991
7599	35959	105985
7600	35963	105979
7601	35967	105972
7602	35972	105968
7603	35977	105963
7604	35982	105959
7605	35986	105953
7606	35990	105946
7607	35994	105940
7608	35999	105934
7609	36003	105930
7610	36008	105926
7611	36014	105923
7612	36018	105918
7613	36023	105913
7614	36027	105906
7615	36032	105901
7616	36037	105897
7617	36042	105894
7618	36047	105889
7619	36051	105883
7620	36055	105877
7621	36060	105872
7622	36065	105868
7623	36071	105867
7624	36076	105863
7625	36081	105859
7626	36086	105854
7627	36091	105851
7628	36096	105847
7629	36100	105842
7630	36105	105837
7631	36110	105833
7632	36115	105828
7633	36120	105824
7634	36125	105820
7635	36130	105816
7636	36135	105812
7637	36140	105809
7638	36144	105802
7639	36148	105796
7640	36152	105789
7641	36158	105786
7642	36162	105782
7643	36167	105778
7644	36172	105773
7645	36176	105767
7646	36180	105760
7647	36185	105754
7648	36189	105748
7649	36193	105743
7650	36199	105739
7651	36203	105733
7652	36207	105726
7653	36211	105720
7654	36215	105714
7655	36220	105710
7656	36225	105704
7657	36229	105699
7658	36235	105696
7659	36239	105689
7660	36243	105683
7661	36247	105677
7662	36253	105674
7663	36258	105670
7664	36263	105668
7665	36269	105668
7666	36275	105664
7667	36279	105660
7668	36286	105660
7669	36292	105659
7670	36298	105660
7671	36304	105656
7672	36309	105653
7673	36314	105650
7674	36319	105644
7675	36324	105640
7676	36328	105636
7677	36332	105629
7678	36337	105623
7679	36341	105617
7680	36345	105611
7681	36350	105607
7682	36355	105603
7683	36360	105598
7684	36364	105591
7685	36368	105586
7686	36373	105580
7687	36377	105575
7688	36383	105571
7689	36387	105567
7690	36391	105560
7691	36396	105555
7692	36401	105550
7693	36405	105545
7694	36410	105540
7695	36414	105534
7696	36418	105527
7697	36422	105521
7698	36427	105515
7699	36432	105512
7700	36438	105509
7701	36442	105504
7702	36446	105498
7703	36451	105493
7704	36455	105487
7705	36460	105483
7706	36466	105480
7707	36470	105475
7708	36474	105467
7709	36477	105459
7710	36482	105454
7711	36487	105449
7712	36492	105447
7713	36497	105442
7714	36501	105435
7715	36506	105430
7716	36511	105426
7717	36516	105422
7718	36520	105417
7719	36525	105414
7720	36531	105410
7721	36535	105404
7722	36539	105399
7723	36544	105392
7724	36548	105386
7725	36552	105380
7726	36557	105376
7727	36562	105372
7728	36566	105367
7729	36571	105361
7730	36575	105354
7731	36579	105348
7732	36584	105344
7733	36589	105340
7734	36594	105335
7735	36599	105331
7736	36603	105325
7737	36607	105319
7738	36612	105315
7739	36617	105309
7740	36622	105307
7741	36627	105301
7742	36631	105296
7743	36636	105292
7744	36641	105286
7745	36645	105282
7746	36650	105278
7747	36654	105271
7748	36658	105265
7749	36662	105257
7750	36666	105251
7751	36671	105245
7752	36676	105241
7753	36682	105239
7754	36686	105233
7755	36690	105227
7756	36694	105221
7757	36698	105214
7758	36702	105205
7759	36708	105204
7760	36713	105202
7761	36718	105198
7762	36722	105192
7763	36727	105186
7764	36731	105181
7765	36736	105177
7766	36741	105171
7767	36746	105167
7768	36751	105163
7769	36756	105159
7770	36760	105153
7771	36764	105148
7772	36769	105142
7773	36774	105139
7774	36778	105133
7775	36783	105126
7776	36787	105121
7777	36791	105114
7778	36795	105107
7779	36799	105100
7780	36804	105096
7781	36809	105092
7782	36813	105086
7783	36817	105080
7784	36822	105074
7785	36826	105067
7786	36831	105064
7787	36836	105060
7788	36841	105055
7789	36845	105049
7790	36850	105045
7791	36855	105040
7792	36860	105036
7793	36865	105033
7794	36871	105032
7795	36875	105026
7796	36879	105020
7797	36884	105014
7798	36888	105007
7799	36892	105002
7800	36897	104997
7801	36902	104993
7802	36906	104986
7803	36910	104980
7804	36914	104974
7805	36919	104969
7806	36924	104966
7807	36929	104962
7808	36935	104959
7809	36940	104956
7810	36944	104950
7811	36949	104945
7812	36953	104939
7813	36958	104935
7814	36963	104931
7815	36968	104927
7816	36973	104923
7817	36977	104916
7818	36981	104909
7819	36986	104904
7820	36990	104899
7821	36996	104896
7822	37001	104893
7823	37005	104887
7824	37009	104881
7825	37014	104876
7826	37020	104875
7827	37026	104872
7828	37031	104868
7829	37037	104868
7830	37041	104862
7831	37046	104859
7832	37051	104854
7833	37056	104851
7834	37062	104849
7835	37068	104846
7836	37073	104844
7837	37079	104841
7838	37084	104838
7839	37090	104836
7840	37095	104834
7841	37100	104828
7842	37106	104827
7843	37111	104823
7844	37116	104820
7845	37121	104815
7846	37125	104810
7847	37131	104808
7848	37137	104806
7849	37141	104800
7850	37146	104795
7851	37149	104787
7852	37154	104782
7853	37159	104780
7854	37164	104774
7855	37169	104771
7856	37173	104764
7857	37178	104759
7858	37182	104753
7859	37186	104747
7860	37191	104742
7861	37196	104738
7862	37201	104735
7863	37205	104728
7864	37209	104721
7865	37213	104715
7866	37217	104708
7867	37222	104703
7868	37227	104699
7869	37231	104694
7870	37236	104688
7871	37240	104682
7872	37244	104675
7873	37248	104669
7874	37253	104665
7875	37258	104660
7876	37263	104657
7877	37268	104652
7878	37272	104646
7879	37276	104640
7880	37281	104634
7881	37286	104630
7882	37290	104624
7883	37296	104622
7884	37301	104618
7885	37306	104615
7886	37311	104611
7887	37317	104609
7888	37322	104607
7889	37328	104604
7890	37333	104601
7891	37339	104599
7892	37345	104599
7893	37350	104595
7894	37355	104591
7895	37360	104586
7896	37364	104580
7897	37368	104573
7898	37372	104567
7899	37377	104562
7900	37381	104556
7901	37388	104555
7902	37392	104550
7903	37396	104543
7904	37401	104538
7905	37404	104531
7906	37409	104526
7907	37414	104521
7908	37418	104516
7909	37423	104511
7910	37428	104506
7911	37432	104499
7912	37436	104493
7913	37441	104488
7914	37445	104483
7915	37450	104479
7916	37454	104473
7917	37459	104468
7918	37463	104462
7919	37467	104456
7920	37473	104452
7921	37478	104448
7922	37481	104441
7923	37486	104435
7924	37491	104431
7925	37495	104425
7926	37499	104419
7927	37504	104415
7928	37510	104412
7929	37514	104407
7930	37518	104401
7931	37523	104395
7932	37527	104388
7933	37531	104381
7934	37536	104377
7935	37540	104373
7936	37545	104368
7937	37550	104364
7938	37555	104359
7939	37559	104353
7940	37564	104348
7941	37570	104347
7942	37575	104343
7943	37580	104338
7944	37584	104332
7945	37588	104327
7946	37593	104321
7947	37597	104316
7948	37603	104313
7949	37607	104308
7950	37612	104304
7951	37616	104297
7952	37621	104291
7953	37625	104287
7954	37630	104282
7955	37635	104277
7956	37639	104272
7957	37643	104265
7958	37648	104260
7959	37652	104254
7960	37657	104249
7961	37661	104243
7962	37666	104237
7963	37670	104232
7964	37675	104228
7965	37680	104224
7966	37685	104220
7967	37690	104215
7968	37694	104209
7969	37698	104203
7970	37703	104198
7971	37707	104193
7972	37713	104189
7973	37717	104185
7974	37722	104179
7975	37726	104173
7976	37731	104168
7977	37735	104163
7978	37740	104158
7979	37745	104154
7980	37750	104150
7981	37754	104145
7982	37759	104138
7983	37763	104134
7984	37768	104130
7985	37774	104128
7986	37779	104124
7987	37783	104117
7988	37787	104111
7989	37792	104105
7990	37796	104100
7991	37801	104096
7992	37805	104089
7993	37810	104084
7994	37814	104078
7995	37819	104073
7996	37823	104066
7997	37828	104063
7998	37833	104058
7999	37837	104053
8000	37842	104048
8001	37847	104043
8002	37852	104040
8003	37856	104035
8004	37861	104030
8005	37866	104025
8006	37871	104021
8007	37875	104016
8008	37879	104009
8009	37883	104003
8010	37888	103997
8011	37892	103991
8012	37897	103987
8013	37902	103983
8014	37907	103979
8015	37911	103972
8016	37915	103966
8017	37919	103960
8018	37925	103956
8019	37929	103951
8020	37934	103946
8021	37938	103939
8022	37942	103933
8023	37946	103926
8024	37951	103921
8025	37955	103916
8026	37959	103909
8027	37964	103906
8028	37969	103901
8029	37973	103896
8030	37978	103890
8031	37982	103885
8032	37988	103883
8033	37994	103881
8034	37999	103878
8035	38004	103873
8036	38008	103867
8037	38012	103861
8038	38018	103858
8039	38023	103856
8040	38029	103852
8041	38033	103848
8042	38039	103844
8043	38043	103839
8044	38049	103836
8045	38054	103833
8046	38059	103830
8047	38064	103825
8048	38069	103820
8049	38074	103816
8050	38079	103812
8051	38084	103809
8052	38089	103805
8053	38093	103799
8054	38097	103793
8055	38101	103787
8056	38106	103781
8057	38111	103777
8058	38116	103772
8059	38121	103768
8060	38125	103763
8061	38129	103756
8062	38134	103751
8063	38138	103744
8064	38143	103740
8065	38148	103738
8066	38153	103735
8067	38157	103728
8068	38162	103724
8069	38166	103716
8070	38171	103711
8071	38176	103707
8072	38181	103703
8073	38186	103699
8074	38190	103693
8075	38194	103686
8076	38198	103680
8077	38203	103676
8078	38208	103672
8079	38213	103669
8080	38218	103663
8081	38222	103658
8082	38226	103651
8083	38230	103645
8084	38235	103640
8085	38240	103636
8086	38245	103631
8087	38249	103626
8088	38254	103622
8089	38259	103616
8090	38263	103610
8091	38267	103605
8092	38272	103600
8093	38277	103597
8094	38282	103590
8095	38286	103585
8096	38290	103579
8097	38295	103573
8098	38299	103568
8099	38304	103563
8100	38308	103556
8101	38313	103553
8102	38318	103548
8103	38323	103544
8104	38328	103541
8105	38333	103536
8106	38338	103533
8107	38343	103529
8108	38349	103528
8109	38356	103528
8110	38362	103527
8111	38367	103523
8112	38372	103519
8113	38378	103517
8114	38383	103515
8115	38388	103511
8116	38394	103508
8117	38398	103502
8118	38402	103496
8119	38407	103493
8120	38413	103491
8121	38418	103487
8122	38423	103482
8123	38427	103476
8124	38432	103471
8125	38436	103465
8126	38441	103460
8127	38445	103455
8128	38451	103452
8129	38455	103447
8130	38460	103441
8131	38463	103434
8132	38469	103431
8133	38473	103425
8134	38479	103422
8135	38483	103417
8136	38487	103410
8137	38491	103405
8138	38496	103399
8139	38500	103394
8140	38505	103389
8141	38511	103387
8142	38515	103382
8143	38520	103375
8144	38524	103371
8145	38529	103366
8146	38534	103363
8147	38539	103359
8148	38544	103354
8149	38548	103348
8150	38552	103341
8151	38557	103336
8152	38561	103329
8153	38566	103325
8154	38571	103321
8155	38576	103318
8156	38581	103315
8157	38585	103308
8158	38590	103303
8159	38595	103299
8160	38600	103294
8161	38604	103290
8162	38609	103284
8163	38613	103278
8164	38618	103275
8165	38622	103268
8166	38627	103263
8167	38633	103262
8168	38638	103258
8169	38643	103253
8170	38648	103249
8171	38652	103243
8172	38657	103238
8173	38661	103233
8174	38667	103230
8175	38671	103224
8176	38675	103217
8177	38679	103210
8178	38683	103204
8179	38687	103198
8180	38692	103194
8181	38697	103191
8182	38702	103186
8183	38706	103180
8184	38711	103174
8185	38715	103167
8186	38719	103162
8187	38723	103155
8188	38728	103152
8189	38734	103149
8190	38739	103145
8191	38743	103139
8192	38748	103134
8193	38752	103129
8194	38757	103124
8195	38762	103120
8196	38767	103115
8197	38771	103109
8198	38775	103104
8199	38779	103097
8200	38784	103092
8201	38789	103087
8202	38793	103083
8203	38798	103077
8204	38802	103071
8205	38806	103064
8206	38810	103056
8207	38814	103051
8208	38819	103047
8209	38824	103043
8210	38828	103035
8211	38832	103031
8212	38837	103026
8213	38841	103020
8214	38847	103016
8215	38852	103014
8216	38857	103010
8217	38862	103004
8218	38866	102999
8219	38870	102993
8220	38875	102987
8221	38879	102983
8222	38884	102978
8223	38889	102974
8224	38894	102970
8225	38898	102964
8226	38903	102959
8227	38907	102953
8228	38912	102948
8229	38916	102942
8230	38921	102936
8231	38925	102931
8232	38930	102925
8233	38934	102921
8234	38939	102916
8235	38943	102910
8236	38947	102903
8237	38952	102898
8238	38956	102892
8239	38961	102887
8240	38966	102885
8241	38971	102880
8242	38975	102874
8243	38980	102869
8244	38984	102864
8245	38989	102859
8246	38994	102856
8247	38999	102851
8248	39003	102844
8249	39008	102839
8250	39012	102833
8251	39017	102828
8252	39021	102824
8253	39027	102820
8254	39032	102816
8255	39036	102811
8256	39041	102806
8257	39045	102801
8258	39050	102797
8259	39056	102795
8260	39061	102792
8261	39066	102788
8262	39070	102781
8263	39075	102776
8264	39080	102772
8265	39084	102766
8266	39089	102763
8267	39094	102757
8268	39098	102750
8269	39102	102744
8270	39107	102740
8271	39111	102734
8272	39116	102729
8273	39121	102725
8274	39125	102719
8275	39129	102713
8276	39133	102706
8277	39138	102700
8278	39142	102694
8279	39146	102689
8280	39151	102683
8281	39155	102678
8282	39159	102672
8283	39164	102667
8284	39168	102661
8285	39174	102658
8286	39178	102653
8287	39184	102650
8288	39188	102645
8289	39193	102640
8290	39197	102634
8291	39202	102629
8292	39207	102625
8293	39212	102623
8294	39218	102619
8295	39223	102615
8296	39228	102612
8297	39232	102606
8298	39236	102600
8299	39241	102594
8300	39247	102592
8301	39251	102587
8302	39256	102581
8303	39260	102576
8304	39264	102570
8305	39269	102564
8306	39274	102562
8307	39279	102557
8308	39283	102551
8309	39287	102544
8310	39291	102538
8311	39295	102532
8312	39300	102527
8313	39304	102521
8314	39310	102518
8315	39314	102513
8316	39319	102507
8317	39323	102502
8318	39327	102496
8319	39332	102491
8320	39337	102486
8321	39342	102482
8322	39346	102477
8323	39350	102470
8324	39355	102465
8325	39359	102459
8326	39364	102455
8327	39368	102450
8328	39374	102447
8329	39380	102446
8330	39386	102443
8331	39391	102441
8332	39396	102436
8333	39402	102434
8334	39407	102430
8335	39411	102425
8336	39417	102422
8337	39423	102421
8338	39428	102417
8339	39434	102415
8340	39438	102409
8341	39442	102402
8342	39447	102398
8343	39451	102392
8344	39455	102386
8345	39460	102382
8346	39466	102379
8347	39470	102373
8348	39474	102367
8349	39478	102360
8350	39482	102355
8351	39488	102353
8352	39494	102351
8353	39499	102346
8354	39503	102339
8355	39507	102333
8356	39511	102327
8357	39516	102322
8358	39520	102316
8359	39524	102310
8360	39529	102304
8361	39533	102298
8362	39537	102292
8363	39542	102287
8364	39546	102282
8365	39550	102276
8366	39555	102270
8367	39559	102264
8368	39563	102258
8369	39568	102254
8370	39573	102249
8371	39578	102244
8372	39582	102240
8373	39587	102234
8374	39591	102228
8375	39595	102223
8376	39600	102216
8377	39605	102213
8378	39610	102209
8379	39614	102202
8380	39618	102196
8381	39622	102189
8382	39627	102185
8383	39631	102179
8384	39636	102176
8385	39641	102172
8386	39645	102165
8387	39649	102159
8388	39654	102153
8389	39658	102148
8390	39663	102143
8391	39668	102139
8392	39672	102133
8393	39677	102127
8394	39681	102121
8395	39684	102114
8396	39690	102111
8397	39695	102108
8398	39701	102105
8399	39705	102099
8400	39709	102094
8401	39713	102087
8402	39718	102082
8403	39722	102076
8404	39728	102073
8405	39733	102069
8406	39737	102064
8407	39741	102058
8408	39745	102052
8409	39750	102046
8410	39754	102040
8411	39759	102035
8412	39763	102030
8413	39768	102024
8414	39773	102020
8415	39777	102013
8416	39781	102007
8417	39785	102003
8418	39790	101997
8419	39795	101993
8420	39799	101986
8421	39803	101980
8422	39807	101975
8423	39812	101969
8424	39817	101966
8425	39822	101961
8426	39827	101957
8427	39832	101953
8428	39837	101950
8429	39842	101945
8430	39846	101940
8431	39851	101934
8432	39856	101930
8433	39860	101924
8434	39864	101917
8435	39868	101911
8436	39872	101905
8437	39877	101900
8438	39882	101897
8439	39887	101892
8440	39892	101887
8441	39896	101882
8442	39900	101875
8443	39904	101869
8444	39909	101866
8445	39914	101861
8446	39919	101857
8447	39924	101852
8448	39928	101846
8449	39932	101840
8450	39937	101835
8451	39941	101830
8452	39947	101827
8453	39951	101822
8454	39956	101816
8455	39960	101810
8456	39964	101804
8457	39970	101802
8458	39975	101797
8459	39979	101792
8460	39984	101786
8461	39988	101781
8462	39993	101777
8463	39998	101771
8464	40003	101768
8465	40008	101766
8466	40013	101761
8467	40018	101757
8468	40023	101753
8469	40028	101748
8470	40033	101743
8471	40037	101739
8472	40042	101735
8473	40047	101730
8474	40051	101724
8475	40056	101718
8476	40060	101712
8477	40065	101708
8478	40070	101706
8479	40076	101703
8480	40080	101697
8481	40084	101691
8482	40089	101685
8483	40093	101680
8484	40098	101676
8485	40102	101670
8486	40106	101663
8487	40111	101659
8488	40115	101652
8489	40119	101645
8490	40124	101641
8491	40130	101639
8492	40135	101635
8493	40140	101631
8494	40144	101625
8495	40148	101619
8496	40153	101614
8497	40157	101607
8498	40161	101601
8499	40165	101596
8500	40170	101590
8501	40174	101584
8502	40179	101579
8503	40184	101576
8504	40189	101572
8505	40193	101566
8506	40197	101560
8507	40202	101554
8508	40206	101549
8509	40211	101544
8510	40216	101540
8511	40220	101535
8512	40224	101528
8513	40229	101522
8514	40233	101517
8515	40238	101512
8516	40243	101509
8517	40249	101507
8518	40253	101501
8519	40258	101495
8520	40262	101489
8521	40266	101484
8522	40271	101478
8523	40276	101474
8524	40280	101469
8525	40284	101463
8526	40288	101456
8527	40292	101449
8528	40297	101444
8529	40301	101439
8530	40306	101433
8531	40310	101427
8532	40314	101420
8533	40318	101414
8534	40322	101408
8535	40326	101403
8536	40332	101400
8537	40337	101396
8538	40342	101392
8539	40347	101388
8540	40351	101381
8541	40355	101375
8542	40359	101369
8543	40363	101362
8544	40368	101358
8545	40373	101353
8546	40377	101347
8547	40381	101341
8548	40385	101334
8549	40389	101329
8550	40394	101324
8551	40399	101319
8552	40404	101315
8553	40408	101310
8554	40412	101303
8555	40417	101298
8556	40422	101295
8557	40428	101293
8558	40434	101290
8559	40438	101285
8560	40443	101281
8561	40448	101278
8562	40455	101276
8563	40461	101275
8564	40466	101273
8565	40472	101269
8566	40476	101263
8567	40480	101257
8568	40485	101254
8569	40490	101250
8570	40495	101246
8571	40500	101242
8572	40505	101238
8573	40510	101233
8574	40515	101228
8575	40520	101224
8576	40524	101219
8577	40529	101214
8578	40534	101210
8579	40538	101203
8580	40542	101197
8581	40546	101192
8582	40552	101189
8583	40557	101186
8584	40562	101182
8585	40567	101178
8586	40571	101172
8587	40576	101166
8588	40580	101161
8589	40585	101156
8590	40589	101151
8591	40594	101144
8592	40597	101138
8593	40601	101131
8594	40605	101124
8595	40610	101119
8596	40615	101114
8597	40620	101111
8598	40624	101106
8599	40629	101101
8600	40633	101094
8601	40637	101089
8602	40643	101085
8603	40647	101080
8604	40652	101076
8605	40657	101071
8606	40661	101065
8607	40665	101058
8608	40669	101053
8609	40675	101049
8610	40679	101043
8611	40684	101039
8612	40688	101033
8613	40692	101027
8614	40696	101020
8615	40700	101014
8616	40705	101010
8617	40709	101004
8618	40714	101000
8619	40719	100994
8620	40723	100989
8621	40727	100983
8622	40732	100977
8623	40737	100973
8624	40741	100968
8625	40746	100964
8626	40750	100958
8627	40755	100952
8628	40759	100946
8629	40763	100940
8630	40768	100936
8631	40774	100933
8632	40779	100930
8633	40784	100925
8634	40788	100919
8635	40792	100913
8636	40796	100907
8637	40800	100900
8638	40804	100893
8639	40808	100887
8640	40814	100885
8641	40818	100880
8642	40823	100876
8643	40829	100873
8644	40834	100869
8645	40838	100862
8646	40842	100856
8647	40846	100851
8648	40851	100846
8649	40856	100842
8650	40860	100836
8651	40865	100830
8652	40868	100823
8653	40873	100817
8654	40877	100812
8655	40882	100808
8656	40887	100805
8657	40891	100798
8658	40896	100793
8659	40900	100786
8660	40904	100779
8661	40908	100774
8662	40913	100769
8663	40917	100764
8664	40922	100758
8665	40926	100752
8666	40930	100746
8667	40935	100741
8668	40940	100737
8669	40944	100732
8670	40949	100728
8671	40954	100723
8672	40958	100717
8673	40962	100711
8674	40967	100707
8675	40972	100703
8676	40978	100700
8677	40983	100696
8678	40987	100690
8679	40991	100684
8680	40996	100678
8681	41001	100675
8682	41006	100671
8683	41011	100667
8684	41015	100661
8685	41019	100655
8686	41023	100649
8687	41028	100645
8688	41033	100639
8689	41037	100634
8690	41042	100630
8691	41046	100624
8692	41050	100618
8693	41055	100611
8694	41059	100606
8695	41064	100602
8696	41069	100598
8697	41074	100594
8698	41078	100588
8699	41082	100580
8700	41086	100574
8701	41090	100568
8702	41095	100563
8703	41099	100556
8704	41104	100554
8705	41109	100549
8706	41114	100544
8707	41118	100539
8708	41122	100532
8709	41127	100527
8710	41131	100522
8711	41136	100519
8712	41141	100514
8713	41145	100507
8714	41149	100501
8715	41154	100496
8716	41158	100491
8717	41163	100486
8718	41168	100482
8719	41173	100478
8720	41177	100472
8721	41182	100467
8722	41186	100461
8723	41192	100458
8724	41197	100455
8725	41202	100451
8726	41206	100444
8727	41210	100438
8728	41215	100433
8729	41219	100428
8730	41224	100423
8731	41229	100419
8732	41233	100414
8733	41238	100409
8734	41242	100403
8735	41246	100396
8736	41251	100391
8737	41256	100388
8738	41261	100383
8739	41265	100378
8740	41269	100372
8741	41273	100366
8742	41278	100360
8743	41283	100357
8744	41288	100352
8745	41293	100348
8746	41297	100343
8747	41302	100337
8748	41306	100330
8749	41309	100323
8750	41315	100320
8751	41319	100315
8752	41324	100309
8753	41328	100303
8754	41332	100298
8755	41336	100290
8756	41340	100285
8757	41345	100280
8758	41349	100274
8759	41354	100270
8760	41359	100265
8761	41363	100260
8762	41368	100255
8763	41372	100249
8764	41377	100244
8765	41381	100240
8766	41387	100236
8767	41391	100230
8768	41396	100225
8769	41400	100221
8770	41405	100217
8771	41411	100214
8772	41415	100209
8773	41420	100204
8774	41424	100197
8775	41428	100191
8776	41432	100185
8777	41437	100181
8778	41442	100175
8779	41446	100169
8780	41450	100163
8781	41455	100159
8782	41461	100158
8783	41467	100157
8784	41472	100153
8785	41477	100148
8786	41482	100145
8787	41488	100141
8788	41494	100140
8789	41500	100138
8790	41505	100135
8791	41511	100132
8792	41516	100128
8793	41521	100124
8794	41526	100120
8795	41530	100116
8796	41535	100110
8797	41539	100103
8798	41543	100098
8799	41548	100094
8800	41552	100088
8801	41558	100085
8802	41563	100081
8803	41567	100074
8804	41571	100068
8805	41575	100062
8806	41580	100058
8807	41584	100051
8808	41590	100049
8809	41594	100043
8810	41598	100038
8811	41602	100032
8812	41607	100026
8813	41612	100021
8814	41618	100020
8815	41623	100016
8816	41627	100010
8817	41631	100004
8818	41636	99999
8819	41640	99994
8820	41644	99987
8821	41649	99983
8822	41653	99977
8823	41657	99970
8824	41662	99965
8825	41666	99960
8826	41670	99953
8827	41674	99947
8828	41679	99942
8829	41684	99938
8830	41688	99932
8831	41692	99925
8832	41696	99920
8833	41701	99914
8834	41706	99911
8835	41711	99907
8836	41716	99903
8837	41720	99897
8838	41725	99892
8839	41729	99885
8840	41733	99879
8841	41738	99876
8842	41743	99872
8843	41748	99867
8844	41752	99861
8845	41757	99857
8846	41761	99850
8847	41766	99846
8848	41770	99841
8849	41775	99836
8850	41779	99830
8851	41784	99825
8852	41788	99819
8853	41792	99812
8854	41796	99807
8855	41801	99803
8856	41807	99800
8857	41811	99795
8858	41816	99790
8859	41820	99784
8860	41824	99778
8861	41830	99774
8862	41835	99771
8863	41840	99766
8864	41844	99762
8865	41849	99756
8866	41853	99750
8867	41857	99743
8868	41862	99739
8869	41867	99736
8870	41872	99732
8871	41876	99725
8872	41880	99719
8873	41884	99712
8874	41889	99708
8875	41894	99704
8876	41899	99700
8877	41903	99693
8878	41907	99688
8879	41912	99683
8880	41916	99677
8881	41921	99673
8882	41926	99669
8883	41931	99665
8884	41937	99662
8885	41942	99659
8886	41947	99654
8887	41951	99649
8888	41956	99645
8889	41961	99641
8890	41966	99636
8891	41971	99631
8892	41976	99627
8893	41980	99622
8894	41984	99616
8895	41990	99612
8896	41995	99610
8897	42000	99606
8898	42005	99601
8899	42009	99595
8900	42013	99590
8901	42018	99584
8902	42023	99581
8903	42028	99577
8904	42033	99572
8905	42037	99567
8906	42042	99562
8907	42046	99557
8908	42051	99552
8909	42056	99548
8910	42061	99543
8911	42067	99541
8912	42071	99536
8913	42076	99531
8914	42080	99525
8915	42086	99522
8916	42091	99519
8917	42095	99513
8918	42100	99507
8919	42105	99503
8920	42109	99498
8921	42114	99493
8922	42118	99487
8923	42122	99482
8924	42127	99477
8925	42132	99473
8926	42137	99468
8927	42142	99464
8928	42147	99460
8929	42151	99455
8930	42156	99450
8931	42161	99446
8932	42166	99442
8933	42170	99436
8934	42175	99431
8935	42179	99425
8936	42183	99419
8937	42187	99413
8938	42193	99410
8939	42198	99406
8940	42202	99399
8941	42206	99393
8942	42210	99388
8943	42214	99381
8944	42219	99377
8945	42223	99371
8946	42228	99366
8947	42232	99360
8948	42236	99354
8949	42241	99349
8950	42245	99344
8951	42250	99339
8952	42256	99337
8953	42261	99334
8954	42266	99329
8955	42271	99324
8956	42275	99318
8957	42279	99312
8958	42284	99307
8959	42288	99302
8960	42293	99297
8961	42298	99293
8962	42302	99287
8963	42306	99281
8964	42310	99275
8965	42315	99271
8966	42320	99267
8967	42325	99263
8968	42331	99260
8969	42335	99254
8970	42340	99249
8971	42346	99248
8972	42351	99243
8973	42355	99238
8974	42360	99233
8975	42364	99227
8976	42368	99221
8977	42372	99214
8978	42377	99211
8979	42381	99205
8980	42387	99202
8981	42391	99197
8982	42395	99190
8983	42399	99183
8984	42403	99177
8985	42407	99171
8986	42412	99166
8987	42417	99162
8988	42422	99158
8989	42426	99152
8990	42430	99146
8991	42434	99139
8992	42439	99136
8993	42445	99132
8994	42450	99130
8995	42455	99126
8996	42459	99119
8997	42464	99114
8998	42469	99110
8999	42474	99106
9000	42478	99100
9001	42483	99096
9002	42487	99089
9003	42491	99083
9004	42496	99079
9005	42501	99076
9006	42507	99073
9007	42513	99071
9008	42518	99067
9009	42523	99064
9010	42528	99060
9011	42534	99057
9012	42541	99058
9013	42547	99056
9014	42553	99054
9015	42558	99052
9016	42563	99047
9017	42568	99042
9018	42573	99040
9019	42578	99035
9020	42583	99031
9021	42588	99026
9022	42593	99022
9023	42598	99018
9024	42603	99014
9025	42607	99008
9026	42614	99008
9027	42618	99003
9028	42623	98999
9029	42628	98994
9030	42632	98988
9031	42637	98983
9032	42641	98978
9033	42646	98973
9034	42650	98968
9035	42656	98964
9036	42660	98958
9037	42666	98956
9038	42670	98951
9039	42674	98945
9040	42679	98939
9041	42683	98933
9042	42687	98927
9043	42691	98921
9044	42695	98914
9045	42699	98908
9046	42704	98903
9047	42709	98900
9048	42715	98897
9049	42719	98892
9050	42723	98885
9051	42727	98879
9052	42731	98874
9053	42737	98870
9054	42741	98865
9055	42746	98860
9056	42750	98854
9057	42754	98848
9058	42759	98842
9059	42763	98837
9060	42768	98832
9061	42772	98827
9062	42777	98822
9063	42781	98817
9064	42786	98811
9065	42790	98806
9066	42795	98801
9067	42799	98796
9068	42805	98793
9069	42809	98787
9070	42813	98781
9071	42817	98775
9072	42822	98769
9073	42826	98764
9074	42831	98759
9075	42836	98755
9076	42841	98751
9077	42845	98745
9078	42849	98739
9079	42853	98733
9080	42858	98728
9081	42862	98723
9082	42867	98718
9083	42872	98714
9084	42877	98709
9085	42882	98706
9086	42887	98701
9087	42892	98697
9088	42896	98692
9089	42902	98688
9090	42906	98684
9091	42911	98678
9092	42916	98674
9093	42921	98670
9094	42926	98668
9095	42932	98665
9096	42936	98659
9097	42941	98654
9098	42945	98649
9099	42950	98644
9100	42955	98640
9101	42960	98636
9102	42966	98633
9103	42971	98629
9104	42975	98624
9105	42979	98618
9106	42984	98613
9107	42989	98609
9108	42994	98605
9109	42998	98600
9110	43003	98594
9111	43006	98587
9112	43010	98581
9113	43015	98576
9114	43020	98571
9115	43024	98565
9116	43029	98562
9117	43033	98555
9118	43038	98550
9119	43042	98543
9120	43046	98539
9121	43051	98534
9122	43056	98530
9123	43061	98526
9124	43065	98519
9125	43070	98514
9126	43074	98508
9127	43078	98503
9128	43082	98497
9129	43087	98493
9130	43092	98487
9131	43096	98482
9132	43100	98476
9133	43105	98471
9134	43110	98467
9135	43115	98462
9136	43120	98458
9137	43125	98455
9138	43130	98450
9139	43134	98444
9140	43138	98438
9141	43144	98436
9142	43149	98431
9143	43153	98426
9144	43158	98421
9145	43162	98416
9146	43166	98409
9147	43170	98404
9148	43175	98399
9149	43179	98393
9150	43184	98389
9151	43189	98384
9152	43193	98377
9153	43196	98370
9154	43201	98364
9155	43205	98359
9156	43209	98353
9157	43214	98347
9158	43218	98342
9159	43222	98336
9160	43226	98330
9161	43231	98324
9162	43235	98319
9163	43239	98313
9164	43244	98309
9165	43250	98305
9166	43254	98300
9167	43258	98294
9168	43262	98288
9169	43267	98283
9170	43271	98277
9171	43276	98272
9172	43280	98267
9173	43284	98261
9174	43288	98255
9175	43293	98249
9176	43297	98243
9177	43301	98237
9178	43305	98231
9179	43310	98226
9180	43314	98220
9181	43319	98217
9182	43324	98213
9183	43328	98207
9184	43332	98200
9185	43337	98195
9186	43342	98191
9187	43347	98188
9188	43353	98184
9189	43358	98181
9190	43363	98177
9191	43368	98173
9192	43373	98170
9193	43379	98166
9194	43384	98163
9195	43389	98158
9196	43393	98153
9197	43397	98147
9198	43401	98141
9199	43406	98135
9200	43410	98130
9201	43415	98126
9202	43420	98121
9203	43424	98115
9204	43428	98110
9205	43433	98104
9206	43438	98100
9207	43442	98093
9208	43447	98090
9209	43451	98084
9210	43456	98079
9211	43460	98074
9212	43464	98068
9213	43469	98063
9214	43473	98056
9215	43478	98053
9216	43483	98048
9217	43487	98042
9218	43492	98037
9219	43497	98034
9220	43502	98029
9221	43507	98025
9222	43512	98021
9223	43516	98016
9224	43520	98010
9225	43525	98004
9226	43529	97998
9227	43533	97992
9228	43539	97991
9229	43544	97987
9230	43549	97983
9231	43555	97981
9232	43560	97977
9233	43567	97976
9234	43572	97974
9235	43578	97970
9236	43583	97968
9237	43588	97963
9238	43594	97960
9239	43598	97956
9240	43604	97952
9241	43608	97947
9242	43613	97943
9243	43617	97937
9244	43622	97931
9245	43626	97925
9246	43631	97922
9247	43636	97918
9248	43641	97912
9249	43645	97907
9250	43649	97901
9251	43654	97896
9252	43659	97892
9253	43664	97888
9254	43668	97881
9255	43671	97874
9256	43676	97868
9257	43680	97862
9258	43683	97856
9259	43688	97851
9260	43693	97847
9261	43698	97842
9262	43703	97837
9263	43707	97831
9264	43711	97825
9265	43715	97820
9266	43720	97815
9267	43724	97810
9268	43729	97805
9269	43734	97801
9270	43738	97795
9271	43743	97790
9272	43747	97785
9273	43752	97781
9274	43758	97778
9275	43763	97774
9276	43768	97769
9277	43772	97763
9278	43776	97756
9279	43781	97753
9280	43787	97752
9281	43793	97749
9282	43798	97744
9283	43802	97739
9284	43806	97733
9285	43811	97728
9286	43815	97722
9287	43820	97718
9288	43824	97712
9289	43829	97707
9290	43833	97700
9291	43837	97695
9292	43841	97689
9293	43846	97684
9294	43851	97681
9295	43856	97677
9296	43861	97673
9297	43866	97668
9298	43870	97663
9299	43875	97659
9300	43881	97656
9301	43887	97654
9302	43892	97650
9303	43896	97644
9304	43901	97639
9305	43906	97636
9306	43911	97632
9307	43916	97626
9308	43920	97622
9309	43926	97618
9310	43929	97612
9311	43934	97606
9312	43938	97601
9313	43943	97596
9314	43948	97592
9315	43953	97587
9316	43957	97582
9317	43962	97577
9318	43966	97571
9319	43970	97565
9320	43974	97559
9321	43978	97553
9322	43983	97548
9323	43988	97545
9324	43994	97541
9325	43998	97537
9326	44003	97532
9327	44007	97526
9328	44011	97520
9329	44016	97515
9330	44020	97510
9331	44026	97507
9332	44031	97503
9333	44035	97497
9334	44039	97491
9335	44043	97484
9336	44048	97479
9337	44052	97473
9338	44057	97470
9339	44061	97464
9340	44065	97457
9341	44069	97451
9342	44074	97446
9343	44078	97441
9344	44083	97436
9345	44088	97432
9346	44093	97427
9347	44097	97422
9348	44101	97416
9349	44106	97412
9350	44111	97408
9351	44115	97402
9352	44120	97396
9353	44124	97391
9354	44129	97386
9355	44133	97380
9356	44137	97375
9357	44142	97370
9358	44147	97365
9359	44152	97362
9360	44157	97357
9361	44161	97352
9362	44167	97348
9363	44172	97345
9364	44177	97341
9365	44182	97337
9366	44187	97333
9367	44191	97327
9368	44195	97321
9369	44200	97316
9370	44206	97313
9371	44211	97311
9372	44216	97306
9373	44220	97300
9374	44225	97295
9375	44229	97288
9376	44234	97284
9377	44238	97280
9378	44244	97276
9379	44248	97271
9380	44253	97266
9381	44257	97260
9382	44262	97255
9383	44266	97250
9384	44271	97245
9385	44276	97242
9386	44281	97238
9387	44286	97233
9388	44290	97228
9389	44295	97223
9390	44300	97219
9391	44306	97216
9392	44310	97211
9393	44315	97207
9394	44319	97201
9395	44323	97195
9396	44328	97190
9397	44333	97186
9398	44338	97183
9399	44343	97177
9400	44347	97172
9401	44352	97167
9402	44356	97161
9403	44361	97157
9404	44366	97152
9405	44369	97145
9406	44374	97141
9407	44379	97135
9408	44383	97131
9409	44388	97126
9410	44393	97121
9411	44398	97117
9412	44403	97114
9413	44408	97109
9414	44412	97104
9415	44417	97099
9416	44422	97095
9417	44428	97093
9418	44433	97089
9419	44440	97088
9420	44445	97086
9421	44451	97083
9422	44458	97084
9423	44465	97084
9424	44471	97082
9425	44476	97078
9426	44483	97079
9427	44489	97077
9428	44495	97075
9429	44501	97072
9430	44506	97067
9431	44512	97065
9432	44518	97065
9433	44524	97063
9434	44529	97059
9435	44535	97057
9436	44540	97053
9437	44545	97049
9438	44551	97046
9439	44556	97042
9440	44561	97038
9441	44568	97039
9442	44576	97041
9443	44582	97040
9444	44589	97039
9445	44597	97042
9446	44603	97040
9447	44611	97042
9448	44618	97042
9449	44625	97041
9450	44633	97045
9451	44641	97046
9452	44647	97045
9453	44653	97044
9454	44660	97044
9455	44667	97043
9456	44673	97041
9457	44678	97039
9458	44685	97038
9459	44689	97032
9460	44696	97032
9461	44701	97028
9462	44706	97024
9463	44711	97020
9464	44717	97017
9465	44722	97013
9466	44727	97009
9467	44731	97003
9468	44736	96998
9469	44740	96992
9470	44744	96986
9471	44748	96980
9472	44753	96975
9473	44758	96971
9474	44763	96968
9475	44768	96963
9476	44772	96957
9477	44776	96951
9478	44781	96947
9479	44786	96942
9480	44791	96938
9481	44796	96933
9482	44800	96927
9483	44804	96922
9484	44810	96919
9485	44814	96913
9486	44819	96909
9487	44824	96905
9488	44829	96900
9489	44833	96894
9490	44838	96890
9491	44843	96887
9492	44849	96885
9493	44855	96882
9494	44859	96876
9495	44864	96872
9496	44869	96867
9497	44874	96863
9498	44878	96858
9499	44883	96854
9500	44888	96849
9501	44893	96844
9502	44897	96839
9503	44902	96835
9504	44906	96829
9505	44912	96826
9506	44917	96822
9507	44922	96819
9508	44927	96814
9509	44932	96809
9510	44936	96804
9511	44942	96801
9512	44947	96797
9513	44951	96791
9514	44956	96786
9515	44960	96780
9516	44964	96774
9517	44969	96769
9518	44974	96765
9519	44978	96759
9520	44982	96753
9521	44986	96747
9522	44990	96741
9523	44994	96735
9524	44999	96731
9525	45003	96725
9526	45008	96720
9527	45012	96714
9528	45017	96709
9529	45022	96705
9530	45026	96699
9531	45030	96694
9532	45035	96690
9533	45041	96686
9534	45044	96679
9535	45049	96674
9536	45053	96668
9537	45057	96663
9538	45062	96659
9539	45068	96655
9540	45072	96650
9541	45077	96645
9542	45081	96639
9543	45085	96634
9544	45090	96628
9545	45094	96623
9546	45099	96619
9547	45104	96614
9548	45108	96607
9549	45112	96602
9550	45116	96596
9551	45121	96592
9552	45126	96586
9553	45131	96584
9554	45136	96578
9555	45140	96572
9556	45144	96567
9557	45148	96561
9558	45153	96556
9559	45158	96551
9560	45163	96547
9561	45168	96543
9562	45172	96537
9563	45176	96531
9564	45180	96525
9565	45185	96521
9566	45190	96516
9567	45194	96511
9568	45199	96505
9569	45204	96502
9570	45208	96496
9571	45214	96493
9572	45219	96489
9573	45222	96482
9574	45227	96477
9575	45231	96471
9576	45236	96466
9577	45241	96462
9578	45245	96457
9579	45250	96453
9580	45255	96449
9581	45260	96443
9582	45265	96440
9583	45271	96437
9584	45275	96431
9585	45279	96425
9586	45283	96420
9587	45287	96413
9588	45292	96409
9589	45297	96405
9590	45302	96400
9591	45306	96393
9592	45310	96387
9593	45314	96381
9594	45318	96375
9595	45322	96370
9596	45327	96365
9597	45332	96361
9598	45337	96356
9599	45342	96352
9600	45347	96347
9601	45351	96341
9602	45355	96337
9603	45360	96332
9604	45365	96327
9605	45370	96323
9606	45374	96316
9607	45378	96311
9608	45382	96304
9609	45387	96300
9610	45392	96295
9611	45396	96291
9612	45401	96287
9613	45405	96280
9614	45410	96275
9615	45414	96270
9616	45419	96265
9617	45423	96259
9618	45428	96255
9619	45433	96250
9620	45437	96244
9621	45441	96238
9622	45446	96233
9623	45450	96228
9624	45455	96223
9625	45460	96219
9626	45465	96215
9627	45469	96209
9628	45474	96204
9629	45478	96199
9630	45484	96196
9631	45490	96195
9632	45496	96192
9633	45500	96187
9634	45505	96182
9635	45510	96177
9636	45514	96173
9637	45519	96168
9638	45524	96163
9639	45529	96158
9640	45533	96152
9641	45537	96147
9642	45541	96140
9643	45546	96136
9644	45551	96132
9645	45555	96127
9646	45560	96122
9647	45565	96118
9648	45570	96113
9649	45575	96110
9650	45580	96105
9651	45585	96101
9652	45589	96096
9653	45594	96090
9654	45598	96085
9655	45602	96079
9656	45607	96074
9657	45612	96070
9658	45618	96067
9659	45622	96062
9660	45627	96057
9661	45631	96051
9662	45635	96045
9663	45640	96040
9664	45645	96038
9665	45651	96035
9666	45656	96031
9667	45661	96027
9668	45667	96024
9669	45673	96021
9670	45680	96022
9671	45685	96018
9672	45690	96015
9673	45695	96010
9674	45701	96008
9675	45708	96009
9676	45712	96002
9677	45716	95996
9678	45721	95991
9679	45725	95985
9680	45729	95979
9681	45734	95975
9682	45740	95972
9683	45745	95968
9684	45749	95963
9685	45754	95958
9686	45758	95952
9687	45763	95948
9688	45768	95943
9689	45773	95939
9690	45777	95934
9691	45782	95929
9692	45785	95921
9693	45789	95915
9694	45794	95910
9695	45798	95904
9696	45803	95899
9697	45807	95894
9698	45812	95890
9699	45817	95886
9700	45822	95881
9701	45827	95877
9702	45832	95872
9703	45836	95866
9704	45841	95862
9705	45845	95857
9706	45850	95852
9707	45854	95847
9708	45859	95842
9709	45864	95837
9710	45868	95832
9711	45874	95830
9712	45879	95826
9713	45884	95822
9714	45889	95818
9715	45894	95812
9716	45898	95807
9717	45903	95802
9718	45908	95799
9719	45914	95797
9720	45919	95793
9721	45923	95787
9722	45928	95781
9723	45932	95775
9724	45937	95772
9725	45942	95768
9726	45947	95762
9727	45951	95757
9728	45956	95752
9729	45960	95746
9730	45965	95742
9731	45969	95737
9732	45975	95733
9733	45980	95729
9734	45984	95724
9735	45989	95719
9736	45993	95714
9737	45998	95709
9738	46002	95704
9739	46008	95701
9740	46012	95696
9741	46017	95691
9742	46021	95685
9743	46026	95680
9744	46030	95675
9745	46035	95669
9746	46039	95664
9747	46043	95658
9748	46048	95653
9749	46052	95647
9750	46056	95642
9751	46062	95638
9752	46067	95635
9753	46072	95631
9754	46077	95625
9755	46081	95620
9756	46085	95613
9757	46090	95610
9758	46096	95607
9759	46100	95602
9760	46105	95598
9761	46109	95592
9762	46114	95586
9763	46118	95581
9764	46123	95577
9765	46129	95575
9766	46134	95571
9767	46139	95566
9768	46143	95560
9769	46147	95554
9770	46152	95550
9771	46157	95546
9772	46163	95543
9773	46167	95538
9774	46171	95531
9775	46175	95525
9776	46180	95520
9777	46185	95516
9778	46190	95512
9779	46195	95508
9780	46199	95503
9781	46204	95497
9782	46209	95493
9783	46214	95489
9784	46218	95484
9785	46224	95481
9786	46229	95476
9787	46233	95471
9788	46238	95466
9789	46242	95461
9790	46248	95457
9791	46253	95453
9792	46258	95450
9793	46263	95446
9794	46268	95441
9795	46272	95436
9796	46277	95432
9797	46281	95426
9798	46286	95422
9799	46291	95416
9800	46295	95411
9801	46300	95405
9802	46304	95399
9803	46308	95394
9804	46313	95389
9805	46318	95386
9806	46324	95383
9807	46328	95377
9808	46333	95373
9809	46337	95366
9810	46341	95361
9811	46347	95358
9812	46351	95353
9813	46356	95347
9814	46359	95341
9815	46364	95335
9816	46368	95329
9817	46372	95324
9818	46377	95319
9819	46382	95315
9820	46386	95309
9821	46390	95303
9822	46395	95298
9823	46399	95292
9824	46403	95287
9825	46408	95282
9826	46413	95277
9827	46417	95272
9828	46421	95265
9829	46425	95259
9830	46429	95254
9831	46434	95248
9832	46438	95243
9833	46443	95238
9834	46447	95232
9835	46451	95227
9836	46456	95223
9837	46461	95217
9838	46465	95211
9839	46468	95204
9840	46473	95198
9841	46477	95194
9842	46482	95190
9843	46487	95184
9844	46492	95181
9845	46497	95177
9846	46501	95170
9847	46506	95165
9848	46510	95159
9849	46515	95155
9850	46520	95151
9851	46525	95147
9852	46529	95141
9853	46533	95136
9854	46538	95131
9855	46543	95126
9856	46548	95122
9857	46553	95119
9858	46557	95113
9859	46561	95106
9860	46565	95100
9861	46570	95095
9862	46575	95091
9863	46579	95086
9864	46584	95081
9865	46588	95076
9866	46593	95071
9867	46597	95064
9868	46601	95058
9869	46605	95053
9870	46610	95047
9871	46615	95043
9872	46619	95037
9873	46623	95031
9874	46627	95026
9875	46632	95021
9876	46637	95016
9877	46641	95011
9878	46646	95006
9879	46650	95001
9880	46654	94995
9881	46658	94989
9882	46663	94983
9883	46667	94978
9884	46672	94974
9885	46677	94970
9886	46682	94964
9887	46686	94959
9888	46691	94955
9889	46696	94951
9890	46701	94947
9891	46708	94946
9892	46713	94942
9893	46719	94940
9894	46724	94935
9895	46729	94932
9896	46735	94930
9897	46741	94928
9898	46747	94926
9899	46751	94920
9900	46755	94914
9901	46760	94908
9902	46766	94906
9903	46770	94901
9904	46775	94897
9905	46779	94891
9906	46784	94886
9907	46788	94881
9908	46793	94876
9909	46799	94874
9910	46805	94872
9911	46811	94869
9912	46816	94865
9913	46821	94861
9914	46826	94857
9915	46832	94854
9916	46837	94851
9917	46842	94847
9918	46848	94844
9919	46853	94840
9920	46859	94838
9921	46865	94836
9922	46870	94833
9923	46875	94828
9924	46880	94823
9925	46885	94820
9926	46891	94816
9927	46897	94814
9928	46901	94810
9929	46906	94805
9930	46911	94800
9931	46916	94796
9932	46922	94793
9933	46927	94789
9934	46932	94785
9935	46937	94782
9936	46943	94779
9937	46949	94776
9938	46954	94773
9939	46961	94772
9940	46967	94770
9941	46972	94767
9942	46978	94764
9943	46985	94763
9944	46990	94760
9945	46996	94758
9946	47001	94754
9947	47007	94751
9948	47012	94748
9949	47018	94746
9950	47025	94745
9951	47030	94741
9952	47035	94737
9953	47040	94734
9954	47046	94731
9955	47051	94727
9956	47056	94722
9957	47061	94718
9958	47066	94714
9959	47071	94710
9960	47077	94708
9961	47082	94704
9962	47087	94699
9963	47093	94696
9964	47098	94694
9965	47103	94689
9966	47108	94684
9967	47113	94679
9968	47117	94674
9969	47123	94671
9970	47128	94668
9971	47133	94664
9972	47138	94660
9973	47143	94655
9974	47147	94649
9975	47152	94644
9976	47156	94638
9977	47161	94635
9978	47166	94630
9979	47170	94624
9980	47174	94618
9981	47179	94613
9982	47183	94608
9983	47189	94605
9984	47193	94599
9985	47198	94594
9986	47202	94588
9987	47205	94582
9988	47209	94575
9989	47214	94570
9990	47218	94565
9991	47223	94560
9992	47228	94556
9993	47233	94551
9994	47237	94545
9995	47241	94540
9996	47247	94536
9997	47251	94530
9998	47256	94526
9999	47260	94521
10000	47265	94516
10001	47269	94510
10002	47273	94505
10003	47278	94500
10004	47283	94495
10005	47288	94491
10006	47292	94486
10007	47297	94481
10008	47301	94474
10009	47305	94469
10010	47310	94464
10011	47315	94460
10012	47319	94455
10013	47324	94450
10014	47328	94444
10015	47332	94438
10016	47336	94432
10017	47341	94427
10018	47346	94424
10019	47352	94421
10020	47356	94415
10021	47361	94410
10022	47366	94406
10023	47370	94401
10024	47376	94398
10025	47382	94396
10026	47387	94391
10027	47392	94387
10028	47397	94383
10029	47402	94380
10030	47408	94376
10031	47413	94373
10032	47418	94368
10033	47422	94362
10034	47426	94356
10035	47430	94350
10036	47434	94345
10037	47440	94341
10038	47445	94337
10039	47450	94333
10040	47454	94328
10041	47459	94323
10042	47463	94318
10043	47469	94315
10044	47475	94313
10045	47480	94308
10046	47484	94302
10047	47489	94297
10048	47493	94291
10049	47498	94287
10050	47503	94283
10051	47507	94278
10052	47512	94273
10053	47516	94267
10054	47520	94261
10055	47524	94255
10056	47529	94250
10057	47534	94246
10058	47539	94241
10059	47543	94236
10060	47548	94231
10061	47552	94225
10062	47557	94221
10063	47562	94216
10064	47567	94212
10065	47571	94207
10066	47575	94201
10067	47579	94195
10068	47584	94190
10069	47589	94186
10070	47593	94180
10071	47597	94175
10072	47601	94168
10073	47606	94162
10074	47610	94157
10075	47614	94151
10076	47618	94145
10077	47624	94143
10078	47629	94138
10079	47634	94135
10080	47639	94130
10081	47643	94124
10082	47647	94118
10083	47652	94114
10084	47656	94108
10085	47661	94103
10086	47665	94097
10087	47669	94091
10088	47673	94085
10089	47677	94079
10090	47681	94072
10091	47685	94067
10092	47689	94060
10093	47693	94054
10094	47698	94050
10095	47703	94045
10096	47708	94041
10097	47712	94035
10098	47716	94030
10099	47722	94026
10100	47726	94020
10101	47731	94016
10102	47737	94014
10103	47742	94010
10104	47747	94007
10105	47753	94003
10106	47758	93999
10107	47764	93997
10108	47770	93995
10109	47776	93993
10110	47781	93989
10111	47787	93986
10112	47792	93983
10113	47797	93978
10114	47802	93974
10115	47806	93969
10116	47811	93963
10117	47816	93959
10118	47820	93954
10119	47825	93949
10120	47831	93946
10121	47836	93943
10122	47840	93936
10123	47844	93930
10124	47848	93924
10125	47853	93919
10126	47858	93915
10127	47863	93912
10128	47868	93907
10129	47872	93902
10130	47876	93896
10131	47881	93891
10132	47885	93886
10133	47890	93880
10134	47895	93876
10135	47900	93871
10136	47904	93866
10137	47908	93861
10138	47913	93856
10139	47918	93852
10140	47924	93849
10141	47929	93845
10142	47934	93840
10143	47938	93835
10144	47943	93830
10145	47947	93825
10146	47952	93820
10147	47957	93816
10148	47961	93810
10149	47966	93805
10150	47970	93801
10151	47975	93795
10152	47980	93791
10153	47984	93786
10154	47989	93781
10155	47993	93776
10156	47998	93771
10157	48002	93766
10158	48007	93759
10159	48011	93755
10160	48015	93749
10161	48021	93746
10162	48026	93741
10163	48030	93736
10164	48035	93731
10165	48038	93724
10166	48043	93719
10167	48049	93717
10168	48053	93710
10169	48057	93704
10170	48061	93698
10171	48065	93692
10172	48069	93687
10173	48074	93682
10174	48079	93679
10175	48084	93674
10176	48088	93668
10177	48092	93662
10178	48096	93656
10179	48101	93650
10180	48106	93646
10181	48110	93641
10182	48115	93636
10183	48119	93631
10184	48125	93628
10185	48130	93624
10186	48135	93620
10187	48139	93614
10188	48145	93611
10189	48149	93606
10190	48154	93601
10191	48157	93593
10192	48162	93588
10193	48166	93583
10194	48170	93577
10195	48176	93573
10196	48180	93568
10197	48185	93564
10198	48189	93558
10199	48194	93553
10200	48198	93548
10201	48203	93543
10202	48208	93539
10203	48212	93533
10204	48216	93527
10205	48221	93523
10206	48225	93517
10207	48231	93514
10208	48237	93512
10209	48242	93507
10210	48246	93502
10211	48251	93497
10212	48255	93492
10213	48261	93489
10214	48266	93486
10215	48272	93482
10216	48276	93477
10217	48281	93472
10218	48285	93465
10219	48289	93459
10220	48293	93455
10221	48297	93449
10222	48301	93442
10223	48307	93439
10224	48311	93434
10225	48316	93429
10226	48321	93425
10227	48326	93421
10228	48330	93415
10229	48334	93409
10230	48354	93434
10231	48358	93428
10232	48363	93423
10233	48367	93416
10234	48372	93413
10235	48376	93407
10236	48381	93402
10237	48385	93396
10238	48390	93391
10239	48394	93386
10240	48398	93380
10241	48403	93376
10242	48407	93370
10243	48412	93366
10244	48418	93362
10245	48421	93355
10246	48426	93351
10247	48430	93345
10248	48435	93340
10249	48440	93335
10250	48444	93330
10251	48448	93325
10252	48453	93319
10253	48457	93314
10254	48463	93311
10255	48469	93309
10256	48475	93306
10257	48479	93300
10258	48483	93294
10259	48488	93290
10260	48492	93285
10261	48497	93279
10262	48502	93275
10263	48507	93271
10264	48511	93266
10265	48516	93261
10266	48520	93255
10267	48525	93251
10268	48530	93247
10269	48535	93243
10270	48540	93239
10271	48546	93235
10272	48550	93230
10273	48556	93227
10274	48561	93223
10275	48566	93220
10276	48571	93215
10277	48575	93209
10278	48579	93203
10279	48584	93199
10280	48589	93194
10281	48594	93190
10282	48599	93185
10283	48603	93179
10284	48608	93176
10285	48612	93170
10286	48617	93166
10287	48623	93164
10288	48628	93158
10289	48632	93154
10290	48637	93149
10291	48641	93143
10292	48646	93138
10293	48650	93132
10294	48655	93127
10295	48659	93122
10296	48663	93116
10297	48668	93111
10298	48672	93106
10299	48677	93101
10300	48682	93097
10301	48688	93096
10302	48694	93093
10303	48699	93088
10304	48703	93083
10305	48708	93078
10306	48713	93074
10307	48718	93070
10308	48724	93067
10309	48729	93063
10310	48734	93058
10311	48738	93053
10312	48742	93047
10313	48748	93044
10314	48753	93040
10315	48758	93036
10316	48763	93031
10317	48768	93027
10318	48772	93022
10319	48777	93018
10320	48783	93015
10321	48788	93011
10322	48794	93008
10323	48800	93005
10324	48806	93003
10325	48812	93000
10326	48818	92999
10327	48823	92995
10328	48829	92992
10329	48834	92989
10330	48840	92985
10331	48846	92983
10332	48851	92979
10333	48855	92974
10334	48860	92969
10335	48865	92966
10336	48870	92961
10337	48875	92956
10338	48880	92952
10339	48885	92948
10340	48889	92942
10341	48893	92936
10342	48898	92931
10343	48904	92929
10344	48909	92925
10345	48913	92920
10346	48918	92914
10347	48922	92909
10348	48926	92903
10349	48930	92897
10350	48934	92891
10351	48939	92886
10352	48943	92880
10353	48946	92873
10354	48951	92868
10355	48956	92863
10356	48960	92858
10357	48965	92853
10358	48969	92847
10359	48973	92842
10360	48978	92837
10361	48984	92835
10362	48991	92833
10363	48997	92832
10364	49003	92830
10365	49008	92826
10366	49014	92823
10367	49019	92819
10368	49024	92815
10369	49030	92811
10370	49035	92808
10371	49040	92804
10372	49045	92800
10373	49050	92795
10374	49055	92791
10375	49059	92785
10376	49063	92779
10377	49068	92774
10378	49072	92769
10379	49077	92765
10380	49082	92760
10381	49087	92756
10382	49091	92750
10383	49096	92745
10384	49100	92739
10385	49105	92735
10386	49111	92733
10387	49115	92728
10388	49120	92723
10389	49125	92718
10390	49129	92713
10391	49134	92708
10392	49138	92703
10393	49143	92698
10394	49149	92695
10395	49153	92689
10396	49157	92684
10397	49161	92678
10398	49167	92674
10399	49171	92669
10400	49176	92665
10401	49181	92660
10402	49185	92654
10403	49189	92649
10404	49195	92645
10405	49200	92641
10406	49204	92636
10407	49209	92631
10408	49213	92625
10409	49218	92621
10410	49222	92615
10411	49227	92612
10412	49233	92608
10413	49238	92605
10414	49243	92600
10415	49248	92595
10416	49252	92589
10417	49256	92584
10418	49261	92579
10419	49267	92576
10420	49272	92573
10421	49276	92567
10422	49281	92562
10423	49285	92557
10424	49289	92551
10425	49294	92546
10426	49299	92541
10427	49303	92536
10428	49308	92531
10429	49312	92526
10430	49317	92520
10431	49321	92515
10432	49327	92513
10433	49332	92509
10434	49337	92504
10435	49341	92499
10436	49346	92494
10437	49350	92488
10438	49355	92484
10439	49359	92477
10440	49364	92474
10441	49369	92468
10442	49373	92463
10443	49377	92457
10444	49381	92451
10445	49386	92446
10446	49391	92443
10447	49396	92439
10448	49401	92434
10449	49405	92428
10450	49409	92422
10451	49413	92416
10452	49418	92412
10453	49423	92408
10454	49428	92403
10455	49433	92398
10456	49437	92393
10457	49442	92388
10458	49447	92384
10459	49451	92378
10460	49457	92375
10461	49461	92369
10462	49465	92363
10463	49469	92358
10464	49473	92351
10465	49478	92347
10466	49482	92342
10467	49488	92339
10468	49493	92335
10469	49498	92331
10470	49502	92325
10471	49506	92319
10472	49511	92315
10473	49517	92311
10474	49522	92308
10475	49527	92303
10476	49531	92298
10477	49536	92293
10478	49540	92288
10479	49545	92283
10480	49549	92277
10481	49553	92271
10482	49558	92266
10483	49564	92264
10484	49569	92260
10485	49574	92255
10486	49577	92248
10487	49582	92244
10488	49587	92239
10489	49592	92235
10490	49597	92230
10491	49601	92224
10492	49606	92220
10493	49610	92214
10494	49614	92209
10495	49619	92204
10496	49623	92199
10497	49628	92194
10498	49632	92188
10499	49637	92183
10500	49641	92177
10501	49645	92172
10502	49650	92167
10503	49654	92161
10504	49659	92158
10505	49664	92152
10506	49668	92146
10507	49672	92141
10508	49676	92135
10509	49681	92129
10510	49686	92125
10511	49691	92121
10512	49695	92116
10513	49699	92110
10514	49704	92105
10515	49708	92100
10516	49713	92095
10517	49718	92090
10518	49723	92086
10519	49727	92081
10520	49732	92077
10521	49737	92072
10522	49741	92067
10523	49747	92064
10524	49752	92060
10525	49758	92056
10526	49762	92052
10527	49767	92046
10528	49771	92040
10529	49776	92037
10530	49782	92033
10531	49787	92029
10532	49792	92025
10533	49796	92020
10534	49801	92015
10535	49805	92010
10536	49810	92005
10537	49815	92000
10538	49819	91995
10539	49825	91992
10540	49830	91987
10541	49837	91987
10542	49843	91985
10543	49849	91983
10544	49854	91979
10545	49859	91974
10546	49864	91970
10547	49870	91967
10548	49876	91965
10549	49881	91961
10550	49885	91955
10551	49889	91949
10552	49893	91943
10553	49898	91938
10554	49902	91932
10555	49906	91927
10556	49911	91923
10557	49915	91917
10558	49920	91911
10559	49924	91906
10560	49929	91901
10561	49933	91895
10562	49938	91891
10563	49943	91887
10564	49947	91882
10565	49952	91876
10566	49956	91870
10567	49960	91865
10568	49966	91863
10569	49971	91858
10570	49975	91853
10571	49979	91847
10572	49984	91841
10573	49988	91836
10574	49992	91831
10575	49997	91825
10576	50001	91819
10577	50005	91814
10578	50010	91809
10579	50014	91803
10580	50019	91798
10581	50023	91793
10582	50028	91788
10583	50033	91784
10584	50037	91779
10585	50041	91772
10586	50045	91767
10587	50049	91761
10588	50054	91756
10589	50059	91752
10590	50064	91748
10591	50069	91743
10592	50074	91738
10593	50079	91734
10594	50084	91730
10595	50089	91726
10596	50095	91724
10597	50100	91720
10598	50105	91716
10599	50109	91710
10600	50113	91704
10601	50118	91699
10602	50122	91694
10603	50128	91690
10604	50132	91684
10605	50136	91678
10606	50141	91674
10607	50145	91668
10608	50149	91663
10609	50153	91657
10610	50158	91653
10611	50163	91648
10612	50168	91643
10613	50172	91637
10614	50176	91632
10615	50181	91627
10616	50186	91623
10617	50190	91617
10618	50194	91611
10619	50199	91607
10620	50205	91604
10621	50209	91599
10622	50214	91593
10623	50218	91587
10624	50222	91582
10625	50226	91576
10626	50231	91572
10627	50236	91567
10628	50240	91561
10629	50244	91555
10630	50249	91550
10631	50253	91544
10632	50257	91539
10633	50262	91534
10634	50266	91529
10635	50271	91524
10636	50275	91519
10637	50280	91514
10638	50284	91508
10639	50288	91502
10640	50293	91498
10641	50298	91493
10642	50302	91487
10643	50306	91482
10644	50310	91476
10645	50314	91469
10646	50318	91463
10647	50323	91458
10648	50327	91452
10649	50332	91448
10650	50336	91442
10651	50340	91436
10652	50344	91430
10653	50348	91425
10654	50353	91420
10655	50357	91415
10656	50362	91409
10657	50366	91404
10658	50371	91399
10659	50374	91393
10660	50379	91387
10661	50384	91383
10662	50389	91380
10663	50394	91375
10664	50399	91370
10665	50403	91364
10666	50407	91359
10667	50411	91353
10668	50416	91348
10669	50420	91343
10670	50425	91338
10671	50430	91333
10672	50434	91329
10673	50439	91323
10674	50443	91317
10675	50448	91314
10676	50453	91308
10677	50457	91303
10678	50462	91298
10679	50465	91292
10680	50469	91286
10681	50474	91281
10682	50479	91276
10683	50483	91270
10684	50488	91266
10685	50493	91261
10686	50498	91257
10687	50502	91252
10688	50506	91246
10689	50510	91240
10690	50515	91236
10691	50520	91232
10692	50525	91226
10693	50529	91221
10694	50534	91216
10695	50538	91211
10696	50544	91207
10697	50549	91204
10698	50555	91202
10699	50561	91200
10700	50567	91196
10701	50573	91194
10702	50577	91189
10703	50585	91189
10704	50589	91184
10705	50595	91181
10706	50600	91178
10707	50607	91176
10708	50614	91176
10709	50619	91172
10710	50625	91169
10711	50631	91166
10712	50638	91165
10713	50645	91165
10714	50651	91163
10715	50658	91162
10716	50665	91161
10717	50670	91158
10718	50676	91155
10719	50682	91153
10720	50688	91150
10721	50694	91148
10722	50700	91146
10723	50706	91143
10724	50711	91139
10725	50716	91134
10726	50720	91128
10727	50725	91124
10728	50729	91119
10729	50735	91115
10730	50740	91111
10731	50744	91105
10732	50749	91101
10733	50754	91096
10734	50759	91092
10735	50764	91089
10736	50769	91084
10737	50773	91078
10738	50778	91073
10739	50782	91068
10740	50786	91062
10741	50791	91058
10742	50796	91052
10743	50800	91047
10744	50804	91042
10745	50809	91037
10746	50814	91032
10747	50818	91026
10748	50822	91020
10749	50826	91015
10750	50831	91010
10751	50836	91005
10752	50842	91003
10753	50847	90998
10754	50851	90994
10755	50856	90989
10756	50862	90986
10757	50867	90983
10758	50874	90982
10759	50879	90977
10760	50885	90974
10761	50890	90970
10762	50895	90967
10763	50901	90965
10764	50908	90963
10765	50913	90958
10766	50917	90954
10767	50922	90949
10768	50926	90943
10769	50932	90939
10770	50936	90934
10771	50940	90929
10772	50945	90923
10773	50949	90917
10774	50953	90912
10775	50957	90906
10776	50962	90901
10777	50966	90896
10778	50972	90892
10779	50976	90886
10780	50980	90881
10781	50984	90876
10782	50989	90870
10783	50994	90866
10784	50999	90862
10785	51004	90858
10786	51008	90853
10787	51013	90847
10788	51016	90840
10789	51021	90836
10790	51026	90832
10791	51031	90827
10792	51035	90822
10793	51039	90816
10794	51044	90810
10795	51048	90804
10796	51052	90800
10797	51059	90798
10798	51064	90794
10799	51069	90789
10800	51072	90783
10801	51076	90777
10802	51081	90771
10803	51086	90767
10804	51090	90762
10805	51095	90758
10806	51100	90752
10807	51104	90746
10808	51108	90740
10809	51112	90735
10810	51117	90730
10811	51122	90726
10812	51127	90721
10813	51130	90715
10814	51135	90709
10815	51139	90704
10816	51143	90698
10817	51148	90693
10818	51153	90690
10819	51158	90685
10820	51163	90681
10821	51168	90676
10822	51172	90670
10823	51176	90665
10824	51182	90662
10825	51186	90656
10826	51191	90652
10827	51195	90647
10828	51200	90642
10829	51205	90637
10830	51209	90632
10831	51214	90627
10832	51219	90623
10833	51224	90618
10834	51229	90614
10835	51233	90609
10836	51237	90603
10837	51242	90598
10838	51246	90593
10839	51251	90589
10840	51256	90583
10841	51260	90578
10842	51264	90572
10843	51269	90567
10844	51274	90563
10845	51280	90560
10846	51284	90556
10847	51289	90550
10848	51293	90544
10849	51298	90539
10850	51302	90534
10851	51307	90530
10852	51312	90525
10853	51317	90521
10854	51321	90515
10855	51325	90510
10856	51329	90504
10857	51335	90500
10858	51339	90494
10859	51343	90490
10860	51348	90484
10861	51353	90480
10862	51357	90474
10863	51361	90468
10864	51365	90463
10865	51370	90458
10866	51375	90453
10867	51379	90448
10868	51383	90443
10869	51388	90437
10870	51392	90432
10871	51396	90425
10872	51401	90421
10873	51405	90416
10874	51410	90410
10875	51414	90405
10876	51418	90400
10877	51423	90394
10878	51427	90389
10879	51432	90385
10880	51436	90379
10881	51440	90373
10882	51445	90368
10883	51449	90362
10884	51453	90357
10885	51458	90352
10886	51462	90347
10887	51466	90340
10888	51470	90334
10889	51474	90328
10890	51480	90325
10891	51485	90322
10892	51490	90316
10893	51494	90310
10894	51498	90305
10895	51502	90299
10896	51507	90295
10897	51511	90289
10898	51516	90284
10899	51520	90279
10900	51525	90274
10901	51529	90268
10902	51533	90263
10903	51538	90258
10904	51543	90253
10905	51547	90248
10906	51552	90243
10907	51557	90239
10908	51561	90234
10909	51565	90228
10910	51570	90224
10911	51575	90219
10912	51581	90216
10913	51586	90212
10914	51591	90207
10915	51595	90202
10916	51600	90197
10917	51604	90192
10918	51610	90188
10919	51614	90183
10920	51618	90178
10921	51623	90173
10922	51627	90168
10923	51632	90163
10924	51637	90159
10925	51643	90156
10926	51648	90151
10927	51654	90148
10928	51659	90145
10929	51664	90141
10930	51669	90137
10931	51675	90134
10932	51681	90131
10933	51686	90126
10934	51691	90122
10935	51697	90120
10936	51702	90116
10937	51707	90112
10938	51712	90108
10939	51717	90103
10940	51723	90100
10941	51728	90097
10942	51734	90094
10943	51740	90091
10944	51745	90087
10945	51750	90083
10946	51756	90080
10947	51761	90076
10948	51766	90072
10949	51771	90067
10950	51775	90062
10951	51780	90057
10952	51784	90052
10953	51789	90047
10954	51793	90041
10955	51798	90036
10956	51802	90030
10957	51806	90025
10958	51811	90021
10959	51816	90016
10960	51821	90012
10961	51825	90007
10962	51831	90003
10963	51836	89999
10964	51840	89994
10965	51845	89989
10966	51849	89983
10967	51853	89977
10968	51858	89973
10969	51862	89968
10970	51866	89961
10971	51871	89957
10972	51875	89952
10973	51880	89946
10974	51884	89940
10975	51889	89936
10976	51894	89931
10977	51898	89925
10978	51902	89920
10979	51907	89916
10980	51912	89912
10981	51920	89912
10982	51926	89909
10983	51931	89905
10984	51936	89902
10985	51942	89898
10986	51947	89894
10987	51953	89892
10988	51958	89888
10989	51963	89883
10990	51967	89878
10991	51971	89872
10992	51976	89867
10993	51981	89863
10994	51985	89858
10995	51990	89852
10996	51994	89846
10997	51998	89840
10998	52002	89835
10999	52007	89830
11000	52011	89825
11001	52017	89821
11002	52021	89816
11003	52026	89811
11004	52030	89806
11005	52035	89801
11006	52039	89796
11007	52045	89793
11008	52049	89788
11009	52054	89782
11010	52058	89777
11011	52062	89771
11012	52066	89765
11013	52070	89759
11014	52075	89754
11015	52079	89749
11016	52083	89743
11017	52088	89739
11018	52093	89734
11019	52097	89728
11020	52101	89723
11021	52105	89717
11022	52109	89711
11023	52114	89706
11024	52120	89703
11025	52125	89699
11026	52130	89694
11027	52134	89690
11028	52138	89684
11029	52143	89679
11030	52148	89674
11031	52153	89671
11032	52158	89666
11033	52164	89663
11034	52169	89659
11035	52176	89658
11036	52183	89657
11037	52189	89655
11038	52196	89654
11039	52202	89651
11040	52207	89647
11041	52212	89642
11042	52217	89640
11043	52224	89637
11044	52229	89635
11045	52235	89632
11046	52241	89629
11047	52247	89626
11048	52253	89624
11049	52258	89620
11050	52263	89616
11051	52268	89611
11052	52274	89608
11053	52279	89603
11054	52284	89600
11055	52288	89594
11056	52292	89588
11057	52296	89581
11058	52300	89576
11059	52305	89571
11060	52309	89566
11061	52314	89560
11062	52318	89555
11063	52322	89550
11064	52326	89544
11065	52331	89539
11066	52337	89536
11067	52342	89532
11068	52347	89528
11069	52352	89524
11070	52356	89518
11071	52362	89515
11072	52367	89510
11073	52372	89506
11074	52378	89504
11075	52382	89499
11076	52387	89494
11077	52392	89490
11078	52397	89485
11079	52402	89481
11080	52407	89477
11081	52412	89472
11082	52416	89467
11083	52421	89463
11084	52427	89459
11085	52433	89457
11086	52439	89455
11087	52444	89451
11088	52449	89446
11089	52455	89443
11090	52460	89440
11091	52465	89435
11092	52470	89431
11093	52475	89426
11094	52480	89422
11095	52485	89417
11096	52490	89414
11097	52495	89410
11098	52501	89407
11099	52507	89404
11100	52512	89399
11101	52516	89394
11102	52521	89390
11103	52527	89386
11104	52533	89384
11105	52538	89380
11106	52543	89375
11107	52547	89369
11108	52552	89366
11109	52558	89363
11110	52564	89360
11111	52569	89356
11112	52574	89352
11113	52579	89347
11114	52583	89343
11115	52589	89339
11116	52594	89335
11117	52599	89331
11118	52603	89325
11119	52608	89321
11120	52614	89317
11121	52619	89314
11122	52627	89314
11123	52632	89310
11124	52637	89307
11125	52642	89302
11126	52648	89300
11127	52654	89296
11128	52660	89294
11129	52665	89289
11130	52670	89286
11131	52676	89282
11132	52682	89281
11133	52688	89277
11134	52694	89275
11135	52700	89272
11136	52706	89270
11137	52711	89266
11138	52716	89262
11139	52722	89258
11140	52727	89255
11141	52733	89251
11142	52738	89248
11143	52744	89244
11144	52748	89240
11145	52754	89236
11146	52760	89234
11147	52768	89234
11148	52773	89230
11149	52778	89226
11150	52783	89221
11151	52788	89217
11152	52793	89213
11153	52798	89208
11154	52803	89205
11155	52808	89200
11156	52813	89196
11157	52819	89193
11158	52823	89187
11159	52828	89183
11160	52833	89179
11161	52838	89174
11162	52842	89168
11163	52846	89163
11164	52851	89159
11165	52856	89154
11166	52861	89150
11167	52865	89144
11168	52869	89138
11169	52874	89133
11170	52879	89129
11171	52884	89124
11172	52889	89121
11173	52894	89117
11174	52899	89112
11175	52903	89107
11176	52907	89101
11177	52912	89096
11178	52918	89093
11179	52922	89088
11180	52927	89083
11181	52931	89078
11182	52936	89073
11183	52942	89071
11184	52949	89069
11185	52956	89068
11186	52961	89065
11187	52967	89061
11188	52974	89060
11189	52981	89060
11190	52988	89058
11191	52995	89057
11192	53001	89055
11193	53007	89052
11194	53012	89048
11195	53017	89044
11196	53021	89038
11197	53025	89033
11198	53030	89027
11199	53034	89022
11200	53039	89017
11201	53043	89012
11202	53048	89007
11203	53052	89002
11204	53057	88996
11205	53060	88990
11206	53065	88984
11207	53069	88979
11208	53074	88975
11209	53079	88970
11210	53083	88965
11211	53087	88959
11212	53092	88954
11213	53097	88949
11214	53102	88945
11215	53106	88940
11216	53112	88937
11217	53116	88931
11218	53121	88926
11219	53125	88921
11220	53129	88915
11221	53134	88911
11222	53139	88907
11223	53144	88902
11224	53149	88897
11225	53153	88892
11226	53158	88887
11227	53163	88882
11228	53168	88879
11229	53174	88875
11230	53179	88872
11231	53184	88868
11232	53189	88863
11233	53195	88860
11234	53201	88858
11235	53206	88854
11236	53211	88849
11237	53216	88845
11238	53221	88842
11239	53226	88837
11240	53233	88835
11241	53239	88833
11242	53245	88830
11243	53250	88826
11244	53255	88822
11245	53261	88819
11246	53267	88816
11247	53271	88810
11248	53276	88806
11249	53280	88801
11250	53285	88797
11251	53291	88793
11252	53296	88789
11253	53301	88784
11254	53305	88779
11255	53309	88773
11256	53313	88767
11257	53317	88761
11258	53321	88756
11259	53326	88750
11260	53331	88746
11261	53336	88742
11262	53341	88737
11263	53346	88733
11264	53351	88729
11265	53355	88723
11266	53360	88718
11267	53365	88715
11268	53370	88710
11269	53374	88705
11270	53378	88699
11271	53383	88694
11272	53387	88688
11273	53391	88682
11274	53397	88680
11275	53403	88677
11276	53409	88675
11277	53414	88670
11278	53419	88666
11279	53424	88662
11280	53429	88658
11281	53434	88654
11282	53439	88649
11283	53443	88643
11284	53448	88638
11285	53452	88632
11286	53457	88628
11287	53462	88624
11288	53467	88619
11289	53472	88614
11290	53476	88610
11291	53481	88604
11292	53485	88600
11293	53491	88596
11294	53496	88592
11295	53501	88587
11296	53504	88581
11297	53508	88575
11298	53512	88569
11299	53517	88564
11300	53522	88560
11301	53526	88554
11302	53530	88548
11303	53535	88544
11304	53539	88538
11305	53544	88533
11306	53549	88528
11307	53553	88523
11308	53558	88518
11309	53563	88515
11310	53568	88509
11311	53572	88504
11312	53576	88498
11313	53581	88493
11314	53585	88488
11315	53590	88483
11316	53595	88479
11317	53599	88474
11318	53604	88469
11319	53609	88464
11320	53614	88460
11321	53619	88457
11322	53624	88452
11323	53629	88448
11324	53634	88443
11325	53638	88437
11326	53643	88434
11327	53648	88429
11328	53653	88425
11329	53658	88420
11330	53662	88414
11331	53666	88409
11332	53671	88404
11333	53676	88399
11334	53680	88394
11335	53686	88391
11336	53691	88386
11337	53695	88381
11338	53699	88375
11339	53704	88370
11340	53708	88365
11341	53713	88360
11342	53718	88356
11343	53722	88351
11344	53727	88345
11345	53731	88339
11346	53736	88335
11347	53741	88331
11348	53746	88327
11349	53751	88322
11350	53755	88317
11351	53759	88311
11352	53763	88305
11353	53767	88299
11354	53772	88294
11355	53777	88289
11356	53781	88284
11357	53785	88278
11358	53789	88273
11359	53794	88269
11360	53799	88264
11361	53804	88259
11362	53809	88255
11363	53813	88250
11364	53818	88245
11365	53822	88239
11366	53826	88233
11367	53831	88229
11368	53838	88227
11369	53843	88223
11370	53847	88217
11371	53851	88212
11372	53856	88207
11373	53861	88203
11374	53867	88199
11375	53872	88196
11376	53877	88191
11377	53882	88187
11378	53887	88182
11379	53892	88178
11380	53897	88174
11381	53900	88167
11382	53905	88163
11383	53909	88157
11384	53913	88151
11385	53918	88146
11386	53922	88140
11387	53926	88134
11388	53931	88130
11389	53935	88124
11390	53940	88119
11391	53944	88114
11392	53949	88110
11393	53954	88105
11394	53958	88099
11395	53962	88093
11396	53966	88087
11397	53970	88081
11398	53974	88075
11399	53979	88071
11400	53984	88066
11401	53988	88062
11402	53993	88057
11403	53999	88053
11404	54004	88050
11405	54011	88048
11406	54016	88045
11407	54023	88043
11408	54028	88040
11409	54034	88036
11410	54040	88034
11411	54045	88030
11412	54051	88026
11413	54056	88022
11414	54060	88016
11415	54064	88010
11416	54068	88005
11417	54072	87999
11418	54077	87995
11419	54083	87992
11420	54088	87987
11421	54093	87983
11422	54098	87980
11423	54105	87978
11424	54109	87973
11425	54114	87968
11426	54120	87965
11427	54126	87961
11428	54132	87959
11429	54140	87959
11430	54146	87957
11431	54151	87953
11432	54157	87950
11433	54163	87948
11434	54169	87946
11435	54174	87941
11436	54179	87937
11437	54184	87932
11438	54189	87928
11439	54195	87925
11440	54203	87926
11441	54210	87924
11442	54215	87920
11443	54221	87918
11444	54226	87914
11445	54231	87909
11446	54237	87906
11447	54242	87902
11448	54247	87898
11449	54253	87895
11450	54259	87893
11451	54265	87889
11452	54269	87883
11453	54274	87879
11454	54279	87875
11455	54284	87871
11456	54289	87866
11457	54294	87863
11458	54300	87859
11459	54304	87853
11460	54308	87848
11461	54313	87843
11462	54318	87838
11463	54323	87835
11464	54328	87831
11465	54332	87824
11466	54336	87819
11467	54340	87813
11468	54344	87807
11469	54348	87801
11470	54353	87796
11471	54358	87791
11472	54362	87785
11473	54366	87780
11474	54370	87774
11475	54374	87768
11476	54379	87763
11477	54383	87759
11478	54388	87754
11479	54392	87748
11480	54397	87744
11481	54402	87739
11482	54407	87734
11483	54411	87729
11484	54416	87725
11485	54421	87720
11486	54426	87715
11487	54430	87710
11488	54434	87705
11489	54439	87700
11490	54444	87695
11491	54449	87691
11492	54454	87687
11493	54458	87682
11494	54463	87676
11495	54466	87670
11496	54472	87666
11497	54477	87662
11498	54481	87657
11499	54486	87651
11500	54490	87646
11501	54495	87641
11502	54499	87636
11503	54504	87631
11504	54509	87627
11505	54514	87622
11506	54518	87617
11507	54523	87612
11508	54526	87606
11509	54531	87601
11510	54535	87595
11511	54541	87592
11512	54546	87588
11513	54551	87584
11514	54556	87579
11515	54561	87574
11516	54565	87569
11517	54570	87565
11518	54575	87559
11519	54579	87554
11520	54584	87551
11521	54590	87547
11522	54595	87542
11523	54599	87537
11524	54604	87533
11525	54610	87529
11526	54614	87524
11527	54619	87520
11528	54625	87516
11529	54630	87512
11530	54635	87508
11531	54639	87503
11532	54644	87499
11533	54650	87495
11534	54654	87490
11535	54659	87485
11536	54665	87482
11537	54669	87476
11538	54675	87473
11539	54680	87470
11540	54685	87464
11541	54689	87459
11542	54694	87454
11543	54698	87449
11544	54702	87443
11545	54707	87439
11546	54712	87435
11547	54717	87431
11548	54722	87425
11549	54727	87421
11550	54731	87416
11551	54736	87411
11552	54741	87407
11553	54746	87403
11554	54751	87398
11555	54756	87394
11556	54761	87390
11557	54769	87390
11558	54774	87386
11559	54779	87381
11560	54784	87377
11561	54788	87371
11562	54793	87367
11563	54798	87362
11564	54803	87358
11565	54808	87354
11566	54812	87349
11567	54817	87343
11568	54821	87338
11569	54825	87333
11570	54831	87328
11571	54835	87323
11572	54840	87319
11573	54845	87314
11574	54850	87310
11575	54854	87305
11576	54859	87301
11577	54864	87295
11578	54868	87290
11579	54873	87286
11580	54878	87281
11581	54883	87277
11582	54887	87271
11583	54891	87265
11584	54896	87261
11585	54902	87258
11586	54906	87253
11587	54911	87247
11588	54915	87242
11589	54919	87236
11590	54924	87231
11591	54929	87227
11592	54934	87223
11593	54939	87219
11594	54944	87214
11595	54948	87208
11596	54952	87203
11597	54957	87198
11598	54962	87194
11599	54967	87189
11600	54971	87184
11601	54975	87178
11602	54980	87173
11603	54985	87168
11604	54989	87164
11605	54994	87159
11606	54999	87155
11607	55004	87149
11608	55007	87143
11609	55012	87139
11610	55017	87134
11611	55022	87129
11612	55027	87125
11613	55031	87120
11614	55036	87114
11615	55040	87109
11616	55045	87105
11617	55051	87101
11618	55057	87099
11619	55062	87096
11620	55068	87092
11621	55073	87088
11622	55078	87084
11623	55084	87081
11624	55091	87079
11625	55096	87075
11626	55101	87071
11627	55105	87066
11628	55110	87061
11629	55116	87058
11630	55121	87054
11631	55126	87050
11632	55130	87044
11633	55135	87038
11634	55139	87033
11635	55144	87029
11636	55149	87024
11637	55153	87018
11638	55157	87013
11639	55162	87008
11640	55166	87003
11641	55171	86997
11642	55175	86992
11643	55179	86987
11644	55184	86981
11645	55188	86976
11646	55192	86971
11647	55197	86966
11648	55202	86962
11649	55206	86956
11650	55210	86950
11651	55214	86944
11652	55218	86939
11653	55223	86934
11654	55228	86929
11655	55233	86925
11656	55237	86919
11657	55242	86915
11658	55246	86908
11659	55250	86903
11660	55255	86898
11661	55260	86894
11662	55264	86889
11663	55269	86884
11664	55273	86878
11665	55278	86874
11666	55283	86869
11667	55288	86865
11668	55293	86860
11669	55297	86854
11670	55301	86849
11671	55305	86844
11672	55309	86837
11673	55315	86834
11674	55320	86830
11675	55324	86825
11676	55329	86820
11677	55333	86815
11678	55337	86809
11679	55342	86803
11680	55346	86798
11681	55351	86794
11682	55355	86788
11683	55359	86783
11684	55364	86777
11685	55368	86772
11686	55372	86766
11687	55377	86761
11688	55382	86757
11689	55387	86753
11690	55392	86748
11691	55396	86743
11692	55401	86739
11693	55406	86734
11694	55411	86729
11695	55415	86724
11696	55420	86719
11697	55424	86714
11698	55429	86709
11699	55433	86703
11700	55438	86699
11701	55443	86695
11702	55449	86692
11703	55455	86689
11704	55459	86683
11705	55464	86678
11706	55469	86674
11707	55474	86670
11708	55479	86666
11709	55484	86661
11710	55490	86658
11711	55494	86653
11712	55499	86649
11713	55503	86643
11714	55508	86639
11715	55513	86634
11716	55517	86628
11717	55521	86622
11718	55525	86616
11719	55530	86611
11720	55535	86607
11721	55540	86603
11722	55544	86598
11723	55551	86595
11724	55555	86590
11725	55559	86584
11726	55564	86580
11727	55569	86575
11728	55574	86571
11729	55579	86567
11730	55584	86563
11731	55589	86558
11732	55593	86553
11733	55598	86548
11734	55603	86544
11735	55608	86539
11736	55612	86534
11737	55617	86529
11738	55622	86525
11739	55628	86522
11740	55635	86520
11741	55641	86518
11742	55646	86515
11743	55652	86511
11744	55657	86507
11745	55663	86503
11746	55668	86499
11747	55672	86494
11748	55677	86489
11749	55682	86485
11750	55687	86481
11751	55693	86478
11752	55699	86475
11753	55704	86471
11754	55710	86467
11755	55715	86464
11756	55721	86461
11757	55726	86456
11758	55731	86452
11759	55735	86446
11760	55739	86440
11761	55743	86435
11762	55748	86431
11763	55754	86427
11764	55759	86423
11765	55764	86419
11766	55768	86413
11767	55773	86409
11768	55777	86403
11769	55782	86398
11770	55787	86395
11771	55792	86390
11772	55797	86385
11773	55802	86380
11774	55806	86375
11775	55810	86370
11776	55814	86364
11777	55818	86358
11778	55823	86353
11779	55828	86348
11780	55833	86345
11781	55838	86340
11782	55843	86335
11783	55848	86331
11784	55852	86325
11785	55857	86321
11786	55862	86317
11787	55867	86313
11788	55872	86309
11789	55877	86304
11790	55882	86299
11791	55886	86293
11792	55890	86288
11793	55895	86284
11794	55901	86280
11795	55905	86275
11796	55910	86270
11797	55914	86265
11798	55919	86260
11799	55924	86256
11800	55929	86252
11801	55934	86248
11802	55939	86243
11803	55943	86237
11804	55947	86232
11805	55952	86228
11806	55958	86224
11807	55963	86220
11808	55968	86215
11809	55973	86210
11810	55977	86206
11811	55982	86201
11812	55987	86197
11813	55992	86193
11814	55996	86187
11815	56001	86182
11816	56006	86177
11817	56010	86172
11818	56015	86167
11819	56019	86162
11820	56024	86158
11821	56030	86154
11822	56034	86149
11823	56038	86143
11824	56042	86137
11825	56048	86134
11826	56053	86130
11827	56057	86124
11828	56062	86119
11829	56066	86114
11830	56071	86109
11831	56076	86105
11832	56080	86100
11833	56086	86095
11834	56090	86091
11835	56095	86086
11836	56100	86082
11837	56105	86078
11838	56111	86074
11839	56116	86070
11840	56121	86066
11841	56127	86062
11842	56131	86058
11843	56137	86055
11844	56143	86052
11845	56149	86048
11846	56153	86043
11847	56157	86037
11848	56161	86031
11849	56166	86026
11850	56170	86021
11851	56176	86018
11852	56181	86014
11853	56185	86008
11854	56190	86003
11855	56194	85998
11856	56199	85993
11857	56204	85989
11858	56208	85983
11859	56213	85978
11860	56217	85973
11861	56221	85967
11862	56225	85961
11863	56229	85955
11864	56234	85951
11865	56238	85946
11866	56243	85941
11867	56248	85936
11868	56251	85930
11869	56256	85924
11870	56260	85919
11871	56265	85914
11872	56268	85908
11873	56274	85903
11874	56278	85898
11875	56282	85892
11876	56286	85886
11877	56290	85881
11878	56295	85876
11879	56299	85870
11880	56304	85866
11881	56308	85861
11882	56313	85856
11883	56317	85850
11884	56321	85844
11885	56326	85839
11886	56330	85834
11887	56335	85830
11888	56339	85824
11889	56344	85819
11890	56348	85813
11891	56352	85808
11892	56357	85804
11893	56362	85799
11894	56366	85794
11895	56371	85788
11896	56375	85782
11897	56379	85777
11898	56384	85772
11899	56388	85767
11900	56394	85763
11901	56399	85760
11902	56403	85754
11903	56407	85748
11904	56411	85743
11905	56415	85737
11906	56420	85731
11907	56424	85726
11908	56428	85720
11909	56432	85715
11910	56437	85710
11911	56441	85705
11912	56446	85700
11913	56450	85694
11914	56454	85688
11915	56459	85684
11916	56463	85678
11917	56467	85672
11918	56471	85666
11919	56476	85662
11920	56480	85657
11921	56485	85651
11922	56489	85646
11923	56493	85640
11924	56498	85636
11925	56503	85631
11926	56507	85626
11927	56512	85621
11928	56516	85615
11929	56520	85609
11930	56524	85604
11931	56530	85600
11932	56535	85596
11933	56540	85592
11934	56544	85586
11935	56549	85581
11936	56553	85577
11937	56559	85573
11938	56564	85569
11939	56569	85565
11940	56574	85560
11941	56579	85555
11942	56584	85551
11943	56588	85546
11944	56594	85543
11945	56599	85539
11946	56604	85534
11947	56609	85529
11948	56613	85524
11949	56617	85519
11950	56623	85515
11951	56628	85511
11952	56633	85506
11953	56637	85500
11954	56642	85496
11955	56647	85492
11956	56651	85486
11957	56655	85481
11958	56660	85476
11959	56665	85472
11960	56670	85466
11961	56674	85461
11962	56678	85456
11963	56683	85451
11964	56688	85446
11965	56692	85442
11966	56697	85436
11967	56701	85430
11968	56705	85424
11969	56709	85419
11970	56713	85413
11971	56718	85408
11972	56723	85404
11973	56727	85399
11974	56732	85394
11975	56736	85388
11976	56740	85382
11977	56744	85376
11978	56749	85372
11979	56753	85367
11980	56757	85362
11981	56762	85356
11982	56766	85351
11983	56770	85345
11984	56774	85339
11985	56794	85358
11986	56799	85353
11987	56803	85347
11988	56807	85341
11989	56812	85336
11990	56817	85333
11991	56822	85328
11992	56826	85322
11993	56830	85317
11994	56834	85311
11995	56838	85305
11996	56843	85300
11997	56848	85295
11998	56852	85291
11999	56856	85285
12000	56860	85279
12001	56864	85272
12002	56868	85267
12003	56872	85261
12004	56876	85255
12005	56881	85250
12006	56886	85246
12007	56890	85240
12008	56894	85235
12009	56898	85229
12010	56903	85224
12011	56907	85219
12012	56912	85214
12013	56917	85210
12014	56922	85205
12015	56925	85198
12016	56929	85193
12017	56934	85188
12018	56938	85182
12019	56942	85177
12020	56947	85172
12021	56951	85166
12022	56955	85160
12023	56959	85154
12024	56963	85149
12025	56968	85145
12026	56972	85139
12027	56977	85134
12028	56981	85129
12029	56985	85123
12030	56990	85118
12031	56994	85112
12032	56999	85107
12033	57003	85102
12034	57008	85098
12035	57013	85093
12036	57017	85087
12037	57021	85082
12038	57026	85077
12039	57030	85072
12040	57036	85068
12041	57040	85063
12042	57044	85057
12043	57048	85051
12044	57052	85045
12045	57056	85040
12046	57060	85034
12047	57065	85029
12048	57069	85024
12049	57074	85019
12050	57078	85013
12051	57083	85009
12052	57088	85004
12053	57092	84998
12054	57096	84992
12055	57100	84987
12056	57104	84981
12057	57109	84977
12058	57114	84973
12059	57119	84969
12060	57123	84963
12061	57128	84958
12062	57133	84954
12063	57139	84951
12064	57145	84948
12065	57150	84944
12066	57156	84940
12067	57161	84937
12068	57166	84933
12069	57172	84930
12070	57178	84927
12071	57184	84923
12072	57188	84917
12073	57192	84912
12074	57197	84907
12075	57201	84902
12076	57206	84897
12077	57210	84892
12078	57215	84887
12079	57220	84882
12080	57224	84877
12081	57228	84871
12082	57233	84867
12083	57238	84863
12084	57243	84859
12085	57247	84852
12086	57251	84847
12087	57255	84841
12088	57259	84835
12089	57264	84830
12090	57267	84824
12091	57273	84820
12092	57277	84814
12093	57281	84809
12094	57285	84803
12095	57289	84797
12096	57293	84792
12097	57298	84787
12098	57303	84783
12099	57307	84777
12100	57312	84772
12101	57315	84765
12102	57319	84760
12103	57323	84754
12104	57328	84750
12105	57333	84745
12106	57338	84740
12107	57342	84735
12108	57346	84729
12109	57350	84723
12110	57354	84717
12111	57359	84712
12112	57363	84708
12113	57368	84703
12114	57373	84698
12115	57378	84693
12116	57382	84688
12117	57386	84682
12118	57391	84678
12119	57397	84674
12120	57402	84670
12121	57406	84665
12122	57410	84660
12123	57415	84654
12124	57419	84649
12125	57424	84644
12126	57428	84639
12127	57433	84634
12128	57437	84629
12129	57441	84623
12130	57445	84618
12131	57450	84613
12132	57456	84609
12133	57461	84605
12134	57464	84599
12135	57469	84593
12136	57473	84587
12137	57477	84582
12138	57482	84577
12139	57486	84572
12140	57491	84567
12141	57495	84562
12142	57499	84557
12143	57504	84551
12144	57509	84547
12145	57513	84542
12146	57518	84537
12147	57523	84533
12148	57528	84528
12149	57532	84523
12150	57537	84519
12151	57542	84514
12152	57547	84510
12153	57552	84504
12154	57557	84500
12155	57561	84495
12156	57566	84490
12157	57570	84485
12158	57575	84481
12159	57580	84476
12160	57585	84471
12161	57589	84466
12162	57594	84461
12163	57598	84455
12164	57602	84449
12165	57606	84444
12166	57610	84439
12167	57616	84435
12168	57620	84430
12169	57624	84424
12170	57628	84418
12171	57632	84413
12172	57636	84407
12173	57641	84402
12174	57645	84396
12175	57650	84392
12176	57655	84387
12177	57659	84381
12178	57663	84376
12179	57667	84370
12180	57671	84364
12181	57675	84359
12182	57680	84354
12183	57684	84348
12184	57690	84345
12185	57695	84341
12186	57699	84335
12187	57703	84329
12188	57707	84324
12189	57711	84319
12190	57716	84313
12191	57720	84308
12192	57724	84302
12193	57729	84297
12194	57733	84292
12195	57737	84287
12196	57742	84282
12197	57747	84278
12198	57752	84273
12199	57758	84270
12200	57763	84266
12201	57768	84261
12202	57772	84256
12203	57777	84251
12204	57782	84247
12205	57786	84242
12206	57791	84237
12207	57796	84232
12208	57800	84226
12209	57804	84220
12210	57808	84215
12211	57813	84211
12212	57817	84205
12213	57823	84202
12214	57827	84196
12215	57831	84191
12216	57836	84185
12217	57840	84181
12218	57845	84176
12219	57850	84172
12220	57855	84167
12221	57858	84160
12222	57862	84155
12223	57866	84149
12224	57870	84143
12225	57875	84139
12226	57881	84135
12227	57885	84130
12228	57890	84124
12229	57894	84119
12230	57898	84113
12231	57902	84108
12232	57907	84103
12233	57912	84099
12234	57916	84094
12235	57920	84088
12236	57924	84082
12237	57929	84077
12238	57932	84071
12239	57937	84066
12240	57941	84061
12241	57946	84056
12242	57950	84050
12243	57954	84044
12244	57958	84039
12245	57962	84033
12246	57967	84028
12247	57972	84023
12248	57977	84019
12249	57982	84014
12250	57986	84009
12251	57990	84003
12252	57994	83997
12253	57998	83992
12254	58003	83987
12255	58007	83982
12256	58011	83976
12257	58015	83970
12258	58020	83965
12259	58024	83960
12260	58029	83955
12261	58034	83951
12262	58038	83946
12263	58042	83940
12264	58046	83934
12265	58051	83929
12266	58055	83923
12267	58059	83918
12268	58064	83914
12269	58069	83908
12270	58073	83903
12271	58076	83897
12272	58081	83892
12273	58085	83886
12274	58089	83880
12275	58093	83875
12276	58099	83871
12277	58104	83867
12278	58108	83862
12279	58112	83856
12280	58116	83851
12281	58120	83845
12282	58125	83840
12283	58130	83835
12284	58135	83831
12285	58139	83825
12286	58143	83819
12287	58147	83814
12288	58151	83808
12289	58155	83803
12290	58160	83798
12291	58165	83793
12292	58169	83788
12293	58174	83783
12294	58180	83780
12295	58186	83777
12296	58191	83773
12297	58197	83770
12298	58202	83766
12299	58207	83762
12300	58213	83759
12301	58220	83757
12302	58226	83754
12303	58231	83750
12304	58235	83744
12305	58239	83739
12306	58244	83734
12307	58248	83729
12308	58253	83725
12309	58258	83720
12310	58263	83716
12311	58268	83710
12312	58271	83704
12313	58276	83699
12314	58281	83694
12315	58285	83690
12316	58290	83685
12317	58294	83680
12318	58299	83675
12319	58303	83668
12320	58307	83664
12321	58311	83658
12322	58316	83653
12323	58321	83648
12324	58325	83642
12325	58331	83639
12326	58336	83635
12327	58340	83630
12328	58344	83624
12329	58348	83618
12330	58352	83612
12331	58356	83607
12332	58361	83602
12333	58365	83597
12334	58370	83592
12335	58375	83588
12336	58379	83582
12337	58384	83577
12338	58389	83573
12339	58393	83567
12340	58398	83563
12341	58403	83558
12342	58407	83553
12343	58412	83548
12344	58416	83543
12345	58421	83538
12346	58426	83534
12347	58431	83529
12348	58435	83524
12349	58439	83518
12350	58444	83513
12351	58448	83508
12352	58452	83503
12353	58457	83498
12354	58461	83493
12355	58466	83488
12356	58470	83482
12357	58474	83477
12358	58478	83471
12359	58484	83467
12360	58488	83463
12361	58493	83458
12362	58498	83453
12363	58502	83448
12364	58507	83442
12365	58512	83439
12366	58519	83437
12367	58525	83434
12368	58530	83430
12369	58535	83426
12370	58539	83420
12371	58544	83415
12372	58550	83412
12373	58555	83408
12374	58559	83403
12375	58564	83398
12376	58569	83393
12377	58573	83388
12378	58578	83384
12379	58584	83381
12380	58589	83377
12381	58595	83373
12382	58600	83369
12383	58604	83364
12384	58610	83360
12385	58615	83356
12386	58619	83351
12387	58624	83346
12388	58628	83340
12389	58633	83336
12390	58637	83331
12391	58643	83327
12392	58648	83322
12393	58652	83318
12394	58657	83313
12395	58661	83307
12396	58666	83302
12397	58671	83298
12398	58676	83294
12399	58681	83290
12400	58685	83284
12401	58690	83279
12402	58695	83275
12403	58700	83270
12404	58704	83265
12405	58710	83262
12406	58715	83257
12407	58720	83252
12408	58724	83247
12409	58728	83242
12410	58734	83238
12411	58739	83234
12412	58744	83230
12413	58749	83226
12414	58754	83222
12415	58759	83217
12416	58764	83213
12417	58769	83208
12418	58774	83203
12419	58778	83198
12420	58782	83193
12421	58787	83188
12422	58791	83182
12423	58796	83177
12424	58800	83173
12425	58805	83168
12426	58810	83163
12427	58814	83157
12428	58818	83152
12429	58823	83147
12430	58828	83143
12431	58832	83138
12432	58837	83133
12433	58841	83127
12434	58845	83121
12435	58849	83116
12436	58853	83110
12437	58858	83106
12438	58863	83101
12439	58867	83096
12440	58872	83090
12441	58875	83085
12442	58880	83079
12443	58884	83074
12444	58889	83069
12445	58894	83065
12446	58900	83062
12447	58906	83059
12448	58911	83055
12449	58917	83053
12450	58923	83049
12451	58929	83046
12452	58934	83041
12453	58939	83037
12454	58945	83034
12455	58951	83031
12456	58955	83026
12457	58961	83023
12458	58967	83020
12459	58974	83019
12460	58981	83017
12461	58986	83012
12462	58990	83007
12463	58994	83001
12464	58999	82996
12465	59004	82992
12466	59009	82988
12467	59014	82984
12468	59019	82979
12469	59024	82974
12470	59028	82969
12471	59033	82964
12472	59038	82960
12473	59042	82955
12474	59047	82950
12475	59051	82945
12476	59057	82941
12477	59062	82937
12478	59066	82932
12479	59072	82928
12480	59078	82925
12481	59083	82920
12482	59088	82916
12483	59092	82911
12484	59098	82907
12485	59103	82903
12486	59108	82899
12487	59112	82893
12488	59116	82888
12489	59120	82882
12490	59125	82878
12491	59130	82873
12492	59135	82868
12493	59139	82863
12494	59143	82858
12495	59147	82852
12496	59151	82846
12497	59157	82842
12498	59162	82838
12499	59166	82833
12500	59171	82828
12501	59175	82822
12502	59179	82816
12503	59183	82811
12504	59187	82806
12505	59193	82802
12506	59198	82797
12507	59202	82792
12508	59207	82787
12509	59212	82784
12510	59218	82780
12511	59224	82778
12512	59230	82775
12513	59236	82771
12514	59241	82767
12515	59245	82762
12516	59251	82759
12517	59257	82756
12518	59262	82752
12519	59267	82747
12520	59273	82744
12521	59279	82741
12522	59284	82736
12523	59289	82732
12524	59293	82727
12525	59298	82722
12526	59302	82717
12527	59307	82712
12528	59312	82707
12529	59317	82703
12530	59322	82698
12531	59326	82693
12532	59330	82687
12533	59334	82682
12534	59339	82677
12535	59344	82672
12536	59349	82668
12537	59354	82664
12538	59358	82658
12539	59362	82653
12540	59367	82648
12541	59371	82643
12542	59376	82639
12543	59381	82634
12544	59386	82629
12545	59390	82624
12546	59395	82619
12547	59399	82613
12548	59404	82609
12549	59409	82605
12550	59414	82601
12551	59419	82595
12552	59423	82590
12553	59427	82585
12554	59432	82580
12555	59436	82575
12556	59441	82570
12557	59446	82565
12558	59450	82560
12559	59455	82555
12560	59459	82550
12561	59464	82546
12562	59469	82541
12563	59475	82538
12564	59479	82533
12565	59484	82528
12566	59489	82523
12567	59493	82518
12568	59498	82514
12569	59503	82509
12570	59508	82505
12571	59514	82502
12572	59518	82497
12573	59523	82492
12574	59529	82489
12575	59534	82484
12576	59539	82481
12577	59544	82475
12578	59548	82471
12579	59553	82466
12580	59557	82460
12581	59562	82455
12582	59566	82450
12583	59570	82444
12584	59576	82440
12585	59580	82435
12586	59585	82431
12587	59590	82426
12588	59594	82421
12589	59599	82416
12590	59603	82410
12591	59608	82406
12592	59614	82404
12593	59619	82399
12594	59624	82394
12595	59629	82390
12596	59633	82385
12597	59638	82380
12598	59643	82375
12599	59647	82371
12600	59653	82367
12601	59657	82362
12602	59662	82356
12603	59667	82353
12604	59673	82349
12605	59677	82344
12606	59682	82339
12607	59687	82334
12608	59691	82329
12609	59696	82324
12610	59701	82320
12611	59705	82315
12612	59710	82310
12613	59715	82305
12614	59719	82301
12615	59723	82295
12616	59728	82289
12617	59732	82285
12618	59736	82279
12619	59741	82275
12620	59745	82269
12621	59750	82264
12622	59754	82259
12623	59759	82254
12624	59764	82249
12625	59769	82245
12626	59774	82241
12627	59779	82237
12628	59784	82232
12629	59788	82227
12630	59793	82223
12631	59799	82219
12632	59804	82215
12633	59808	82210
12634	59813	82204
12635	59817	82199
12636	59822	82194
12637	59827	82190
12638	59833	82188
12639	59839	82184
12640	59842	82178
12641	59847	82173
12642	59852	82168
12643	59856	82163
12644	59861	82158
12645	59865	82153
12646	59871	82149
12647	59875	82144
12648	59880	82139
12649	59885	82135
12650	59889	82130
12651	59894	82125
12652	59899	82121
12653	59904	82116
12654	59908	82110
12655	59913	82106
12656	59918	82101
12657	59922	82096
12658	59928	82092
12659	59932	82087
12660	59935	82080
12661	59940	82075
12662	59944	82070
12663	59948	82064
12664	59953	82060
12665	59958	82055
12666	59962	82049
12667	59966	82044
12668	59970	82038
12669	59974	82033
12670	59978	82027
12671	59983	82022
12672	59987	82017
12673	59992	82013
12674	59996	82007
12675	60001	82002
12676	60005	81997
12677	60010	81991
12678	60014	81987
12679	60019	81982
12680	60025	81979
12681	60030	81974
12682	60035	81970
12683	60039	81964
12684	60044	81960
12685	60050	81957
12686	60055	81953
12687	60059	81947
12688	60064	81942
12689	60068	81937
12690	60073	81932
12691	60078	81928
12692	60083	81923
12693	60087	81919
12694	60092	81914
12695	60097	81909
12696	60101	81904
12697	60107	81900
12698	60112	81896
12699	60117	81892
12700	60121	81886
12701	60126	81881
12702	60130	81876
12703	60135	81871
12704	60140	81867
12705	60144	81861
12706	60149	81858
12707	60154	81852
12708	60158	81847
12709	60163	81842
12710	60167	81837
12711	60171	81832
12712	60176	81827
12713	60180	81821
12714	60184	81816
12715	60189	81811
12716	60194	81807
12717	60198	81801
12718	60202	81795
12719	60206	81790
12720	60210	81784
12721	60215	81779
12722	60220	81774
12723	60225	81771
12724	60230	81767
12725	60235	81761
12726	60239	81756
12727	60243	81750
12728	60247	81745
12729	60254	81743
12730	60259	81739
12731	60264	81734
12732	60269	81730
12733	60274	81726
12734	60280	81723
12735	60286	81720
12736	60291	81715
12737	60297	81713
12738	60304	81711
12739	60311	81708
12740	60317	81706
12741	60324	81705
12742	60329	81700
12743	60334	81695
12744	60340	81693
12745	60347	81690
12746	60352	81687
12747	60358	81683
12748	60363	81678
12749	60368	81675
12750	60374	81671
12751	60380	81668
12752	60385	81664
12753	60390	81659
12754	60394	81654
12755	60398	81649
12756	60404	81645
12757	60408	81640
12758	60413	81635
12759	60417	81630
12760	60422	81625
12761	60426	81619
12762	60431	81614
12763	60436	81610
12764	60441	81606
12765	60446	81602
12766	60451	81598
12767	60457	81594
12768	60462	81590
12769	60468	81587
12770	60474	81584
12771	60479	81580
12772	60484	81576
12773	60489	81570
12774	60494	81567
12775	60499	81563
12776	60505	81560
12777	60511	81555
12778	60516	81551
12779	60521	81548
12780	60527	81545
12781	60534	81542
12782	60539	81538
12783	60544	81534
12784	60549	81530
12785	60555	81526
12786	60560	81522
12787	60565	81518
12788	60571	81514
12789	60576	81510
12790	60581	81506
12791	60586	81501
12792	60591	81497
12793	60596	81493
12794	60601	81488
12795	60606	81484
12796	60610	81478
12797	60615	81473
12798	60620	81469
12799	60625	81465
12800	60630	81461
12801	60634	81455
12802	60639	81451
12803	60644	81446
12804	60648	81441
12805	60653	81436
12806	60658	81432
12807	60662	81426
12808	60667	81421
12809	60671	81416
12810	60676	81411
12811	60680	81406
12812	60686	81402
12813	60691	81398
12814	60696	81394
12815	60701	81389
12816	60706	81384
12817	60710	81380
12818	60715	81375
12819	60719	81370
12820	60724	81365
12821	60728	81360
12822	60732	81354
12823	60737	81349
12824	60742	81344
12825	60746	81339
12826	60752	81335
12827	60757	81331
12828	60761	81326
12829	60765	81320
12830	60769	81315
12831	60774	81310
12832	60780	81306
12833	60784	81301
12834	60788	81295
12835	60792	81290
12836	60796	81284
12837	60800	81279
12838	60805	81274
12839	60810	81269
12840	60814	81264
12841	60818	81259
12842	60824	81255
12843	60828	81250
12844	60833	81246
12845	60838	81241
12846	60842	81235
12847	60847	81230
12848	60851	81225
12849	60856	81221
12850	60861	81216
12851	60867	81213
12852	60871	81207
12853	60875	81201
12854	60879	81195
12855	60883	81191
12856	60889	81187
12857	60895	81183
12858	60899	81178
12859	60903	81173
12860	60908	81168
12861	60914	81165
12862	60919	81161
12863	60924	81157
12864	60929	81152
12865	60933	81146
12866	60937	81141
12867	60941	81135
12868	60946	81130
12869	60951	81126
12870	60956	81122
12871	60961	81117
12872	60966	81112
12873	60970	81108
12874	60974	81102
12875	60979	81097
12876	60984	81093
12877	60989	81089
12878	60993	81083
12879	60997	81078
12880	61001	81072
12881	61005	81066
12882	61010	81061
12883	61014	81056
12884	61020	81052
12885	61024	81047
12886	61029	81042
12887	61033	81036
12888	61037	81031
12889	61041	81026
12890	61046	81021
12891	61051	81016
12892	61055	81011
12893	61061	81007
12894	61065	81002
12895	61069	80996
12896	61075	80994
12897	61080	80988
12898	61085	80984
12899	61089	80979
12900	61094	80974
12901	61098	80969
12902	61102	80963
12903	61108	80960
12904	61113	80955
12905	61117	80950
12906	61121	80944
12907	61126	80939
12908	61130	80934
12909	61136	80930
12910	61140	80925
12911	61145	80921
12912	61150	80916
12913	61154	80910
12914	61158	80905
12915	61162	80899
12916	61167	80895
12917	61172	80890
12918	61177	80886
12919	61183	80883
12920	61188	80879
12921	61192	80873
12922	61198	80869
12923	61202	80865
12924	61207	80860
12925	61212	80856
12926	61217	80851
12927	61221	80845
12928	61226	80841
12929	61231	80836
12930	61235	80831
12931	61240	80826
12932	61245	80822
12933	61249	80816
12934	61253	80811
12935	61258	80806
12936	61263	80801
12937	61267	80796
12938	61273	80792
12939	61278	80788
12940	61282	80783
12941	61288	80780
12942	61294	80777
12943	61301	80775
12944	61306	80771
12945	61311	80767
12946	61317	80763
12947	61322	80759
12948	61328	80756
12949	61334	80753
12950	61340	80750
12951	61345	80746
12952	61350	80740
12953	61355	80736
12954	61359	80731
12955	61364	80727
12956	61369	80722
12957	61374	80717
12958	61379	80713
12959	61385	80710
12960	61390	80705
12961	61395	80702
12962	61400	80697
12963	61405	80692
12964	61410	80688
12965	61414	80683
12966	61420	80679
12967	61425	80674
12968	61430	80671
12969	61435	80666
12970	61440	80662
12971	61444	80656
12972	61449	80652
12973	61453	80646
12974	61458	80641
12975	61463	80637
12976	61467	80632
12977	61473	80629
12978	61478	80624
12979	61483	80619
12980	61487	80614
12981	61492	80609
12982	61497	80605
12983	61502	80600
12984	61506	80595
12985	61511	80590
12986	61516	80586
12987	61520	80581
12988	61526	80577
12989	61531	80573
12990	61536	80569
12991	61541	80564
12992	61546	80560
12993	61552	80556
12994	61557	80553
12995	61563	80550
12996	61569	80546
12997	61574	80541
12998	61578	80537
12999	61584	80533
13000	61590	80529
13001	61595	80526
13002	61601	80523
13003	61607	80519
13004	61611	80514
13005	61617	80510
13006	61621	80505
13007	61626	80500
13008	61631	80496
13009	61635	80491
13010	61640	80486
13011	61644	80481
13012	61648	80475
13013	61653	80471
13014	61659	80467
13015	61664	80462
13016	61668	80457
13017	61672	80452
13018	61677	80447
13019	61682	80443
13020	61686	80437
13021	61691	80433
13022	61695	80426
13023	61699	80422
13024	61703	80416
13025	61708	80411
13026	61713	80406
13027	61717	80401
13028	61722	80397
13029	61727	80392
13030	61731	80386
13031	61735	80381
13032	61739	80376
13033	61745	80372
13034	61751	80368
13035	61755	80363
13036	61760	80359
13037	61765	80354
13038	61769	80349
13039	61774	80345
13040	61778	80339
13041	61783	80334
13042	61788	80330
13043	61792	80325
13044	61797	80320
13045	61801	80314
13046	61806	80310
13047	61811	80305
13048	61816	80300
13049	61821	80296
13050	61825	80290
13051	61829	80285
13052	61834	80280
13053	61839	80276
13054	61844	80272
13055	61849	80268
13056	61853	80262
13057	61857	80257
13058	61862	80251
13059	61866	80246
13060	61871	80241
13061	61876	80237
13062	61881	80233
13063	61886	80229
13064	61891	80224
13065	61895	80219
13066	61900	80214
13067	61905	80209
13068	61910	80205
13069	61914	80200
13070	61918	80194
13071	61922	80188
13072	61927	80183
13073	61931	80178
13074	61935	80172
13075	61940	80168
13076	61945	80163
13077	61949	80158
13078	61953	80152
13079	61957	80146
13080	61961	80141
13081	61966	80137
13082	61972	80133
13083	61976	80127
13084	61980	80122
13085	61984	80116
13086	61988	80111
13087	61992	80105
13088	61996	80099
13089	62001	80095
13090	62006	80090
13091	62011	80085
13092	62015	80080
13093	62019	80074
13094	62023	80069
13095	62028	80064
13096	62033	80060
13097	62037	80054
13098	62041	80049
13099	62046	80044
13100	62050	80039
13101	62055	80034
13102	62060	80030
13103	62064	80024
13104	62068	80019
13105	62074	80015
13106	62080	80012
13107	62085	80007
13108	62090	80003
13109	62094	79998
13110	62099	79993
13111	62103	79988
13112	62107	79982
13113	62112	79978
13114	62117	79973
13115	62121	79967
13116	62125	79962
13117	62129	79956
13118	62134	79952
13119	62138	79946
13120	62143	79942
13121	62148	79937
13122	62152	79931
13123	62156	79926
13124	62160	79921
13125	62165	79915
13126	62171	79912
13127	62176	79908
13128	62180	79903
13129	62185	79898
13130	62189	79893
13131	62194	79888
13132	62199	79883
13133	62205	79881
13134	62210	79877
13135	62215	79872
13136	62220	79867
13137	62225	79863
13138	62230	79859
13139	62235	79855
13140	62241	79850
13141	62245	79846
13142	62250	79841
13143	62254	79835
13144	62258	79830
13145	62262	79824
13146	62268	79821
13147	62273	79816
13148	62277	79810
13149	62281	79805
13150	62285	79799
13151	62289	79794
13152	62294	79789
13153	62299	79785
13154	62303	79779
13155	62307	79774
13156	62311	79767
13157	62315	79762
13158	62319	79756
13159	62323	79751
13160	62329	79748
13161	62335	79744
13162	62340	79741
13163	62345	79736
13164	62351	79732
13165	62357	79729
13166	62362	79726
13167	62368	79722
13168	62373	79718
13169	62378	79714
13170	62385	79711
13171	62390	79707
13172	62395	79703
13173	62400	79698
13174	62405	79694
13175	62410	79689
13176	62414	79684
13177	62419	79680
13178	62424	79675
13179	62429	79670
13180	62433	79665
13181	62439	79662
13182	62444	79658
13183	62449	79653
13184	62454	79648
13185	62459	79644
13186	62463	79639
13187	62468	79634
13188	62472	79629
13189	62477	79625
13190	62483	79620
13191	62488	79617
13192	62493	79612
13193	62497	79607
13194	62501	79601
13195	62506	79596
13196	62510	79591
13197	62515	79586
13198	62519	79581
13199	62524	79576
13200	62529	79571
13201	62533	79566
13202	62538	79561
13203	62542	79556
13204	62547	79551
13205	62552	79547
13206	62556	79542
13207	62561	79537
13208	62565	79531
13209	62569	79526
13210	62574	79521
13211	62579	79516
13212	62583	79511
13213	62587	79506
13214	62591	79500
13215	62595	79494
13216	62600	79489
13217	62606	79486
13218	62611	79482
13219	62615	79477
13220	62620	79472
13221	62624	79467
13222	62629	79462
13223	62633	79456
13224	62637	79451
13225	62642	79446
13226	62647	79442
13227	62651	79436
13228	62655	79431
13229	62660	79427
13230	62665	79422
13231	62670	79417
13232	62675	79414
13233	62680	79409
13234	62685	79404
13235	62689	79399
13236	62693	79393
13237	62698	79388
13238	62701	79382
13239	62707	79378
13240	62711	79373
13241	62716	79369
13242	62721	79364
13243	62726	79359
13244	62730	79354
13245	62735	79349
13246	62739	79344
13247	62744	79340
13248	62748	79334
13249	62753	79329
13250	62757	79324
13251	62762	79319
13252	62766	79314
13253	62771	79309
13254	62776	79304
13255	62780	79299
13256	62785	79295
13257	62789	79289
13258	62793	79284
13259	62798	79279
13260	62802	79274
13261	62807	79269
13262	62813	79266
13263	62818	79262
13264	62823	79257
13265	62828	79252
13266	62832	79247
13267	62837	79243
13268	62842	79238
13269	62847	79233
13270	62851	79228
13271	62855	79223
13272	62859	79217
13273	62864	79212
13274	62869	79208
13275	62874	79204
13276	62880	79200
13277	62884	79195
13278	62888	79189
13279	62893	79184
13280	62897	79179
13281	62902	79174
13282	62906	79169
13283	62911	79165
13284	62915	79159
13285	62921	79156
13286	62926	79151
13287	62931	79147
13288	62936	79143
13289	62942	79139
13290	62947	79135
13291	62951	79130
13292	62956	79125
13293	62962	79121
13294	62968	79119
13295	62974	79115
13296	62979	79111
13297	62984	79107
13298	62988	79102
13299	62995	79099
13300	63002	79097
13301	63009	79095
13302	63015	79092
13303	63020	79088
13304	63025	79084
13305	63031	79080
13306	63037	79077
13307	63042	79073
13308	63047	79069
13309	63052	79063
13310	63057	79059
13311	63061	79054
13312	63066	79050
13313	63070	79044
13314	63075	79039
13315	63079	79034
13316	63083	79028
13317	63088	79024
13318	63093	79019
13319	63098	79015
13320	63102	79009
13321	63106	79004
13322	63110	78998
13323	63114	78993
13324	63119	78988
13325	63124	78983
13326	63129	78979
13327	63133	78974
13328	63138	78969
13329	63142	78963
13330	63146	78958
13331	63151	78953
13332	63156	78948
13333	63161	78944
13334	63165	78939
13335	63169	78933
13336	63173	78927
13337	63177	78921
13338	63181	78916
13339	63186	78912
13340	63191	78907
13341	63195	78902
13342	63200	78896
13343	63204	78891
13344	63207	78885
13345	63212	78881
13346	63217	78876
13347	63222	78871
13348	63226	78866
13349	63230	78860
13350	63235	78855
13351	63239	78850
13352	63244	78846
13353	63250	78842
13354	63254	78837
13355	63258	78832
13356	63263	78826
13357	63267	78821
13358	63272	78816
13359	63277	78812
13360	63282	78808
13361	63287	78803
13362	63291	78798
13363	63295	78792
13364	63299	78787
13365	63304	78781
13366	63308	78777
13367	63312	78771
13368	63317	78766
13369	63322	78762
13370	63327	78757
13371	63331	78752
13372	63336	78747
13373	63340	78742
13374	63344	78736
13375	63348	78731
13376	63353	78727
13377	63359	78723
13378	63364	78718
13379	63369	78714
13380	63374	78710
13381	63380	78707
13382	63386	78704
13383	63392	78701
13384	63398	78697
13385	63403	78693
13386	63409	78689
13387	63414	78685
13388	63420	78682
13389	63427	78679
13390	63431	78675
13391	63436	78670
13392	63441	78665
13393	63446	78661
13394	63451	78657
13395	63457	78653
13396	63462	78648
13397	63466	78644
13398	63471	78638
13399	63476	78634
13400	63481	78630
13401	63486	78626
13402	63491	78621
13403	63495	78616
13404	63500	78611
13405	63504	78606
13406	63508	78600
13407	63513	78596
13408	63518	78591
13409	63522	78586
13410	63527	78581
13411	63531	78575
13412	63535	78570
13413	63540	78565
13414	63544	78560
13415	63550	78556
13416	63554	78551
13417	63559	78546
13418	63563	78540
13419	63567	78535
13420	63572	78531
13421	63577	78526
13422	63582	78521
13423	63586	78516
13424	63590	78511
13425	63594	78505
13426	63599	78500
13427	63604	78496
13428	63608	78491
13429	63613	78486
13430	63617	78480
13431	63621	78475
13432	63625	78469
13433	63629	78464
13434	63634	78460
13435	63639	78455
13436	63644	78451
13437	63649	78445
13438	63653	78441
13439	63658	78436
13440	63663	78432
13441	63668	78427
13442	63674	78423
13443	63678	78418
13444	63682	78413
13445	63687	78408
13446	63691	78402
13447	63695	78397
13448	63700	78393
13449	63705	78388
13450	63710	78383
13451	63714	78378
13452	63718	78372
13453	63722	78367
13454	63727	78363
13455	63732	78358
13456	63736	78353
13457	63741	78347
13458	63745	78342
13459	63750	78337
13460	63753	78331
13461	63758	78326
13462	63763	78322
13463	63768	78317
13464	63772	78312
13465	63776	78307
13466	63780	78301
13467	63784	78296
13468	63789	78291
13469	63794	78286
13470	63799	78282
13471	63803	78276
13472	63807	78271
13473	63812	78266
13474	63816	78260
13475	63821	78256
13476	63825	78251
13477	63830	78247
13478	63835	78242
13479	63839	78236
13480	63843	78230
13481	63848	78225
13482	63852	78221
13483	63858	78217
13484	63863	78213
13485	63867	78208
13486	63872	78203
13487	63877	78198
13488	63881	78193
13489	63888	78190
13490	63893	78186
13491	63898	78182
13492	63904	78178
13493	63909	78175
13494	63915	78171
13495	63920	78166
13496	63925	78162
13497	63930	78157
13498	63934	78152
13499	63938	78147
13500	63943	78142
13501	63947	78137
13502	63952	78132
13503	63956	78126
13504	63960	78121
13505	63966	78117
13506	63971	78114
13507	63976	78109
13508	63981	78104
13509	63986	78100
13510	63990	78094
13511	63995	78090
13512	64001	78086
13513	64005	78082
13514	64010	78077
13515	64015	78073
13516	64020	78068
13517	64026	78064
13518	64031	78060
13519	64037	78057
13520	64042	78053
13521	64047	78048
13522	64051	78043
13523	64056	78038
13524	64061	78034
13525	64066	78029
13526	64070	78024
13527	64075	78019
13528	64079	78013
13529	64084	78009
13530	64089	78005
13531	64095	78001
13532	64099	77996
13533	64104	77991
13534	64108	77986
13535	64112	77980
13536	64117	77976
13537	64122	77971
13538	64127	77967
13539	64132	77962
13540	64136	77957
13541	64140	77951
13542	64144	77946
13543	64150	77942
13544	64154	77937
13545	64159	77932
13546	64163	77927
13547	64167	77922
13548	64172	77917
13549	64176	77911
13550	64181	77907
13551	64185	77901
13552	64190	77897
13553	64195	77892
13554	64199	77886
13555	64204	77882
13556	64208	77877
13557	64213	77872
13558	64218	77868
13559	64223	77863
13560	64228	77858
13561	64232	77853
13562	64236	77848
13563	64240	77842
13564	64245	77838
13565	64251	77834
13566	64255	77829
13567	64260	77824
13568	64264	77819
13569	64268	77813
13570	64273	77809
13571	64278	77804
13572	64283	77800
13573	64288	77795
13574	64292	77789
13575	64296	77785
13576	64300	77779
13577	64306	77775
13578	64311	77771
13579	64317	77767
13580	64321	77762
13581	64325	77757
13582	64330	77752
13583	64335	77748
13584	64340	77743
13585	64345	77739
13586	64350	77735
13587	64355	77731
13588	64360	77725
13589	64365	77721
13590	64370	77717
13591	64376	77713
13592	64381	77709
13593	64386	77705
13594	64391	77701
13595	64396	77696
13596	64401	77691
13597	64411	77693
13598	64415	77688
13599	64420	77683
13600	64425	77679
13601	64431	77675
13602	64436	77671
13603	64442	77668
13604	64448	77664
13605	64454	77661
13606	64459	77657
13607	64466	77655
13608	64470	77650
13609	64474	77644
13610	64478	77638
13611	64482	77632
13612	64486	77627
13613	64491	77623
13614	64496	77617
13615	64501	77613
13616	64505	77608
13617	64509	77603
13618	64513	77597
13619	64518	77592
13620	64523	77588
13621	64529	77584
13622	64534	77580
13623	64538	77575
13624	64542	77569
13625	64546	77564
13626	64550	77558
13627	64555	77553
13628	64559	77547
13629	64563	77542
13630	64567	77536
13631	64571	77531
13632	64577	77527
13633	64582	77523
13634	64587	77518
13635	64591	77513
13636	64595	77507
13637	64599	77502
13638	64604	77497
13639	64609	77493
13640	64613	77488
13641	64618	77483
13642	64622	77478
13643	64626	77472
13644	64631	77467
13645	64636	77462
13646	64641	77458
13647	64645	77453
13648	64650	77448
13649	64654	77443
13650	64658	77437
13651	64663	77432
13652	64667	77427
13653	64672	77423
13654	64676	77417
13655	64680	77411
13656	64685	77407
13657	64689	77401
13658	64694	77397
13659	64699	77393
13660	64704	77388
13661	64709	77383
13662	64713	77378
13663	64718	77373
13664	64722	77368
13665	64727	77363
13666	64733	77361
13667	64739	77357
13668	64743	77352
13669	64748	77347
13670	64751	77341
13671	64757	77337
13672	64761	77332
13673	64766	77327
13674	64771	77323
13675	64775	77318
13676	64780	77313
13677	64785	77308
13678	64790	77304
13679	64795	77299
13680	64800	77295
13681	64804	77290
13682	64810	77286
13683	64814	77281
13684	64819	77277
13685	64824	77272
13686	64829	77267
13687	64834	77263
13688	64838	77258
13689	64843	77252
13690	64847	77247
13691	64852	77243
13692	64857	77238
13693	64862	77234
13694	64867	77230
13695	64872	77225
13696	64876	77219
13697	64881	77214
13698	64885	77210
13699	64890	77205
13700	64895	77200
13701	64899	77195
13702	64904	77190
13703	64908	77184
13704	64912	77180
13705	64917	77175
13706	64922	77170
13707	64927	77166
13708	64931	77160
13709	64935	77155
13710	64939	77149
13711	64944	77145
13712	64950	77141
13713	64955	77137
13714	64960	77132
13715	64964	77127
13716	64968	77121
13717	64972	77116
13718	64977	77112
13719	64983	77108
13720	64991	77108
13721	64997	77104
13722	65002	77100
13723	65009	77097
13724	65015	77095
13725	65022	77092
13726	65027	77088
13727	65033	77084
13728	65039	77081
13729	65044	77077
13730	65050	77074
13731	65055	77069
13732	65060	77065
13733	65065	77061
13734	65072	77058
13735	65076	77053
13736	65081	77049
13737	65085	77043
13738	65090	77038
13739	65094	77033
13740	65100	77029
13741	65104	77024
13742	65109	77019
13743	65114	77016
13744	65119	77011
13745	65123	77006
13746	65128	77001
13747	65132	76995
13748	65137	76990
13749	65141	76985
13750	65146	76980
13751	65150	76974
13752	65154	76970
13753	65159	76964
13754	65164	76960
13755	65170	76957
13756	65175	76953
13757	65180	76948
13758	65185	76943
13759	65190	76939
13760	65196	76936
13761	65201	76932
13762	65206	76928
13763	65212	76924
13764	65218	76921
13765	65223	76917
13766	65228	76912
13767	65233	76907
13768	65238	76903
13769	65243	76898
13770	65249	76895
13771	65254	76891
13772	65258	76886
13773	65264	76882
13774	65269	76878
13775	65274	76874
13776	65280	76870
13777	65285	76866
13778	65291	76862
13779	65296	76857
13780	65301	76854
13781	65306	76849
13782	65312	76846
13783	65318	76843
13784	65323	76839
13785	65329	76835
13786	65334	76831
13787	65340	76828
13788	65347	76825
13789	65353	76822
13790	65358	76818
13791	65363	76813
13792	65368	76809
13793	65374	76806
13794	65380	76802
13795	65385	76797
13796	65390	76793
13797	65395	76789
13798	65401	76785
13799	65406	76781
13800	65411	76777
13801	65416	76772
13802	65421	76768
13803	65426	76764
13804	65432	76760
13805	65438	76757
13806	65443	76753
13807	65448	76748
13808	65454	76744
13809	65459	76740
13810	65465	76736
13811	65470	76733
13812	65476	76729
13813	65481	76725
13814	65486	76720
13815	65491	76717
13816	65497	76713
13817	65503	76710
13818	65509	76706
13819	65514	76702
13820	65518	76696
13821	65523	76691
13822	65528	76687
13823	65532	76682
13824	65537	76677
13825	65541	76672
13826	65545	76666
13827	65549	76660
13828	65553	76655
13829	65558	76651
13830	65563	76646
13831	65567	76641
13832	65571	76635
13833	65576	76630
13834	65580	76625
13835	65586	76621
13836	65591	76617
13837	65596	76612
13838	65600	76607
13839	65605	76602
13840	65609	76597
13841	65613	76592
13842	65618	76587
13843	65623	76583
13844	65627	76577
13845	65632	76572
13846	65636	76567
13847	65640	76561
13848	65644	76555
13849	65648	76550
13850	65654	76546
13851	65658	76541
13852	65662	76536
13853	65667	76530
13854	65671	76525
13855	65675	76519
13856	65679	76515
13857	65684	76510
13858	65689	76506
13859	65694	76501
13860	65699	76496
13861	65703	76490
13862	65707	76485
13863	65712	76481
13864	65716	76476
13865	65721	76471
13866	65725	76465
13867	65729	76460
13868	65734	76455
13869	65738	76450
13870	65743	76445
13871	65747	76440
13872	65752	76435
13873	65756	76429
13874	65760	76424
13875	65765	76419
13876	65769	76413
13877	65773	76408
13878	65778	76404
13879	65783	76399
13880	65788	76395
13881	65792	76389
13882	65797	76384
13883	65801	76379
13884	65806	76374
13885	65811	76370
13886	65818	76368
13887	65823	76364
13888	65829	76361
13889	65834	76356
13890	65839	76352
13891	65844	76347
13892	65849	76343
13893	65855	76339
13894	65861	76336
13895	65867	76332
13896	65871	76327
13897	65876	76323
13898	65881	76319
13899	65887	76315
13900	65892	76311
13901	65898	76307
13902	65902	76302
13903	65907	76298
13904	65913	76294
13905	65918	76290
13906	65924	76287
13907	65929	76282
13908	65935	76278
13909	65939	76274
13910	65945	76270
13911	65949	76265
13912	65954	76260
13913	65959	76255
13914	65963	76250
13915	65968	76245
13916	65974	76242
13917	65978	76237
13918	65984	76233
13919	65989	76229
13920	65994	76225
13921	66000	76221
13922	66006	76217
13923	66011	76213
13924	66016	76209
13925	66021	76204
13926	66025	76199
13927	66030	76194
13928	66034	76189
13929	66039	76184
13930	66044	76180
13931	66049	76175
13932	66053	76170
13933	66057	76165
13934	66061	76159
13935	66065	76154
13936	66070	76149
13937	66075	76144
13938	66080	76140
13939	66085	76135
13940	66089	76130
13941	66094	76125
13942	66098	76120
13943	66103	76115
13944	66108	76110
13945	66113	76106
13946	66117	76100
13947	66121	76095
13948	66125	76090
13949	66130	76085
13950	66134	76079
13951	66140	76077
13952	66145	76072
13953	66150	76068
13954	66154	76062
13955	66159	76057
13956	66163	76052
13957	66168	76047
13958	66173	76043
13959	66178	76038
13960	66182	76033
13961	66187	76028
13962	66191	76023
13963	66195	76018
13964	66201	76014
13965	66206	76009
13966	66210	76004
13967	66214	75999
13968	66218	75993
13969	66223	75988
13970	66229	75986
13971	66235	75982
13972	66241	75978
13973	66245	75972
13974	66249	75967
13975	66254	75963
13976	66258	75958
13977	66264	75954
13978	66269	75949
13979	66273	75944
13980	66278	75939
13981	66282	75934
13982	66288	75930
13983	66293	75926
13984	66299	75922
13985	66304	75918
13986	66308	75913
13987	66313	75909
13988	66318	75904
13989	66324	75901
13990	66330	75897
13991	66335	75893
13992	66341	75889
13993	66346	75885
13994	66350	75880
13995	66356	75877
13996	66362	75872
13997	66367	75868
13998	66371	75863
13999	66377	75859
14000	66382	75855
14001	66387	75850
14002	66391	75846
14003	66396	75840
14004	66401	75836
14005	66405	75831
14006	66409	75825
14007	66414	75820
14008	66419	75816
14009	66425	75813
14010	66430	75808
14011	66434	75803
14012	66439	75798
14013	66443	75793
14014	66448	75788
14015	66452	75782
14016	66456	75777
14017	66462	75774
14018	66466	75769
14019	66471	75764
14020	66476	75759
14021	66480	75753
14022	66484	75748
14023	66488	75742
14024	66493	75738
14025	66499	75735
14026	66505	75732
14027	66511	75729
14028	66517	75724
14029	66523	75721
14030	66529	75718
14031	66534	75714
14032	66540	75710
14033	66545	75706
14034	66551	75703
14035	66556	75699
14036	66561	75694
14037	66566	75689
14038	66571	75685
14039	66575	75679
14040	66579	75674
14041	66585	75670
14042	66592	75668
14043	66597	75663
14044	66602	75659
14045	66606	75654
14046	66610	75649
14047	66615	75644
14048	66620	75640
14049	66625	75635
14050	66630	75630
14051	66634	75625
14052	66639	75620
14053	66643	75615
14054	66649	75612
14055	66655	75608
14056	66660	75603
14057	66664	75598
14058	66668	75593
14059	66672	75587
14060	66677	75583
14061	66682	75578
14062	66687	75573
14063	66691	75568
14064	66695	75563
14065	66699	75557
14066	66703	75551
14067	66708	75547
14068	66713	75542
14069	66718	75537
14070	66722	75532
14071	66726	75527
14072	66731	75522
14073	66735	75516
14074	66739	75511
14075	66743	75506
14076	66749	75502
14077	66754	75498
14078	66758	75492
14079	66762	75487
14080	66768	75483
14081	66772	75478
14082	66777	75473
14083	66783	75470
14084	66787	75464
14085	66792	75460
14086	66797	75455
14087	66802	75451
14088	66806	75446
14089	66811	75441
14090	66816	75436
14091	66820	75431
14092	66824	75426
14093	66829	75421
14094	66835	75418
14095	66840	75414
14096	66845	75409
14097	66850	75405
14098	66855	75400
14099	66860	75396
14100	66865	75391
14101	66871	75388
14102	66877	75384
14103	66882	75380
14104	66887	75375
14105	66892	75371
14106	66898	75367
14107	66903	75363
14108	66908	75358
14109	66912	75354
14110	66917	75349
14111	66922	75344
14112	66927	75340
14113	66933	75336
14114	66938	75333
14115	66943	75327
14116	66948	75323
14117	66953	75318
14118	66958	75314
14119	66963	75309
14120	66968	75305
14121	66972	75300
14122	66977	75295
14123	66981	75290
14124	66987	75286
14125	66992	75281
14126	66997	75278
14127	67002	75273
14128	67007	75269
14129	67012	75264
14130	67017	75260
14131	67023	75256
14132	67028	75252
14133	67034	75248
14134	67038	75243
14135	67043	75238
14136	67047	75233
14137	67051	75228
14138	67055	75222
14139	67059	75216
14140	67063	75211
14141	67068	75206
14142	67072	75201
14143	67078	75197
14144	67082	75192
14145	67086	75186
14146	67090	75181
14147	67094	75175
14148	67099	75170
14149	67104	75166
14150	67109	75162
14151	67114	75157
14152	67119	75152
14153	67123	75147
14154	67127	75142
14155	67133	75138
14156	67138	75134
14157	67143	75129
14158	67147	75124
14159	67151	75118
14160	67155	75113
14161	67160	75108
14162	67165	75104
14163	67170	75099
14164	67175	75094
14165	67179	75089
14166	67184	75085
14167	67188	75079
14168	67193	75075
14169	67198	75070
14170	67203	75065
14171	67207	75060
14172	67211	75054
14173	67215	75049
14174	67219	75044
14175	67224	75039
14176	67229	75034
14177	67234	75030
14178	67239	75025
14179	67243	75020
14180	67247	75014
14181	67252	75010
14182	67256	75004
14183	67262	75001
14184	67266	74996
14185	67271	74991
14186	67275	74986
14187	67280	74981
14188	67285	74976
14189	67290	74972
14190	67295	74968
14191	67300	74963
14192	67304	74958
14193	67309	74953
14194	67314	74949
14195	67320	74945
14196	67326	74942
14197	67331	74937
14198	67335	74933
14199	67340	74928
14200	67344	74923
14201	67349	74918
14202	67354	74914
14203	67360	74910
14204	67364	74904
14205	67368	74899
14206	67373	74894
14207	67377	74889
14208	67382	74884
14209	67386	74879
14210	67391	74874
14211	67395	74869
14212	67399	74864
14213	67404	74858
14214	67408	74853
14215	67413	74848
14216	67418	74844
14217	67422	74838
14218	67426	74833
14219	67430	74827
14220	67434	74822
14221	67438	74816
14222	67443	74812
14223	67447	74807
14224	67452	74802
14225	67456	74797
14226	67460	74791
14227	67465	74786
14228	67469	74781
14229	67473	74775
14230	67477	74770
14231	67483	74766
14232	67488	74762
14233	67492	74756
14234	67496	74751
14235	67500	74745
14236	67505	74741
14237	67511	74737
14238	67515	74732
14239	67520	74727
14240	67524	74722
14241	67528	74717
14242	67532	74711
14243	67537	74706
14244	67543	74703
14245	67548	74699
14246	67553	74694
14247	67558	74690
14248	67564	74686
14249	67569	74681
14250	67576	74679
14251	67581	74675
14252	67587	74672
14253	67593	74668
14254	67598	74664
14255	67604	74660
14256	67609	74656
14257	67614	74652
14258	67619	74647
14259	67624	74642
14260	67629	74638
14261	67635	74635
14262	67641	74631
14263	67647	74628
14264	67652	74623
14265	67656	74618
14266	67662	74614
14267	67666	74609
14268	67671	74605
14269	67676	74600
14270	67680	74595
14271	67686	74591
14272	67691	74586
14273	67695	74582
14274	67701	74578
14275	67706	74574
14276	67711	74569
14277	67717	74566
14278	67722	74561
14279	67727	74557
14280	67733	74553
14281	67738	74549
14282	67744	74545
14283	67750	74542
14284	67754	74537
14285	67759	74532
14286	67764	74528
14287	67771	74525
14288	67776	74521
14289	67781	74517
14290	67786	74512
14291	67790	74506
14292	67795	74501
14293	67799	74497
14294	67804	74492
14295	67809	74487
14296	67814	74483
14297	67819	74479
14298	67824	74474
14299	67828	74468
14300	67833	74464
14301	67837	74458
14302	67842	74455
14303	67847	74450
14304	67851	74444
14305	67856	74439
14306	67860	74434
14307	67866	74430
14308	67870	74426
14309	67875	74420
14310	67879	74415
14311	67883	74409
14312	67887	74404
14313	67892	74399
14314	67896	74394
14315	67901	74389
14316	67906	74385
14317	67910	74380
14318	67914	74374
14319	67918	74369
14320	67923	74363
14321	67927	74358
14322	67932	74354
14323	67937	74349
14324	67941	74344
14325	67945	74338
14326	67949	74333
14327	67953	74327
14328	67958	74323
14329	67964	74319
14330	67969	74315
14331	67974	74310
14332	67978	74305
14333	67982	74299
14334	67986	74294
14335	67991	74290
14336	67996	74285
14337	68000	74279
14338	68004	74274
14339	68008	74268
14340	68012	74263
14341	68017	74258
14342	68022	74253
14343	68026	74248
14344	68031	74244
14345	68035	74238
14346	68039	74233
14347	68043	74227
14348	68048	74223
14349	68053	74218
14350	68058	74214
14351	68063	74209
14352	68067	74204
14353	68071	74199
14354	68075	74193
14355	68080	74188
14356	68085	74184
14357	68091	74180
14358	68095	74175
14359	68099	74170
14360	68104	74165
14361	68108	74159
14362	68112	74154
14363	68116	74148
14364	68121	74144
14365	68126	74139
14366	68130	74134
14367	68134	74128
14368	68138	74123
14369	68143	74118
14370	68148	74113
14371	68153	74109
14372	68158	74105
14373	68163	74100
14374	68168	74096
14375	68173	74091
14376	68180	74089
14377	68185	74085
14378	68190	74080
14379	68194	74075
14380	68199	74070
14381	68203	74065
14382	68208	74060
14383	68214	74056
14384	68219	74052
14385	68224	74047
14386	68228	74043
14387	68232	74037
14388	68238	74033
14389	68243	74029
14390	68248	74025
14391	68253	74020
14392	68259	74016
14393	68264	74012
14394	68270	74008
14395	68276	74005
14396	68282	74002
14397	68286	73997
14398	68292	73993
14399	68296	73988
14400	68301	73983
14401	68306	73979
14402	68312	73975
14403	68317	73970
14404	68323	73967
14405	68329	73964
14406	68334	73959
14407	68339	73955
14408	68344	73950
14409	68350	73947
14410	68356	73943
14411	68360	73938
14412	68365	73933
14413	68369	73928
14414	68374	73923
14415	68378	73918
14416	68383	73914
14417	68389	73910
14418	68394	73906
14419	68398	73901
14420	68403	73896
14421	68408	73891
14422	68412	73886
14423	68417	73881
14424	68422	73876
14425	68426	73871
14426	68430	73866
14427	68433	73860
14428	68437	73854
14429	68442	73849
14430	68447	73844
14431	68451	73839
14432	68455	73834
14433	68459	73828
14434	68464	73823
14435	68467	73817
14436	68472	73813
14437	68477	73808
14438	68482	73804
14439	68487	73799
14440	68491	73794
14441	68496	73789
14442	68499	73783
14443	68505	73779
14444	68509	73774
14445	68514	73769
14446	68518	73764
14447	68523	73759
14448	68527	73753
14449	68530	73747
14450	68535	73743
14451	68540	73737
14452	68544	73733
14453	68549	73727
14454	68553	73722
14455	68558	73718
14456	68562	73712
14457	68567	73707
14458	68572	73703
14459	68576	73698
14460	68582	73694
14461	68587	73690
14462	68593	73686
14463	68598	73682
14464	68611	73687
14465	68617	73683
14466	68622	73678
14467	68628	73675
14468	68633	73671
14469	68638	73666
14470	68643	73662
14471	68648	73657
14472	68652	73652
14473	68656	73646
14474	68662	73642
14475	68666	73637
14476	68671	73633
14477	68676	73628
14478	68680	73622
14479	68683	73617
14480	68688	73611
14481	68692	73607
14482	68698	73602
14483	68702	73597
14484	68707	73592
14485	68711	73587
14486	68715	73582
14487	68720	73577
14488	68725	73573
14489	68730	73568
14490	68734	73563
14491	68739	73558
14492	68743	73553
14493	68747	73547
14494	68752	73543
14495	68757	73538
14496	68761	73533
14497	68766	73529
14498	68771	73524
14499	68776	73519
14500	68780	73513
14501	68785	73509
14502	68789	73503
14503	68794	73499
14504	68798	73494
14505	68803	73489
14506	68807	73484
14507	68811	73478
14508	68816	73473
14509	68821	73469
14510	68826	73465
14511	68830	73459
14512	68834	73454
14513	68839	73449
14514	68843	73444
14515	68848	73439
14516	68853	73435
14517	68858	73430
14518	68863	73425
14519	68867	73420
14520	68871	73415
14521	68876	73410
14522	68880	73405
14523	68886	73401
14524	68891	73396
14525	68895	73391
14526	68899	73386
14527	68903	73380
14528	68907	73375
14529	68912	73370
14530	68916	73365
14531	68921	73360
14532	68925	73355
14533	68929	73350
14534	68934	73345
14535	68939	73340
14536	68944	73336
14537	68950	73332
14538	68955	73328
14539	68960	73324
14540	68966	73320
14541	68970	73315
14542	68976	73311
14543	68980	73306
14544	68985	73301
14545	68990	73296
14546	68994	73291
14547	68999	73286
14548	69004	73282
14549	69008	73276
14550	69012	73271
14551	69016	73266
14552	69022	73262
14553	69027	73258
14554	69033	73254
14555	69037	73249
14556	69042	73244
14557	69046	73239
14558	69051	73235
14559	69057	73231
14560	69062	73226
14561	69066	73221
14562	69071	73216
14563	69075	73211
14564	69079	73206
14565	69084	73201
14566	69089	73197
14567	69094	73192
14568	69099	73187
14569	69103	73182
14570	69108	73177
14571	69112	73172
14572	69118	73168
14573	69123	73164
14574	69128	73159
14575	69133	73155
14576	69137	73149
14577	69141	73144
14578	69146	73139
14579	69151	73135
14580	69156	73131
14581	69160	73125
14582	69165	73121
14583	69169	73115
14584	69174	73110
14585	69179	73106
14586	69183	73101
14587	69188	73096
14588	69192	73090
14589	69196	73085
14590	69200	73079
14591	69204	73074
14592	69209	73070
14593	69215	73066
14594	69220	73062
14595	69225	73058
14596	69231	73054
14597	69236	73049
14598	69242	73046
14599	69248	73043
14600	69253	73038
14601	69258	73033
14602	69262	73028
14603	69267	73023
14604	69272	73019
14605	69277	73015
14606	69283	73011
14607	69288	73007
14608	69293	73002
14609	69298	72998
14610	69303	72993
14611	69309	72990
14612	69314	72986
14613	69319	72981
14614	69324	72977
14615	69329	72972
14616	69335	72969
14617	69341	72965
14618	69346	72960
14619	69350	72955
14620	69354	72950
14621	69360	72946
14622	69365	72942
14623	69370	72938
14624	69376	72934
14625	69381	72929
14626	69386	72925
14627	69391	72920
14628	69395	72915
14629	69399	72910
14630	69405	72906
14631	69411	72902
14632	69416	72898
14633	69420	72893
14634	69425	72888
14635	69430	72883
14636	69435	72879
14637	69440	72874
14638	69444	72869
14639	69448	72864
14640	69452	72858
14641	69457	72854
14642	69463	72850
14643	69467	72845
14644	69472	72840
14645	69476	72834
14646	69480	72829
14647	69485	72824
14648	69489	72820
14649	69494	72815
14650	69499	72810
14651	69503	72805
14652	69507	72799
14653	69511	72794
14654	69516	72789
14655	69520	72784
14656	69525	72779
14657	69530	72774
14658	69534	72769
14659	69539	72764
14660	69543	72759
14661	69547	72753
14662	69550	72747
14663	69555	72742
14664	69559	72737
14665	69563	72732
14666	69568	72727
14667	69573	72723
14668	69577	72717
14669	69582	72712
14670	69586	72707
14671	69591	72703
14672	69596	72698
14673	69601	72694
14674	69606	72689
14675	69610	72684
14676	69615	72679
14677	69620	72675
14678	69625	72670
14679	69630	72666
14680	69637	72663
14681	69642	72658
14682	69647	72654
14683	69652	72649
14684	69656	72645
14685	69662	72641
14686	69668	72638
14687	69673	72633
14688	69678	72629
14689	69682	72623
14690	69686	72618
14691	69691	72613
14692	69697	72609
14693	69702	72605
14694	69706	72599
14695	69710	72594
14696	69714	72589
14697	69720	72585
14698	69725	72581
14699	69730	72576
14700	69734	72571
14701	69739	72566
14702	69743	72561
14703	69748	72556
14704	69752	72551
14705	69756	72545
14706	69761	72541
14707	69766	72536
14708	69771	72532
14709	69776	72527
14710	69780	72521
14711	69784	72516
14712	69789	72512
14713	69794	72507
14714	69799	72502
14715	69803	72497
14716	69808	72492
14717	69811	72487
14718	69816	72482
14719	69821	72477
14720	69826	72472
14721	69830	72468
14722	69834	72462
14723	69839	72457
14724	69843	72451
14725	69847	72447
14726	69852	72442
14727	69857	72438
14728	69862	72432
14729	69866	72427
14730	69870	72422
14731	69874	72416
14732	69879	72412
14733	69884	72408
14734	69889	72403
14735	69894	72398
14736	69898	72393
14737	69902	72387
14738	69906	72382
14739	69911	72377
14740	69916	72373
14741	69920	72367
14742	69924	72362
14743	69927	72356
14744	69931	72350
14745	69936	72345
14746	69940	72340
14747	69944	72335
14748	69949	72330
14749	69954	72326
14750	69959	72321
14751	69964	72316
14752	69968	72310
14753	69972	72306
14754	69977	72301
14755	69982	72297
14756	69986	72291
14757	69990	72285
14758	69994	72280
14759	69998	72275
14760	70003	72270
14761	70009	72266
14762	70014	72262
14763	70018	72257
14764	70022	72251
14765	70026	72246
14766	70030	72240
14767	70035	72236
14768	70039	72230
14769	70044	72225
14770	70048	72220
14771	70052	72215
14772	70057	72209
14773	70061	72204
14774	70065	72199
14775	70069	72194
14776	70075	72190
14777	70079	72185
14778	70083	72179
14779	70087	72174
14780	70092	72169
14781	70097	72164
14782	70103	72161
14783	70108	72156
14784	70113	72152
14785	70117	72147
14786	70122	72142
14787	70127	72137
14788	70131	72133
14789	70137	72128
14790	70141	72123
14791	70145	72118
14792	70150	72113
14793	70154	72108
14794	70159	72103
14795	70164	72098
14796	70169	72094
14797	70173	72089
14798	70177	72084
14799	70182	72079
14800	70186	72073
14801	70191	72068
14802	70196	72064
14803	70200	72059
14804	70205	72054
14805	70209	72049
14806	70215	72045
14807	70219	72040
14808	70224	72035
14809	70228	72030
14810	70233	72026
14811	70238	72021
14812	70242	72016
14813	70248	72012
14814	70253	72008
14815	70257	72003
14816	70262	71998
14817	70266	71992
14818	70272	71989
14819	70277	71984
14820	70283	71980
14821	70287	71975
14822	70291	71970
14823	70296	71965
14824	70301	71960
14825	70306	71957
14826	70311	71952
14827	70316	71948
14828	70321	71943
14829	70326	71938
14830	70330	71933
14831	70334	71928
14832	70339	71923
14833	70345	71919
14834	70349	71914
14835	70353	71908
14836	70357	71903
14837	70361	71898
14838	70365	71892
14839	70370	71888
14840	70374	71882
14841	70378	71876
14842	70382	71871
14843	70386	71866
14844	70390	71860
14845	70395	71856
14846	70401	71852
14847	70405	71847
14848	70409	71841
14849	70413	71836
14850	70418	71831
14851	70422	71825
14852	70427	71821
14853	70431	71815
14854	70435	71810
14855	70440	71805
14856	70444	71800
14857	70448	71794
14858	70452	71789
14859	70456	71784
14860	70460	71779
14861	70465	71774
14862	70469	71768
14863	70473	71763
14864	70477	71757
14865	70482	71753
14866	70487	71748
14867	70492	71743
14868	70497	71739
14869	70502	71735
14870	70506	71729
14871	70510	71724
14872	70515	71719
14873	70520	71715
14874	70526	71711
14875	70531	71707
14876	70535	71702
14877	70540	71697
14878	70544	71691
14879	70549	71687
14880	70554	71682
14881	70559	71678
14882	70564	71673
14883	70568	71668
14884	70572	71663
14885	70576	71657
14886	70581	71653
14887	70585	71647
14888	70590	71643
14889	70595	71638
14890	70599	71633
14891	70603	71627
14892	70608	71623
14893	70613	71618
14894	70618	71614
14895	70623	71609
14896	70628	71604
14897	70632	71599
14898	70636	71594
14899	70640	71589
14900	70645	71584
14901	70650	71579
14902	70655	71574
14903	70660	71570
14904	70665	71565
14905	70671	71562
14906	70677	71559
14907	70682	71555
14908	70688	71550
14909	70692	71546
14910	70698	71542
14911	70704	71539
14912	70710	71535
14913	70715	71530
14914	70719	71525
14915	70723	71520
14916	70727	71514
14917	70732	71509
14918	70737	71505
14919	70742	71500
14920	70747	71496
14921	70751	71490
14922	70755	71485
14923	70760	71480
14924	70764	71475
14925	70768	71470
14926	70773	71465
14927	70778	71461
14928	70782	71455
14929	70786	71450
14930	70790	71445
14931	70795	71440
14932	70800	71435
14933	70806	71431
14934	70810	71427
14935	70815	71422
14936	70819	71416
14937	70823	71411
14938	70827	71405
14939	70831	71400
14940	70835	71395
14941	70839	71389
14942	70844	71384
14943	70849	71380
14944	70854	71376
14945	70859	71371
14946	70863	71365
14947	70867	71360
14948	70872	71355
14949	70876	71350
14950	70880	71345
14951	70885	71340
14952	70889	71335
14953	70894	71330
14954	70898	71325
14955	70902	71320
14956	70907	71314
14957	70912	71310
14958	70917	71306
14959	70922	71301
14960	70926	71296
14961	70931	71292
14962	70936	71286
14963	70941	71282
14964	70948	71280
14965	70952	71275
14966	70957	71270
14967	70962	71265
14968	70966	71260
14969	70971	71255
14970	70975	71250
14971	70980	71245
14972	70984	71240
14973	70989	71235
14974	70993	71230
14975	70997	71224
14976	71001	71219
14977	71006	71215
14978	71011	71211
14979	71016	71206
14980	71020	71200
14981	71025	71195
14982	71029	71190
14983	71034	71185
14984	71039	71181
14985	71044	71176
14986	71048	71171
14987	71052	71166
14988	71057	71161
14989	71062	71156
14990	71067	71152
14991	71072	71148
14992	71077	71143
14993	71080	71137
14994	71086	71133
14995	71091	71129
14996	71096	71125
14997	71101	71120
14998	71106	71116
14999	71111	71111
15000	71115	71106
15001	71120	71101
15002	71124	71096
15003	71129	71091
15004	71134	71087
15005	71139	71083
15006	71145	71078
15007	71149	71073
15008	71153	71068
15009	71158	71063
15010	71165	71061
15011	71170	71056
15012	71175	71052
15013	71180	71047
15014	71185	71043
15015	71190	71039
15016	71196	71035
15017	71201	71031
15018	71206	71026
15019	71210	71021
15020	71215	71016
15021	71220	71011
15022	71224	71006
15023	71229	71001
15024	71233	70996
15025	71238	70992
15026	71243	70987
15027	71247	70982
15028	71253	70978
15029	71257	70973
15030	71263	70969
15031	71267	70964
15032	71272	70959
15033	71276	70954
15034	71280	70949
15035	71285	70944
15036	71291	70940
15037	71295	70935
15038	71300	70930
15039	71303	70924
15040	71307	70918
15041	71312	70914
15042	71317	70909
15043	71323	70905
15044	71330	70903
15045	71337	70900
15046	71341	70896
15047	71347	70892
15048	71351	70886
15049	71356	70882
15050	71361	70877
15051	71365	70871
15052	71369	70866
15053	71373	70861
15054	71378	70856
15055	71385	70854
15056	71391	70850
15057	71396	70846
15058	71401	70841
15059	71405	70836
15060	71410	70831
15061	71416	70828
15062	71421	70824
15063	71426	70819
15064	71430	70814
15065	71435	70809
15066	71439	70804
15067	71444	70799
15068	71449	70794
15069	71453	70789
15070	71458	70785
15071	71464	70781
15072	71468	70776
15073	71473	70771
15074	71478	70767
15075	71482	70761
15076	71487	70757
15077	71493	70753
15078	71498	70748
15079	71503	70744
15080	71507	70739
15081	71512	70734
15082	71517	70730
15083	71522	70725
15084	71527	70721
15085	71531	70715
15086	71536	70711
15087	71541	70706
15088	71545	70701
15089	71550	70697
15090	71556	70693
15091	71560	70687
15092	71564	70682
15093	71568	70677
15094	71572	70672
15095	71577	70667
15096	71584	70664
15097	71590	70660
15098	71595	70656
15099	71599	70651
15100	71603	70645
15101	71608	70640
15102	71612	70636
15103	71618	70631
15104	71622	70627
15105	71626	70621
15106	71631	70616
15107	71635	70611
15108	71640	70606
15109	71645	70602
15110	71650	70598
15111	71655	70593
15112	71659	70588
15113	71664	70583
15114	71668	70578
15115	71673	70573
15116	71678	70569
15117	71683	70564
15118	71688	70559
15119	71693	70555
15120	71698	70550
15121	71704	70547
15122	71709	70543
15123	71715	70539
15124	71720	70534
15125	71726	70531
15126	71731	70526
15127	71737	70523
15128	71743	70519
15129	71748	70515
15130	71752	70510
15131	71756	70504
15132	71760	70498
15133	71764	70493
15134	71769	70488
15135	71774	70484
15136	71778	70479
15137	71783	70475
15138	71788	70470
15139	71792	70464
15140	71796	70459
15141	71802	70455
15142	71807	70451
15143	71811	70446
15144	71815	70440
15145	71820	70435
15146	71824	70430
15147	71829	70425
15148	71834	70421
15149	71838	70416
15150	71843	70411
15151	71847	70406
15152	71851	70400
15153	71855	70395
15154	71860	70390
15155	71864	70385
15156	71869	70380
15157	71874	70376
15158	71878	70370
15159	71882	70365
15160	71886	70360
15161	71891	70355
15162	71895	70350
15163	71900	70345
15164	71905	70340
15165	71909	70335
15166	71913	70330
15167	71918	70325
15168	71922	70320
15169	71927	70315
15170	71932	70310
15171	71936	70305
15172	71940	70300
15173	71945	70295
15174	71949	70289
15175	71954	70285
15176	71958	70280
15177	71963	70275
15178	71967	70270
15179	71971	70264
15180	71975	70259
15181	71979	70253
15182	71983	70248
15183	71988	70243
15184	71992	70238
15185	71997	70233
15186	72001	70228
15187	72006	70223
15188	72010	70218
15189	72014	70212
15190	72018	70207
15191	72024	70203
15192	72029	70199
15193	72033	70193
15194	72037	70188
15195	72042	70183
15196	72046	70178
15197	72050	70173
15198	72055	70169
15199	72060	70164
15200	72064	70158
15201	72068	70153
15202	72072	70148
15203	72077	70143
15204	72081	70137
15205	72085	70132
15206	72089	70127
15207	72094	70121
15208	72098	70117
15209	72103	70112
15210	72108	70107
15211	72111	70101
15212	72115	70096
15213	72119	70090
15214	72124	70086
15215	72128	70080
15216	72133	70076
15217	72138	70071
15218	72142	70066
15219	72146	70061
15220	72151	70056
15221	72155	70051
15222	72160	70046
15223	72166	70042
15224	72171	70038
15225	72175	70033
15226	72180	70028
15227	72185	70023
15228	72190	70019
15229	72195	70015
15230	72200	70010
15231	72204	70005
15232	72209	70000
15233	72214	69995
15234	72218	69990
15235	72224	69986
15236	72230	69983
15237	72236	69979
15238	72240	69974
15239	72244	69969
15240	72249	69964
15241	72254	69959
15242	72259	69955
15243	72263	69950
15244	72267	69944
15245	72271	69939
15246	72275	69934
15247	72280	69928
15248	72285	69924
15249	72289	69919
15250	72294	69914
15251	72298	69909
15252	72303	69904
15253	72307	69899
15254	72311	69893
15255	72315	69888
15256	72320	69883
15257	72325	69879
15258	72329	69874
15259	72334	69869
15260	72338	69864
15261	72342	69858
15262	72347	69854
15263	72352	69849
15264	72356	69844
15265	72360	69838
15266	72364	69833
15267	72368	69827
15268	72372	69822
15269	72376	69817
15270	72381	69812
15271	72386	69807
15272	72390	69802
15273	72395	69797
15274	72399	69792
15275	72403	69786
15276	72407	69781
15277	72411	69776
15278	72416	69771
15279	72420	69766
15280	72424	69761
15281	72428	69755
15282	72432	69750
15283	72437	69745
15284	72443	69741
15285	72448	69737
15286	72452	69732
15287	72457	69727
15288	72461	69721
15289	72465	69716
15290	72469	69711
15291	72474	69706
15292	72479	69701
15293	72484	69697
15294	72488	69692
15295	72492	69686
15296	72496	69681
15297	72501	69676
15298	72505	69671
15299	72510	69666
15300	72514	69661
15301	72518	69656
15302	72523	69651
15303	72527	69646
15304	72532	69641
15305	72536	69636
15306	72542	69632
15307	72547	69627
15308	72551	69623
15309	72556	69617
15310	72560	69613
15311	72565	69608
15312	72570	69603
15313	72574	69598
15314	72578	69593
15315	72582	69587
15316	72586	69582
15317	72591	69577
15318	72596	69573
15319	72601	69568
15320	72607	69564
15321	72611	69559
15322	72615	69554
15323	72620	69549
15324	72623	69543
15325	72628	69538
15326	72632	69533
15327	72637	69528
15328	72641	69523
15329	72645	69518
15330	72649	69512
15331	72654	69507
15332	72659	69503
15333	72665	69499
15334	72669	69494
15335	72673	69489
15336	72677	69483
15337	72681	69478
15338	72685	69473
15339	72689	69467
15340	72694	69462
15341	72698	69457
15342	72702	69452
15343	72707	69447
15344	72712	69442
15345	72716	69437
15346	72720	69432
15347	72724	69426
15348	72730	69422
15349	72735	69418
15350	72740	69414
15351	72746	69410
15352	72751	69406
15353	72757	69402
15354	72763	69399
15355	72769	69395
15356	72776	69392
15357	72782	69389
15358	72787	69384
15359	72791	69379
15360	72795	69374
15361	72800	69369
15362	72806	69365
15363	72810	69360
15364	72814	69355
15365	72818	69349
15366	72822	69344
15367	72826	69338
15368	72831	69333
15369	72836	69329
15370	72840	69324
15371	72845	69319
15372	72850	69314
15373	72854	69310
15374	72858	69304
15375	72864	69300
15376	72869	69296
15377	72873	69291
15378	72877	69285
15379	72882	69280
15380	72886	69275
15381	72891	69270
15382	72895	69265
15383	72900	69261
15384	72904	69256
15385	72909	69250
15386	72913	69245
15387	72917	69240
15388	72921	69234
15389	72926	69230
15390	72931	69225
15391	72935	69220
15392	72940	69215
15393	72944	69210
15394	72947	69204
15395	72952	69199
15396	72957	69195
15397	72961	69190
15398	72966	69185
15399	72970	69180
15400	72974	69174
15401	72979	69169
15402	72983	69164
15403	72988	69159
15404	72993	69155
15405	72997	69149
15406	73001	69144
15407	73006	69139
15408	73010	69134
15409	73014	69129
15410	73019	69124
15411	73023	69119
15412	73028	69115
15413	73033	69109
15414	73037	69104
15415	73041	69099
15416	73044	69093
15417	73049	69088
15418	73053	69083
15419	73058	69078
15420	73062	69073
15421	73066	69067
15422	73070	69062
15423	73074	69056
15424	73079	69052
15425	73084	69047
15426	73089	69043
15427	73093	69037
15428	73097	69032
15429	73101	69027
15430	73105	69021
15431	73109	69016
15432	73114	69011
15433	73119	69007
15434	73123	69002
15435	73128	68997
15436	73132	68992
15437	73136	68986
15438	73142	68982
15439	73147	68978
15440	73152	68974
15441	73157	68969
15442	73161	68964
15443	73165	68959
15444	73170	68954
15445	73175	68950
15446	73180	68944
15447	73184	68940
15448	73189	68935
15449	73193	68930
15450	73198	68925
15451	73202	68920
15452	73207	68915
15453	73212	68911
15454	73217	68906
15455	73222	68901
15456	73226	68896
15457	73231	68891
15458	73235	68886
15459	73240	68882
15460	73245	68877
15461	73249	68871
15462	73253	68866
15463	73257	68861
15464	73261	68856
15465	73266	68851
15466	73271	68846
15467	73275	68841
15468	73279	68836
15469	73284	68831
15470	73288	68826
15471	73292	68820
15472	73296	68815
15473	73301	68810
15474	73306	68806
15475	73312	68802
15476	73316	68796
15477	73320	68791
15478	73324	68786
15479	73328	68781
15480	73332	68775
15481	73336	68770
15482	73341	68765
15483	73346	68760
15484	73350	68755
15485	73355	68751
15486	73359	68746
15487	73364	68741
15488	73368	68736
15489	73374	68732
15490	73379	68727
15491	73385	68723
15492	73390	68719
15493	73394	68714
15494	73400	68710
15495	73404	68705
15496	73410	68701
15497	73415	68697
15498	73420	68693
15499	73425	68688
15500	73430	68684
15501	73436	68679
15502	73440	68675
15503	73445	68670
15504	73450	68665
15505	73454	68660
15506	73459	68655
15507	73462	68649
15508	73466	68644
15509	73471	68639
15510	73476	68634
15511	73480	68630
15512	73485	68624
15513	73489	68619
15514	73493	68614
15515	73497	68609
15516	73502	68604
15517	73507	68600
15518	73512	68595
15519	73517	68590
15520	73521	68585
15521	73525	68580
15522	73530	68575
15523	73535	68570
15524	73540	68566
15525	73545	68562
15526	73549	68557
15527	73553	68551
15528	73557	68546
15529	73561	68541
15530	73567	68536
15531	73571	68531
15532	73576	68526
15533	73581	68522
15534	73585	68517
15535	73590	68512
15536	73595	68508
15537	73600	68503
15538	73605	68499
15539	73610	68494
15540	73614	68489
15541	73619	68484
15542	73623	68479
15543	73628	68475
15544	73633	68470
15545	73638	68466
15546	73643	68461
15547	73648	68456
15548	73652	68451
15549	73656	68446
15550	73661	68441
15551	73666	68437
15552	73672	68433
15553	73677	68428
15554	73681	68424
15555	73686	68418
15556	73690	68414
15557	73695	68409
15558	73700	68405
15559	73705	68400
15560	73710	68395
15561	73713	68389
15562	73718	68384
15563	73724	68381
15564	73730	68377
15565	73735	68373
15566	73740	68368
15567	73744	68363
15568	73749	68358
15569	73753	68353
15570	73759	68349
15571	73763	68344
15572	73768	68339
15573	73772	68334
15574	73776	68329
15575	73782	68325
15576	73788	68321
15577	73794	68318
15578	73799	68313
15579	73804	68309
15580	73809	68304
15581	73815	68300
15582	73822	68298
15583	73828	68294
15584	73832	68289
15585	73836	68284
15586	73840	68279
15587	73845	68274
15588	73850	68270
15589	73855	68265
15590	73859	68259
15591	73863	68254
15592	73867	68249
15593	73872	68244
15594	73877	68240
15595	73882	68235
15596	73886	68230
15597	73891	68225
15598	73895	68220
15599	73899	68215
15600	73903	68209
15601	73909	68205
15602	73913	68200
15603	73918	68196
15604	73922	68191
15605	73927	68186
15606	73931	68181
15607	73936	68176
15608	73941	68171
15609	73945	68166
15610	73949	68161
15611	73955	68156
15612	73960	68152
15613	73965	68148
15614	73971	68144
15615	73976	68140
15616	73981	68135
15617	73986	68131
15618	73990	68125
15619	73995	68121
15620	74000	68116
15621	74004	68111
15622	74008	68106
15623	74012	68100
15624	74017	68095
15625	74021	68090
15626	74026	68086
15627	74030	68081
15628	74035	68076
15629	74040	68071
15630	74045	68067
15631	74050	68063
15632	74055	68058
15633	74059	68053
15634	74065	68048
15635	74070	68044
15636	74074	68039
15637	74079	68034
15638	74083	68029
15639	74088	68025
15640	74093	68020
15641	74097	68015
15642	74102	68010
15643	74106	68005
15644	74111	68000
15645	74116	67996
15646	74123	67993
15647	74127	67988
15648	74132	67983
15649	74137	67978
15650	74141	67973
15651	74147	67970
15652	74152	67965
15653	74157	67961
15654	74162	67956
15655	74167	67951
15656	74172	67947
15657	74177	67943
15658	74182	67938
15659	74187	67933
15660	74191	67928
15661	74195	67923
15662	74200	67918
15663	74206	67914
15664	74210	67910
15665	74215	67905
15666	74220	67900
15667	74224	67895
15668	74228	67889
15669	74232	67884
15670	74236	67879
15671	74241	67874
15672	74246	67870
15673	74251	67865
15674	74255	67859
15675	74259	67854
15676	74263	67849
15677	74267	67844
15678	74273	67840
15679	74278	67836
15680	74282	67830
15681	74287	67825
15682	74291	67820
15683	74295	67815
15684	74300	67811
15685	74304	67805
15686	74309	67800
15687	74313	67795
15688	74317	67790
15689	74321	67784
15690	74326	67779
15691	74330	67774
15692	74335	67770
15693	74340	67765
15694	74345	67761
15695	74352	67758
15696	74358	67755
15697	74366	67753
15698	74373	67750
15699	74378	67746
15700	74383	67741
15701	74387	67736
15702	74393	67732
15703	74400	67729
15704	74405	67725
15705	74410	67720
15706	74415	67716
15707	74419	67711
15708	74423	67705
15709	74428	67701
15710	74434	67697
15711	74438	67691
15712	74442	67686
15713	74447	67682
15714	74451	67676
15715	74456	67672
15716	74462	67668
15717	74467	67664
15718	74472	67659
15719	74477	67655
15720	74481	67650
15721	74486	67645
15722	74491	67640
15723	74496	67636
15724	74502	67632
15725	74506	67627
15726	74511	67622
15727	74516	67618
15728	74521	67613
15729	74526	67609
15730	74531	67604
15731	74536	67600
15732	74541	67595
15733	74545	67590
15734	74551	67586
15735	74555	67581
15736	74561	67577
15737	74566	67573
15738	74571	67569
15739	74576	67564
15740	74581	67559
15741	74586	67554
15742	74591	67550
15743	74598	67547
15744	74604	67544
15745	74609	67539
15746	74614	67535
15747	74619	67530
15748	74625	67526
15749	74630	67522
15750	74636	67518
15751	74640	67514
15752	74644	67508
15753	74649	67503
15754	74654	67499
15755	74660	67495
15756	74665	67491
15757	74670	67486
15758	74674	67481
15759	74679	67477
15760	74684	67472
15761	74689	67467
15762	74693	67462
15763	74699	67458
15764	74703	67453
15765	74707	67448
15766	74712	67443
15767	74716	67438
15768	74721	67433
15769	74726	67428
15770	74730	67423
15771	74735	67419
15772	74739	67414
15773	74743	67408
15774	74748	67403
15775	74752	67398
15776	74757	67393
15777	74761	67388
15778	74765	67383
15779	74770	67378
15780	74774	67373
15781	74779	67368
15782	74785	67364
15783	74789	67360
15784	74794	67355
15785	74798	67350
15786	74802	67344
15787	74807	67340
15788	74811	67334
15789	74817	67330
15790	74823	67327
15791	74828	67323
15792	74833	67318
15793	74838	67314
15794	74844	67310
15795	74850	67307
15796	74856	67303
15797	74863	67300
15798	74868	67296
15799	74874	67292
15800	74879	67287
15801	74884	67283
15802	74888	67278
15803	74893	67273
15804	74898	67268
15805	74902	67263
15806	74907	67258
15807	74911	67253
15808	74916	67248
15809	74920	67243
15810	74924	67238
15811	74928	67233
15812	74933	67228
15813	74938	67223
15814	74941	67217
15815	74947	67213
15816	74951	67208
15817	74956	67203
15818	74960	67198
15819	74964	67193
15820	74969	67189
15821	74974	67184
15822	74979	67179
15823	74984	67174
15824	74988	67169
15825	74992	67164
15826	74996	67159
15827	75001	67154
15828	75007	67150
15829	75011	67145
15830	75016	67141
15831	75020	67135
15832	75024	67130
15833	75029	67125
15834	75033	67120
15835	75038	67115
15836	75043	67111
15837	75047	67106
15838	75052	67101
15839	75055	67095
15840	75060	67090
15841	75064	67085
15842	75069	67080
15843	75074	67076
15844	75079	67071
15845	75083	67065
15846	75087	67061
15847	75092	67056
15848	75097	67051
15849	75102	67047
15850	75106	67042
15851	75110	67036
15852	75114	67031
15853	75119	67026
15854	75135	67031
15855	75140	67027
15856	75144	67021
15857	75148	67016
15858	75152	67011
15859	75157	67007
15860	75161	67001
15861	75167	66997
15862	75171	66992
15863	75175	66987
15864	75180	66982
15865	75185	66977
15866	75190	66973
15867	75194	66967
15868	75198	66963
15869	75203	66957
15870	75207	66952
15871	75212	66947
15872	75216	66942
15873	75220	66937
15874	75224	66932
15875	75228	66926
15876	75233	66922
15877	75238	66917
15878	75244	66913
15879	75248	66909
15880	75253	66904
15881	75257	66898
15882	75261	66893
15883	75266	66888
15884	75271	66884
15885	75276	66879
15886	75280	66874
15887	75284	66869
15888	75288	66863
15889	75292	66858
15890	75305	66861
15891	75310	66855
15892	75314	66850
15893	75318	66845
15894	75322	66839
15895	75326	66834
15896	75330	66829
15897	75335	66824
15898	75340	66820
15899	75344	66814
15900	75348	66809
15901	75353	66804
15902	75357	66799
15903	75362	66795
15904	75367	66790
15905	75371	66785
15906	75376	66780
15907	75380	66775
15908	75385	66770
15909	75389	66765
15910	75393	66760
15911	75398	66755
15912	75402	66750
15913	75407	66745
15914	75411	66740
15915	75416	66735
15916	75419	66729
15917	75424	66724
15918	75429	66720
15919	75433	66715
15920	75438	66710
15921	75443	66705
15922	75446	66700
15923	75450	66694
15924	75455	66690
15925	75461	66685
15926	75465	66681
15927	75469	66675
15928	75474	66670
15929	75479	66666
15930	75483	66661
15931	75488	66656
15932	75493	66651
15933	75497	66646
15934	75502	66641
15935	75506	66636
15936	75510	66631
15937	75515	66626
15938	75519	66621
15939	75524	66617
15940	75529	66612
15941	75534	66607
15942	75538	66602
15943	75542	66597
15944	75546	66591
15945	75551	66587
15946	75555	66582
15947	75560	66577
15948	75564	66572
15949	75569	66567
15950	75573	66562
15951	75577	66557
15952	75582	66552
15953	75587	66547
15954	75592	66542
15955	75596	66537
15956	75600	66532
15957	75605	66527
15958	75609	66522
15959	75614	66517
15960	75619	66513
15961	75623	66508
15962	75627	66502
15963	75631	66497
15964	75635	66492
15965	75640	66487
15966	75645	66482
15967	75649	66477
15968	75654	66473
15969	75659	66468
15970	75663	66463
15971	75667	66458
15972	75672	66453
15973	75678	66449
15974	75683	66445
15975	75687	66439
15976	75691	66434
15977	75695	66429
15978	75699	66424
15979	75704	66419
15980	75709	66414
15981	75714	66409
15982	75718	66404
15983	75722	66399
15984	75726	66393
15985	75730	66388
15986	75735	66384
15987	75740	66379
15988	75745	66374
15989	75749	66369
15990	75753	66364
15991	75757	66359
15992	75761	66353
15993	75766	66348
15994	75770	66343
15995	75775	66339
15996	75780	66334
15997	75784	66329
15998	75789	66324
15999	75793	66318
16000	75797	66314
16001	75801	66308
16002	75806	66303
16003	75810	66298
16004	75814	66293
16005	75818	66287
16006	75822	66282
16007	75826	66276
16008	75830	66271
16009	75834	66266
16010	75840	66262
16011	75845	66257
16012	75849	66253
16013	75855	66248
16014	75861	66245
16015	75866	66241
16016	75871	66236
16017	75877	66233
16018	75884	66229
16019	75890	66226
16020	75894	66221
16021	75900	66217
16022	75906	66213
16023	75911	66209
16024	75916	66205
16025	75921	66200
16026	75925	66195
16027	75930	66190
16028	75934	66185
16029	75939	66180
16030	75943	66175
16031	75948	66170
16032	75952	66165
16033	75956	66160
16034	75961	66155
16035	75965	66149
16036	75970	66145
16037	75975	66140
16038	75980	66136
16039	75983	66130
16040	75987	66125
16041	75992	66120
16042	75996	66115
16043	76001	66110
16044	76005	66105
16045	76010	66100
16046	76014	66095
16047	76019	66090
16048	76023	66085
16049	76026	66079
16050	76030	66074
16051	76036	66069
16052	76041	66065
16053	76046	66060
16054	76050	66055
16055	76055	66051
16056	76059	66045
16057	76063	66040
16058	76068	66035
16059	76073	66031
16060	76077	66026
16061	76082	66021
16062	76087	66016
16063	76091	66011
16064	76097	66007
16065	76102	66003
16066	76107	65998
16067	76112	65994
16068	76116	65988
16069	76120	65984
16070	76125	65979
16071	76130	65974
16072	76134	65969
16073	76139	65964
16074	76143	65959
16075	76147	65954
16076	76151	65948
16077	76156	65944
16078	76161	65939
16079	76166	65935
16080	76171	65930
16081	76175	65925
16082	76179	65920
16083	76183	65914
16084	76188	65910
16085	76193	65905
16086	76198	65900
16087	76202	65895
16088	76206	65890
16089	76210	65885
16090	76214	65879
16091	76219	65875
16092	76224	65870
16093	76229	65865
16094	76233	65861
16095	76238	65856
16096	76242	65851
16097	76247	65846
16098	76252	65842
16099	76257	65836
16100	76262	65832
16101	76266	65827
16102	76271	65822
16103	76275	65817
16104	76280	65812
16105	76284	65807
16106	76289	65802
16107	76293	65797
16108	76298	65793
16109	76302	65787
16110	76306	65782
16111	76311	65777
16112	76316	65773
16113	76322	65769
16114	76326	65764
16115	76330	65759
16116	76334	65754
16117	76339	65748
16118	76344	65744
16119	76350	65740
16120	76354	65736
16121	76359	65731
16122	76363	65725
16123	76367	65720
16124	76371	65715
16125	76376	65710
16126	76381	65705
16127	76385	65700
16128	76390	65696
16129	76395	65691
16130	76399	65686
16131	76403	65680
16132	76408	65676
16133	76412	65671
16134	76418	65667
16135	76422	65662
16136	76426	65656
16137	76430	65651
16138	76434	65646
16139	76439	65641
16140	76443	65635
16141	76447	65630
16142	76452	65625
16143	76456	65621
16144	76461	65616
16145	76466	65611
16146	76470	65606
16147	76474	65601
16148	76479	65596
16149	76483	65591
16150	76488	65586
16151	76492	65581
16152	76497	65577
16153	76502	65571
16154	76506	65566
16155	76510	65561
16156	76515	65557
16157	76520	65552
16158	76526	65548
16159	76530	65543
16160	76535	65538
16161	76539	65533
16162	76543	65528
16163	76548	65523
16164	76552	65517
16165	76557	65513
16166	76561	65508
16167	76566	65503
16168	76570	65498
16169	76574	65493
16170	76579	65488
16171	76583	65483
16172	76588	65479
16173	76592	65473
16174	76597	65468
16175	76601	65463
16176	76606	65458
16177	76610	65453
16178	76615	65448
16179	76620	65444
16180	76625	65439
16181	76629	65434
16182	76633	65429
16183	76637	65424
16184	76642	65419
16185	76647	65414
16186	76651	65409
16187	76655	65404
16188	76659	65399
16189	76664	65394
16190	76668	65389
16191	76673	65384
16192	76678	65379
16193	76683	65375
16194	76687	65370
16195	76691	65365
16196	76695	65359
16197	76700	65354
16198	76704	65349
16199	76708	65344
16200	76713	65340
16201	76718	65335
16202	76722	65330
16203	76727	65325
16204	76731	65320
16205	76736	65315
16206	76742	65312
16207	76747	65307
16208	76752	65302
16209	76756	65297
16210	76762	65293
16211	76767	65289
16212	76772	65284
16213	76777	65280
16214	76782	65275
16215	76787	65270
16216	76791	65265
16217	76795	65260
16218	76800	65256
16219	76805	65251
16220	76809	65245
16221	76813	65241
16222	76817	65235
16223	76822	65230
16224	76826	65225
16225	76831	65220
16226	76836	65216
16227	76841	65211
16228	76845	65206
16229	76849	65201
16230	76853	65195
16231	76856	65189
16232	76861	65185
16233	76866	65180
16234	76871	65175
16235	76875	65171
16236	76880	65166
16237	76884	65161
16238	76889	65156
16239	76895	65153
16240	76901	65149
16241	76906	65144
16242	76911	65139
16243	76916	65135
16244	76921	65130
16245	76927	65127
16246	76932	65123
16247	76938	65119
16248	76944	65115
16249	76948	65110
16250	76954	65106
16251	76960	65102
16252	76965	65098
16253	76970	65093
16254	76974	65088
16255	76979	65084
16256	76984	65079
16257	76988	65074
16258	76993	65070
16259	76998	65065
16260	77003	65060
16261	77007	65054
16262	77011	65049
16263	77016	65045
16264	77021	65041
16265	77026	65036
16266	77031	65031
16267	77036	65027
16268	77040	65022
16269	77045	65017
16270	77050	65013
16271	77055	65008
16272	77060	65003
16273	77064	64998
16274	77068	64993
16275	77072	64988
16276	77077	64983
16277	77082	64978
16278	77087	64974
16279	77091	64969
16280	77096	64964
16281	77101	64960
16282	77106	64955
16283	77111	64951
16284	77115	64945
16285	77120	64940
16286	77124	64935
16287	77128	64930
16288	77133	64925
16289	77138	64921
16290	77143	64916
16291	77147	64911
16292	77151	64906
16293	77156	64901
16294	77162	64898
16295	77167	64893
16296	77172	64888
16297	77176	64883
16298	77180	64878
16299	77185	64873
16300	77189	64868
16301	77195	64864
16302	77199	64859
16303	77203	64854
16304	77208	64849
16305	77212	64844
16306	77216	64838
16307	77221	64834
16308	77226	64829
16309	77231	64825
16310	77235	64820
16311	77240	64815
16312	77244	64809
16313	77248	64804
16314	77253	64800
16315	77258	64795
16316	77262	64790
16317	77266	64785
16318	77270	64779
16319	77275	64774
16320	77280	64770
16321	77285	64765
16322	77289	64760
16323	77294	64755
16324	77298	64750
16325	77302	64745
16326	77306	64740
16327	77310	64734
16328	77315	64730
16329	77320	64725
16330	77325	64721
16331	77329	64715
16332	77333	64710
16333	77338	64705
16334	77342	64700
16335	77347	64696
16336	77352	64691
16337	77357	64686
16338	77361	64681
16339	77364	64675
16340	77368	64670
16341	77374	64666
16342	77379	64661
16343	77384	64657
16344	77388	64652
16345	77392	64647
16346	77397	64642
16347	77401	64637
16348	77406	64632
16349	77411	64627
16350	77416	64623
16351	77421	64618
16352	77426	64614
16353	77429	64608
16354	77434	64603
16355	77439	64598
16356	77443	64594
16357	77448	64589
16358	77452	64584
16359	77456	64578
16360	77460	64573
16361	77464	64567
16362	77469	64563
16363	77474	64558
16364	77479	64554
16365	77483	64549
16366	77488	64544
16367	77492	64539
16368	77496	64533
16369	77501	64529
16370	77506	64524
16371	77511	64519
16372	77515	64514
16373	77519	64509
16374	77523	64504
16375	77527	64499
16376	77533	64494
16377	77537	64489
16378	77542	64485
16379	77546	64480
16380	77550	64474
16381	77555	64469
16382	77559	64464
16383	77564	64459
16384	77570	64456
16385	77575	64452
16386	77579	64447
16387	77583	64441
16388	77587	64436
16389	77592	64431
16390	77598	64427
16391	77602	64422
16392	77607	64417
16393	77611	64412
16394	77615	64407
16395	77619	64402
16396	77624	64397
16397	77629	64393
16398	77634	64388
16399	77638	64382
16400	77642	64377
16401	77646	64372
16402	77650	64367
16403	77655	64362
16404	77659	64357
16405	77665	64353
16406	77670	64348
16407	77674	64343
16408	77678	64338
16409	77683	64333
16410	77687	64328
16411	77691	64323
16412	77695	64318
16413	77700	64313
16414	77705	64308
16415	77710	64304
16416	77715	64300
16417	77719	64294
16418	77723	64289
16419	77728	64284
16420	77733	64279
16421	77738	64275
16422	77742	64270
16423	77747	64265
16424	77751	64260
16425	77756	64255
16426	77760	64250
16427	77764	64244
16428	77768	64239
16429	77772	64234
16430	77778	64230
16431	77782	64225
16432	77787	64220
16433	77791	64216
16434	77796	64211
16435	77801	64206
16436	77807	64203
16437	77811	64197
16438	77816	64192
16439	77820	64187
16440	77824	64182
16441	77828	64177
16442	77833	64172
16443	77838	64168
16444	77843	64163
16445	77847	64158
16446	77852	64153
16447	77856	64148
16448	77861	64143
16449	77867	64139
16450	77871	64134
16451	77876	64129
16452	77880	64124
16453	77884	64119
16454	77888	64114
16455	77893	64110
16456	77898	64105
16457	77903	64100
16458	77907	64095
16459	77912	64090
16460	77916	64085
16461	77920	64080
16462	77925	64075
16463	77931	64072
16464	77936	64067
16465	77942	64063
16466	77948	64059
16467	77954	64056
16468	77960	64052
16469	77966	64048
16470	77972	64044
16471	77977	64040
16472	77982	64036
16473	77987	64031
16474	77992	64027
16475	77997	64022
16476	78002	64017
16477	78006	64012
16478	78011	64008
16479	78016	64003
16480	78022	63999
16481	78027	63995
16482	78032	63991
16483	78037	63986
16484	78041	63981
16485	78046	63977
16486	78051	63972
16487	78057	63968
16488	78062	63963
16489	78066	63958
16490	78070	63953
16491	78075	63948
16492	78079	63943
16493	78084	63939
16494	78089	63934
16495	78094	63929
16496	78098	63924
16497	78102	63919
16498	78106	63913
16499	78111	63909
16500	78116	63905
16501	78121	63900
16502	78125	63895
16503	78130	63890
16504	78134	63884
16505	78138	63879
16506	78142	63874
16507	78147	63870
16508	78152	63865
16509	78156	63860
16510	78160	63854
16511	78164	63849
16512	78168	63844
16513	78173	63839
16514	78178	63834
16515	78183	63830
16516	78187	63825
16517	78191	63819
16518	78195	63814
16519	78199	63809
16520	78204	63804
16521	78208	63799
16522	78213	63794
16523	78217	63789
16524	78221	63784
16525	78225	63779
16526	78229	63773
16527	78234	63769
16528	78240	63765
16529	78244	63760
16530	78249	63755
16531	78253	63750
16532	78257	63744
16533	78262	63739
16534	78267	63735
16535	78271	63730
16536	78275	63725
16537	78280	63720
16538	78284	63715
16539	78288	63710
16540	78293	63705
16541	78298	63700
16542	78303	63696
16543	78308	63692
16544	78312	63686
16545	78317	63681
16546	78321	63676
16547	78325	63671
16548	78329	63666
16549	78333	63661
16550	78338	63656
16551	78343	63651
16552	78348	63646
16553	78353	63642
16554	78357	63637
16555	78361	63632
16556	78365	63626
16557	78369	63621
16558	78374	63616
16559	78379	63612
16560	78383	63607
16561	78388	63602
16562	78393	63597
16563	78397	63592
16564	78402	63587
16565	78406	63583
16566	78410	63577
16567	78416	63573
16568	78420	63568
16569	78424	63563
16570	78428	63558
16571	78433	63553
16572	78438	63548
16573	78443	63544
16574	78448	63539
16575	78452	63534
16576	78456	63528
16577	78460	63523
16578	78464	63518
16579	78468	63513
16580	78473	63508
16581	78478	63504
16582	78482	63498
16583	78487	63493
16584	78490	63488
16585	78495	63483
16586	78500	63478
16587	78504	63474
16588	78509	63469
16589	78514	63464
16590	78518	63459
16591	78522	63454
16592	78526	63448
16593	78531	63444
16594	78535	63439
16595	78540	63434
16596	78544	63429
16597	78549	63424
16598	78553	63419
16599	78557	63413
16600	78562	63408
16601	78566	63404
16602	78572	63399
16603	78577	63395
16604	78581	63390
16605	78586	63385
16606	78590	63380
16607	78594	63375
16608	78599	63370
16609	78604	63366
16610	78608	63360
16611	78612	63355
16612	78616	63350
16613	78621	63345
16614	78626	63340
16615	78631	63336
16616	78636	63331
16617	78640	63327
16618	78644	63321
16619	78648	63316
16620	78653	63311
16621	78657	63306
16622	78662	63302
16623	78667	63297
16624	78671	63292
16625	78676	63287
16626	78680	63282
16627	78685	63277
16628	78690	63272
16629	78694	63268
16630	78698	63262
16631	78703	63258
16632	78708	63253
16633	78713	63248
16634	78717	63244
16635	78722	63239
16636	78728	63235
16637	78733	63230
16638	78737	63225
16639	78742	63221
16640	78746	63216
16641	78751	63211
16642	78756	63207
16643	78761	63202
16644	78766	63197
16645	78771	63192
16646	78775	63187
16647	78779	63182
16648	78785	63178
16649	78790	63174
16650	78795	63169
16651	78799	63164
16652	78804	63159
16653	78808	63154
16654	78814	63150
16655	78819	63146
16656	78824	63141
16657	78828	63136
16658	78834	63132
16659	78838	63127
16660	78842	63122
16661	78847	63117
16662	78852	63113
16663	78856	63108
16664	78860	63102
16665	78865	63098
16666	78870	63093
16667	78875	63088
16668	78881	63085
16669	78885	63079
16670	78890	63075
16671	78896	63071
16672	78902	63067
16673	78907	63063
16674	78914	63060
16675	78921	63057
16676	78926	63053
16677	78930	63048
16678	78937	63044
16679	78943	63041
16680	78948	63036
16681	78955	63034
16682	78963	63031
16683	78969	63028
16684	78976	63025
16685	78982	63021
16686	78989	63018
16687	78995	63014
16688	79002	63011
16689	79008	63008
16690	79015	63004
16691	79022	63002
16692	79030	62999
16693	79036	62996
16694	79043	62993
16695	79051	62991
16696	79059	62989
16697	79066	62985
16698	79073	62983
16699	79079	62979
16700	79087	62977
16701	79094	62974
16702	79101	62971
16703	79107	62968
16704	79115	62965
16705	79121	62961
16706	79127	62957
16707	79133	62954
16708	79139	62950
16709	79144	62946
16710	79150	62942
16711	79159	62940
16712	79166	62938
16713	79172	62934
16714	79180	62932
16715	79185	62928
16716	79191	62923
16717	79197	62920
16718	79204	62916
16719	79210	62913
16720	79215	62909
16721	79220	62904
16722	79225	62899
16723	79229	62894
16724	79234	62890
16725	79239	62885
16726	79244	62880
16727	79248	62876
16728	79253	62871
16729	79257	62866
16730	79262	62861
16731	79267	62856
16732	79271	62851
16733	79276	62846
16734	79280	62841
16735	79285	62836
16736	79289	62832
16737	79295	62827
16738	79301	62824
16739	79306	62819
16740	79311	62815
16741	79315	62809
16742	79319	62804
16743	79324	62800
16744	79329	62795
16745	79334	62791
16746	79338	62786
16747	79343	62780
16748	79347	62775
16749	79352	62771
16750	79357	62766
16751	79361	62761
16752	79367	62757
16753	79371	62752
16754	79375	62747
16755	79380	62742
16756	79384	62737
16757	79388	62731
16758	79392	62727
16759	79398	62722
16760	79403	62718
16761	79407	62713
16762	79412	62708
16763	79416	62703
16764	79421	62698
16765	79426	62693
16766	79430	62689
16767	79435	62683
16768	79439	62679
16769	79443	62673
16770	79448	62668
16771	79453	62664
16772	79457	62659
16773	79462	62654
16774	79467	62649
16775	79471	62645
16776	79476	62640
16777	79479	62634
16778	79485	62630
16779	79490	62625
16780	79494	62620
16781	79498	62615
16782	79502	62610
16783	79507	62605
16784	79511	62600
16785	79517	62596
16786	79522	62592
16787	79527	62587
16788	79532	62582
16789	79536	62577
16790	79540	62572
16791	79545	62567
16792	79550	62562
16793	79554	62557
16794	79559	62552
16795	79562	62547
16796	79566	62542
16797	79571	62537
16798	79575	62532
16799	79579	62527
16800	79583	62521
16801	79588	62516
16802	79593	62512
16803	79597	62507
16804	79602	62502
16805	79607	62497
16806	79611	62492
16807	79615	62487
16808	79619	62482
16809	79625	62477
16810	79629	62473
16811	79634	62468
16812	79638	62463
16813	79642	62458
16814	79646	62452
16815	79651	62447
16816	79656	62443
16817	79661	62438
16818	79665	62433
16819	79670	62429
16820	79674	62424
16821	79679	62419
16822	79683	62413
16823	79688	62409
16824	79693	62404
16825	79698	62400
16826	79702	62394
16827	79706	62389
16828	79710	62384
16829	79714	62379
16830	79718	62374
16831	79723	62369
16832	79729	62365
16833	79733	62360
16834	79738	62355
16835	79742	62350
16836	79746	62344
16837	79750	62339
16838	79755	62335
16839	79759	62330
16840	79764	62325
16841	79768	62319
16842	79772	62314
16843	79777	62310
16844	79781	62305
16845	79787	62300
16846	79791	62295
16847	79795	62290
16848	79799	62285
16849	79804	62280
16850	79808	62275
16851	79813	62270
16852	79818	62266
16853	79822	62261
16854	79826	62255
16855	79831	62250
16856	79835	62245
16857	79839	62240
16858	79844	62235
16859	79848	62230
16860	79853	62226
16861	79857	62220
16862	79860	62215
16863	79864	62209
16864	79869	62204
16865	79873	62199
16866	79877	62194
16867	79883	62190
16868	79888	62185
16869	79892	62180
16870	79896	62175
16871	79901	62170
16872	79905	62165
16873	79909	62160
16874	79915	62156
16875	79920	62151
16876	79924	62146
16877	79928	62141
16878	79932	62136
16879	79938	62132
16880	79945	62129
16881	79951	62125
16882	79956	62121
16883	79963	62117
16884	79969	62114
16885	79976	62110
16886	79982	62107
16887	79988	62103
16888	79993	62099
16889	79999	62095
16890	80005	62091
16891	80011	62087
16892	80016	62083
16893	80021	62079
16894	80028	62075
16895	80034	62072
16896	80041	62068
16897	80047	62065
16898	80053	62061
16899	80059	62058
16900	80067	62056
16901	80076	62054
16902	80083	62051
16903	80090	62048
16904	80098	62045
16905	80104	62042
16906	80110	62038
16907	80116	62035
16908	80124	62032
16909	80131	62029
16910	80137	62025
16911	80143	62022
16912	80148	62017
16913	80156	62015
16914	80163	62012
16915	80168	62008
16916	80175	62004
16917	80180	62000
16918	80186	61996
16919	80191	61991
16920	80198	61988
16921	80203	61984
16922	80209	61980
16923	80215	61976
16924	80220	61972
16925	80224	61967
16926	80230	61963
16927	80237	61960
16928	80243	61956
16929	80248	61952
16930	80254	61948
16931	80260	61944
16932	80266	61941
16933	80272	61936
16934	80276	61931
16935	80281	61927
16936	80285	61921
16937	80289	61916
16938	80294	61912
16939	80300	61908
16940	80305	61903
16941	80310	61899
16942	80315	61894
16943	80319	61889
16944	80324	61884
16945	80329	61880
16946	80333	61874
16947	80338	61870
16948	80342	61865
16949	80346	61859
16950	80350	61854
16951	80356	61850
16952	80362	61846
16953	80367	61842
16954	80371	61836
16955	80375	61831
16956	80379	61826
16957	80383	61821
16958	80388	61816
16959	80394	61812
16960	80398	61807
16961	80402	61802
16962	80407	61797
16963	80411	61792
16964	80416	61787
16965	80421	61783
16966	80427	61779
16967	80431	61774
16968	80436	61769
16969	80440	61763
16970	80444	61758
16971	80448	61753
16972	80452	61748
16973	80457	61743
16974	80461	61738
16975	80466	61733
16976	80470	61728
16977	80474	61723
16978	80479	61718
16979	80483	61713
16980	80487	61708
16981	80491	61703
16982	80496	61698
16983	80500	61692
16984	80504	61687
16985	80508	61682
16986	80513	61677
16987	80518	61673
16988	80523	61668
16989	80527	61663
16990	80531	61658
16991	80536	61653
16992	80540	61648
16993	80545	61643
16994	80550	61639
16995	80554	61634
16996	80559	61629
16997	80563	61624
16998	80567	61618
16999	80572	61614
17000	80577	61609
17001	80582	61605
17002	80586	61600
17003	80590	61594
17004	80594	61589
17005	80598	61584
17006	80603	61579
17007	80608	61574
17008	80613	61570
17009	80617	61564
17010	80622	61560
17011	80626	61554
17012	80630	61549
17013	80634	61544
17014	80639	61539
17015	80644	61535
17016	80649	61531
17017	80655	61527
17018	80660	61522
17019	80666	61519
17020	80673	61516
17021	80680	61512
17022	80685	61508
17023	80690	61503
17024	80696	61500
17025	80702	61495
17026	80708	61492
17027	80713	61488
17028	80719	61483
17029	80724	61479
17030	80730	61475
17031	80736	61471
17032	80742	61468
17033	80747	61463
17034	80753	61460
17035	80760	61456
17036	80765	61452
17037	80772	61449
17038	80777	61445
17039	80783	61440
17040	80789	61437
17041	80798	61435
17042	80803	61431
17043	80807	61426
17044	80814	61422
17045	80819	61418
17046	80824	61414
17047	80830	61410
17048	80836	61406
17049	80843	61402
17050	80849	61399
17051	80854	61394
17052	80859	61390
17053	80864	61385
17054	80871	61382
17055	80878	61379
17056	80883	61375
17057	80890	61371
17058	80895	61367
17059	80901	61363
17060	80907	61359
17061	80914	61356
17062	80920	61353
17063	80926	61349
17064	80933	61346
17065	80939	61342
17066	80944	61337
17067	80950	61334
17068	80956	61330
17069	80962	61326
17070	80968	61322
17071	80973	61318
17072	80977	61313
17073	80982	61308
17074	80986	61303
17075	80991	61298
17076	80998	61295
17077	81004	61291
17078	81009	61287
17079	81014	61282
17080	81018	61277
17081	81023	61272
17082	81027	61267
17083	81032	61263
17084	81037	61258
17085	81041	61253
17086	81045	61248
17087	81050	61242
17088	81055	61238
17089	81059	61233
17090	81064	61228
17091	81068	61223
17092	81073	61218
17093	81077	61213
17094	81081	61208
17095	81086	61203
17096	81090	61198
17097	81096	61194
17098	81100	61189
17099	81104	61183
17100	81108	61178
17101	81112	61173
17102	81117	61168
17103	81123	61164
17104	81129	61161
17105	81135	61157
17106	81141	61153
17107	81147	61149
17108	81153	61146
17109	81159	61142
17110	81164	61137
17111	81170	61133
17112	81175	61129
17113	81180	61124
17114	81185	61120
17115	81189	61115
17116	81193	61110
17117	81198	61105
17118	81202	61100
17119	81207	61095
17120	81211	61090
17121	81217	61086
17122	81222	61081
17123	81227	61077
17124	81232	61072
17125	81238	61068
17126	81243	61064
17127	81249	61060
17128	81254	61056
17129	81259	61051
17130	81265	61047
17131	81271	61043
17132	81276	61039
17133	81282	61035
17134	81288	61031
17135	81294	61027
17136	81300	61024
17137	81305	61019
17138	81311	61015
17139	81317	61012
17140	81323	61008
17141	81328	61003
17142	81334	60999
17143	81341	60996
17144	81345	60991
17145	81351	60987
17146	81356	60983
17147	81361	60978
17148	81366	60974
17149	81372	60970
17150	81378	60966
17151	81383	60961
17152	81389	60957
17153	81394	60953
17154	81400	60949
17155	81406	60945
17156	81427	60952
17157	81432	60948
17158	81437	60944
17159	81443	60940
17160	81447	60935
17161	81452	60930
17162	81457	60926
17163	81462	60921
17164	81466	60916
17165	81471	60911
17166	81476	60907
17167	81482	60902
17168	81487	60898
17169	81492	60893
17170	81497	60889
17171	81502	60884
17172	81507	60880
17173	81512	60875
17174	81517	60871
17175	81522	60866
17176	81526	60861
17177	81531	60856
17178	81537	60852
17179	81542	60848
17180	81548	60844
17181	81553	60839
17182	81557	60834
17183	81563	60830
17184	81569	60826
17185	81574	60822
17186	81579	60818
17187	81584	60813
17188	81588	60808
17189	81594	60804
17190	81599	60799
17191	81604	60795
17192	81609	60790
17193	81614	60786
17194	81618	60781
17195	81622	60775
17196	81627	60770
17197	81631	60765
17198	81636	60761
17199	81641	60756
17200	81646	60751
17201	81650	60746
17202	81655	60741
17203	81660	60737
17204	81664	60732
17205	81669	60727
17206	81673	60722
17207	81678	60718
17208	81682	60712
17209	81687	60707
17210	81691	60702
17211	81696	60697
17212	81701	60693
17213	81706	60688
17214	81710	60683
17215	81715	60678
17216	81719	60673
17217	81724	60668
17218	81728	60664
17219	81733	60659
17220	81738	60654
17221	81742	60649
17222	81746	60644
17223	81750	60638
17224	81754	60633
17225	81759	60629
17226	81765	60625
17227	81769	60620
17228	81774	60615
17229	81778	60610
17230	81782	60604
17231	81786	60599
17232	81791	60594
17233	81796	60590
17234	81800	60584
17235	81804	60579
17236	81809	60574
17237	81813	60569
17238	81817	60564
17239	81821	60559
17240	81826	60554
17241	81831	60550
17242	81835	60545
17243	81841	60540
17244	81845	60535
17245	81850	60531
17246	81855	60526
17247	81860	60522
17248	81864	60517
17249	81869	60512
17250	81873	60506
17251	81877	60501
17252	81882	60496
17253	81886	60491
17254	81891	60486
17255	81896	60482
17256	81900	60477
17257	81905	60472
17258	81909	60467
17259	81914	60463
17260	81920	60458
17261	81925	60454
17262	81930	60449
17263	81934	60444
17264	81939	60440
17265	81945	60436
17266	81950	60432
17267	81955	60427
17268	81960	60422
17269	81964	60417
17270	81969	60412
17271	81973	60407
17272	81979	60403
17273	81984	60398
17274	81988	60393
17275	81993	60389
17276	81997	60383
17277	82001	60378
17278	82005	60373
17279	82009	60368
17280	82014	60363
17281	82018	60358
17282	82023	60353
17283	82027	60348
17284	82032	60343
17285	82036	60338
17286	82041	60333
17287	82046	60329
17288	82050	60324
17289	82054	60319
17290	82058	60313
17291	82062	60308
17292	82067	60303
17293	82071	60298
17294	82075	60293
17295	82079	60287
17296	82084	60283
17297	82090	60279
17298	82095	60274
17299	82099	60269
17300	82103	60264
17301	82107	60258
17302	82111	60253
17303	82116	60248
17304	82120	60244
17305	82125	60239
17306	82129	60233
17307	82133	60228
17308	82137	60223
17309	82142	60218
17310	82146	60213
17311	82151	60209
17312	82156	60204
17313	82160	60199
17314	82165	60194
17315	82171	60190
17316	82176	60186
17317	82182	60182
17318	82188	60178
17319	82193	60173
17320	82198	60169
17321	82203	60164
17322	82209	60161
17323	82214	60156
17324	82220	60152
17325	82224	60147
17326	82229	60142
17327	82233	60137
17328	82237	60132
17329	82242	60127
17330	82246	60122
17331	82251	60117
17332	82256	60113
17333	82260	60107
17334	82264	60102
17335	82268	60097
17336	82274	60093
17337	82279	60089
17338	82284	60084
17339	82288	60079
17340	82293	60074
17341	82297	60069
17342	82301	60064
17343	82306	60059
17344	82311	60054
17345	82316	60050
17346	82320	60044
17347	82324	60039
17348	82328	60034
17349	82332	60029
17350	82337	60024
17351	82342	60019
17352	82347	60015
17353	82351	60010
17354	82355	60005
17355	82359	59999
17356	82364	59995
17357	82369	59990
17358	82374	59985
17359	82378	59980
17360	82383	59976
17361	82387	59970
17362	82392	59966
17363	82396	59961
17364	82401	59956
17365	82406	59951
17366	82411	59947
17367	82416	59942
17368	82420	59937
17369	82425	59932
17370	82429	59927
17371	82435	59923
17372	82440	59919
17373	82445	59914
17374	82449	59909
17375	82454	59905
17376	82460	59900
17377	82465	59896
17378	82471	59892
17379	82476	59888
17380	82481	59883
17381	82485	59878
17382	82490	59873
17383	82496	59869
17384	82501	59865
17385	82506	59860
17386	82510	59855
17387	82515	59850
17388	82519	59845
17389	82524	59840
17390	82529	59836
17391	82534	59831
17392	82538	59826
17393	82543	59821
17394	82547	59816
17395	82552	59811
17396	82556	59807
17397	82560	59801
17398	82565	59797
17399	82569	59791
17400	82573	59786
17401	82577	59781
17402	82582	59776
17403	82587	59771
17404	82591	59766
17405	82596	59762
17406	82601	59757
17407	82604	59751
17408	82609	59747
17409	82613	59741
17410	82618	59737
17411	82623	59732
17412	82628	59727
17413	82632	59722
17414	82637	59717
17415	82641	59712
17416	82645	59707
17417	82650	59702
17418	82655	59698
17419	82659	59693
17420	82663	59688
17421	82668	59683
17422	82672	59678
17423	82677	59673
17424	82681	59668
17425	82686	59663
17426	82691	59659
17427	82695	59653
17428	82699	59648
17429	82703	59643
17430	82707	59638
17431	82712	59633
17432	82716	59628
17433	82720	59622
17434	82724	59617
17435	82730	59613
17436	82735	59609
17437	82739	59603
17438	82743	59598
17439	82747	59593
17440	82752	59588
17441	82757	59583
17442	82761	59579
17443	82767	59574
17444	82771	59569
17445	82775	59564
17446	82779	59559
17447	82783	59554
17448	82788	59549
17449	82792	59544
17450	82797	59539
17451	82801	59534
17452	82806	59529
17453	82810	59524
17454	82814	59519
17455	82818	59514
17456	82823	59509
17457	82828	59504
17458	82832	59499
17459	82836	59494
17460	82841	59489
17461	82845	59484
17462	82850	59479
17463	82854	59474
17464	82859	59469
17465	82863	59464
17466	82867	59459
17467	82871	59454
17468	82876	59449
17469	82881	59444
17470	82886	59440
17471	82891	59436
17472	82896	59431
17473	82900	59426
17474	82905	59421
17475	82909	59416
17476	82915	59412
17477	82920	59407
17478	82925	59403
17479	82930	59399
17480	82935	59394
17481	82939	59389
17482	82944	59384
17483	82950	59380
17484	82956	59376
17485	82960	59371
17486	82964	59366
17487	82969	59361
17488	82973	59356
17489	82978	59351
17490	82982	59346
17491	82987	59342
17492	82992	59337
17493	82997	59332
17494	83002	59327
17495	83006	59323
17496	83011	59318
17497	83016	59313
17498	83020	59308
17499	83024	59303
17500	83028	59298
17501	83032	59292
17502	83037	59287
17503	83041	59283
17504	83046	59278
17505	83050	59272
17506	83054	59267
17507	83059	59262
17508	83062	59257
17509	83066	59252
17510	83071	59247
17511	83076	59242
17512	83081	59237
17513	83084	59232
17514	83088	59227
17515	83093	59222
17516	83097	59216
17517	83102	59212
17518	83106	59207
17519	83110	59202
17520	83114	59197
17521	83119	59191
17522	83123	59186
17523	83127	59181
17524	83133	59177
17525	83137	59172
17526	83143	59168
17527	83148	59163
17528	83152	59158
17529	83156	59153
17530	83161	59149
17531	83168	59146
17532	83174	59141
17533	83178	59137
17534	83183	59132
17535	83188	59127
17536	83194	59123
17537	83199	59118
17538	83204	59114
17539	83209	59109
17540	83214	59105
17541	83219	59100
17542	83225	59097
17543	83231	59093
17544	83236	59089
17545	83242	59084
17546	83247	59080
17547	83253	59076
17548	83259	59072
17549	83266	59069
17550	83270	59064
17551	83275	59059
17552	83279	59054
17553	83284	59049
17554	83289	59044
17555	83293	59040
17556	83298	59035
17557	83302	59030
17558	83307	59025
17559	83311	59020
17560	83316	59015
17561	83320	59010
17562	83324	59005
17563	83328	59000
17564	83333	58995
17565	83338	58990
17566	83343	58986
17567	83350	58982
17568	83355	58978
17569	83360	58974
17570	83366	58970
17571	83372	58965
17572	83377	58961
17573	83383	58957
17574	83387	58952
17575	83392	58947
17576	83398	58943
17577	83403	58939
17578	83409	58935
17579	83415	58931
17580	83420	58926
17581	83424	58921
17582	83428	58916
17583	83434	58912
17584	83439	58908
17585	83443	58903
17586	83448	58898
17587	83452	58893
17588	83457	58888
17589	83462	58883
17590	83467	58879
17591	83472	58874
17592	83476	58869
17593	83481	58864
17594	83485	58859
17595	83490	58855
17596	83495	58850
17597	83500	58846
17598	83504	58841
17599	83509	58836
17600	83514	58831
17601	83518	58826
17602	83523	58822
17603	83528	58817
17604	83533	58812
17605	83537	58807
17606	83542	58802
17607	83546	58797
17608	83550	58792
17609	83556	58788
17610	83560	58783
17611	83564	58778
17612	83569	58773
17613	83574	58768
17614	83578	58763
17615	83583	58759
17616	83588	58754
17617	83594	58750
17618	83599	58745
17619	83603	58740
17620	83608	58736
17621	83613	58731
17622	83617	58726
17623	83622	58721
17624	83627	58717
17625	83632	58712
17626	83636	58707
17627	83640	58702
17628	83645	58697
17629	83650	58693
17630	83655	58688
17631	83659	58683
17632	83664	58678
17633	83668	58673
17634	83672	58668
17635	83677	58663
17636	83681	58658
17637	83686	58653
17638	83690	58648
17639	83694	58643
17640	83699	58638
17641	83703	58633
17642	83708	58628
17643	83712	58623
17644	83717	58619
17645	83721	58613
17646	83726	58608
17647	83730	58603
17648	83734	58598
17649	83738	58593
17650	83743	58588
17651	83748	58583
17652	83752	58579
17653	83757	58574
17654	83761	58569
17655	83765	58563
17656	83769	58558
17657	83775	58554
17658	83779	58549
17659	83784	58544
17660	83788	58539
17661	83793	58534
17662	83797	58529
17663	83801	58524
17664	83807	58520
17665	83812	58516
17666	83817	58511
17667	83821	58506
17668	83825	58500
17669	83829	58495
17670	83834	58490
17671	83839	58486
17672	83843	58481
17673	83848	58476
17674	83853	58471
17675	83857	58466
17676	83861	58461
17677	83866	58456
17678	83871	58452
17679	83876	58447
17680	83880	58442
17681	83885	58437
17682	83889	58432
17683	83894	58428
17684	83899	58423
17685	83903	58418
17686	83909	58414
17687	83913	58409
17688	83917	58404
17689	83922	58399
17690	83927	58395
17691	83932	58390
17692	83937	58385
17693	83941	58380
17694	83945	58375
17695	83949	58370
17696	83954	58365
17697	83958	58360
17698	83962	58354
17699	83967	58350
17700	83971	58344
17701	83975	58339
17702	83980	58335
17703	83984	58330
17704	83989	58325
17705	83994	58321
17706	83999	58316
17707	84004	58311
17708	84009	58307
17709	84014	58302
17710	84019	58297
17711	84024	58293
17712	84028	58288
17713	84032	58283
17714	84037	58278
17715	84041	58273
17716	84046	58268
17717	84050	58263
17718	84055	58258
17719	84058	58253
17720	84062	58247
17721	84067	58242
17722	84071	58237
17723	84076	58233
17724	84081	58228
17725	84085	58223
17726	84089	58218
17727	84093	58212
17728	84097	58207
17729	84102	58202
17730	84106	58197
17731	84111	58193
17732	84115	58188
17733	84119	58182
17734	84123	58177
17735	84127	58172
17736	84132	58167
17737	84136	58162
17738	84141	58157
17739	84145	58152
17740	84150	58147
17741	84154	58142
17742	84159	58138
17743	84165	58134
17744	84170	58129
17745	84174	58124
17746	84179	58119
17747	84183	58114
17748	84187	58109
17749	84192	58104
17750	84196	58099
17751	84201	58094
17752	84206	58090
17753	84210	58085
17754	84214	58079
17755	84218	58074
17756	84223	58069
17757	84229	58066
17758	84234	58061
17759	84239	58057
17760	84244	58052
17761	84248	58047
17762	84254	58043
17763	84259	58039
17764	84265	58034
17765	84270	58030
17766	84275	58025
17767	84280	58021
17768	84285	58016
17769	84291	58012
17770	84298	58009
17771	84303	58005
17772	84308	58000
17773	84312	57995
17774	84316	57989
17775	84321	57985
17776	84327	57981
17777	84331	57976
17778	84335	57971
17779	84339	57965
17780	84344	57960
17781	84348	57955
17782	84353	57950
17783	84358	57946
17784	84362	57941
17785	84366	57936
17786	84370	57931
17787	84375	57926
17788	84379	57921
17789	84384	57916
17790	84389	57911
17791	84393	57906
17792	84397	57901
17793	84401	57896
17794	84406	57891
17795	84410	57886
17796	84415	57881
17797	84420	57877
17798	84425	57872
17799	84429	57867
17800	84433	57862
17801	84437	57856
17802	84441	57851
17803	84446	57847
17804	84452	57843
17805	84457	57838
17806	84461	57833
17807	84466	57828
17808	84470	57823
17809	84475	57818
17810	84479	57813
17811	84484	57809
17812	84489	57804
17813	84493	57799
17814	84497	57794
17815	84501	57789
17816	84506	57784
17817	84510	57779
17818	84515	57774
17819	84519	57769
17820	84523	57764
17821	84528	57759
17822	84532	57754
17823	84537	57749
17824	84541	57744
17825	84546	57739
17826	84550	57734
17827	84555	57729
17828	84559	57724
17829	84563	57719
17830	84567	57714
17831	84571	57708
17832	84575	57703
17833	84579	57698
17834	84583	57693
17835	84588	57688
17836	84593	57684
17837	84597	57679
17838	84602	57673
17839	84606	57669
17840	84610	57663
17841	84615	57658
17842	84619	57654
17843	84624	57649
17844	84629	57644
17845	84633	57639
17846	84637	57634
17847	84642	57629
17848	84646	57624
17849	84652	57620
17850	84657	57616
17851	84661	57610
17852	84666	57605
17853	84669	57600
17854	84673	57595
17855	84678	57590
17856	84682	57585
17857	84687	57580
17858	84691	57575
17859	84696	57570
17860	84700	57565
17861	84704	57560
17862	84708	57555
17863	84713	57550
17864	84718	57545
17865	84722	57540
17866	84726	57535
17867	84730	57530
17868	84734	57524
17869	84738	57519
17870	84743	57514
17871	84747	57510
17872	84752	57505
17873	84756	57500
17874	84761	57495
17875	84765	57490
17876	84769	57485
17877	84774	57480
17878	84778	57475
17879	84783	57470
17880	84788	57465
17881	84792	57460
17882	84797	57456
17883	84801	57450
17884	84805	57445
17885	84810	57441
17886	84815	57436
17887	84819	57431
17888	84824	57426
17889	84828	57421
17890	84832	57416
17891	84837	57412
17892	84843	57407
17893	84847	57402
17894	84851	57397
17895	84856	57392
17896	84861	57388
17897	84866	57383
17898	84872	57379
17899	84877	57375
17900	84881	57369
17901	84885	57364
17902	84890	57360
17903	84894	57355
17904	84900	57350
17905	84904	57346
17906	84909	57341
17907	84914	57336
17908	84919	57332
17909	84923	57326
17910	84927	57321
17911	84932	57317
17912	84937	57312
17913	84942	57307
17914	84946	57302
17915	84950	57297
17916	84955	57292
17917	84959	57287
17918	84963	57282
17919	84968	57278
17920	84973	57273
17921	84977	57267
17922	84981	57262
17923	84985	57257
17924	84989	57252
17925	84995	57248
17926	85000	57243
17927	85004	57238
17928	85008	57233
17929	85013	57228
17930	85017	57223
17931	85021	57218
17932	85026	57213
17933	85030	57208
17934	85035	57203
17935	85039	57198
17936	85043	57193
17937	85047	57188
17938	85052	57183
17939	85057	57178
17940	85061	57174
17941	85066	57169
17942	85071	57164
17943	85075	57159
17944	85079	57154
17945	85084	57149
17946	85089	57145
17947	85094	57140
17948	85099	57135
17949	85103	57130
17950	85107	57125
17951	85111	57120
17952	85115	57114
17953	85120	57110
17954	85125	57105
17955	85129	57100
17956	85134	57095
17957	85138	57090
17958	85142	57085
17959	85147	57080
17960	85152	57076
17961	85156	57071
17962	85161	57066
17963	85165	57061
17964	85170	57056
17965	85174	57051
17966	85179	57047
17967	85183	57041
17968	85188	57037
17969	85192	57032
17970	85196	57026
17971	85200	57021
17972	85204	57016
17973	85208	57011
17974	85212	57006
17975	85217	57001
17976	85221	56996
17977	85225	56990
17978	85230	56986
17979	85234	56981
17980	85239	56976
17981	85243	56971
17982	85247	56965
17983	85251	56960
17984	85255	56955
17985	85260	56950
17986	85264	56945
17987	85269	56940
17988	85273	56936
17989	85278	56931
17990	85282	56925
17991	85286	56921
17992	85293	56917
17993	85298	56913
17994	85303	56908
17995	85309	56904
17996	85314	56899
17997	85319	56895
17998	85324	56890
17999	85329	56886
18000	85335	56882
18001	85341	56878
18002	85346	56874
18003	85351	56869
18004	85356	56864
18005	85361	56860
18006	85366	56855
18007	85370	56850
18008	85375	56845
18009	85379	56840
18010	85383	56835
18011	85388	56831
18012	85393	56826
18013	85397	56821
18014	85401	56815
18015	85405	56810
18016	85410	56806
18017	85416	56801
18018	85420	56796
18019	85424	56791
18020	85430	56787
18021	85434	56782
18022	85438	56777
18023	85443	56772
18024	85448	56767
18025	85452	56763
18026	85457	56758
18027	85462	56753
18028	85466	56748
18029	85471	56744
18030	85475	56738
18031	85480	56734
18032	85486	56730
18033	85490	56725
18034	85494	56720
18035	85499	56715
18036	85504	56710
18037	85509	56705
18038	85515	56702
18039	85520	56697
18040	85524	56692
18041	85528	56687
18042	85533	56682
18043	85538	56677
18044	85543	56673
18045	85548	56668
18046	85553	56664
18047	85558	56659
18048	85562	56654
18049	85567	56649
18050	85572	56645
18051	85577	56640
18052	85581	56635
18053	85586	56631
18054	85590	56625
18055	85594	56620
18056	85599	56616
18057	85604	56611
18058	85610	56607
18059	85614	56602
18060	85619	56597
18061	85623	56592
18062	85628	56587
18063	85632	56582
18064	85637	56577
18065	85642	56573
18066	85646	56568
18067	85650	56563
18068	85655	56558
18069	85659	56553
18070	85664	56548
18071	85668	56543
18072	85674	56539
18073	85678	56534
18074	85682	56529
18075	85687	56524
18076	85691	56519
18077	85696	56515
18078	85701	56510
18079	85706	56505
18080	85711	56500
18081	85715	56495
18082	85720	56490
18083	85723	56485
18084	85728	56481
18085	85734	56477
18086	85739	56472
18087	85743	56467
18088	85748	56462
18089	85753	56457
18090	85757	56452
18091	85762	56447
18092	85766	56443
18093	85772	56438
18094	85776	56433
18095	85780	56428
18096	85784	56423
18097	85789	56418
18098	85793	56413
18099	85798	56409
18100	85803	56404
18101	85807	56399
18102	85812	56394
18103	85817	56390
18104	85821	56384
18105	85827	56380
18106	85831	56375
18107	85836	56371
18108	85842	56366
18109	85847	56362
18110	85851	56357
18111	85855	56352
18112	85860	56347
18113	85865	56342
18114	85870	56338
18115	85875	56333
18116	85880	56329
18117	85884	56324
18118	85889	56319
18119	85893	56314
18120	85898	56309
18121	85903	56305
18122	85908	56300
18123	85912	56295
18124	85916	56290
18125	85919	56284
18126	85923	56279
18127	85928	56274
18128	85933	56269
18129	85939	56265
18130	85943	56260
18131	85948	56256
18132	85952	56251
18133	85956	56245
18134	85961	56240
18135	85966	56236
18136	85971	56232
18137	85975	56226
18138	85980	56221
18139	85984	56216
18140	85988	56211
18141	85993	56207
18142	85998	56202
18143	86002	56197
18144	86006	56192
18145	86011	56187
18146	86015	56182
18147	86020	56177
18148	86025	56173
18149	86030	56168
18150	86035	56164
18151	86040	56159
18152	86045	56155
18153	86049	56150
18154	86054	56145
18155	86059	56140
18156	86063	56135
18157	86067	56130
18158	86072	56125
18159	86076	56120
18160	86080	56115
18161	86085	56110
18162	86089	56105
18163	86094	56100
18164	86099	56096
18165	86104	56091
18166	86108	56086
18167	86112	56081
18168	86117	56076
18169	86121	56071
18170	86126	56066
18171	86131	56061
18172	86135	56056
18173	86139	56051
18174	86143	56046
18175	86147	56041
18176	86153	56037
18177	86158	56033
18178	86163	56028
18179	86167	56022
18180	86171	56017
18181	86175	56012
18182	86180	56007
18183	86183	56002
18184	86188	55997
18185	86193	55993
18186	86198	55988
18187	86203	55983
18188	86207	55978
18189	86212	55973
18190	86217	55969
18191	86221	55964
18192	86225	55959
18193	86229	55954
18194	86234	55949
18195	86238	55944
18196	86242	55939
18197	86247	55934
18198	86252	55929
18199	86257	55925
18200	86261	55920
18201	86266	55915
18202	86270	55910
18203	86275	55905
18204	86279	55900
18205	86284	55895
18206	86288	55890
18207	86292	55885
18208	86297	55880
18209	86301	55875
18210	86306	55871
18211	86310	55866
18212	86315	55861
18213	86319	55856
18214	86323	55851
18215	86327	55845
18216	86333	55841
18217	86338	55837
18218	86344	55833
18219	86350	55828
18220	86355	55824
18221	86360	55820
18222	86366	55816
18223	86373	55812
18224	86379	55808
18225	86385	55804
18226	86389	55799
18227	86393	55794
18228	86397	55789
18229	86402	55784
18230	86407	55780
18231	86412	55775
18232	86416	55770
18233	86420	55765
18234	86424	55760
18235	86429	55755
18236	86434	55750
18237	86439	55746
18238	86443	55741
18239	86448	55736
18240	86452	55731
18241	86456	55726
18242	86460	55721
18243	86465	55716
18244	86469	55710
18245	86473	55705
18246	86478	55701
18247	86483	55696
18248	86488	55691
18249	86492	55686
18250	86496	55681
18251	86500	55676
18252	86504	55671
18253	86509	55666
18254	86514	55662
18255	86519	55657
18256	86523	55652
18257	86528	55647
18258	86531	55642
18259	86536	55637
18260	86540	55632
18261	86544	55626
18262	86549	55622
18263	86554	55617
18264	86558	55612
18265	86562	55607
18266	86566	55602
18267	86570	55596
18268	86577	55593
18269	86582	55589
18270	86586	55584
18271	86591	55579
18272	86595	55574
18273	86599	55568
18274	86604	55564
18275	86608	55559
18276	86612	55554
18277	86617	55549
18278	86621	55544
18279	86625	55538
18280	86629	55533
18281	86634	55529
18282	86639	55524
18283	86644	55519
18284	86648	55514
18285	86652	55509
18286	86656	55504
18287	86660	55498
18288	86665	55494
18289	86669	55489
18290	86674	55484
18291	86679	55480
18292	86683	55474
18293	86687	55469
18294	86691	55464
18295	86696	55459
18296	86699	55454
18297	86704	55449
18298	86708	55444
18299	86712	55439
18300	86717	55434
18301	86721	55429
18302	86725	55424
18303	86730	55419
18304	86735	55414
18305	86739	55410
18306	86744	55405
18307	86748	55400
18308	86753	55395
18309	86757	55389
18310	86761	55385
18311	86765	55379
18312	86770	55375
18313	86774	55369
18314	86778	55364
18315	86783	55360
18316	86787	55355
18317	86792	55350
18318	86797	55346
18319	86802	55341
18320	86807	55336
18321	86811	55331
18322	86816	55327
18323	86821	55322
18324	86826	55317
18325	86831	55313
18326	86836	55308
18327	86841	55303
18328	86845	55298
18329	86850	55294
18330	86854	55289
18331	86859	55284
18332	86864	55280
18333	86869	55275
18334	86873	55270
18335	86877	55265
18336	86882	55260
18337	86887	55255
18338	86893	55251
18339	86897	55246
18340	86901	55241
18341	86905	55236
18342	86909	55231
18343	86914	55226
18344	86919	55222
18345	86924	55217
18346	86929	55212
18347	86933	55207
18348	86937	55202
18349	86941	55197
18350	86946	55192
18351	86950	55187
18352	86955	55182
18353	86959	55177
18354	86964	55172
18355	86968	55168
18356	86972	55162
18357	86977	55158
18358	86981	55152
18359	86986	55148
18360	86990	55143
18361	86994	55137
18362	86998	55132
18363	87003	55127
18364	87007	55122
18365	87013	55118
18366	87018	55114
18367	87022	55109
18368	87026	55104
18369	87031	55099
18370	87035	55094
18371	87040	55089
18372	87045	55084
18373	87049	55080
18374	87053	55074
18375	87057	55069
18376	87062	55064
18377	87066	55059
18378	87070	55054
18379	87074	55049
18380	87078	55044
18381	87082	55039
18382	87087	55034
18383	87091	55029
18384	87097	55024
18385	87101	55019
18386	87105	55014
18387	87109	55009
18388	87113	55004
18389	87117	54999
18390	87122	54994
18391	87127	54990
18392	87132	54985
18393	87136	54980
18394	87140	54975
18395	87145	54970
18396	87149	54965
18397	87154	54960
18398	87159	54955
18399	87163	54950
18400	87167	54945
18401	87171	54940
18402	87175	54935
18403	87180	54930
18404	87184	54925
18405	87188	54920
18406	87193	54915
18407	87197	54910
18408	87202	54905
18409	87206	54900
18410	87210	54895
18411	87216	54891
18412	87221	54887
18413	87225	54882
18414	87229	54876
18415	87233	54871
18416	87237	54866
18417	87242	54861
18418	87246	54856
18419	87251	54852
18420	87256	54847
18421	87261	54842
18422	87265	54837
18423	87269	54832
18424	87274	54827
18425	87277	54822
18426	87282	54817
18427	87287	54812
18428	87292	54807
18429	87296	54802
18430	87299	54797
18431	87303	54792
18432	87307	54787
18433	87312	54782
18434	87317	54777
18435	87321	54772
18436	87325	54767
18437	87329	54761
18438	87333	54756
18439	87337	54751
18440	87342	54747
18441	87346	54742
18442	87351	54737
18443	87355	54732
18444	87360	54727
18445	87364	54722
18446	87370	54718
18447	87376	54714
18448	87381	54710
18449	87386	54705
18450	87391	54700
18451	87396	54696
18452	87401	54691
18453	87408	54688
18454	87414	54684
18455	87419	54679
18456	87423	54674
18457	87428	54670
18458	87434	54666
18459	87439	54661
18460	87443	54656
18461	87448	54651
18462	87452	54646
18463	87456	54641
18464	87460	54636
18465	87465	54631
18466	87470	54626
18467	87474	54621
18468	87478	54616
18469	87483	54611
18470	87487	54606
18471	87491	54601
18472	87495	54596
18473	87501	54592
18474	87505	54587
18475	87509	54582
18476	87514	54577
18477	87518	54572
18478	87523	54567
18479	87527	54562
18480	87532	54557
18481	87536	54553
18482	87540	54547
18483	87544	54542
18484	87549	54537
18485	87553	54532
18486	87558	54528
18487	87563	54523
18488	87568	54518
18489	87572	54513
18490	87576	54508
18491	87580	54503
18492	87584	54498
18493	87589	54493
18494	87594	54488
18495	87599	54484
18496	87603	54479
18497	87607	54474
18498	87611	54468
18499	87615	54463
18500	87620	54459
18501	87624	54454
18502	87629	54449
18503	87633	54443
18504	87637	54438
18505	87641	54433
18506	87645	54428
18507	87650	54423
18508	87656	54419
18509	87661	54415
18510	87666	54410
18511	87670	54405
18512	87674	54400
18513	87678	54395
18514	87683	54390
18515	87687	54385
18516	87692	54381
18517	87697	54376
18518	87701	54371
18519	87705	54365
18520	87709	54360
18521	87713	54355
18522	87717	54350
18523	87722	54345
18524	87727	54341
18525	87731	54336
18526	87737	54331
18527	87741	54327
18528	87745	54322
18529	87749	54316
18530	87754	54311
18531	87759	54307
18532	87764	54302
18533	87769	54298
18534	87774	54293
18535	87779	54289
18536	87784	54284
18537	87788	54279
18538	87794	54275
18539	87798	54270
18540	87803	54265
18541	87808	54261
18542	87813	54256
18543	87817	54251
18544	87823	54247
18545	87827	54242
18546	87832	54237
18547	87837	54232
18548	87841	54228
18549	87846	54223
18550	87850	54218
18551	87855	54213
18552	87860	54208
18553	87865	54204
18554	87869	54198
18555	87873	54193
18556	87877	54188
18557	87881	54183
18558	87885	54178
18559	87890	54173
18560	87895	54169
18561	87899	54164
18562	87903	54159
18563	87908	54154
18564	87912	54149
18565	87917	54144
18566	87922	54139
18567	87927	54135
18568	87931	54130
18569	87936	54125
18570	87940	54120
18571	87945	54115
18572	87949	54110
18573	87954	54106
18574	87958	54101
18575	87963	54096
18576	87967	54091
18577	87971	54086
18578	87975	54081
18579	87980	54076
18580	87985	54071
18581	87989	54066
18582	87993	54061
18583	87998	54056
18584	88002	54051
18585	88006	54046
18586	88011	54042
18587	88016	54036
18588	88020	54032
18589	88024	54026
18590	88028	54021
18591	88033	54016
18592	88036	54011
18593	88041	54006
18594	88045	54001
18595	88050	53997
18596	88055	53992
18597	88059	53987
18598	88064	53982
18599	88068	53977
18600	88073	53972
18601	88079	53968
18602	88083	53964
18603	88088	53958
18604	88092	53954
18605	88096	53948
18606	88101	53944
18607	88106	53939
18608	88111	53935
18609	88116	53930
18610	88120	53925
18611	88124	53920
18612	88128	53915
18613	88133	53910
18614	88138	53905
18615	88142	53900
18616	88147	53896
18617	88151	53890
18618	88155	53885
18619	88160	53880
18620	88164	53875
18621	88169	53871
18622	88173	53866
18623	88178	53861
18624	88182	53856
18625	88186	53851
18626	88190	53846
18627	88195	53841
18628	88200	53836
18629	88205	53832
18630	88210	53827
18631	88214	53822
18632	88218	53817
18633	88223	53812
18634	88227	53807
18635	88233	53803
18636	88238	53798
18637	88242	53794
18638	88247	53789
18639	88251	53784
18640	88256	53779
18641	88261	53775
18642	88266	53770
18643	88270	53765
18644	88275	53760
18645	88279	53755
18646	88283	53750
18647	88287	53745
18648	88292	53740
18649	88297	53736
18650	88302	53731
18651	88306	53726
18652	88310	53721
18653	88315	53716
18654	88319	53711
18655	88324	53706
18656	88328	53701
18657	88332	53696
18658	88337	53691
18659	88341	53686
18660	88346	53682
18661	88350	53677
18662	88354	53672
18663	88358	53666
18664	88362	53661
18665	88366	53656
18666	88371	53651
18667	88376	53646
18668	88381	53642
18669	88385	53637
18670	88389	53632
18671	88394	53627
18672	88399	53622
18673	88405	53618
18674	88410	53614
18675	88416	53610
18676	88423	53607
18677	88430	53603
18678	88436	53600
18679	88445	53597
18680	88451	53593
18681	88458	53590
18682	88466	53587
18683	88473	53584
18684	88479	53580
18685	88486	53576
18686	88491	53572
18687	88498	53568
18688	88504	53564
18689	88510	53560
18690	88515	53556
18691	88521	53552
18692	88527	53548
18693	88533	53544
18694	88538	53539
18695	88544	53535
18696	88550	53531
18697	88555	53527
18698	88563	53524
18699	88569	53520
18700	88574	53515
18701	88579	53511
18702	88586	53508
18703	88592	53503
18704	88597	53499
18705	88604	53496
18706	88609	53491
18707	88614	53486
18708	88620	53483
18709	88626	53479
18710	88631	53474
18711	88637	53470
18712	88643	53466
18713	88649	53462
18714	88654	53458
18715	88662	53454
18716	88667	53450
18717	88672	53445
18718	88679	53442
18719	88684	53438
18720	88690	53433
18721	88695	53429
18722	88701	53425
18723	88706	53420
18724	88713	53417
18725	88721	53414
18726	88727	53410
18727	88733	53406
18728	88738	53402
18729	88745	53398
18730	88750	53394
18731	88758	53391
18732	88764	53387
18733	88769	53383
18734	88776	53379
18735	88782	53375
18736	88786	53370
18737	88791	53366
18738	88796	53361
18739	88801	53356
18740	88807	53352
18741	88812	53348
18742	88817	53343
18743	88822	53338
18744	88826	53333
18745	88831	53329
18746	88835	53324
18747	88840	53319
18748	88845	53315
18749	88849	53309
18750	88854	53305
18751	88858	53299
18752	88863	53295
18753	88868	53290
18754	88873	53285
18755	88877	53281
18756	88881	53275
18757	88885	53270
18758	88889	53265
18759	88894	53260
18760	88898	53255
18761	88903	53251
18762	88908	53246
18763	88913	53241
18764	88917	53236
18765	88921	53231
18766	88926	53226
18767	88932	53222
18768	88937	53218
18769	88941	53213
18770	88946	53208
18771	88950	53203
18772	88954	53198
18773	88959	53193
18774	88963	53188
18775	88967	53183
18776	88971	53178
18777	88975	53173
18778	88980	53168
18779	88985	53163
18780	88989	53158
18781	88994	53154
18782	88999	53149
18783	89003	53144
18784	89008	53139
18785	89011	53134
18786	89017	53129
18787	89022	53125
18788	89026	53120
18789	89030	53115
18790	89034	53110
18791	89039	53105
18792	89043	53100
18793	89048	53095
18794	89053	53090
18795	89057	53085
18796	89061	53080
18797	89065	53075
18798	89069	53070
18799	89074	53065
18800	89079	53060
18801	89084	53056
18802	89088	53051
18803	89092	53046
18804	89096	53041
18805	89102	53036
18806	89106	53031
18807	89111	53027
18808	89115	53022
18809	89120	53017
18810	89124	53012
18811	89129	53007
18812	89133	53002
18813	89139	52998
18814	89144	52993
18815	89148	52988
18816	89153	52984
18817	89157	52979
18818	89162	52974
18819	89166	52969
18820	89171	52964
18821	89175	52959
18822	89180	52954
18823	89185	52950
18824	89189	52945
18825	89193	52940
18826	89198	52935
18827	89202	52930
18828	89207	52925
18829	89211	52920
18830	89215	52915
18831	89219	52910
18832	89224	52905
18833	89229	52900
18834	89234	52896
18835	89238	52891
18836	89243	52886
18837	89247	52881
18838	89251	52876
18839	89258	52872
18840	89262	52867
18841	89268	52863
18842	89272	52858
18843	89277	52853
18844	89281	52848
18845	89285	52843
18846	89290	52838
18847	89295	52834
18848	89300	52829
18849	89304	52824
18850	89308	52819
18851	89312	52814
18852	89317	52809
18853	89322	52805
18854	89326	52800
18855	89331	52795
18856	89335	52790
18857	89340	52785
18858	89345	52780
18859	89349	52775
18860	89353	52770
18861	89359	52766
18862	89363	52761
18863	89368	52756
18864	89372	52751
18865	89376	52746
18866	89380	52741
18867	89384	52736
18868	89389	52731
18869	89394	52726
18870	89398	52722
18871	89403	52717
18872	89407	52712
18873	89411	52707
18874	89416	52702
18875	89422	52698
18876	89427	52693
18877	89431	52688
18878	89436	52683
18879	89440	52678
18880	89445	52674
18881	89450	52669
18882	89455	52665
18883	89461	52660
18884	89466	52656
18885	89471	52651
18886	89476	52647
18887	89482	52643
18888	89488	52639
18889	89493	52635
18890	89499	52630
18891	89504	52626
18892	89509	52621
18893	89514	52617
18894	89518	52612
18895	89523	52607
18896	89527	52602
18897	89531	52597
18898	89536	52592
18899	89541	52588
18900	89546	52583
18901	89551	52578
18902	89555	52573
18903	89560	52568
18904	89564	52563
18905	89568	52558
18906	89573	52553
18907	89576	52548
18908	89580	52543
18909	89585	52538
18910	89592	52534
18911	89597	52530
18912	89601	52525
18913	89605	52520
18914	89609	52515
18915	89613	52509
18916	89618	52505
18917	89622	52500
18918	89627	52495
18919	89632	52490
18920	89636	52485
18921	89641	52480
18922	89644	52475
18923	89649	52470
18924	89654	52466
18925	89658	52461
18926	89662	52456
18927	89666	52450
18928	89671	52446
18929	89675	52440
18930	89680	52436
18931	89684	52431
18932	89689	52426
18933	89693	52421
18934	89698	52416
18935	89701	52411
18936	89706	52406
18937	89711	52402
18938	89716	52397
18939	89722	52393
18940	89726	52388
18941	89731	52383
18942	89735	52378
18943	89740	52373
18944	89745	52369
18945	89751	52365
18946	89756	52360
18947	89760	52355
18948	89764	52350
18949	89769	52345
18950	89774	52340
18951	89779	52336
18952	89784	52332
18953	89789	52327
18954	89794	52322
18955	89798	52317
18956	89802	52312
18957	89807	52308
18958	89811	52303
18959	89816	52298
18960	89820	52293
18961	89825	52288
18962	89829	52283
18963	89833	52277
18964	89838	52273
18965	89843	52268
18966	89848	52264
18967	89852	52259
18968	89856	52254
18969	89860	52249
18970	89864	52243
18971	89869	52239
18972	89874	52234
18973	89879	52229
18974	89883	52224
18975	89887	52219
18976	89892	52214
18977	89897	52210
18978	89900	52204
18979	89905	52200
18980	89910	52195
18981	89914	52190
18982	89918	52185
18983	89922	52180
18984	89927	52175
18985	89932	52170
18986	89936	52165
18987	89940	52160
18988	89944	52155
18989	89949	52150
18990	89953	52145
18991	89957	52140
18992	89962	52135
18993	89966	52130
18994	89971	52125
18995	89975	52120
18996	89979	52115
18997	89983	52110
18998	89987	52105
18999	89992	52101
19000	89998	52096
19001	90003	52092
19002	90007	52087
19003	90011	52082
19004	90016	52077
19005	90019	52071
19006	90024	52067
19007	90028	52062
19008	90034	52057
19009	90038	52052
19010	90042	52047
19011	90047	52043
19012	90051	52037
19013	90056	52033
19014	90061	52028
19015	90066	52023
19016	90070	52018
19017	90074	52013
19018	90078	52008
19019	90083	52003
19020	90088	51999
19021	90093	51995
19022	90098	51990
19023	90103	51985
19024	90107	51980
19025	90111	51975
19026	90116	51970
19027	90121	51966
19028	90126	51961
19029	90132	51957
19030	90136	51952
19031	90140	51947
19032	90145	51942
19033	90150	51938
19034	90155	51933
19035	90160	51928
19036	90164	51924
19037	90169	51919
19038	90174	51914
19039	90179	51909
19040	90184	51905
19041	90189	51900
19042	90194	51896
19043	90199	51891
19044	90204	51886
19045	90209	51882
19046	90213	51877
19047	90217	51872
19048	90221	51867
19049	90227	51862
19050	90233	51858
19051	90238	51854
19052	90243	51849
19053	90247	51844
19054	90252	51840
19055	90257	51835
19056	90262	51831
19057	90267	51826
19058	90272	51821
19059	90276	51816
19060	90281	51811
19061	90285	51807
19062	90290	51802
19063	90295	51797
19064	90301	51793
19065	90305	51788
19066	90309	51783
19067	90313	51778
19068	90318	51773
19069	90323	51769
19070	90328	51764
19071	90333	51759
19072	90337	51754
19073	90341	51749
19074	90346	51744
19075	90351	51740
19076	90356	51735
19077	90361	51730
19078	90365	51726
19079	90369	51721
19080	90374	51716
19081	90379	51711
19082	90384	51707
19083	90389	51702
19084	90394	51697
19085	90398	51692
19086	90402	51687
19087	90407	51682
19088	90411	51677
19089	90417	51673
19090	90422	51669
19091	90426	51664
19092	90430	51659
19093	90435	51654
19094	90439	51649
19095	90445	51645
19096	90449	51640
19097	90454	51635
19098	90459	51630
19099	90464	51626
19100	90468	51621
19101	90473	51616
19102	90477	51611
19103	90483	51607
19104	90488	51602
19105	90492	51597
19106	90497	51592
19107	90502	51588
19108	90508	51584
19109	90515	51580
19110	90520	51576
19111	90525	51571
19112	90530	51567
19113	90536	51563
19114	90542	51559
19115	90548	51555
19116	90553	51550
19117	90558	51546
19118	90563	51541
19119	90568	51537
19120	90574	51532
19121	90579	51528
19122	90583	51523
19123	90588	51518
19124	90592	51513
19125	90596	51508
19126	90601	51503
19127	90606	51498
19128	90611	51494
19129	90615	51489
19130	90620	51484
19131	90624	51479
19132	90628	51474
19133	90633	51469
19134	90639	51465
19135	90644	51461
19136	90649	51456
19137	90653	51451
19138	90657	51446
19139	90661	51441
19140	90666	51436
19141	90671	51431
19142	90675	51426
19143	90679	51421
19144	90684	51417
19145	90688	51412
19146	90693	51407
19147	90698	51402
19148	90703	51398
19149	90707	51393
19150	90712	51388
19151	90718	51384
19152	90724	51380
19153	90730	51376
19154	90738	51373
19155	90745	51369
19156	90751	51365
19157	90757	51361
19158	90763	51357
19159	90768	51353
19160	90774	51349
19161	90779	51344
19162	90783	51339
19163	90789	51335
19164	90796	51332
19165	90803	51328
19166	90810	51325
19167	90819	51323
19168	90829	51321
19169	90838	51318
19170	90845	51315
19171	90855	51313
19172	90862	51310
19173	90873	51308
19174	90883	51306
19175	90890	51303
19176	90897	51300
19177	90905	51297
19178	90911	51293
19179	90916	51288
19180	90922	51284
19181	90927	51280
19182	90933	51275
19183	90938	51271
19184	90945	51267
19185	90951	51263
19186	90956	51259
19187	90962	51255
19188	90968	51251
19189	90973	51246
19190	90979	51242
19191	90983	51237
19192	90989	51233
19193	90994	51228
19194	91001	51225
19195	91006	51220
19196	91011	51216
19197	91016	51211
19198	91022	51207
19199	91028	51203
19200	91035	51200
19201	91040	51195
19202	91046	51191
19203	91052	51187
19204	91058	51183
19205	91064	51179
19206	91070	51175
19207	91076	51171
19208	91102	51178
19209	91125	51183
19210	91136	51182
19211	91145	51180
19212	91156	51179
19213	91164	51176
19214	91200	51189
19215	91241	51204
19216	91258	51207
19217	91285	51214
19218	91300	51215
19219	91326	51222
19220	91338	51222
19221	91360	51226
19222	91377	51228
19223	91386	51226
19224	91411	51233
19225	91427	51234
19226	91442	51235
19227	91460	51238
19228	91475	51239
19229	91496	51243
19230	91509	51243
19231	91525	51245
19232	91536	51243
19233	91550	51244
19234	91561	51242
19235	91572	51241
19236	91584	51240
19237	91592	51238
19238	91599	51234
19239	91609	51232
19240	91617	51229
19241	91630	51229
19242	91647	51231
19243	91656	51229
19244	91666	51227
19245	91678	51226
19246	91688	51224
19247	91698	51222
19248	91715	51224
19249	91726	51224
19250	91743	51226
19251	91753	51224
19252	91765	51223
19253	91776	51221
19254	91785	51219
19255	91794	51217
19256	91803	51214
19257	91812	51212
19258	91820	51209
19259	91827	51205
19260	91839	51205
19261	91845	51201
19262	91855	51199
19263	91862	51195
19264	91869	51192
19265	91875	51188
19266	91881	51183
19267	91887	51179
19268	91893	51175
19269	91897	51170
19270	91901	51165
19271	91906	51160
19272	91910	51155
19273	91916	51151
19274	91921	51147
19275	91927	51142
19276	91931	51137
19277	91935	51132
19278	91940	51127
19279	91946	51123
19280	91952	51119
19281	91958	51115
19282	91963	51110
19283	91967	51105
19284	91971	51100
19285	91976	51095
19286	91981	51091
19287	91986	51086
19288	91991	51081
19289	91995	51076
19290	91999	51071
19291	92004	51067
19292	92009	51062
19293	92013	51057
19294	92019	51052
19295	92024	51048
19296	92029	51043
19297	92033	51038
19298	92038	51034
19299	92044	51029
19300	92048	51024
19301	92053	51019
19302	92057	51014
19303	92061	51009
19304	92070	51006
19305	92080	51005
19306	92089	51003
19307	92098	51000
19308	92106	50997
19309	92112	50993
19310	92120	50990
19311	92127	50986
19312	92133	50983
19313	92140	50979
19314	92147	50975
19315	92153	50971
19316	92161	50968
19317	92167	50964
19318	92174	50960
19319	92179	50956
19320	92185	50952
19321	92190	50947
19322	92195	50943
19323	92201	50938
19324	92205	50933
19325	92210	50929
19326	92216	50924
19327	92222	50920
19328	92227	50916
19329	92232	50911
19330	92237	50906
19331	92242	50902
19332	92248	50898
19333	92254	50894
19334	92259	50889
19335	92264	50885
19336	92269	50880
19337	92275	50875
19338	92279	50871
19339	92286	50867
19340	92291	50862
19341	92296	50857
19342	92300	50852
19343	92306	50848
19344	92312	50844
19345	92317	50840
19346	92322	50835
19347	92328	50831
19348	92333	50826
19349	92339	50822
19350	92346	50818
19351	92353	50815
19352	92358	50810
19353	92368	50808
19354	92375	50805
19355	92382	50801
19356	92390	50798
19357	92396	50794
19358	92402	50790
19359	92408	50786
19360	92415	50782
19361	92421	50778
19362	92428	50775
19363	92435	50771
19364	92441	50767
19365	92446	50763
19366	92452	50759
19367	92458	50754
19368	92464	50750
19369	92471	50747
19370	92476	50742
19371	92482	50738
19372	92488	50734
19373	92494	50730
19374	92501	50726
19375	92506	50722
19376	92511	50717
19377	92516	50712
19378	92521	50707
19379	92527	50703
19380	92531	50698
19381	92537	50694
19382	92542	50690
19383	92547	50685
19384	92551	50680
19385	92557	50675
19386	92561	50670
19387	92567	50666
19388	92571	50661
19389	92576	50656
19390	92580	50651
19391	92584	50646
19392	92590	50642
19393	92596	50638
19394	92601	50633
19395	92605	50628
19396	92611	50624
19397	92615	50618
19398	92621	50614
19399	92626	50610
19400	92632	50606
19401	92638	50602
19402	92643	50597
19403	92650	50594
19404	92657	50590
19405	92663	50586
19406	92668	50581
19407	92674	50577
19408	92679	50573
19409	92686	50569
19410	92693	50565
19411	92699	50561
19412	92705	50557
19413	92710	50552
19414	92715	50548
19415	92720	50543
19416	92725	50538
19417	92730	50534
19418	92735	50529
19419	92740	50525
19420	92745	50520
19421	92750	50515
19422	92755	50510
19423	92761	50506
19424	92766	50502
19425	92770	50497
19426	92775	50492
19427	92780	50487
19428	92785	50483
19429	92792	50479
19430	92797	50474
19431	92802	50469
19432	92807	50465
19433	92810	50460
19434	92815	50455
19435	92821	50451
19436	92827	50447
19437	92832	50442
19438	92837	50437
19439	92840	50431
19440	92845	50427
19441	92850	50422
19442	92855	50417
19443	92861	50413
19444	92866	50409
19445	92871	50404
19446	92875	50399
19447	92880	50394
19448	92885	50389
19449	92890	50385
19450	92895	50380
19451	92900	50375
19452	92904	50370
19453	92909	50366
19454	92914	50361
19455	92919	50356
19456	92925	50352
19457	92930	50347
19458	92934	50342
19459	92939	50338
19460	92944	50333
19461	92949	50328
19462	92954	50324
19463	92958	50319
19464	92962	50314
19465	92967	50309
19466	92972	50304
19467	92977	50300
19468	92983	50295
19469	92989	50291
19470	92993	50286
19471	92998	50281
19472	93003	50277
19473	93008	50272
19474	93014	50268
19475	93020	50264
19476	93025	50259
19477	93029	50254
19478	93034	50249
19479	93039	50245
19480	93045	50240
19481	93049	50235
19482	93053	50230
19483	93058	50225
19484	93062	50220
19485	93067	50215
19486	93072	50211
19487	93078	50207
19488	93082	50202
19489	93087	50197
19490	93092	50192
19491	93096	50187
19492	93101	50183
19493	93107	50178
19494	93112	50174
19495	93116	50168
19496	93121	50164
19497	93125	50159
19498	93130	50154
19499	93134	50149
19500	93140	50144
19501	93144	50140
19502	93149	50135
19503	93154	50130
19504	93158	50125
19505	93163	50120
19506	93168	50116
19507	93174	50111
19508	93178	50106
19509	93183	50102
19510	93187	50097
19511	93192	50092
19512	93198	50088
19513	93203	50083
19514	93207	50078
19515	93212	50074
19516	93217	50069
19517	93221	50064
19518	93227	50059
19519	93232	50054
19520	93237	50050
19521	93243	50046
19522	93247	50041
19523	93251	50035
19524	93256	50031
19525	93261	50026
19526	93267	50022
19527	93272	50018
19528	93277	50012
19529	93282	50008
19530	93285	50003
19531	93290	49998
19532	93295	49993
19533	93300	49989
19534	93305	49984
19535	93310	49979
19536	93314	49974
19537	93319	49969
19538	93325	49965
19539	93330	49961
19540	93335	49956
19541	93340	49951
19542	93344	49946
19543	93349	49942
19544	93354	49936
19545	93358	49932
19546	93363	49927
19547	93368	49922
19548	93373	49918
19549	93378	49913
19550	93383	49908
19551	93387	49903
19552	93393	49899
19553	93398	49894
19554	93402	49889
19555	93407	49885
19556	93412	49880
19557	93417	49875
19558	93421	49870
19559	93425	49865
19560	93431	49861
19561	93437	49856
19562	93442	49852
19563	93447	49847
19564	93451	49842
19565	93456	49837
19566	93461	49833
19567	93466	49828
19568	93472	49824
19569	93477	49819
19570	93481	49814
19571	93487	49810
19572	93492	49805
19573	93499	49801
19574	93503	49797
19575	93508	49792
19576	93513	49787
19577	93519	49783
19578	93524	49778
19579	93529	49774
19580	93534	49769
19581	93539	49764
19582	93543	49759
19583	93548	49754
19584	93553	49750
19585	93557	49745
19586	93563	49740
19587	93567	49735
19588	93571	49730
19589	93576	49725
19590	93580	49720
19591	93586	49716
19592	93591	49712
19593	93596	49707
19594	93601	49702
19595	93606	49698
19596	93611	49693
19597	93617	49689
19598	93622	49684
19599	93627	49680
19600	93632	49675
19601	93637	49670
19602	93643	49666
19603	93649	49662
19604	93655	49658
19605	93660	49653
19606	93664	49648
19607	93670	49644
19608	93675	49639
19609	93681	49635
19610	93686	49630
19611	93692	49626
19612	93698	49622
19613	93704	49618
19614	93710	49614
19615	93717	49610
19616	93723	49606
19617	93729	49602
19618	93736	49598
19619	93742	49594
19620	93749	49590
19621	93755	49586
19622	93761	49582
19623	93766	49578
19624	93772	49573
19625	93777	49569
19626	93782	49564
19627	93788	49560
19628	93793	49555
19629	93797	49550
19630	93802	49545
19631	93808	49541
19632	93813	49537
19633	93819	49532
19634	93824	49528
19635	93828	49523
19636	93833	49518
19637	93839	49514
19638	93844	49509
19639	93849	49505
19640	93854	49500
19641	93859	49495
19642	93864	49490
19643	93870	49486
19644	93875	49482
19645	93880	49477
19646	93884	49472
19647	93888	49467
19648	93893	49462
19649	93899	49458
19650	93904	49453
19651	93908	49448
19652	93913	49443
19653	93917	49438
19654	93922	49433
19655	93927	49429
19656	93932	49424
19657	93937	49420
19658	93942	49415
19659	93947	49410
19660	93951	49405
19661	93956	49400
19662	93961	49396
19663	93965	49391
19664	93970	49386
19665	93975	49381
19666	93980	49377
19667	93985	49372
19668	93990	49367
19669	93995	49362
19670	93999	49358
19671	94006	49354
19672	94010	49349
19673	94015	49344
19674	94020	49339
19675	94024	49334
19676	94028	49329
19677	94033	49324
19678	94038	49320
19679	94043	49315
19680	94049	49311
19681	94053	49306
19682	94058	49301
19683	94062	49296
19684	94068	49291
19685	94073	49287
19686	94080	49283
19687	94085	49279
19688	94089	49274
19689	94095	49269
19690	94100	49265
19691	94106	49261
19692	94111	49256
19693	94116	49251
19694	94120	49246
19695	94126	49242
19696	94131	49237
19697	94136	49233
19698	94141	49228
19699	94145	49223
19700	94150	49218
19701	94155	49213
19702	94160	49209
19703	94165	49204
19704	94171	49200
19705	94176	49195
19706	94180	49190
19707	94186	49186
19708	94190	49181
19709	94194	49176
19710	94200	49171
19711	94205	49167
19712	94209	49162
19713	94214	49157
19714	94218	49152
19715	94224	49147
19716	94230	49143
19717	94235	49139
19718	94240	49134
19719	94245	49129
19720	94249	49124
19721	94255	49120
19722	94259	49115
19723	94265	49111
19724	94269	49106
19725	94274	49101
19726	94279	49096
19727	94283	49091
19728	94289	49087
19729	94296	49083
19730	94300	49078
19731	94305	49073
19732	94310	49069
19733	94314	49064
19734	94319	49059
19735	94324	49054
19736	94329	49050
19737	94333	49045
19738	94338	49040
19739	94343	49035
19740	94347	49030
19741	94353	49026
19742	94358	49021
19743	94363	49017
19744	94385	49021
19745	94389	49016
19746	94394	49011
19747	94398	49006
19748	94404	49001
19749	94408	48996
19750	94414	48992
19751	94420	48988
19752	94426	48984
19753	94430	48979
19754	94434	48974
19755	94439	48969
19756	94444	48964
19757	94449	48959
19758	94454	48955
19759	94459	48950
19760	94464	48945
19761	94468	48940
19762	94473	48936
19763	94480	48932
19764	94484	48927
19765	94490	48922
19766	94494	48918
19767	94498	48912
19768	94504	48908
19769	94510	48904
19770	94514	48899
19771	94519	48894
19772	94524	48890
19773	94529	48885
19774	94535	48881
19775	94540	48876
19776	94545	48871
19777	94550	48867
19778	94554	48861
19779	94558	48856
19780	94563	48852
19781	94569	48847
19782	94574	48843
19783	94579	48838
19784	94584	48833
19785	94588	48828
19786	94593	48824
19787	94598	48819
19788	94603	48814
19789	94608	48810
19790	94614	48805
19791	94619	48801
19792	94625	48797
19793	94630	48792
19794	94635	48787
19795	94640	48783
19796	94646	48779
19797	94652	48774
19798	94657	48770
19799	94662	48765
19800	94667	48760
19801	94672	48755
19802	94677	48751
19803	94681	48746
19804	94687	48742
19805	94691	48737
19806	94696	48732
19807	94701	48727
19808	94706	48722
19809	94711	48718
19810	94717	48714
19811	94722	48709
19812	94725	48704
19813	94730	48699
19814	94735	48694
19815	94740	48689
19816	94746	48685
19817	94752	48681
19818	94757	48676
19819	94763	48672
19820	94769	48668
19821	94774	48664
19822	94782	48660
19823	94788	48656
19824	94795	48652
19825	94800	48648
19826	94808	48645
19827	94814	48640
19828	94818	48635
19829	94822	48630
19830	94829	48626
19831	94834	48622
19832	94840	48618
19833	94845	48613
19834	94850	48608
19835	94855	48603
19836	94859	48598
19837	94863	48593
19838	94868	48589
19839	94874	48584
19840	94878	48579
19841	94882	48574
19842	94886	48569
19843	94891	48564
19844	94896	48560
19845	94902	48555
19846	94907	48551
19847	94912	48546
19848	94916	48541
19849	94921	48536
19850	94927	48532
19851	94932	48527
19852	94937	48523
19853	94942	48518
19854	94946	48513
19855	94950	48508
19856	94955	48503
19857	94961	48499
19858	94966	48494
19859	94970	48489
19860	94976	48485
19861	94981	48480
19862	94986	48476
19863	94991	48471
19864	94996	48466
19865	95000	48461
19866	95005	48456
19867	95009	48451
19868	95015	48447
19869	95021	48443
19870	95027	48439
19871	95032	48434
19872	95036	48429
19873	95041	48424
19874	95045	48419
19875	95051	48415
19876	95056	48410
19877	95061	48405
19878	95067	48401
19879	95072	48396
19880	95076	48391
19881	95081	48387
19882	95087	48382
19883	95091	48378
19884	95096	48373
19885	95101	48368
19886	95105	48363
19887	95112	48359
19888	95116	48354
19889	95121	48350
19890	95126	48345
19891	95131	48340
19892	95136	48335
19893	95141	48331
19894	95148	48327
19895	95154	48323
19896	95159	48318
19897	95163	48313
19898	95167	48308
19899	95173	48304
19900	95178	48299
19901	95183	48294
19902	95188	48290
19903	95192	48284
19904	95197	48280
19905	95202	48275
19906	95206	48270
19907	95210	48265
19908	95215	48260
19909	95221	48256
19910	95225	48251
19911	95231	48246
19912	95235	48241
19913	95240	48236
19914	95244	48232
19915	95250	48227
19916	95255	48223
19917	95261	48219
19918	95266	48214
19919	95270	48209
19920	95274	48204
19921	95279	48199
19922	95284	48194
19923	95290	48190
19924	95295	48185
19925	95299	48180
19926	95304	48176
19927	95309	48171
19928	95314	48166
19929	95318	48161
19930	95323	48156
19931	95328	48151
19932	95333	48147
19933	95337	48142
19934	95342	48137
19935	95349	48133
19936	95355	48129
19937	95359	48124
19938	95364	48119
19939	95369	48115
19940	95374	48110
19941	95379	48106
19942	95384	48101
19943	95389	48096
19944	95394	48091
19945	95399	48087
19946	95403	48082
19947	95408	48077
19948	95413	48072
19949	95419	48068
19950	95424	48063
19951	95428	48058
19952	95433	48053
19953	95438	48049
19954	95443	48044
19955	95448	48039
19956	95452	48034
19957	95457	48030
19958	95462	48025
19959	95466	48020
19960	95472	48015
19961	95477	48011
19962	95482	48006
19963	95487	48002
19964	95491	47996
19965	95496	47992
19966	95501	47987
19967	95506	47982
19968	95511	47978
19969	95516	47973
19970	95522	47969
19971	95526	47964
19972	95531	47959
19973	95536	47954
19974	95542	47950
19975	95547	47946
19976	95553	47941
19977	95557	47936
19978	95563	47932
19979	95569	47928
19980	95574	47923
19981	95578	47918
19982	95584	47914
19983	95589	47909
19984	95596	47905
19985	95600	47900
19986	95606	47896
19987	95611	47891
19988	95616	47887
19989	95620	47882
19990	95626	47877
19991	95632	47873
19992	95636	47868
19993	95642	47864
19994	95647	47859
19995	95652	47854
19996	95657	47850
19997	95662	47845
19998	95667	47840
19999	95672	47836
20000	95677	47831
20001	95681	47826
20002	95686	47821
20003	95699	47821
20004	95705	47817
20005	95712	47813
20006	95718	47809
20007	95723	47804
20008	95729	47800
20009	95733	47794
20010	95738	47790
20011	95741	47784
20012	95746	47780
20013	95751	47775
20014	95757	47771
20015	95763	47766
20016	95767	47761
20017	95772	47757
20018	95777	47752
20019	95783	47748
20020	95790	47744
20021	95795	47739
20022	95801	47735
20023	95806	47731
20024	95813	47727
20025	95820	47723
20026	95826	47719
20027	95832	47715
20028	95839	47711
20029	95844	47707
20030	95850	47702
20031	95855	47698
20032	95860	47693
20033	95866	47689
20034	95871	47684
20035	95875	47679
20036	95879	47674
20037	95883	47668
20038	95889	47664
20039	95894	47660
20040	95900	47655
20041	95905	47651
20042	95910	47646
20043	95914	47641
20044	95919	47636
20045	95924	47632
20046	95929	47627
20047	95934	47622
20048	95938	47617
20049	95943	47612
20050	95947	47607
20051	95952	47603
20052	95957	47598
20053	95963	47594
20054	95967	47589
20055	95972	47584
20056	95978	47579
20057	95983	47575
20058	95988	47570
20059	95994	47566
20060	95999	47561
20061	96003	47556
20062	96007	47551
20063	96012	47546
20064	96017	47542
20065	96022	47537
20066	96027	47532
20067	96032	47527
20068	96036	47523
20069	96041	47518
20070	96046	47513
20071	96051	47508
20072	96056	47504
20073	96061	47499
20074	96066	47494
20075	96071	47490
20076	96075	47485
20077	96081	47480
20078	96086	47476
20079	96090	47471
20080	96095	47466
20081	96100	47461
20082	96105	47457
20083	96111	47452
20084	96117	47448
20085	96121	47443
20086	96127	47439
20087	96131	47434
20088	96136	47429
20089	96141	47424
20090	96146	47420
20091	96152	47415
20092	96156	47410
20093	96160	47405
20094	96165	47400
20095	96169	47395
20096	96175	47391
20097	96180	47386
20098	96185	47381
20099	96189	47377
20100	96194	47372
20101	96198	47367
20102	96204	47362
20103	96210	47358
20104	96216	47354
20105	96220	47349
20106	96225	47344
20107	96229	47339
20108	96234	47334
20109	96239	47330
20110	96245	47325
20111	96249	47320
20112	96254	47316
20113	96258	47311
20114	96263	47306
20115	96268	47301
20116	96273	47296
20117	96278	47292
20118	96282	47287
20119	96288	47282
20120	96292	47277
20121	96297	47273
20122	96303	47268
20123	96307	47263
20124	96312	47258
20125	96317	47254
20126	96322	47249
20127	96327	47244
20128	96332	47240
20129	96336	47235
20130	96341	47230
20131	96345	47225
20132	96349	47220
20133	96354	47215
20134	96359	47210
20135	96364	47205
20136	96369	47201
20137	96375	47196
20138	96379	47192
20139	96384	47187
20140	96389	47182
20141	96394	47177
20142	96398	47172
20143	96402	47167
20144	96407	47162
20145	96412	47158
20146	96416	47153
20147	96422	47148
20148	96428	47144
20149	96434	47140
20150	96439	47135
20151	96444	47130
20152	96448	47125
20153	96453	47121
20154	96458	47116
20155	96462	47111
20156	96467	47106
20157	96473	47102
20158	96478	47097
20159	96483	47093
20160	96487	47087
20161	96491	47082
20162	96497	47078
20163	96502	47073
20164	96507	47069
20165	96512	47064
20166	96517	47059
20167	96522	47054
20168	96526	47050
20169	96531	47045
20170	96537	47041
20171	96542	47036
20172	96547	47031
20173	96552	47026
20174	96557	47022
20175	96562	47017
20176	96567	47012
20177	96572	47008
20178	96577	47003
20179	96582	46998
20180	96586	46994
20181	96592	46989
20182	96596	46984
20183	96602	46980
20184	96607	46975
20185	96613	46971
20186	96618	46966
20187	96624	46962
20188	96630	46958
20189	96636	46954
20190	96640	46949
20191	96645	46944
20192	96650	46939
20193	96655	46934
20194	96660	46930
20195	96665	46925
20196	96670	46921
20197	96675	46916
20198	96681	46911
20199	96687	46907
20200	96692	46903
20201	96697	46898
20202	96702	46893
20203	96706	46888
20204	96711	46884
20205	96716	46879
20206	96721	46874
20207	96726	46869
20208	96731	46865
20209	96736	46860
20210	96741	46855
20211	96746	46851
20212	96750	46846
20213	96756	46841
20214	96762	46837
20215	96766	46832
20216	96770	46827
20217	96775	46822
20218	96781	46818
20219	96786	46813
20220	96792	46809
20221	96798	46805
20222	96802	46800
20223	96806	46795
20224	96812	46790
20225	96816	46785
20226	96822	46781
20227	96825	46775
20228	96829	46770
20229	96835	46766
20230	96841	46762
20231	96848	46758
20232	96854	46754
20233	96860	46749
20234	96866	46745
20235	96871	46741
20236	96877	46736
20237	96883	46732
20238	96889	46728
20239	96895	46724
20240	96900	46719
20241	96906	46715
20242	96912	46711
20243	96917	46706
20244	96921	46701
20245	96926	46696
20246	96931	46692
20247	96937	46687
20248	96942	46683
20249	96947	46678
20250	96951	46673
20251	96955	46668
20252	96960	46663
20253	96964	46658
20254	96969	46653
20255	96975	46649
20256	96980	46644
20257	96984	46639
20258	96989	46634
20259	96994	46630
20260	96999	46625
20261	97005	46621
20262	97009	46616
20263	97015	46611
20264	97019	46606
20265	97024	46602
20266	97029	46597
20267	97035	46593
20268	97040	46588
20269	97044	46583
20270	97049	46578
20271	97053	46573
20272	97059	46569
20273	97067	46565
20274	97071	46560
20275	97075	46555
20276	97080	46551
20277	97085	46546
20278	97089	46541
20279	97093	46535
20280	97097	46530
20281	97102	46526
20282	97107	46521
20283	97113	46517
20284	97117	46512
20285	97123	46507
20286	97127	46502
20287	97132	46497
20288	97137	46493
20289	97143	46489
20290	97148	46484
20291	97153	46479
20292	97157	46474
20293	97162	46469
20294	97167	46465
20295	97172	46460
20296	97177	46455
20297	97182	46450
20298	97186	46446
20299	97191	46441
20300	97196	46436
20301	97201	46431
20302	97205	46426
20303	97211	46422
20304	97214	46417
20305	97219	46412
20306	97223	46407
20307	97228	46402
20308	97233	46397
20309	97239	46393
20310	97244	46388
20311	97248	46383
20312	97253	46378
20313	97257	46373
20314	97263	46369
20315	97269	46365
20316	97274	46360
20317	97279	46356
20318	97283	46350
20319	97288	46346
20320	97293	46341
20321	97298	46336
20322	97303	46331
20323	97308	46327
20324	97312	46322
20325	97317	46317
20326	97322	46312
20327	97327	46308
20328	97331	46303
20329	97337	46298
20330	97341	46293
20331	97345	46288
20332	97350	46283
20333	97355	46278
20334	97359	46274
20335	97365	46269
20336	97370	46265
20337	97374	46259
20338	97378	46254
20339	97383	46250
20340	97388	46245
20341	97393	46240
20342	97398	46235
20343	97403	46231
20344	97408	46226
20345	97412	46221
20346	97417	46216
20347	97422	46211
20348	97429	46208
20349	97433	46203
20350	97438	46198
20351	97443	46193
20352	97448	46188
20353	97453	46184
20354	97459	46179
20355	97463	46175
20356	97468	46170
20357	97472	46165
20358	97477	46160
20359	97483	46156
20360	97489	46152
20361	97494	46147
20362	97499	46142
20363	97504	46137
20364	97508	46132
20365	97514	46128
20366	97520	46124
20367	97525	46119
20368	97529	46114
20369	97535	46110
20370	97539	46105
20371	97545	46100
20372	97550	46096
20373	97555	46091
20374	97559	46086
20375	97564	46081
20376	97568	46076
20377	97573	46071
20378	97580	46068
20379	97586	46063
20380	97590	46058
20381	97595	46054
20382	97600	46049
20383	97605	46044
20384	97610	46040
20385	97615	46035
20386	97620	46030
20387	97625	46025
20388	97630	46021
20389	97635	46016
20390	97641	46012
20391	97646	46007
20392	97650	46002
20393	97654	45997
20394	97659	45992
20395	97664	45988
20396	97670	45983
20397	97675	45978
20398	97680	45974
20399	97685	45969
20400	97689	45964
20401	97694	45959
20402	97698	45954
20403	97702	45949
20404	97707	45944
20405	97712	45940
20406	97718	45935
20407	97724	45931
20408	97729	45926
20409	97733	45922
20410	97738	45916
20411	97741	45911
20412	97746	45906
20413	97752	45902
20414	97758	45898
20415	97763	45893
20416	97766	45888
20417	97772	45883
20418	97778	45879
20419	97783	45874
20420	97788	45870
20421	97793	45865
20422	97798	45861
20423	97803	45856
20424	97809	45851
20425	97815	45847
20426	97820	45842
20427	97826	45838
20428	97830	45833
20429	97836	45829
20430	97842	45825
20431	97847	45820
20432	97852	45816
20433	97857	45811
20434	97862	45806
20435	97867	45801
20436	97872	45796
20437	97876	45792
20438	97882	45787
20439	97887	45782
20440	97892	45778
20441	97898	45773
20442	97905	45770
20443	97911	45766
20444	97917	45761
20445	97923	45757
20446	97928	45753
20447	97934	45748
20448	97940	45744
20449	97946	45740
20450	97952	45735
20451	97956	45731
20452	97961	45726
20453	97967	45722
20454	97972	45717
20455	97977	45712
20456	97982	45707
20457	97986	45702
20458	97991	45698
20459	97997	45693
20460	98001	45688
20461	98007	45684
20462	98012	45679
20463	98017	45674
20464	98022	45670
20465	98027	45665
20466	98032	45660
20467	98037	45656
20468	98042	45651
20469	98047	45646
20470	98052	45642
20471	98057	45637
20472	98062	45632
20473	98068	45628
20474	98073	45623
20475	98077	45618
20476	98081	45613
20477	98086	45608
20478	98091	45604
20479	98096	45599
20480	98100	45594
20481	98105	45589
20482	98110	45584
20483	98114	45579
20484	98120	45575
20485	98126	45571
20486	98131	45566
20487	98136	45561
20488	98141	45557
20489	98146	45552
20490	98150	45547
20491	98154	45542
20492	98160	45537
20493	98165	45533
20494	98169	45528
20495	98174	45523
20496	98179	45518
20497	98184	45514
20498	98190	45509
20499	98195	45505
20500	98200	45500
20501	98205	45495
20502	98209	45490
20503	98214	45486
20504	98219	45481
20505	98225	45476
20506	98230	45472
20507	98234	45467
20508	98239	45462
20509	98244	45457
20510	98250	45453
20511	98254	45448
20512	98259	45443
20513	98263	45438
20514	98268	45434
20515	98274	45429
20516	98278	45424
20517	98284	45420
20518	98289	45415
20519	98293	45410
20520	98297	45405
20521	98302	45400
20522	98306	45395
20523	98311	45390
20524	98316	45386
20525	98321	45381
20526	98326	45376
20527	98330	45371
20528	98335	45366
20529	98340	45361
20530	98344	45356
20531	98349	45352
20532	98356	45348
20533	98362	45344
20534	98367	45339
20535	98371	45334
20536	98376	45329
20537	98381	45325
20538	98386	45320
20539	98391	45315
20540	98396	45311
20541	98401	45306
20542	98405	45301
20543	98410	45296
20544	98414	45291
20545	98419	45286
20546	98425	45282
20547	98430	45277
20548	98435	45272
20549	98440	45268
20550	98445	45263
20551	98449	45258
20552	98454	45253
20553	98458	45248
20554	98463	45243
20555	98468	45239
20556	98472	45234
20557	98478	45229
20558	98484	45225
20559	98490	45221
20560	98494	45216
20561	98499	45211
20562	98505	45207
20563	98510	45202
20564	98516	45198
20565	98521	45193
20566	98526	45188
20567	98531	45184
20568	98536	45179
20569	98542	45175
20570	98548	45171
20571	98553	45166
20572	98559	45162
20573	98563	45157
20574	98568	45152
20575	98574	45147
20576	98579	45143
20577	98585	45138
20578	98589	45134
20579	98594	45129
20580	98599	45124
20581	98604	45120
20582	98609	45115
20583	98615	45110
20584	98619	45105
20585	98623	45100
20586	98628	45095
20587	98634	45091
20588	98639	45086
20589	98643	45082
20590	98648	45077
20591	98652	45072
20592	98657	45067
20593	98661	45062
20594	98666	45057
20595	98672	45053
20596	98677	45048
20597	98682	45043
20598	98687	45039
20599	98692	45034
20600	98698	45030
20601	98704	45025
20602	98709	45021
20603	98713	45016
20604	98718	45011
20605	98722	45006
20606	98728	45001
20607	98732	44996
20608	98737	44992
20609	98741	44987
20610	98746	44982
20611	98752	44978
20612	98758	44973
20613	98764	44969
20614	98769	44965
20615	98774	44960
20616	98779	44955
20617	98783	44950
20618	98788	44945
20619	98792	44940
20620	98798	44936
20621	98802	44931
20622	98807	44926
20623	98812	44921
20624	98816	44916
20625	98821	44912
20626	98825	44906
20627	98831	44902
20628	98835	44897
20629	98840	44892
20630	98844	44887
20631	98848	44882
20632	98854	44878
20633	98859	44873
20634	98864	44868
20635	98868	44863
20636	98873	44858
20637	98878	44854
20638	98883	44849
20639	98888	44844
20640	98893	44840
20641	98898	44835
20642	98902	44830
20643	98907	44825
20644	98911	44820
20645	98916	44815
20646	98922	44811
20647	98926	44806
20648	98931	44801
20649	98935	44796
20650	98942	44792
20651	98947	44788
20652	98953	44783
20653	98958	44778
20654	98965	44775
20655	98971	44770
20656	98975	44766
20657	98982	44761
20658	98987	44757
20659	98995	44753
20660	99001	44749
20661	99006	44745
20662	99011	44740
20663	99016	44735
20664	99020	44730
20665	99026	44726
20666	99031	44721
20667	99036	44717
20668	99041	44712
20669	99046	44707
20670	99051	44702
20671	99057	44698
20672	99062	44693
20673	99067	44688
20674	99071	44684
20675	99075	44679
20676	99080	44674
20677	99085	44669
20678	99091	44665
20679	99096	44660
20680	99101	44655
20681	99105	44650
20682	99110	44645
20683	99115	44641
20684	99119	44636
20685	99125	44631
20686	99130	44627
20687	99135	44622
20688	99140	44617
20689	99144	44612
20690	99149	44607
20691	99154	44603
20692	99159	44598
20693	99164	44593
20694	99168	44588
20695	99173	44583
20696	99178	44579
20697	99184	44574
20698	99188	44570
20699	99193	44565
20700	99198	44560
20701	99202	44555
20702	99207	44550
20703	99212	44546
20704	99218	44541
20705	99223	44537
20706	99228	44532
20707	99232	44527
20708	99236	44522
20709	99242	44517
20710	99247	44512
20711	99252	44508
20712	99257	44503
20713	99261	44498
20714	99265	44493
20715	99271	44489
20716	99276	44484
20717	99282	44480
20718	99287	44475
20719	99291	44470
20720	99296	44465
20721	99301	44460
20722	99305	44455
20723	99311	44451
20724	99316	44446
20725	99320	44441
20726	99325	44436
20727	99330	44432
20728	99335	44427
20729	99341	44423
20730	99346	44418
20731	99351	44413
20732	99356	44409
20733	99361	44404
20734	99366	44399
20735	99371	44395
20736	99376	44390
20737	99380	44385
20738	99384	44380
20739	99389	44375
20740	99394	44370
20741	99399	44366
20742	99405	44361
20743	99410	44357
20744	99415	44352
20745	99420	44347
20746	99424	44342
20747	99429	44337
20748	99436	44333
20749	99441	44329
20750	99446	44324
20751	99451	44319
20752	99455	44314
20753	99460	44310
20754	99465	44305
20755	99471	44301
20756	99475	44296
20757	99480	44291
20758	99485	44286
20759	99490	44282
20760	99496	44277
20761	99501	44273
20762	99506	44268
20763	99511	44263
20764	99516	44258
20765	99520	44253
20766	99527	44249
20767	99532	44245
20768	99536	44240
20769	99541	44235
20770	99546	44230
20771	99551	44225
20772	99556	44221
20773	99561	44216
20774	99566	44211
20775	99572	44207
20776	99576	44202
20777	99581	44197
20778	99585	44192
20779	99591	44188
20780	99595	44183
20781	99600	44178
20782	99604	44173
20783	99610	44168
20784	99614	44164
20785	99619	44159
20786	99623	44154
20787	99628	44149
20788	99635	44145
20789	99640	44140
20790	99645	44136
20791	99649	44131
20792	99654	44126
20793	99659	44121
20794	99665	44117
20795	99670	44112
20796	99675	44108
20797	99681	44103
20798	99686	44098
20799	99690	44093
20800	99696	44089
20801	99701	44085
20802	99705	44079
20803	99710	44075
20804	99714	44069
20805	99719	44065
20806	99724	44060
20807	99730	44056
20808	99736	44051
20809	99741	44047
20810	99746	44042
20811	99750	44037
20812	99755	44032
20813	99760	44028
20814	99766	44023
20815	99770	44018
20816	99775	44014
20817	99780	44009
20818	99785	44004
20819	99791	44000
20820	99795	43995
20821	99801	43990
20822	99806	43986
20823	99810	43981
20824	99815	43976
20825	99820	43971
20826	99825	43966
20827	99830	43962
20828	99834	43957
20829	99839	43952
20830	99843	43947
20831	99849	43942
20832	99854	43938
20833	99859	43933
20834	99864	43928
20835	99869	43924
20836	99873	43919
20837	99878	43914
20838	99883	43909
20839	99888	43904
20840	99893	43900
20841	99898	43895
20842	99903	43890
20843	99907	43885
20844	99913	43881
20845	99918	43876
20846	99924	43872
20847	99928	43867
20848	99933	43862
20849	99938	43857
20850	99942	43852
20851	99947	43848
20852	99952	43843
20853	99957	43838
20854	99962	43833
20855	99966	43829
20856	99971	43824
20857	99976	43819
20858	99982	43814
20859	99987	43810
20860	99993	43806
20861	99999	43801
20862	100006	43798
20863	100013	43794
20864	100018	43789
20865	100024	43785
20866	100030	43780
20867	100036	43776
20868	100042	43772
20869	100049	43768
20870	100055	43764
20871	100059	43759
20872	100065	43754
20873	100070	43750
20874	100077	43746
20875	100082	43741
20876	100086	43736
20877	100091	43732
20878	100096	43727
20879	100101	43722
20880	100107	43718
20881	100111	43713
20882	100116	43708
20883	100121	43703
20884	100125	43698
20885	100131	43694
20886	100135	43689
20887	100141	43684
20888	100146	43680
20889	100151	43675
20890	100156	43670
20891	100160	43665
20892	100165	43661
20893	100170	43656
20894	100175	43651
20895	100180	43646
20896	100184	43641
20897	100189	43636
20898	100193	43631
20899	100198	43627
20900	100203	43622
20901	100208	43617
20902	100214	43613
20903	100219	43608
20904	100223	43603
20905	100229	43599
20906	100233	43594
20907	100238	43589
20908	100244	43585
20909	100249	43580
20910	100253	43575
20911	100258	43570
20912	100263	43566
20913	100268	43561
20914	100275	43557
20915	100280	43552
20916	100285	43547
20917	100289	43542
20918	100294	43537
20919	100297	43532
20920	100302	43527
20921	100308	43523
20922	100313	43519
20923	100318	43514
20924	100322	43509
20925	100327	43504
20926	100332	43499
20927	100338	43495
20928	100342	43490
20929	100347	43485
20930	100351	43480
20931	100356	43475
20932	100361	43470
20933	100367	43466
20934	100372	43462
20935	100377	43457
20936	100383	43452
20937	100387	43447
20938	100392	43443
20939	100399	43439
20940	100404	43434
20941	100410	43430
20942	100414	43425
20943	100418	43420
20944	100424	43415
20945	100429	43411
20946	100435	43406
20947	100440	43402
20948	100445	43397
20949	100451	43393
20950	100457	43388
20951	100462	43384
20952	100468	43380
20953	100473	43375
20954	100479	43370
20955	100484	43366
20956	100489	43361
20957	100496	43357
20958	100501	43353
20959	100506	43348
20960	100511	43343
20961	100516	43338
20962	100521	43334
20963	100527	43330
20964	100533	43325
20965	100537	43320
20966	100542	43315
20967	100547	43311
20968	100552	43306
20969	100556	43301
20970	100562	43296
20971	100567	43291
20972	100572	43287
20973	100577	43282
20974	100582	43278
20975	100587	43273
20976	100592	43268
20977	100597	43263
20978	100601	43258
20979	100607	43254
20980	100613	43250
20981	100619	43245
20982	100625	43241
20983	100630	43237
20984	100635	43232
20985	100640	43227
20986	100644	43222
20987	100650	43217
20988	100655	43213
20989	100660	43208
20990	100664	43203
20991	100669	43199
20992	100675	43194
20993	100681	43190
20994	100686	43185
20995	100690	43180
20996	100695	43175
20997	100699	43170
20998	100704	43165
20999	100710	43161
21000	100716	43157
21001	100720	43152
21002	100726	43147
21003	100731	43143
21004	100737	43139
21005	100742	43134
21006	100747	43129
21007	100751	43124
21008	100756	43119
21009	100761	43114
21010	100765	43109
21011	100771	43105
21012	100776	43101
21013	100781	43096
21014	100786	43091
21015	100791	43086
21016	100795	43081
21017	100800	43077
21018	100806	43072
21019	100811	43067
21020	100815	43062
21021	100820	43058
21022	100825	43053
21023	100830	43048
21024	100835	43043
21025	100839	43038
21026	100844	43034
21027	100850	43029
21028	100855	43024
21029	100859	43019
21030	100864	43015
21031	100869	43010
21032	100873	43005
21033	100879	43001
21034	100884	42996
21035	100889	42991
21036	100893	42986
21037	100899	42982
21038	100903	42977
21039	100908	42972
21040	100915	42968
21041	100919	42963
21042	100924	42958
21043	100929	42953
21044	100933	42949
21045	100938	42944
21046	100944	42939
21047	100949	42935
21048	100954	42930
21049	100959	42925
21050	100963	42920
21051	100967	42915
21052	100973	42911
21053	100978	42906
21054	100983	42901
21055	100988	42897
21056	100993	42892
21057	100998	42887
21058	101002	42882
21059	101007	42878
21060	101012	42872
21061	101017	42868
21062	101021	42863
21063	101025	42858
21064	101030	42853
21065	101036	42849
21066	101042	42844
21067	101049	42840
21068	101054	42836
21069	101060	42832
21070	101066	42827
21071	101072	42823
21072	101077	42818
21073	101084	42814
21074	101090	42810
21075	101097	42806
21076	101102	42802
21077	101109	42797
21078	101113	42793
21079	101118	42788
21080	101123	42783
21081	101128	42778
21082	101134	42774
21083	101140	42770
21084	101145	42765
21085	101150	42761
21086	101155	42756
21087	101160	42751
21088	101166	42746
21089	101171	42742
21090	101175	42737
21091	101179	42732
21092	101184	42727
21093	101189	42722
21094	101194	42718
21095	101200	42713
21096	101204	42708
21097	101208	42703
21098	101213	42698
21099	101218	42693
21100	101223	42689
21101	101227	42684
21102	101232	42679
21103	101236	42674
21104	101241	42669
21105	101246	42665
21106	101251	42660
21107	101256	42655
21108	101261	42650
21109	101266	42646
21110	101270	42641
21111	101275	42636
21112	101280	42631
21113	101285	42626
21114	101290	42621
21115	101295	42617
21116	101300	42612
21117	101304	42607
21118	101309	42602
21119	101314	42597
21120	101319	42593
21121	101324	42588
21122	101329	42584
21123	101333	42578
21124	101338	42574
21125	101344	42569
21126	101350	42565
21127	101355	42560
21128	101359	42555
21129	101364	42550
21130	101369	42546
21131	101375	42541
21132	101379	42536
21133	101384	42532
21134	101389	42527
21135	101393	42522
21136	101398	42517
21137	101402	42512
21138	101408	42508
21139	101414	42503
21140	101419	42499
21141	101424	42494
21142	101430	42490
21143	101435	42485
21144	101440	42480
21145	101446	42476
21146	101452	42472
21147	101458	42467
21148	101463	42463
21149	101468	42458
21150	101474	42453
21151	101478	42449
21152	101483	42444
21153	101489	42439
21154	101495	42435
21155	101499	42430
21156	101504	42425
21157	101508	42420
21158	101513	42415
21159	101519	42411
21160	101524	42407
21161	101528	42401
21162	101532	42396
21163	101538	42392
21164	101542	42387
21165	101547	42382
21166	101552	42377
21167	101558	42373
21168	101563	42368
21169	101568	42364
21170	101572	42359
21171	101577	42354
21172	101582	42349
21173	101587	42344
21174	101592	42340
21175	101596	42335
21176	101601	42330
21177	101606	42325
21178	101611	42320
21179	101617	42316
21180	101622	42311
21181	101626	42306
21182	101631	42301
21183	101635	42297
21184	101642	42292
21185	101646	42288
21186	101651	42283
21187	101656	42278
21188	101660	42273
21189	101665	42268
21190	101670	42264
21191	101675	42259
21192	101681	42254
21193	101685	42249
21194	101690	42245
21195	101694	42240
21196	101699	42235
21197	101704	42230
21198	101710	42226
21199	101715	42221
21200	101720	42216
21201	101725	42212
21202	101730	42207
21203	101736	42202
21204	101740	42197
21205	101745	42193
21206	101749	42188
21207	101754	42183
21208	101758	42178
21209	101763	42173
21210	101768	42169
21211	101774	42164
21212	101780	42160
21213	101784	42155
21214	101788	42150
21215	101793	42145
21216	101798	42140
21217	101803	42135
21218	101808	42131
21219	101813	42126
21220	101817	42121
21221	101821	42116
21222	101826	42111
21223	101831	42106
21224	101836	42102
21225	101841	42097
21226	101845	42092
21227	101850	42087
21228	101854	42082
21229	101859	42077
21230	101864	42072
21231	101869	42068
21232	101874	42063
21233	101879	42058
21234	101884	42053
21235	101888	42049
21236	101893	42044
21237	101898	42039
21238	101903	42034
21239	101908	42029
21240	101912	42024
21241	101917	42020
21242	101922	42015
21243	101928	42011
21244	101933	42006
21245	101937	42001
21246	101941	41996
21247	101947	41991
21248	101952	41987
21249	101957	41982
21250	101962	41977
21251	101967	41972
21252	101971	41967
21253	101975	41962
21254	101980	41958
21255	101986	41953
21256	101993	41949
21257	101997	41944
21258	102001	41939
21259	102006	41935
21260	102012	41930
21261	102017	41925
21262	102022	41921
21263	102026	41916
21264	102030	41911
21265	102036	41906
21266	102041	41901
21267	102046	41897
21268	102051	41892
21269	102058	41888
21270	102062	41883
21271	102067	41878
21272	102071	41873
21273	102075	41868
21274	102080	41863
21275	102085	41859
21276	102091	41854
21277	102097	41850
21278	102103	41846
21279	102109	41841
21280	102114	41837
21281	102120	41832
21282	102127	41828
21283	102133	41824
21284	102138	41820
21285	102144	41815
21286	102149	41810
21287	102153	41805
21288	102158	41800
21289	102163	41796
21290	102168	41791
21291	102173	41786
21292	102177	41781
21293	102182	41776
21294	102187	41772
21295	102193	41767
21296	102197	41762
21297	102202	41758
21298	102206	41753
21299	102211	41748
21300	102216	41743
21301	102222	41739
21302	102227	41734
21303	102232	41729
21304	102236	41724
21305	102240	41719
21306	102244	41714
21307	102249	41709
21308	102255	41705
21309	102260	41700
21310	102264	41695
21311	102268	41690
21312	102273	41685
21313	102279	41681
21314	102284	41676
21315	102288	41671
21316	102294	41667
21317	102299	41662
21318	102303	41657
21319	102309	41653
21320	102314	41648
21321	102318	41643
21322	102322	41638
21323	102327	41633
21324	102331	41628
21325	102336	41623
21326	102341	41619
21327	102347	41614
21328	102352	41610
21329	102357	41605
21330	102363	41600
21331	102367	41595
21332	102372	41591
21333	102378	41586
21334	102384	41582
21335	102389	41577
21336	102394	41572
21337	102399	41568
21338	102405	41563
21339	102411	41559
21340	102417	41555
21341	102423	41550
21342	102427	41546
21343	102433	41541
21344	102437	41536
21345	102443	41532
21346	102447	41527
21347	102452	41522
21348	102456	41517
21349	102461	41512
21350	102466	41507
21351	102471	41503
21352	102477	41498
21353	102482	41493
21354	102486	41489
21355	102491	41484
21356	102496	41479
21357	102500	41474
21358	102506	41470
21359	102511	41465
21360	102516	41460
21361	102520	41455
21362	102525	41450
21363	102530	41446
21364	102535	41441
21365	102540	41436
21366	102545	41431
21367	102549	41426
21368	102555	41422
21369	102560	41417
21370	102565	41412
21371	102570	41408
21372	102575	41403
21373	102579	41398
21374	102585	41393
21375	102589	41389
21376	102594	41384
21377	102600	41379
21378	102605	41375
21379	102609	41370
21380	102614	41365
21381	102619	41360
21382	102625	41356
21383	102632	41352
21384	102638	41348
21385	102643	41343
21386	102648	41338
21387	102653	41333
21388	102658	41329
21389	102664	41324
21390	102668	41319
21391	102673	41315
21392	102678	41310
21393	102683	41305
21394	102688	41300
21395	102694	41296
21396	102699	41291
21397	102704	41287
21398	102709	41282
21399	102714	41277
21400	102718	41272
21401	102723	41267
21402	102727	41262
21403	102732	41258
21404	102738	41253
21405	102743	41249
21406	102748	41244
21407	102752	41239
21408	102758	41234
21409	102762	41229
21410	102768	41225
21411	102772	41220
21412	102776	41215
21413	102781	41210
21414	102785	41205
21415	102790	41200
21416	102796	41196
21417	102801	41191
21418	102805	41186
21419	102810	41181
21420	102815	41177
21421	102819	41172
21422	102824	41167
21423	102830	41163
21424	102836	41158
21425	102841	41153
21426	102845	41148
21427	102849	41143
21428	102855	41139
21429	102860	41134
21430	102866	41130
21431	102870	41125
21432	102874	41120
21433	102880	41115
21434	102885	41110
21435	102891	41106
21436	102895	41101
21437	102901	41097
21438	102905	41092
21439	102909	41087
21440	102914	41082
21441	102919	41077
21442	102924	41072
21443	102929	41068
21444	102934	41063
21445	102938	41058
21446	102943	41053
21447	102949	41049
21448	102954	41044
21449	102959	41039
21450	102964	41035
21451	102969	41030
21452	102974	41025
21453	102979	41020
21454	102984	41016
21455	102989	41011
21456	102995	41007
21457	102999	41002
21458	103003	40997
21459	103009	40992
21460	103013	40987
21461	103018	40982
21462	103024	40978
21463	103028	40973
21464	103033	40968
21465	103037	40963
21466	103044	40959
21467	103050	40955
21468	103055	40950
21469	103060	40945
21470	103064	40940
21471	103069	40935
21472	103074	40931
21473	103079	40926
21474	103085	40922
21475	103089	40917
21476	103094	40912
21477	103100	40908
21478	103105	40903
21479	103110	40898
21480	103115	40893
21481	103120	40889
21482	103124	40884
21483	103130	40879
21484	103136	40875
21485	103142	40870
21486	103147	40866
21487	103152	40861
21488	103157	40856
21489	103163	40852
21490	103170	40848
21491	103176	40844
21492	103182	40839
21493	103188	40835
21494	103194	40831
21495	103201	40827
21496	103206	40822
21497	103211	40817
21498	103216	40813
21499	103219	40807
21500	103225	40803
21501	103230	40798
21502	103235	40793
21503	103240	40789
21504	103245	40784
21505	103249	40779
21506	103254	40774
21507	103259	40770
21508	103265	40765
21509	103271	40761
21510	103276	40756
21511	103280	40751
21512	103286	40747
21513	103291	40742
21514	103296	40737
21515	103301	40732
21516	103305	40727
21517	103310	40722
21518	103314	40718
21519	103319	40713
21520	103323	40708
21521	103327	40703
21522	103333	40698
21523	103337	40693
21524	103343	40689
21525	103349	40684
21526	103354	40680
21527	103359	40675
21528	103363	40670
21529	103368	40665
21530	103374	40661
21531	103380	40656
21532	103385	40652
21533	103389	40647
21534	103394	40642
21535	103400	40637
21536	103404	40633
21537	103410	40628
21538	103416	40624
21539	103422	40619
21540	103427	40615
21541	103432	40610
21542	103437	40605
21543	103443	40601
21544	103447	40596
21545	103452	40591
21546	103456	40586
21547	103462	40582
21548	103468	40578
21549	103473	40573
21550	103477	40568
21551	103482	40563
21552	103486	40558
21553	103490	40553
21554	103495	40548
21555	103500	40543
21556	103505	40538
21557	103510	40534
21558	103514	40529
21559	103519	40524
21560	103524	40519
21561	103529	40514
21562	103534	40510
21563	103538	40505
21564	103542	40499
21565	103547	40495
21566	103552	40490
21567	103557	40485
21568	103562	40481
21569	103568	40476
21570	103573	40472
21571	103577	40467
21572	103582	40461
21573	103587	40457
21574	103592	40452
21575	103597	40448
21576	103602	40443
21577	103607	40438
21578	103611	40433
21579	103617	40428
21580	103623	40424
21581	103628	40420
21582	103634	40415
21583	103638	40410
21584	103642	40405
21585	103647	40400
21586	103652	40396
21587	103658	40391
21588	103662	40386
21589	103667	40381
21590	103671	40376
21591	103677	40372
21592	103684	40368
21593	103689	40363
21594	103694	40358
21595	103698	40353
21596	103703	40348
21597	103707	40344
21598	103712	40339
21599	103717	40334
21600	103724	40330
21601	103728	40325
21602	103733	40320
21603	103737	40315
21604	103742	40311
21605	103747	40306
21606	103752	40301
21607	103757	40296
21608	103762	40291
21609	103766	40287
21610	103771	40282
21611	103777	40277
21612	103781	40272
21613	103787	40268
21614	103791	40263
21615	103795	40258
21616	103800	40253
21617	103804	40248
21618	103811	40244
21619	103817	40240
21620	103822	40235
21621	103826	40230
21622	103831	40225
21623	103837	40221
21624	103841	40216
21625	103847	40211
21626	103852	40207
21627	103856	40202
21628	103862	40197
21629	103867	40192
21630	103872	40188
21631	103878	40183
21632	103883	40178
21633	103887	40174
21634	103891	40168
21635	103896	40163
21636	103901	40159
21637	103908	40155
21638	103913	40150
21639	103918	40145
21640	103922	40140
21641	103926	40135
21642	103931	40130
21643	103937	40126
21644	103942	40121
21645	103947	40117
21646	103951	40112
21647	103956	40107
21648	103961	40102
21649	103965	40097
21650	103970	40092
21651	103975	40088
21652	103980	40083
21653	103985	40078
21654	103990	40073
21655	103995	40069
21656	103999	40064
21657	104005	40059
21658	104009	40054
21659	104014	40049
21660	104019	40045
21661	104024	40040
21662	104029	40035
21663	104034	40030
21664	104039	40026
21665	104043	40021
21666	104049	40016
21667	104054	40012
21668	104058	40007
21669	104063	40002
21670	104068	39997
21671	104073	39992
21672	104079	39988
21673	104083	39983
21674	104087	39978
21675	104092	39973
21676	104096	39968
21677	104101	39963
21678	104107	39959
21679	104114	39955
21680	104118	39950
21681	104123	39945
21682	104127	39940
21683	104132	39935
21684	104138	39931
21685	104143	39926
21686	104147	39921
21687	104153	39917
21688	104157	39912
21689	104162	39907
21690	104167	39902
21691	104172	39897
21692	104177	39893
21693	104182	39888
21694	104188	39884
21695	104194	39879
21696	104200	39875
21697	104206	39871
21698	104212	39866
21699	104218	39862
21700	104223	39857
21701	104230	39853
21702	104236	39849
21703	104242	39845
21704	104249	39840
21705	104254	39836
21706	104260	39831
21707	104265	39827
21708	104270	39822
21709	104275	39817
21710	104279	39812
21711	104283	39807
21712	104289	39803
21713	104294	39798
21714	104299	39793
21715	104304	39789
21716	104309	39784
21717	104314	39779
21718	104319	39774
21719	104326	39770
21720	104331	39766
21721	104337	39761
21722	104341	39756
21723	104346	39752
21724	104352	39747
21725	104357	39742
21726	104363	39738
21727	104368	39733
21728	104373	39729
21729	104377	39724
21730	104383	39719
21731	104388	39714
21732	104394	39710
21733	104399	39705
21734	104403	39700
21735	104408	39696
21736	104414	39691
21737	104420	39687
21738	104425	39682
21739	104429	39677
21740	104433	39672
21741	104439	39667
21742	104444	39663
21743	104449	39658
21744	104454	39653
21745	104460	39649
21746	104464	39644
21747	104468	39639
21748	104473	39634
21749	104479	39630
21750	104484	39625
21751	104488	39620
21752	104493	39615
21753	104497	39610
21754	104502	39605
21755	104507	39601
21756	104511	39596
21757	104516	39591
21758	104521	39586
21759	104526	39581
21760	104530	39576
21761	104536	39572
21762	104542	39568
21763	104548	39563
21764	104553	39558
21765	104558	39553
21766	104562	39549
21767	104568	39544
21768	104572	39539
21769	104577	39534
21770	104581	39529
21771	104587	39525
21772	104593	39520
21773	104598	39516
21774	104602	39511
21775	104607	39506
21776	104612	39501
21777	104617	39496
21778	104622	39492
21779	104627	39487
21780	104632	39482
21781	104637	39477
21782	104641	39473
21783	104646	39468
21784	104652	39463
21785	104657	39459
21786	104662	39454
21787	104667	39449
21788	104671	39444
21789	104676	39439
21790	104682	39435
21791	104687	39430
21792	104691	39425
21793	104697	39421
21794	104701	39416
21795	104706	39411
21796	104712	39406
21797	104717	39402
21798	104722	39397
21799	104727	39392
21800	104731	39387
21801	104735	39382
21802	104742	39378
21803	104749	39374
21804	104753	39369
21805	104758	39364
21806	104763	39360
21807	104768	39355
21808	104773	39350
21809	104778	39345
21810	104784	39341
21811	104788	39336
21812	104793	39331
21813	104797	39326
21814	104802	39322
21815	104808	39317
21816	104812	39312
21817	104817	39307
21818	104822	39303
21819	104827	39298
21820	104831	39293
21821	104837	39288
21822	104842	39284
21823	104847	39279
21824	104852	39274
21825	104856	39269
21826	104861	39264
21827	104867	39260
21828	104872	39255
21829	104877	39250
21830	104882	39246
21831	104886	39241
21832	104891	39236
21833	104896	39231
21834	104901	39226
21835	104905	39221
21836	104910	39217
21837	104916	39212
21838	104920	39207
21839	104925	39202
21840	104930	39198
21841	104936	39193
21842	104941	39189
21843	104946	39184
21844	104950	39179
21845	104956	39174
21846	104962	39170
21847	104968	39166
21848	104972	39161
21849	104978	39156
21850	104982	39151
21851	104988	39147
21852	104993	39142
21853	104999	39138
21854	105003	39133
21855	105007	39128
21856	105012	39123
21857	105017	39118
21858	105022	39113
21859	105028	39109
21860	105034	39104
21861	105038	39100
21862	105043	39095
21863	105048	39090
21864	105053	39085
21865	105058	39081
21866	105064	39076
21867	105070	39072
21868	105074	39067
21869	105078	39062
21870	105084	39057
21871	105089	39052
21872	105094	39048
21873	105098	39043
21874	105103	39038
21875	105108	39033
21876	105113	39029
21877	105118	39024
21878	105123	39019
21879	105128	39014
21880	105133	39010
21881	105138	39005
21882	105142	39000
21883	105147	38995
21884	105153	38991
21885	105158	38986
21886	105163	38981
21887	105167	38976
21888	105173	38972
21889	105179	38967
21890	105185	38963
21891	105190	38958
21892	105196	38954
21893	105200	38949
21894	105205	38944
21895	105209	38939
21896	105215	38934
21897	105220	38930
21898	105226	38925
21899	105231	38921
21900	105237	38916
21901	105242	38912
21902	105248	38907
21903	105253	38903
21904	105260	38898
21905	105266	38894
21906	105271	38889
21907	105276	38885
21908	105282	38880
21909	105289	38876
21910	105296	38872
21911	105302	38868
21912	105306	38863
21913	105312	38858
21914	105316	38854
21915	105322	38849
21916	105328	38845
21917	105332	38840
21918	105337	38835
21919	105342	38830
21920	105348	38826
21921	105352	38821
21922	105358	38816
21923	105363	38811
21924	105368	38807
21925	105373	38802
21926	105378	38797
21927	105384	38793
21928	105390	38789
21929	105395	38784
21930	105400	38779
21931	105404	38774
21932	105410	38770
21933	105414	38765
21934	105420	38760
21935	105424	38755
21936	105429	38750
21937	105434	38746
21938	105439	38741
21939	105444	38736
21940	105448	38731
21941	105453	38726
21942	105458	38722
21943	105463	38717
21944	105467	38712
21945	105473	38707
21946	105478	38703
21947	105483	38698
21948	105488	38693
21949	105493	38688
21950	105498	38684
21951	105503	38679
21952	105508	38674
21953	105512	38669
21954	105518	38665
21955	105523	38660
21956	105527	38655
21957	105531	38650
21958	105537	38645
21959	105542	38641
21960	105546	38636
21961	105551	38631
21962	105555	38626
21963	105560	38621
21964	105565	38616
21965	105570	38612
21966	105576	38607
21967	105582	38603
21968	105586	38598
21969	105591	38593
21970	105596	38588
21971	105602	38584
21972	105607	38579
21973	105613	38575
21974	105619	38570
21975	105624	38566
21976	105630	38561
21977	105634	38556
21978	105640	38552
21979	105645	38547
21980	105649	38542
21981	105653	38537
21982	105659	38533
21983	105664	38528
21984	105669	38523
21985	105674	38518
21986	105679	38514
21987	105683	38509
21988	105688	38504
21989	105693	38499
21990	105698	38494
21991	105703	38489
21992	105707	38485
21993	105712	38480
21994	105716	38475
21995	105722	38470
21996	105727	38466
21997	105733	38461
21998	105738	38456
21999	105742	38451
22000	105748	38447
22001	105753	38442
22002	105759	38438
22003	105763	38433
22004	105769	38428
22005	105773	38423
22006	105778	38419
22007	105783	38414
22008	105787	38409
22009	105792	38404
22010	105797	38399
22011	105802	38395
22012	105808	38390
22013	105812	38385
22014	105817	38380
22015	105821	38375
22016	105826	38370
22017	105831	38366
22018	105837	38361
22019	105843	38357
22020	105848	38352
22021	105852	38347
22022	105857	38342
22023	105862	38338
22024	105868	38333
22025	105874	38329
22026	105878	38324
22027	105884	38319
22028	105888	38314
22029	105892	38309
22030	105897	38305
22031	105903	38300
22032	105907	38295
22033	105912	38290
22034	105917	38285
22035	105921	38280
22036	105926	38276
22037	105932	38271
22038	105937	38267
22039	105942	38262
22040	105946	38257
22041	105951	38252
22042	105956	38247
22043	105961	38243
22044	105966	38238
22045	105971	38233
22046	105976	38228
22047	105980	38223
22048	105985	38219
22049	105989	38214
22050	105995	38209
22051	106000	38204
22052	106005	38199
22053	106009	38195
22054	106014	38190
22055	106019	38185
22056	106025	38181
22057	106031	38176
22058	106036	38171
22059	106040	38167
22060	106045	38162
22061	106050	38157
22062	106056	38153
22063	106061	38148
22064	106065	38143
22065	106069	38138
22066	106074	38133
22067	106079	38128
22068	106085	38124
22069	106090	38119
22070	106094	38114
22071	106098	38109
22072	106103	38104
22073	106108	38099
22074	106114	38095
22075	106119	38090
22076	106124	38086
22077	106129	38081
22078	106133	38076
22079	106137	38071
22080	106143	38066
22081	106149	38062
22082	106154	38057
22083	106160	38053
22084	106165	38048
22085	106170	38043
22086	106175	38039
22087	106181	38034
22088	106187	38030
22089	106192	38025
22090	106197	38020
22091	106202	38015
22092	106208	38011
22093	106213	38006
22094	106218	38002
22095	106222	37997
22096	106226	37992
22097	106231	37987
22098	106237	37982
22099	106242	37978
22100	106248	37973
22101	106253	37968
22102	106257	37963
22103	106261	37958
22104	106267	37954
22105	106272	37949
22106	106277	37945
22107	106284	37940
22108	106289	37936
22109	106296	37932
22110	106302	37927
22111	106308	37923
22112	106314	37918
22113	106320	37914
22114	106326	37910
22115	106332	37905
22116	106339	37901
22117	106346	37897
22118	106352	37893
22119	106357	37888
22120	106363	37884
22121	106367	37879
22122	106373	37874
22123	106377	37869
22124	106382	37864
22125	106387	37860
22126	106392	37855
22127	106397	37850
22128	106403	37846
22129	106408	37841
22130	106412	37836
22131	106418	37832
22132	106423	37827
22133	106428	37822
22134	106434	37818
22135	106439	37813
22136	106443	37808
22137	106448	37803
22138	106453	37798
22139	106457	37793
22140	106462	37789
22141	106467	37784
22142	106473	37780
22143	106479	37775
22144	106484	37770
22145	106489	37766
22146	106494	37761
22147	106499	37756
22148	106504	37751
22149	106510	37747
22150	106514	37742
22151	106520	37737
22152	106524	37733
22153	106528	37728
22154	106533	37723
22155	106540	37718
22156	106544	37714
22157	106549	37709
22158	106554	37704
22159	106559	37699
22160	106564	37694
22161	106570	37690
22162	106575	37685
22163	106580	37680
22164	106584	37676
22165	106589	37671
22166	106593	37666
22167	106599	37661
22168	106604	37657
22169	106609	37652
22170	106614	37647
22171	106619	37642
22172	106624	37638
22173	106629	37633
22174	106635	37629
22175	106640	37624
22176	106645	37619
22177	106649	37614
22178	106654	37609
22179	106660	37605
22180	106666	37600
22181	106671	37596
22182	106676	37591
22183	106680	37586
22184	106686	37581
22185	106692	37577
22186	106696	37572
22187	106701	37567
22188	106706	37562
22189	106711	37558
22190	106715	37553
22191	106720	37548
22192	106724	37543
22193	106730	37538
22194	106735	37534
22195	106740	37529
22196	106744	37524
22197	106750	37519
22198	106755	37515
22199	106760	37510
22200	106765	37505
22201	106769	37500
22202	106774	37495
22203	106779	37491
22204	106784	37486
22205	106789	37481
22206	106794	37476
22207	106799	37472
22208	106803	37467
22209	106807	37462
22210	106813	37457
22211	106818	37452
22212	106822	37447
22213	106826	37442
22214	106830	37437
22215	106835	37432
22216	106839	37427
22217	106844	37423
22218	106849	37418
22219	106854	37413
22220	106860	37409
22221	106864	37404
22222	106869	37399
22223	106875	37394
22224	106882	37390
22225	106887	37385
22226	106892	37381
22227	106896	37376
22228	106901	37371
22229	106906	37366
22230	106911	37361
22231	106916	37357
22232	106921	37352
22233	106926	37347
22234	106931	37343
22235	106936	37338
22236	106940	37333
22237	106946	37328
22238	106951	37324
22239	106956	37319
22240	106960	37314
22241	106966	37309
22242	106970	37304
22243	106976	37300
22244	106981	37295
22245	106985	37290
22246	106990	37285
22247	106995	37281
22248	107000	37276
22249	107004	37271
22250	107010	37266
22251	107015	37262
22252	107020	37257
22253	107024	37252
22254	107029	37247
22255	107034	37242
22256	107039	37238
22257	107044	37233
22258	107048	37228
22259	107053	37223
22260	107058	37218
22261	107062	37213
22262	107067	37208
22263	107072	37204
22264	107078	37199
22265	107082	37194
22266	107087	37190
22267	107092	37185
22268	107096	37180
22269	107101	37175
22270	107106	37170
22271	107111	37165
22272	107117	37161
22273	107122	37156
22274	107126	37151
22275	107131	37147
22276	107136	37142
22277	107141	37137
22278	107147	37132
22279	107152	37128
22280	107156	37122
22281	107160	37118
22282	107166	37113
22283	107171	37108
22284	107175	37103
22285	107180	37099
22286	107186	37094
22287	107190	37089
22288	107195	37084
22289	107199	37079
22290	107205	37075
22291	107210	37070
22292	107215	37065
22293	107219	37060
22294	107224	37056
22295	107229	37051
22296	107235	37046
22297	107240	37042
22298	107245	37037
22299	107250	37032
22300	107255	37027
22301	107260	37023
22302	107265	37018
22303	107272	37014
22304	107277	37009
22305	107281	37004
22306	107286	36999
22307	107291	36995
22308	107297	36990
22309	107302	36986
22310	107307	36981
22311	107311	36976
22312	107317	36971
22313	107322	36966
22314	107327	36962
22315	107333	36957
22316	107339	36953
22317	107345	36948
22318	107350	36944
22319	107356	36939
22320	107362	36935
22321	107368	36931
22322	107373	36926
22323	107380	36922
22324	107385	36917
22325	107392	36913
22326	107398	36908
22327	107403	36904
22328	107407	36899
22329	107411	36894
22330	107415	36889
22331	107421	36884
22332	107426	36879
22333	107431	36875
22334	107435	36870
22335	107439	36864
22336	107444	36860
22337	107449	36855
22338	107454	36850
22339	107459	36846
22340	107464	36841
22341	107469	36836
22342	107474	36831
22343	107478	36826
22344	107484	36822
22345	107489	36817
22346	107495	36813
22347	107500	36808
22348	107504	36803
22349	107508	36798
22350	107513	36793
22351	107519	36789
22352	107524	36784
22353	107529	36779
22354	107534	36774
22355	107539	36770
22356	107546	36765
22357	107551	36761
22358	107556	36756
22359	107561	36751
22360	107565	36746
22361	107570	36742
22362	107576	36737
22363	107580	36732
22364	107586	36727
22365	107590	36723
22366	107595	36718
22367	107600	36713
22368	107605	36708
22369	107611	36704
22370	107617	36699
22371	107622	36695
22372	107627	36690
22373	107631	36685
22374	107636	36680
22375	107641	36675
22376	107646	36671
22377	107651	36666
22378	107656	36661
22379	107661	36656
22380	107665	36651
22381	107670	36647
22382	107675	36642
22383	107680	36637
22384	107685	36632
22385	107690	36627
22386	107694	36623
22387	107699	36618
22388	107705	36613
22389	107709	36608
22390	107714	36604
22391	107720	36599
22392	107725	36594
22393	107730	36590
22394	107735	36585
22395	107740	36580
22396	107744	36575
22397	107749	36570
22398	107755	36566
22399	107761	36561
22400	107765	36556
22401	107770	36552
22402	107774	36547
22403	107779	36542
22404	107784	36537
22405	107790	36533
22406	107795	36528
22407	107799	36523
22408	107803	36518
22409	107808	36513
22410	107813	36508
22411	107818	36504
22412	107823	36499
22413	107827	36494
22414	107832	36489
22415	107836	36484
22416	107842	36479
22417	107847	36475
22418	107852	36470
22419	107857	36465
22420	107862	36460
22421	107866	36455
22422	107870	36450
22423	107875	36446
22424	107881	36441
22425	107886	36436
22426	107890	36431
22427	107896	36427
22428	107901	36422
22429	107906	36417
22430	107912	36413
22431	107916	36408
22432	107921	36403
22433	107926	36398
22434	107931	36393
22435	107935	36389
22436	107941	36384
22437	107946	36379
22438	107950	36374
22439	107955	36369
22440	107959	36365
22441	107965	36360
22442	107972	36356
22443	107977	36351
22444	107982	36347
22445	107987	36342
22446	107991	36337
22447	107996	36332
22448	108001	36327
22449	108007	36323
22450	108011	36318
22451	108016	36313
22452	108020	36308
22453	108025	36303
22454	108030	36298
22455	108037	36294
22456	108041	36289
22457	108046	36284
22458	108051	36280
22459	108056	36275
22460	108061	36270
22461	108066	36265
22462	108071	36261
22463	108076	36256
22464	108080	36251
22465	108085	36246
22466	108091	36242
22467	108096	36237
22468	108102	36232
22469	108106	36227
22470	108111	36223
22471	108116	36218
22472	108121	36213
22473	108126	36208
22474	108130	36203
22475	108135	36199
22476	108140	36194
22477	108145	36189
22478	108150	36184
22479	108155	36180
22480	108160	36175
22481	108165	36170
22482	108170	36165
22483	108174	36160
22484	108179	36156
22485	108185	36151
22486	108191	36147
22487	108197	36142
22488	108202	36138
22489	108207	36133
22490	108212	36128
22491	108217	36123
22492	108222	36119
22493	108227	36114
22494	108232	36109
22495	108237	36104
22496	108241	36099
22497	108247	36095
22498	108252	36090
22499	108257	36085
22500	108262	36081
22501	108267	36076
22502	108272	36071
22503	108277	36066
22504	108281	36061
22505	108287	36057
22506	108292	36052
22507	108296	36047
22508	108301	36042
22509	108306	36037
22510	108311	36033
22511	108316	36028
22512	108322	36024
22513	108327	36019
22514	108333	36014
22515	108338	36010
22516	108342	36005
22517	108346	36000
22518	108350	35995
22519	108355	35990
22520	108359	35985
22521	108365	35980
22522	108370	35975
22523	108374	35971
22524	108380	35966
22525	108386	35962
22526	108393	35957
22527	108399	35953
22528	108404	35948
22529	108410	35944
22530	108416	35939
22531	108422	35935
22532	108428	35931
22533	108433	35926
22534	108439	35922
22535	108445	35917
22536	108452	35913
22537	108457	35908
22538	108462	35903
22539	108466	35898
22540	108471	35893
22541	108475	35889
22542	108481	35884
22543	108486	35879
22544	108491	35875
22545	108496	35870
22546	108501	35865
22547	108506	35860
22548	108511	35855
22549	108516	35851
22550	108520	35846
22551	108525	35841
22552	108530	35836
22553	108535	35832
22554	108539	35827
22555	108544	35822
22556	108549	35817
22557	108554	35812
22558	108559	35807
22559	108563	35802
22560	108568	35798
22561	108573	35793
22562	108579	35789
22563	108584	35784
22564	108590	35779
22565	108595	35774
22566	108599	35770
22567	108605	35765
22568	108611	35761
22569	108615	35756
22570	108620	35751
22571	108624	35746
22572	108629	35741
22573	108634	35736
22574	108639	35731
22575	108645	35727
22576	108649	35722
22577	108654	35717
22578	108658	35712
22579	108663	35707
22580	108668	35703
22581	108674	35698
22582	108678	35693
22583	108682	35688
22584	108687	35683
22585	108692	35678
22586	108696	35674
22587	108702	35669
22588	108707	35664
22589	108712	35659
22590	108717	35655
22591	108722	35650
22592	108726	35645
22593	108732	35641
22594	108737	35636
22595	108742	35631
22596	108746	35626
22597	108751	35621
22598	108755	35616
22599	108761	35612
22600	108766	35607
22601	108770	35602
22602	108774	35597
22603	108779	35592
22604	108784	35587
22605	108789	35582
22606	108795	35578
22607	108799	35573
22608	108804	35568
22609	108809	35563
22610	108813	35558
22611	108817	35553
22612	108822	35548
22613	108828	35544
22614	108833	35539
22615	108838	35535
22616	108842	35530
22617	108847	35525
22618	108853	35520
22619	108857	35515
22620	108862	35511
22621	108866	35506
22622	108871	35501
22623	108875	35496
22624	108879	35491
22625	108884	35486
22626	108890	35481
22627	108896	35477
22628	108900	35472
22629	108905	35467
22630	108909	35462
22631	108914	35457
22632	108919	35453
22633	108924	35448
22634	108929	35443
22635	108933	35438
22636	108938	35433
22637	108942	35428
22638	108947	35424
22639	108951	35418
22640	108956	35414
22641	108962	35409
22642	108966	35404
22643	108971	35399
22644	108976	35395
22645	108981	35390
22646	108985	35385
22647	108990	35380
22648	108994	35375
22649	108999	35370
22650	109004	35365
22651	109009	35361
22652	109013	35356
22653	109018	35351
22654	109023	35346
22655	109029	35342
22656	109034	35337
22657	109039	35332
22658	109043	35327
22659	109048	35322
22660	109052	35317
22661	109057	35313
22662	109062	35308
22663	109068	35303
22664	109072	35298
22665	109077	35293
22666	109081	35288
22667	109086	35284
22668	109091	35279
22669	109096	35274
22670	109100	35269
22671	109104	35264
22672	109110	35259
22673	109114	35254
22674	109119	35250
22675	109124	35245
22676	109129	35240
22677	109135	35236
22678	109139	35231
22679	109144	35226
22680	109149	35221
22681	109153	35216
22682	109158	35212
22683	109163	35207
22684	109167	35202
22685	109172	35197
22686	109178	35192
22687	109183	35188
22688	109189	35183
22689	109193	35178
22690	109198	35173
22691	109203	35169
22692	109208	35164
22693	109213	35159
22694	109218	35154
22695	109224	35150
22696	109228	35145
22697	109233	35140
22698	109238	35136
22699	109244	35131
22700	109250	35127
22701	109255	35122
22702	109261	35117
22703	109266	35113
22704	109270	35108
22705	109275	35103
22706	109281	35098
22707	109286	35094
22708	109292	35089
22709	109297	35084
22710	109301	35079
22711	109306	35075
22712	109312	35070
22713	109316	35065
22714	109320	35060
22715	109325	35055
22716	109329	35050
22717	109334	35046
22718	109339	35041
22719	109345	35036
22720	109350	35031
22721	109354	35027
22722	109359	35022
22723	109362	35016
22724	109368	35012
22725	109373	35007
22726	109378	35002
22727	109383	34998
22728	109388	34993
22729	109393	34988
22730	109398	34983
22731	109404	34979
22732	109409	34974
22733	109414	34969
22734	109419	34965
22735	109423	34959
22736	109426	34954
22737	109433	34950
22738	109439	34946
22739	109445	34941
22740	109451	34937
22741	109458	34933
22742	109465	34929
22743	109471	34924
22744	109477	34920
22745	109483	34915
22746	109488	34910
22747	109494	34906
22748	109501	34902
22749	109506	34897
22750	109510	34892
22751	109515	34887
22752	109520	34883
22753	109526	34878
22754	109531	34874
22755	109536	34869
22756	109541	34864
22757	109546	34859
22758	109551	34854
22759	109556	34850
22760	109560	34845
22761	109566	34840
22762	109572	34836
22763	109577	34831
22764	109582	34826
22765	109587	34821
22766	109591	34816
22767	109596	34812
22768	109601	34807
22769	109606	34802
22770	109611	34797
22771	109616	34793
22772	109620	34788
22773	109625	34783
22774	109630	34778
22775	109634	34773
22776	109639	34768
22777	109644	34763
22778	109650	34759
22779	109654	34754
22780	109659	34749
22781	109665	34745
22782	109670	34740
22783	109675	34735
22784	109680	34730
22785	109684	34725
22786	109689	34721
22787	109695	34716
22788	109699	34711
22789	109705	34707
22790	109710	34702
22791	109714	34697
22792	109719	34692
22793	109724	34687
22794	109729	34683
22795	109734	34678
22796	109739	34673
22797	109744	34668
22798	109748	34663
22799	109753	34658
22800	109758	34654
22801	109763	34649
22802	109768	34644
22803	109772	34639
22804	109776	34634
22805	109781	34629
22806	109786	34625
22807	109791	34620
22808	109795	34615
22809	109800	34610
22810	109805	34605
22811	109810	34600
22812	109815	34596
22813	109820	34591
22814	109825	34586
22815	109830	34582
22816	109835	34577
22817	109839	34572
22818	109844	34567
22819	109848	34562
22820	109853	34557
22821	109858	34552
22822	109863	34548
22823	109868	34543
22824	109872	34538
22825	109877	34533
22826	109882	34528
22827	109890	34524
22828	109894	34519
22829	109898	34514
22830	109902	34509
22831	109907	34504
22832	109912	34500
22833	109916	34495
22834	109921	34490
22835	109926	34485
22836	109930	34480
22837	109935	34475
22838	109939	34470
22839	109944	34465
22840	109949	34461
22841	109955	34456
22842	109959	34451
22843	109964	34446
22844	109968	34441
22845	109973	34437
22846	109979	34432
22847	109984	34427
22848	109988	34422
22849	109993	34418
22850	109998	34413
22851	110003	34408
22852	110008	34403
22853	110013	34399
22854	110018	34394
22855	110023	34389
22856	110027	34384
22857	110032	34379
22858	110037	34375
22859	110044	34370
22860	110049	34366
22861	110053	34361
22862	110057	34355
22863	110062	34351
22864	110067	34346
22865	110072	34341
22866	110077	34336
22867	110083	34332
22868	110087	34327
22869	110092	34322
22870	110096	34317
22871	110105	34314
22872	110111	34309
22873	110116	34304
22874	110121	34300
22875	110126	34295
22876	110132	34290
22877	110137	34286
22878	110141	34281
22879	110146	34276
22880	110151	34271
22881	110155	34266
22882	110161	34261
22883	110165	34256
22884	110171	34252
22885	110176	34247
22886	110181	34243
22887	110185	34238
22888	110191	34233
22889	110196	34228
22890	110201	34224
22891	110206	34219
22892	110211	34214
22893	110216	34209
22894	110221	34205
22895	110226	34200
22896	110230	34195
22897	110236	34190
22898	110242	34186
22899	110248	34181
22900	110253	34177
22901	110258	34172
22902	110262	34167
22903	110268	34162
22904	110272	34157
22905	110278	34153
22906	110283	34148
22907	110287	34143
22908	110292	34138
22909	110296	34133
22910	110301	34128
22911	110307	34124
22912	110313	34119
22913	110318	34115
22914	110322	34110
22915	110327	34105
22916	110332	34100
22917	110336	34095
22918	110342	34091
22919	110347	34086
22920	110351	34081
22921	110356	34076
22922	110360	34071
22923	110366	34066
22924	110371	34062
22925	110376	34057
22926	110380	34052
22927	110385	34047
22928	110390	34042
22929	110395	34038
22930	110399	34033
22931	110405	34028
22932	110410	34023
22933	110414	34018
22934	110419	34014
22935	110423	34009
22936	110428	34004
22937	110434	33999
22938	110440	33995
22939	110445	33990
22940	110450	33985
22941	110455	33980
22942	110459	33976
22943	110465	33971
22944	110469	33966
22945	110475	33961
22946	110480	33957
22947	110485	33952
22948	110491	33948
22949	110498	33943
22950	110504	33939
22951	110511	33935
22952	110517	33930
22953	110524	33926
22954	110531	33922
22955	110536	33918
22956	110542	33913
22957	110548	33908
22958	110552	33904
22959	110559	33899
22960	110563	33894
22961	110569	33890
22962	110573	33885
22963	110578	33880
22964	110583	33875
22965	110588	33870
22966	110593	33866
22967	110598	33861
22968	110603	33856
22969	110608	33851
22970	110614	33847
22971	110619	33842
22972	110624	33837
22973	110629	33833
22974	110634	33828
22975	110638	33823
22976	110643	33818
22977	110649	33814
22978	110654	33809
22979	110658	33804
22980	110662	33799
22981	110667	33794
22982	110671	33789
22983	110677	33784
22984	110682	33780
22985	110687	33775
22986	110692	33770
22987	110696	33765
22988	110700	33760
22989	110705	33755
22990	110710	33751
22991	110715	33746
22992	110720	33741
22993	110725	33736
22994	110729	33731
22995	110735	33727
22996	110742	33723
22997	110747	33718
22998	110752	33713
22999	110756	33708
23000	110761	33703
23001	110765	33698
23002	110770	33693
23003	110775	33689
23004	110781	33684
23005	110786	33679
23006	110791	33675
23007	110795	33670
23008	110801	33665
23009	110805	33660
23010	110810	33655
23011	110815	33651
23012	110820	33646
23013	110825	33641
23014	110830	33636
23015	110834	33631
23016	110838	33626
23017	110843	33621
23018	110848	33617
23019	110853	33612
23020	110858	33607
23021	110863	33602
23022	110868	33597
23023	110872	33593
23024	110877	33588
23025	110887	33585
23026	110892	33580
23027	110896	33575
23028	110901	33570
23029	110906	33565
23030	110911	33561
23031	110916	33556
23032	110922	33551
23033	110927	33546
23034	110931	33541
23035	110936	33537
23036	110941	33532
23037	110947	33527
23038	110953	33523
23039	110958	33518
23040	110962	33513
23041	110967	33509
23042	110972	33504
23043	110977	33499
23044	110982	33494
23045	110987	33489
23046	110991	33484
23047	110996	33480
23048	111000	33474
23049	111005	33470
23050	111011	33465
23051	111017	33461
23052	111021	33456
23053	111026	33451
23054	111031	33446
23055	111036	33441
23056	111041	33437
23057	111046	33432
23058	111050	33427
23059	111054	33422
23060	111059	33417
23061	111064	33412
23062	111068	33407
23063	111073	33402
23064	111078	33398
23065	111083	33393
23066	111087	33388
23067	111092	33383
23068	111096	33378
23069	111102	33374
23070	111107	33369
23071	111111	33364
23072	111115	33359
23073	111131	33357
23074	111137	33353
23075	111141	33348
23076	111147	33343
23077	111153	33339
23078	111159	33334
23079	111167	33331
23080	111174	33326
23081	111180	33322
23082	111185	33317
23083	111191	33313
23084	111197	33308
23085	111203	33304
23086	111210	33299
23087	111215	33295
23088	111222	33291
23089	111228	33286
23090	111234	33282
23091	111240	33277
23092	111245	33273
23093	111251	33268
23094	111257	33264
23095	111263	33259
23096	111269	33255
23097	111275	33250
23098	111280	33245
23099	111287	33241
23100	111294	33237
23101	111300	33232
23102	111305	33228
23103	111310	33223
23104	111316	33219
23105	111322	33214
23106	111326	33209
23107	111332	33204
23108	111336	33200
23109	111341	33195
23110	111347	33190
23111	111353	33186
23112	111358	33181
23113	111362	33176
23114	111366	33171
23115	111370	33166
23116	111374	33161
23117	111381	33157
23118	111387	33152
23119	111392	33147
23120	111396	33142
23121	111400	33137
23122	111406	33133
23123	111411	33128
23124	111417	33124
23125	111422	33119
23126	111427	33114
23127	111432	33109
23128	111437	33105
23129	111441	33100
23130	111446	33095
23131	111450	33090
23132	111455	33085
23133	111460	33080
23134	111466	33076
23135	111471	33071
23136	111476	33066
23137	111480	33061
23138	111485	33056
23139	111491	33052
23140	111496	33047
23141	111501	33042
23142	111506	33037
23143	111511	33033
23144	111516	33028
23145	111521	33023
23146	111527	33019
23147	111533	33014
23148	111539	33010
23149	111544	33005
23150	111551	33001
23151	111557	32996
23152	111563	32992
23153	111568	32987
23154	111574	32983
23155	111580	32978
23156	111587	32974
23157	111593	32970
23158	111599	32965
23159	111604	32960
23160	111608	32955
23161	111613	32951
23162	111619	32946
23163	111624	32941
23164	111629	32937
23165	111634	32932
23166	111639	32927
23167	111643	32922
23168	111649	32917
23169	111654	32913
23170	111658	32908
23171	111664	32903
23172	111668	32898
23173	111674	32894
23174	111679	32889
23175	111684	32884
23176	111689	32879
23177	111693	32874
23178	111698	32870
23179	111703	32865
23180	111709	32860
23181	111713	32855
23182	111718	32851
23183	111722	32845
23184	111727	32841
23185	111731	32836
23186	111737	32831
23187	111742	32826
23188	111748	32822
23189	111752	32817
23190	111757	32812
23191	111761	32807
23192	111766	32802
23193	111770	32797
23194	111776	32793
23195	111780	32788
23196	111785	32783
23197	111790	32778
23198	111795	32773
23199	111801	32769
23200	111807	32764
23201	111811	32759
23202	111816	32755
23203	111820	32750
23204	111825	32745
23205	111829	32740
23206	111835	32735
23207	111840	32730
23208	111844	32726
23209	111849	32721
23210	111854	32716
23211	111861	32712
23212	111866	32707
23213	111872	32702
23214	111876	32697
23215	111882	32693
23216	111886	32688
23217	111891	32683
23218	111896	32678
23219	111903	32674
23220	111907	32669
23221	111912	32664
23222	111916	32659
23223	111922	32655
23224	111927	32650
23225	111932	32645
23226	111937	32640
23227	111941	32636
23228	111946	32631
23229	111951	32626
23230	111957	32621
23231	111962	32617
23232	111968	32612
23233	111972	32607
23234	111976	32602
23235	111981	32597
23236	111986	32592
23237	111991	32588
23238	111997	32583
23239	112001	32578
23240	112006	32573
23241	112011	32569
23242	112017	32564
23243	112023	32560
23244	112028	32555
23245	112033	32550
23246	112037	32545
23247	112042	32541
23248	112047	32536
23249	112052	32531
23250	112058	32526
23251	112063	32521
23252	112067	32516
23253	112071	32512
23254	112077	32507
23255	112081	32502
23256	112086	32497
23257	112090	32492
23258	112096	32488
23259	112102	32483
23260	112107	32479
23261	112111	32473
23262	112117	32469
23263	112122	32464
23264	112127	32459
23265	112133	32455
23266	112138	32450
23267	112143	32445
23268	112148	32441
23269	112153	32436
23270	112159	32431
23271	112164	32427
23272	112170	32422
23273	112175	32417
23274	112179	32412
23275	112184	32408
23276	112190	32403
23277	112196	32399
23278	112202	32394
23279	112207	32389
23280	112212	32385
23281	112217	32380
23282	112224	32376
23283	112230	32371
23284	112235	32366
23285	112240	32361
23286	112245	32357
23287	112250	32352
23288	112255	32347
23289	112261	32343
23290	112265	32338
23291	112270	32333
23292	112275	32328
23293	112280	32323
23294	112284	32318
23295	112289	32314
23296	112294	32309
23297	112299	32304
23298	112304	32299
23299	112308	32294
23300	112314	32290
23301	112319	32285
23302	112325	32281
23303	112329	32275
23304	112334	32271
23305	112338	32266
23306	112343	32261
23307	112349	32256
23308	112354	32252
23309	112359	32247
23310	112363	32242
23311	112368	32237
23312	112372	32232
23313	112378	32227
23314	112383	32223
23315	112388	32218
23316	112393	32213
23317	112399	32209
23318	112404	32204
23319	112409	32199
23320	112414	32194
23321	112418	32189
23322	112423	32184
23323	112427	32179
23324	112432	32175
23325	112437	32170
23326	112444	32166
23327	112449	32161
23328	112453	32156
23329	112458	32151
23330	112462	32146
23331	112468	32142
23332	112474	32137
23333	112479	32132
23334	112485	32128
23335	112489	32123
23336	112493	32118
23337	112498	32113
23338	112504	32108
23339	112510	32104
23340	112516	32100
23341	112521	32095
23342	112526	32090
23343	112532	32085
23344	112537	32081
23345	112543	32076
23346	112547	32071
23347	112552	32066
23348	112557	32062
23349	112562	32057
23350	112567	32052
23351	112573	32048
23352	112579	32043
23353	112583	32038
23354	112589	32034
23355	112596	32029
23356	112602	32025
23357	112607	32020
23358	112613	32016
23359	112619	32011
23360	112625	32007
23361	112632	32003
23362	112638	31998
23363	112643	31993
23364	112647	31988
23365	112651	31983
23366	112658	31979
23367	112664	31974
23368	112669	31970
23369	112673	31965
23370	112678	31960
23371	112683	31955
23372	112687	31950
23373	112692	31945
23374	112696	31940
23375	112701	31935
23376	112706	31931
23377	112711	31926
23378	112716	31921
23379	112721	31916
23380	112726	31912
23381	112731	31907
23382	112735	31902
23383	112740	31897
23384	112746	31893
23385	112751	31888
23386	112755	31883
23387	112759	31878
23388	112764	31873
23389	112769	31868
23390	112775	31863
23391	112779	31859
23392	112784	31854
23393	112789	31849
23394	112794	31844
23395	112799	31839
23396	112803	31834
23397	112809	31830
23398	112813	31825
23399	112817	31820
23400	112822	31815
23401	112826	31810
23402	112831	31805
23403	112837	31801
23404	112842	31796
23405	112846	31791
23406	112850	31786
23407	112856	31781
23408	112861	31777
23409	112866	31772
23410	112870	31767
23411	112875	31762
23412	112880	31757
23413	112885	31752
23414	112890	31748
23415	112896	31743
23416	112901	31738
23417	112905	31734
23418	112910	31729
23419	112915	31724
23420	112920	31719
23421	112925	31714
23422	112930	31710
23423	112935	31705
23424	112940	31700
23425	112945	31695
23426	112950	31690
23427	112955	31686
23428	112960	31681
23429	112965	31676
23430	112970	31671
23431	112974	31666
23432	112979	31662
23433	112984	31657
23434	112989	31652
23435	112994	31647
23436	112999	31642
23437	113004	31638
23438	113008	31633
23439	113013	31628
23440	113017	31623
23441	113023	31618
23442	113028	31614
23443	113032	31609
23444	113037	31604
23445	113042	31599
23446	113047	31594
23447	113053	31590
23448	113058	31585
23449	113062	31580
23450	113066	31575
23451	113072	31570
23452	113078	31566
23453	113086	31562
23454	113090	31557
23455	113094	31552
23456	113099	31547
23457	113104	31542
23458	113109	31537
23459	113115	31533
23460	113120	31528
23461	113125	31523
23462	113130	31519
23463	113135	31514
23464	113140	31509
23465	113146	31505
23466	113151	31500
23467	113156	31495
23468	113161	31490
23469	113166	31486
23470	113171	31481
23471	113177	31476
23472	113182	31471
23473	113187	31467
23474	113191	31462
23475	113195	31457
23476	113201	31452
23477	113206	31447
23478	113211	31443
23479	113216	31438
23480	113221	31433
23481	113226	31428
23482	113230	31423
23483	113236	31419
23484	113241	31414
23485	113246	31409
23486	113250	31404
23487	113255	31399
23488	113259	31394
23489	113265	31390
23490	113270	31385
23491	113274	31380
23492	113279	31375
23493	113283	31370
23494	113288	31365
23495	113294	31361
23496	113301	31357
23497	113306	31352
23498	113311	31347
23499	113315	31342
23500	113319	31337
23501	113324	31332
23502	113328	31327
23503	113333	31322
23504	113337	31317
23505	113342	31313
23506	113347	31308
23507	113353	31303
23508	113357	31298
23509	113362	31293
23510	113366	31289
23511	113372	31284
23512	113378	31280
23513	113383	31275
23514	113388	31270
23515	113393	31265
23516	113397	31260
23517	113403	31255
23518	113408	31251
23519	113413	31246
23520	113418	31241
23521	113422	31236
23522	113427	31231
23523	113432	31227
23524	113437	31222
23525	113443	31217
23526	113448	31213
23527	113452	31208
23528	113457	31203
23529	113462	31198
23530	113467	31193
23531	113473	31189
23532	113478	31184
23533	113483	31179
23534	113488	31174
23535	113493	31170
23536	113498	31165
23537	113506	31161
23538	113511	31156
23539	113515	31151
23540	113519	31146
23541	113524	31141
23542	113530	31137
23543	113535	31132
23544	113540	31127
23545	113544	31122
23546	113549	31117
23547	113553	31112
23548	113558	31108
23549	113563	31103
23550	113569	31098
23551	113573	31093
23552	113578	31089
23553	113583	31084
23554	113588	31079
23555	113593	31074
23556	113599	31070
23557	113603	31065
23558	113609	31060
23559	113614	31055
23560	113618	31050
23561	113623	31046
23562	113629	31041
23563	113636	31037
23564	113642	31032
23565	113647	31028
23566	113654	31023
23567	113660	31019
23568	113666	31014
23569	113671	31010
23570	113677	31005
23571	113684	31001
23572	113690	30996
23573	113696	30992
23574	113701	30987
23575	113706	30982
23576	113710	30977
23577	113715	30972
23578	113721	30968
23579	113725	30963
23580	113730	30958
23581	113734	30953
23582	113739	30948
23583	113743	30943
23584	113748	30939
23585	113754	30934
23586	113759	30929
23587	113765	30925
23588	113770	30920
23589	113775	30915
23590	113780	30911
23591	113786	30906
23592	113791	30901
23593	113795	30896
23594	113799	30891
23595	113804	30886
23596	113809	30881
23597	113813	30877
23598	113818	30872
23599	113823	30867
23600	113828	30862
23601	113833	30857
23602	113838	30853
23603	113843	30848
23604	113848	30843
23605	113853	30838
23606	113857	30833
23607	113862	30828
23608	113866	30823
23609	113872	30819
23610	113877	30814
23611	113882	30809
23612	113887	30804
23613	113891	30800
23614	113896	30795
23615	113900	30790
23616	113906	30785
23617	113911	30780
23618	113916	30776
23619	113920	30771
23620	113925	30766
23621	113929	30761
23622	113935	30756
23623	113939	30751
23624	113944	30746
23625	113949	30742
23626	113954	30737
23627	113959	30732
23628	113964	30727
23629	113969	30723
23630	113973	30717
23631	113978	30713
23632	113983	30708
23633	113988	30703
23634	113993	30698
23635	113998	30694
23636	114002	30689
23637	114006	30684
23638	114012	30679
23639	114017	30674
23640	114022	30670
23641	114027	30665
23642	114031	30660
23643	114036	30655
23644	114041	30650
23645	114046	30645
23646	114051	30641
23647	114055	30636
23648	114060	30631
23649	114065	30626
23650	114070	30621
23651	114075	30616
23652	114080	30612
23653	114085	30607
23654	114090	30602
23655	114095	30597
23656	114099	30592
23657	114104	30588
23658	114111	30583
23659	114116	30579
23660	114122	30574
23661	114126	30569
23662	114132	30564
23663	114136	30559
23664	114142	30555
23665	114148	30550
23666	114153	30546
23667	114158	30541
23668	114163	30536
23669	114168	30531
23670	114174	30527
23671	114178	30522
23672	114183	30517
23673	114188	30512
23674	114192	30507
23675	114197	30502
23676	114202	30497
23677	114207	30493
23678	114212	30488
23679	114218	30484
23680	114223	30479
23681	114228	30474
23682	114232	30469
23683	114239	30465
23684	114243	30460
23685	114248	30455
23686	114253	30450
23687	114258	30445
23688	114263	30440
23689	114269	30436
23690	114273	30431
23691	114278	30426
23692	114284	30422
23693	114288	30417
23694	114293	30412
23695	114298	30407
23696	114303	30402
23697	114307	30397
23698	114312	30392
23699	114316	30387
23700	114319	30382
23701	114325	30378
23702	114330	30373
23703	114335	30368
23704	114340	30363
23705	114344	30358
23706	114349	30353
23707	114354	30349
23708	114360	30344
23709	114366	30340
23710	114371	30335
23711	114376	30330
23712	114381	30325
23713	114386	30321
23714	114392	30316
23715	114397	30311
23716	114401	30306
23717	114406	30301
23718	114411	30297
23719	114416	30292
23720	114421	30287
23721	114426	30282
23722	114430	30277
23723	114435	30273
23724	114439	30268
23725	114444	30263
23726	114449	30258
23727	114455	30253
23728	114459	30248
23729	114463	30243
23730	114468	30239
23731	114472	30234
23732	114478	30229
23733	114483	30224
23734	114488	30219
23735	114493	30215
23736	114498	30210
23737	114502	30205
23738	114507	30200
23739	114512	30195
23740	114517	30190
23741	114523	30186
23742	114527	30181
23743	114532	30176
23744	114536	30171
23745	114542	30167
23746	114547	30162
23747	114552	30157
23748	114557	30152
23749	114561	30147
23750	114566	30142
23751	114570	30137
23752	114575	30133
23753	114579	30128
23754	114584	30123
23755	114590	30118
23756	114595	30114
23757	114600	30109
23758	114604	30104
23759	114610	30099
23760	114614	30094
23761	114619	30089
23762	114623	30084
23763	114629	30080
23764	114633	30075
23765	114638	30070
23766	114642	30065
23767	114647	30060
23768	114653	30056
23769	114658	30051
23770	114663	30046
23771	114667	30041
23772	114673	30037
23773	114679	30032
23774	114684	30027
23775	114691	30023
23776	114697	30019
23777	114703	30014
23778	114708	30009
23779	114714	30005
23780	114721	30000
23781	114727	29996
23782	114733	29991
23783	114738	29987
23784	114743	29982
23785	114749	29977
23786	114753	29972
23787	114758	29968
23788	114762	29963
23789	114766	29958
23790	114770	29953
23791	114776	29948
23792	114783	29944
23793	114788	29939
23794	114792	29934
23795	114797	29929
23796	114802	29924
23797	114807	29919
23798	114812	29915
23799	114817	29910
23800	114821	29905
23801	114826	29900
23802	114830	29895
23803	114835	29890
23804	114840	29886
23805	114845	29881
23806	114851	29876
23807	114855	29871
23808	114859	29866
23809	114864	29861
23810	114870	29857
23811	114874	29852
23812	114879	29847
23813	114883	29842
23814	114888	29837
23815	114892	29832
23816	114897	29828
23817	114902	29823
23818	114908	29818
23819	114913	29813
23820	114918	29808
23821	114922	29804
23822	114926	29799
23823	114932	29794
23824	114937	29789
23825	114943	29785
23826	114947	29780
23827	114951	29775
23828	114956	29770
23829	114961	29765
23830	114966	29760
23831	114971	29756
23832	114976	29751
23833	114981	29746
23834	114986	29741
23835	114990	29736
23836	114997	29732
23837	115003	29727
23838	115008	29722
23839	115012	29717
23840	115016	29713
23841	115022	29708
23842	115026	29703
23843	115032	29698
23844	115038	29694
23845	115042	29689
23846	115047	29684
23847	115052	29679
23848	115056	29674
23849	115063	29670
23850	115068	29665
23851	115073	29660
23852	115078	29656
23853	115082	29651
23854	115087	29646
23855	115092	29641
23856	115098	29636
23857	115102	29632
23858	115108	29627
23859	115112	29622
23860	115117	29617
23861	115122	29612
23862	115128	29608
23863	115133	29603
23864	115138	29598
23865	115143	29593
23866	115148	29589
23867	115153	29584
23868	115158	29579
23869	115163	29574
23870	115167	29569
23871	115172	29565
23872	115176	29560
23873	115181	29555
23874	115185	29550
23875	115190	29545
23876	115195	29540
23877	115200	29535
23878	115205	29531
23879	115210	29526
23880	115215	29521
23881	115219	29516
23882	115223	29511
23883	115230	29507
23884	115236	29502
23885	115240	29497
23886	115245	29492
23887	115249	29487
23888	115255	29483
23889	115260	29478
23890	115265	29473
23891	115269	29468
23892	115274	29463
23893	115278	29459
23894	115283	29454
23895	115288	29449
23896	115293	29444
23897	115307	29442
23898	115312	29437
23899	115316	29432
23900	115322	29427
23901	115328	29423
23902	115333	29418
23903	115337	29413
23904	115342	29408
23905	115346	29403
23906	115352	29398
23907	115356	29394
23908	115361	29389
23909	115366	29384
23910	115371	29379
23911	115376	29374
23912	115381	29370
23913	115387	29365
23914	115392	29360
23915	115397	29355
23916	115403	29351
23917	115408	29346
23918	115413	29342
23919	115419	29337
23920	115423	29332
23921	115428	29327
23922	115433	29322
23923	115437	29317
23924	115443	29313
23925	115451	29309
23926	115456	29304
23927	115462	29299
23928	115466	29294
23929	115471	29290
23930	115477	29285
23931	115481	29280
23932	115487	29275
23933	115491	29270
23934	115496	29266
23935	115500	29261
23936	115505	29256
23937	115510	29251
23938	115514	29246
23939	115519	29241
23940	115524	29237
23941	115529	29232
23942	115533	29227
23943	115538	29222
23944	115544	29217
23945	115549	29213
23946	115554	29208
23947	115559	29203
23948	115564	29198
23949	115569	29193
23950	115573	29189
23951	115579	29184
23952	115584	29179
23953	115588	29174
23954	115593	29169
23955	115597	29164
23956	115603	29160
23957	115607	29155
23958	115612	29150
23959	115617	29145
23960	115621	29140
23961	115625	29135
23962	115629	29130
23963	115634	29125
23964	115639	29120
23965	115645	29116
23966	115649	29111
23967	115654	29106
23968	115658	29101
23969	115663	29096
23970	115669	29092
23971	115675	29087
23972	115680	29082
23973	115684	29078
23974	115689	29073
23975	115695	29068
23976	115701	29064
23977	115705	29059
23978	115710	29054
23979	115715	29049
23980	115720	29044
23981	115725	29039
23982	115731	29035
23983	115737	29030
23984	115742	29026
23985	115747	29021
23986	115754	29017
23987	115760	29012
23988	115766	29007
23989	115771	29003
23990	115777	28998
23991	115783	28994
23992	115789	28989
23993	115795	28984
23994	115800	28980
23995	115804	28975
23996	115809	28970
23997	115813	28965
23998	115818	28960
23999	115823	28955
24000	115828	28951
24001	115845	28949
24002	115850	28944
24003	115855	28939
24004	115859	28934
24005	115864	28929
24006	115869	28925
24007	115874	28920
24008	115879	28915
24009	115884	28910
24010	115889	28905
24011	115894	28901
24012	115899	28896
24013	115904	28891
24014	115910	28887
24015	115915	28882
24016	115919	28877
24017	115923	28872
24018	115929	28867
24019	115934	28862
24020	115939	28858
24021	115944	28853
24022	115948	28848
24023	115952	28843
24024	115957	28838
24025	115962	28833
24026	115967	28828
24027	115972	28824
24028	115977	28819
24029	115981	28814
24030	115986	28809
24031	115991	28804
24032	115996	28799
24033	116001	28795
24034	116006	28790
24035	116011	28785
24036	116016	28780
24037	116022	28776
24038	116027	28771
24039	116033	28767
24040	116038	28762
24041	116043	28757
24042	116048	28752
24043	116052	28747
24044	116058	28743
24045	116063	28738
24046	116068	28733
24047	116072	28728
24048	116077	28723
24049	116083	28719
24050	116089	28714
24051	116095	28710
24052	116100	28705
24053	116104	28700
24054	116109	28695
24055	116114	28690
24056	116118	28685
24057	116124	28681
24058	116130	28676
24059	116134	28671
24060	116139	28666
24061	116143	28661
24062	116149	28657
24063	116154	28652
24064	116159	28647
24065	116164	28642
24066	116169	28638
24067	116175	28633
24068	116180	28628
24069	116186	28624
24070	116191	28619
24071	116196	28614
24072	116201	28609
24073	116205	28604
24074	116211	28600
24075	116217	28595
24076	116223	28591
24077	116228	28586
24078	116233	28581
24079	116239	28577
24080	116244	28572
24081	116250	28567
24082	116255	28563
24083	116260	28558
24084	116265	28553
24085	116270	28548
24086	116276	28544
24087	116281	28539
24088	116287	28534
24089	116292	28530
24090	116297	28525
24091	116304	28520
24092	116310	28516
24093	116315	28511
24094	116321	28507
24095	116327	28502
24096	116332	28497
24097	116337	28492
24098	116343	28488
24099	116348	28483
24100	116354	28479
24101	116359	28474
24102	116364	28469
24103	116371	28465
24104	116377	28460
24105	116382	28455
24106	116387	28451
24107	116392	28446
24108	116398	28441
24109	116404	28437
24110	116409	28432
24111	116414	28427
24112	116418	28422
24113	116423	28417
24114	116429	28413
24115	116435	28408
24116	116440	28403
24117	116446	28399
24118	116452	28394
24119	116457	28390
24120	116462	28385
24121	116467	28380
24122	116473	28375
24123	116480	28371
24124	116485	28366
24125	116491	28362
24126	116496	28357
24127	116502	28353
24128	116509	28348
24129	116515	28344
24130	116521	28339
24131	116527	28335
24132	116532	28330
24133	116538	28325
24134	116543	28321
24135	116548	28316
24136	116553	28311
24137	116558	28306
24138	116563	28301
24139	116569	28297
24140	116575	28292
24141	116581	28288
24142	116585	28283
24143	116591	28278
24144	116596	28273
24145	116602	28269
24146	116607	28264
24147	116613	28259
24148	116618	28255
24149	116623	28250
24150	116629	28245
24151	116634	28241
24152	116640	28236
24153	116645	28231
24154	116649	28226
24155	116654	28221
24156	116660	28217
24157	116666	28212
24158	116671	28208
24159	116676	28203
24160	116681	28198
24161	116687	28193
24162	116692	28189
24163	116697	28184
24164	116703	28179
24165	116708	28174
24166	116713	28170
24167	116717	28165
24168	116724	28160
24169	116729	28156
24170	116735	28151
24171	116739	28146
24172	116744	28141
24173	116749	28136
24174	116754	28132
24175	116760	28127
24176	116766	28123
24177	116773	28118
24178	116778	28114
24179	116785	28109
24180	116792	28105
24181	116798	28100
24182	116805	28096
24183	116810	28091
24184	116816	28087
24185	116823	28082
24186	116830	28078
24187	116836	28074
24188	116842	28069
24189	116848	28064
24190	116854	28060
24191	116860	28055
24192	116865	28051
24193	116870	28046
24194	116876	28041
24195	116882	28037
24196	116888	28032
24197	116892	28027
24198	116898	28022
24199	116903	28018
24200	116909	28013
24201	116915	28009
24202	116921	28004
24203	116926	27999
24204	116932	27995
24205	116938	27990
24206	116945	27986
24207	116951	27981
24208	116956	27976
24209	116962	27972
24210	116968	27967
24211	116974	27963
24212	116980	27958
24213	116986	27954
24214	116992	27949
24215	116997	27944
24216	117002	27940
24217	117009	27935
24218	117015	27931
24219	117021	27926
24220	117025	27921
24221	117031	27917
24222	117038	27912
24223	117044	27908
24224	117049	27903
24225	117055	27898
24226	117061	27894
24227	117066	27889
24228	117072	27884
24229	117078	27880
24230	117084	27875
24231	117090	27871
24232	117095	27866
24233	117101	27861
24234	117106	27857
24235	117112	27852
24236	117119	27848
24237	117125	27843
24238	117130	27839
24239	117136	27834
24240	117142	27829
24241	117148	27825
24242	117153	27820
24243	117159	27815
24244	117164	27811
24245	117170	27806
24246	117176	27802
24247	117181	27797
24248	117187	27792
24249	117193	27788
24250	117198	27783
24251	117204	27778
24252	117210	27774
24253	117216	27769
24254	117222	27765
24255	117227	27760
24256	117233	27755
24257	117240	27751
24258	117246	27746
24259	117251	27742
24260	117256	27737
24261	117260	27732
24262	117267	27727
24263	117273	27723
24264	117279	27718
24265	117284	27714
24266	117289	27709
24267	117295	27704
24268	117302	27700
24269	117309	27696
24270	117315	27691
24271	117320	27686
24272	117326	27682
24273	117333	27677
24274	117339	27673
24275	117344	27668
24276	117350	27663
24277	117356	27659
24278	117363	27654
24279	117368	27650
24280	117374	27645
24281	117379	27640
24282	117385	27636
24283	117390	27631
24284	117396	27627
24285	117402	27622
24286	117408	27617
24287	117414	27613
24288	117420	27608
24289	117426	27604
24290	117432	27599
24291	117438	27594
24292	117443	27590
24293	117448	27585
24294	117454	27580
24295	117461	27576
24296	117466	27571
24297	117472	27567
24298	117477	27562
24299	117483	27557
24300	117489	27553
24301	117494	27548
24302	117500	27543
24303	117505	27539
24304	117510	27534
24305	117517	27529
24306	117522	27525
24307	117528	27520
24308	117533	27515
24309	117539	27511
24310	117545	27506
24311	117551	27502
24312	117557	27497
24313	117563	27492
24314	117569	27488
24315	117574	27483
24316	117580	27479
24317	117587	27474
24318	117593	27470
24319	117598	27465
24320	117604	27460
24321	117611	27456
24322	117616	27451
24323	117621	27446
24324	117626	27442
24325	117632	27437
24326	117637	27432
24327	117644	27428
24328	117649	27423
24329	117655	27419
24330	117660	27414
24331	117665	27409
24332	117670	27404
24333	117676	27400
24334	117681	27395
24335	117687	27390
24336	117693	27386
24337	117698	27381
24338	117703	27376
24339	117708	27371
24340	117714	27367
24341	117720	27362
24342	117725	27357
24343	117730	27353
24344	117735	27348
24345	117740	27343
24346	117746	27338
24347	117752	27334
24348	117757	27329
24349	117763	27324
24350	117768	27320
24351	117772	27315
24352	117777	27310
24353	117785	27306
24354	117791	27301
24355	117796	27296
24356	117801	27292
24357	117806	27287
24358	117812	27282
24359	117818	27278
24360	117823	27273
24361	117829	27268
24362	117835	27264
24363	117841	27259
24364	117848	27255
24365	117855	27250
24366	117861	27246
24367	117867	27241
24368	117874	27237
24369	117881	27233
24370	117886	27228
24371	117891	27223
24372	117895	27218
24373	117901	27213
24374	117906	27209
24375	117912	27204
24376	117918	27200
24377	117923	27195
24378	117928	27190
24379	117933	27185
24380	117939	27181
24381	117944	27176
24382	117949	27171
24383	117955	27166
24384	117961	27162
24385	117968	27157
24386	117974	27153
24387	117980	27148
24388	117986	27144
24389	117992	27139
24390	117999	27135
24391	118006	27131
24392	118012	27126
24393	118019	27122
24394	118025	27117
24395	118031	27112
24396	118037	27108
24397	118043	27103
24398	118049	27099
24399	118054	27094
24400	118059	27089
24401	118066	27085
24402	118071	27080
24403	118076	27075
24404	118081	27070
24405	118087	27066
24406	118092	27061
24407	118097	27056
24408	118102	27051
24409	118107	27047
24410	118112	27042
24411	118118	27037
24412	118123	27032
24413	118130	27028
24414	118135	27023
24415	118139	27018
24416	118145	27014
24417	118151	27009
24418	118156	27004
24419	118161	27000
24420	118166	26995
24421	118171	26990
24422	118176	26985
24423	118181	26980
24424	118186	26976
24425	118193	26971
24426	118198	26966
24427	118203	26962
24428	118209	26957
24429	118214	26952
24430	118221	26948
24431	118226	26943
24432	118231	26938
24433	118236	26933
24434	118242	26929
24435	118247	26924
24436	118252	26919
24437	118257	26915
24438	118262	26910
24439	118267	26905
24440	118272	26900
24441	118277	26895
24442	118283	26891
24443	118289	26886
24444	118294	26881
24445	118299	26877
24446	118305	26872
24447	118310	26867
24448	118315	26862
24449	118321	26858
24450	118327	26853
24451	118333	26848
24452	118338	26844
24453	118343	26839
24454	118349	26834
24455	118355	26830
24456	118360	26825
24457	118365	26820
24458	118370	26816
24459	118375	26811
24460	118380	26806
24461	118386	26801
24462	118391	26797
24463	118397	26792
24464	118402	26787
24465	118406	26782
24466	118412	26777
24467	118417	26773
24468	118424	26768
24469	118430	26764
24470	118435	26759
24471	118441	26754
24472	118446	26750
24473	118452	26745
24474	118458	26740
24475	118464	26736
24476	118469	26731
24477	118473	26726
24478	118479	26721
24479	118484	26717
24480	118489	26712
24481	118495	26707
24482	118500	26702
24483	118506	26698
24484	118512	26693
24485	118517	26688
24486	118522	26684
24487	118527	26679
24488	118533	26674
24489	118540	26670
24490	118545	26665
24491	118551	26660
24492	118556	26656
24493	118561	26651
24494	118566	26646
24495	118572	26642
24496	118577	26637
24497	118582	26632
24498	118588	26627
24499	118593	26623
24500	118598	26618
24501	118604	26613
24502	118609	26608
24503	118615	26604
24504	118619	26599
24505	118624	26594
24506	118629	26589
24507	118634	26584
24508	118641	26580
24509	118646	26575
24510	118652	26571
24511	118657	26566
24512	118663	26561
24513	118669	26557
24514	118674	26552
24515	118679	26547
24516	118684	26542
24517	118689	26537
24518	118694	26532
24519	118699	26528
24520	118704	26523
24521	118708	26518
24522	118714	26513
24523	118718	26508
24524	118724	26504
24525	118729	26499
24526	118735	26494
24527	118740	26490
24528	118745	26485
24529	118750	26480
24530	118755	26475
24531	118760	26470
24532	118766	26466
24533	118771	26461
24534	118777	26456
24535	118782	26452
24536	118788	26447
24537	118793	26442
24538	118799	26437
24539	118804	26433
24540	118808	26428
24541	118813	26423
24542	118819	26418
24543	118824	26414
24544	118829	26409
24545	118834	26404
24546	118838	26399
24547	118844	26394
24548	118848	26389
24549	118855	26385
24550	118861	26380
24551	118867	26376
24552	118873	26371
24553	118878	26366
24554	118885	26362
24555	118892	26358
24556	118899	26353
24557	118905	26349
24558	118911	26344
24559	118917	26340
24560	118923	26335
24561	118930	26331
24562	118936	26326
24563	118942	26321
24564	118947	26317
24565	118954	26312
24566	118960	26308
24567	118966	26303
24568	118972	26299
24569	118978	26294
24570	118983	26289
24571	118988	26284
24572	118994	26280
24573	119000	26275
24574	119005	26270
24575	119010	26266
24576	119016	26261
24577	119022	26256
24578	119029	26252
24579	119035	26247
24580	119041	26243
24581	119047	26238
24582	119053	26234
24583	119061	26229
24584	119067	26225
24585	119072	26220
24586	119078	26215
24587	119083	26211
24588	119089	26206
24589	119095	26201
24590	119101	26197
24591	119106	26192
24592	119112	26187
24593	119117	26183
24594	119123	26178
24595	119129	26173
24596	119134	26169
24597	119139	26164
24598	119146	26160
24599	119152	26155
24600	119158	26150
24601	119164	26146
24602	119170	26141
24603	119176	26137
24604	119182	26132
24605	119188	26127
24606	119194	26123
24607	119199	26118
24608	119203	26113
24609	119209	26108
24610	119213	26103
24611	119218	26099
24612	119223	26094
24613	119228	26089
24614	119233	26084
24615	119237	26079
24616	119242	26074
24617	119247	26069
24618	119253	26065
24619	119257	26060
24620	119262	26055
24621	119266	26050
24622	119271	26045
24623	119278	26041
24624	119283	26036
24625	119288	26031
24626	119292	26026
24627	119297	26021
24628	119302	26016
24629	119307	26012
24630	119311	26007
24631	119316	26002
24632	119321	25997
24633	119325	25992
24634	119330	25987
24635	119335	25982
24636	119340	25978
24637	119346	25973
24638	119350	25968
24639	119355	25963
24640	119360	25958
24641	119366	25954
24642	119371	25949
24643	119376	25944
24644	119381	25939
24645	119386	25935
24646	119391	25930
24647	119396	25925
24648	119400	25920
24649	119406	25915
24650	119411	25910
24651	119416	25906
24652	119420	25901
24653	119425	25896
24654	119429	25891
24655	119435	25886
24656	119439	25881
24657	119444	25876
24658	119449	25872
24659	119454	25867
24660	119459	25862
24661	119464	25857
24662	119470	25852
24663	119474	25848
24664	119479	25843
24665	119484	25838
24666	119488	25833
24667	119495	25828
24668	119500	25824
24669	119505	25819
24670	119509	25814
24671	119514	25809
24672	119519	25804
24673	119524	25799
24674	119529	25795
24675	119534	25790
24676	119539	25785
24677	119543	25780
24678	119547	25775
24679	119552	25770
24680	119557	25765
24681	119561	25760
24682	119566	25755
24683	119570	25750
24684	119576	25746
24685	119581	25741
24686	119586	25736
24687	119591	25731
24688	119596	25727
24689	119602	25722
24690	119607	25717
24691	119612	25712
24692	119616	25707
24693	119622	25703
24694	119626	25698
24695	119632	25693
24696	119637	25688
24697	119642	25684
24698	119647	25679
24699	119652	25674
24700	119658	25669
24701	119663	25665
24702	119669	25660
24703	119674	25655
24704	119679	25650
24705	119685	25646
24706	119690	25641
24707	119698	25637
24708	119703	25632
24709	119708	25627
24710	119713	25622
24711	119718	25617
24712	119723	25613
24713	119729	25608
24714	119733	25603
24715	119738	25598
24716	119744	25594
24717	119749	25589
24718	119754	25584
24719	119758	25579
24720	119763	25574
24721	119768	25569
24722	119773	25565
24723	119777	25560
24724	119782	25555
24725	119787	25550
24726	119791	25545
24727	119796	25540
24728	119801	25535
24729	119806	25530
24730	119811	25526
24731	119817	25521
24732	119822	25516
24733	119826	25511
24734	119831	25506
24735	119836	25502
24736	119841	25497
24737	119846	25492
24738	119851	25487
24739	119855	25482
24740	119860	25477
24741	119865	25473
24742	119870	25468
24743	119875	25463
24744	119880	25458
24745	119885	25453
24746	119891	25449
24747	119896	25444
24748	119902	25439
24749	119908	25435
24750	119915	25430
24751	119922	25426
24752	119928	25421
24753	119934	25417
24754	119941	25412
24755	119949	25408
24756	119958	25404
24757	119965	25400
24758	119972	25395
24759	119980	25391
24760	119987	25387
24761	119993	25382
24762	120000	25378
24763	120005	25373
24764	120011	25368
24765	120016	25364
24766	120021	25359
24767	120026	25354
24768	120032	25349
24769	120037	25344
24770	120043	25340
24771	120048	25335
24772	120052	25330
24773	120056	25325
24774	120062	25320
24775	120067	25316
24776	120073	25311
24777	120078	25306
24778	120083	25301
24779	120088	25297
24780	120092	25292
24781	120097	25287
24782	120102	25282
24783	120108	25277
24784	120112	25272
24785	120117	25267
24786	120121	25263
24787	120126	25258
24788	120132	25253
24789	120137	25248
24790	120141	25243
24791	120145	25238
24792	120150	25233
24793	120155	25229
24794	120159	25224
24795	120164	25219
24796	120170	25214
24797	120175	25209
24798	120180	25205
24799	120186	25200
24800	120190	25195
24801	120195	25190
24802	120200	25185
24803	120205	25180
24804	120210	25176
24805	120216	25171
24806	120221	25166
24807	120226	25161
24808	120230	25156
24809	120235	25152
24810	120240	25147
24811	120246	25142
24812	120251	25137
24813	120257	25133
24814	120261	25128
24815	120266	25123
24816	120272	25118
24817	120277	25113
24818	120283	25109
24819	120289	25104
24820	120294	25099
24821	120299	25095
24822	120305	25090
24823	120310	25085
24824	120315	25080
24825	120320	25076
24826	120325	25071
24827	120331	25066
24828	120337	25062
24829	120342	25057
24830	120347	25052
24831	120352	25047
24832	120357	25042
24833	120364	25038
24834	120370	25033
24835	120374	25028
24836	120380	25024
24837	120384	25019
24838	120389	25014
24839	120395	25009
24840	120400	25004
24841	120405	24999
24842	120411	24995
24843	120415	24990
24844	120419	24985
24845	120426	24980
24846	120431	24976
24847	120435	24971
24848	120439	24966
24849	120444	24961
24850	120448	24956
24851	120454	24951
24852	120459	24946
24853	120463	24941
24854	120468	24937
24855	120472	24932
24856	120478	24927
24857	120482	24922
24858	120488	24917
24859	120492	24912
24860	120498	24908
24861	120503	24903
24862	120508	24898
24863	120512	24893
24864	120518	24888
24865	120524	24884
24866	120529	24879
24867	120534	24874
24868	120539	24869
24869	120544	24864
24870	120550	24860
24871	120555	24855
24872	120561	24850
24873	120565	24846
24874	120570	24841
24875	120575	24836
24876	120580	24831
24877	120585	24826
24878	120590	24821
24879	120595	24817
24880	120599	24812
24881	120604	24807
24882	120610	24802
24883	120616	24797
24884	120621	24793
24885	120628	24788
24886	120633	24783
24887	120639	24779
24888	120644	24774
24889	120650	24770
24890	120656	24765
24891	120662	24760
24892	120667	24755
24893	120674	24751
24894	120680	24746
24895	120685	24742
24896	120691	24737
24897	120696	24732
24898	120702	24728
24899	120707	24723
24900	120714	24718
24901	120718	24713
24902	120723	24708
24903	120728	24704
24904	120734	24699
24905	120739	24694
24906	120745	24690
24907	120750	24685
24908	120754	24680
24909	120760	24675
24910	120767	24671
24911	120773	24666
24912	120779	24662
24913	120783	24657
24914	120789	24652
24915	120794	24647
24916	120799	24642
24917	120803	24637
24918	120809	24633
24919	120816	24628
24920	120822	24624
24921	120827	24619
24922	120833	24614
24923	120838	24609
24924	120844	24605
24925	120849	24600
24926	120869	24598
24927	120875	24594
24928	120881	24589
24929	120887	24584
24930	120891	24579
24931	120896	24574
24932	120901	24570
24933	120906	24565
24934	120912	24560
24935	120917	24556
24936	120922	24551
24937	120929	24546
24938	120934	24541
24939	120940	24537
24940	120946	24532
24941	120951	24527
24942	120956	24522
24943	120962	24518
24944	120968	24513
24945	120977	24509
24946	120983	24505
24947	120990	24500
24948	120996	24496
24949	121004	24491
24950	121011	24487
24951	121020	24483
24952	121026	24478
24953	121033	24474
24954	121040	24470
24955	121048	24465
24956	121055	24461
24957	121061	24456
24958	121067	24452
24959	121073	24447
24960	121094	24446
24961	121100	24441
24962	121107	24436
24963	121112	24432
24964	121117	24427
24965	121122	24422
24966	121127	24417
24967	121134	24413
24968	121139	24408
24969	121144	24403
24970	121149	24398
24971	121155	24394
24972	121160	24389
24973	121166	24384
24974	121172	24380
24975	121177	24375
24976	121183	24370
24977	121191	24366
24978	121198	24361
24979	121203	24357
24980	121208	24352
24981	121214	24347
24982	121220	24343
24983	121225	24338
24984	121232	24333
24985	121236	24328
24986	121241	24324
24987	121247	24319
24988	121253	24314
24989	121259	24310
24990	121264	24305
24991	121269	24300
24992	121275	24295
24993	121280	24290
24994	121286	24286
24995	121293	24281
24996	121298	24277
24997	121303	24272
24998	121309	24267
24999	121314	24262
25000	121320	24258
25001	121325	24253
25002	121331	24248
25003	121339	24244
25004	121345	24240
25005	121352	24235
25006	121359	24231
25007	121365	24226
25008	121370	24221
25009	121376	24217
25010	121383	24212
25011	121388	24207
25012	121393	24202
25013	121399	24198
25014	121405	24193
25015	121412	24189
25016	121418	24184
25017	121423	24179
25018	121429	24175
25019	121434	24170
25020	121440	24165
25021	121445	24160
25022	121450	24156
25023	121455	24151
25024	121461	24146
25025	121467	24141
25026	121472	24137
25027	121478	24132
25028	121483	24127
25029	121489	24123
25030	121494	24118
25031	121500	24113
25032	121505	24108
25033	121510	24104
25034	121516	24099
25035	121522	24094
25036	121527	24090
25037	121532	24085
25038	121538	24080
25039	121542	24075
25040	121550	24071
25041	121556	24066
25042	121561	24061
25043	121567	24057
25044	121572	24052
25045	121579	24048
25046	121585	24043
25047	121591	24038
25048	121596	24033
25049	121601	24029
25050	121607	24024
25051	121614	24019
25052	121620	24015
25053	121626	24010
25054	121637	24007
25055	121643	24002
25056	121648	23997
25057	121655	23993
25058	121660	23988
25059	121665	23983
25060	121670	23978
25061	121677	23974
25062	121683	23969
25063	121688	23964
25064	121693	23959
25065	121699	23955
25066	121705	23950
25067	121711	23946
25068	121717	23941
25069	121722	23936
25070	121727	23931
25071	121734	23927
25072	121740	23922
25073	121745	23918
25074	121752	23913
25075	121757	23908
25076	121763	23904
25077	121768	23899
25078	121774	23894
25079	121779	23889
25080	121784	23884
25081	121789	23880
25082	121795	23875
25083	121800	23870
25084	121806	23865
25085	121813	23861
25086	121818	23856
25087	121823	23851
25088	121831	23847
25089	121837	23843
25090	121843	23838
25091	121848	23833
25092	121853	23828
25093	121858	23824
25094	121864	23819
25095	121870	23814
25096	121876	23809
25097	121881	23805
25098	121886	23800
25099	121892	23795
25100	121898	23791
25101	121902	23786
25102	121907	23781
25103	121912	23776
25104	121918	23771
25105	121923	23767
25106	121929	23762
25107	121934	23757
25108	121939	23752
25109	121945	23748
25110	121951	23743
25111	121958	23738
25112	121963	23734
25113	121968	23729
25114	121973	23724
25115	121979	23719
25116	121985	23715
25117	121990	23710
25118	121996	23705
25119	122002	23701
25120	122007	23696
25121	122013	23691
25122	122018	23686
25123	122024	23682
25124	122029	23677
25125	122035	23672
25126	122039	23667
25127	122046	23663
25128	122052	23658
25129	122058	23653
25130	122065	23649
25131	122071	23644
25132	122076	23640
25133	122082	23635
25134	122089	23631
25135	122096	23626
25136	122102	23621
25137	122108	23617
25138	122114	23612
25139	122120	23607
25140	122125	23603
25141	122131	23598
25142	122137	23593
25143	122142	23589
25144	122147	23584
25145	122152	23579
25146	122158	23574
25147	122163	23569
25148	122168	23565
25149	122173	23560
25150	122179	23555
25151	122185	23550
25152	122191	23546
25153	122197	23541
25154	122203	23537
25155	122207	23532
25156	122213	23527
25157	122218	23522
25158	122224	23517
25159	122229	23513
25160	122234	23508
25161	122240	23503
25162	122246	23499
25163	122253	23494
25164	122258	23489
25165	122264	23485
25166	122268	23480
25167	122274	23475
25168	122280	23470
25169	122285	23466
25170	122290	23461
25171	122295	23456
25172	122301	23451
25173	122306	23446
25174	122312	23442
25175	122318	23437
25176	122325	23433
25177	122330	23428
25178	122335	23423
25179	122340	23418
25180	122346	23414
25181	122353	23409
25182	122358	23404
25183	122364	23399
25184	122369	23395
25185	122375	23390
25186	122382	23386
25187	122387	23381
25188	122392	23376
25189	122398	23371
25190	122405	23367
25191	122411	23362
25192	122416	23357
25193	122422	23353
25194	122427	23348
25195	122433	23343
25196	122440	23339
25197	122445	23334
25198	122451	23329
25199	122456	23325
25200	122462	23320
25201	122468	23315
25202	122474	23311
25203	122479	23306
25204	122485	23301
25205	122490	23296
25206	122496	23292
25207	122503	23287
25208	122509	23283
25209	122514	23278
25210	122520	23273
25211	122525	23268
25212	122532	23264
25213	122538	23259
25214	122544	23255
25215	122551	23250
25216	122557	23245
25217	122562	23241
25218	122569	23236
25219	122574	23231
25220	122580	23227
25221	122585	23222
25222	122591	23217
25223	122597	23213
25224	122602	23208
25225	122608	23203
25226	122613	23198
25227	122618	23193
25228	122624	23189
25229	122630	23184
25230	122635	23179
25231	122640	23174
25232	122646	23170
25233	122652	23165
25234	122659	23161
25235	122665	23156
25236	122670	23151
25237	122675	23146
25238	122681	23142
25239	122687	23137
25240	122692	23132
25241	122698	23128
25242	122705	23123
25243	122712	23119
25244	122718	23114
25245	122724	23109
25246	122729	23105
25247	122735	23100
25248	122741	23095
25249	122747	23091
25250	122752	23086
25251	122758	23081
25252	122765	23077
25253	122770	23072
25254	122777	23067
25255	122782	23063
25256	122789	23058
25257	122796	23054
25258	122802	23049
25259	122809	23044
25260	122815	23040
25261	122820	23035
25262	122828	23031
25263	122835	23026
25264	122841	23022
25265	122847	23017
25266	122854	23013
25267	122860	23008
25268	122866	23003
25269	122872	22999
25270	122878	22994
25271	122884	22989
25272	122890	22985
25273	122896	22980
25274	122902	22975
25275	122907	22970
25276	122912	22966
25277	122920	22961
25278	122926	22957
25279	122932	22952
25280	122938	22947
25281	122943	22943
25282	122950	22938
25283	122955	22933
25284	122961	22929
25285	122966	22924
25286	122972	22919
25287	122978	22914
25288	122984	22910
25289	122988	22905
25290	122994	22900
25291	122999	22895
25292	123005	22891
25293	123010	22886
25294	123016	22881
25295	123021	22876
25296	123026	22872
25297	123032	22867
25298	123038	22862
25299	123043	22857
25300	123049	22853
25301	123055	22848
25302	123061	22843
25303	123066	22839
25304	123072	22834
25305	123078	22829
25306	123083	22825
25307	123089	22820
25308	123094	22815
25309	123102	22811
25310	123109	22806
25311	123115	22802
25312	123121	22797
25313	123127	22792
25314	123134	22788
25315	123141	22783
25316	123147	22779
25317	123154	22774
25318	123161	22770
25319	123169	22766
25320	123176	22761
25321	123182	22756
25322	123188	22752
25323	123194	22747
25324	123200	22742
25325	123206	22738
25326	123212	22733
25327	123218	22728
25328	123224	22724
25329	123229	22719
25330	123235	22714
25331	123241	22710
25332	123246	22705
25333	123252	22700
25334	123257	22695
25335	123262	22690
25336	123268	22686
25337	123273	22681
25338	123278	22676
25339	123284	22671
25340	123290	22667
25341	123296	22662
25342	123302	22657
25343	123308	22653
25344	123314	22648
25345	123319	22643
25346	123324	22639
25347	123330	22634
25348	123336	22629
25349	123342	22624
25350	123347	22620
25351	123351	22615
25352	123357	22610
25353	123363	22605
25354	123368	22600
25355	123374	22596
25356	123379	22591
25357	123384	22586
25358	123389	22581
25359	123394	22576
25360	123400	22572
25361	123406	22567
25362	123411	22562
25363	123417	22558
25364	123423	22553
25365	123430	22548
25366	123436	22544
25367	123442	22539
25368	123447	22534
25369	123452	22529
25370	123458	22525
25371	123464	22520
25372	123469	22515
25373	123474	22510
25374	123479	22506
25375	123484	22501
25376	123490	22496
25377	123496	22491
25378	123501	22487
25379	123506	22482
25380	123512	22477
25381	123518	22472
25382	123523	22468
25383	123529	22463
25384	123535	22458
25385	123539	22453
25386	123545	22449
25387	123550	22444
25388	123556	22439
25389	123563	22435
25390	123568	22430
25391	123573	22425
25392	123578	22420
25393	123584	22415
25394	123590	22411
25395	123595	22406
25396	123601	22401
25397	123606	22396
25398	123611	22392
25399	123618	22387
25400	123623	22382
25401	123629	22378
25402	123634	22373
25403	123640	22368
25404	123646	22363
25405	123652	22359
25406	123657	22354
25407	123662	22349
25408	123667	22344
25409	123674	22340
25410	123679	22335
25411	123686	22330
25412	123692	22326
25413	123698	22321
25414	123705	22317
25415	123711	22312
25416	123716	22307
25417	123722	22302
25418	123727	22298
25419	123732	22293
25420	123738	22288
25421	123745	22284
25422	123750	22279
25423	123755	22274
25424	123760	22269
25425	123765	22264
25426	123773	22260
25427	123780	22255
25428	123785	22251
25429	123791	22246
25430	123797	22241
25431	123803	22237
25432	123808	22232
25433	123814	22227
25434	123819	22222
25435	123825	22218
25436	123830	22213
25437	123837	22208
25438	123843	22204
25439	123849	22199
25440	123854	22194
25441	123861	22190
25442	123867	22185
25443	123872	22180
25444	123879	22176
25445	123884	22171
25446	123890	22166
25447	123896	22161
25448	123902	22157
25449	123908	22152
25450	123913	22147
25451	123919	22143
25452	123924	22138
25453	123929	22133
25454	123935	22128
25455	123940	22123
25456	123946	22119
25457	123950	22114
25458	123956	22109
25459	123961	22104
25460	123966	22099
25461	123972	22095
25462	123979	22090
25463	123984	22085
25464	123989	22081
25465	123995	22076
25466	124000	22071
25467	124006	22066
25468	124012	22062
25469	124018	22057
25470	124023	22052
25471	124029	22047
25472	124034	22043
25473	124040	22038
25474	124045	22033
25475	124051	22028
25476	124056	22024
25477	124061	22019
25478	124067	22014
25479	124073	22009
25480	124079	22005
25481	124084	22000
25482	124089	21995
25483	124095	21990
25484	124101	21986
25485	124107	21981
25486	124113	21976
25487	124118	21972
25488	124125	21967
25489	124133	21963
25490	124139	21958
25491	124145	21953
25492	124150	21949
25493	124156	21944
25494	124164	21939
25495	124170	21935
25496	124178	21930
25497	124184	21926
25498	124192	21922
25499	124199	21917
25500	124205	21912
25501	124211	21908
25502	124218	21903
25503	124225	21899
25504	124232	21894
25505	124237	21889
25506	124243	21885
25507	124248	21880
25508	124253	21875
25509	124259	21870
25510	124265	21866
25511	124271	21861
25512	124277	21856
25513	124284	21852
25514	124291	21847
25515	124297	21843
25516	124303	21838
25517	124310	21833
25518	124316	21829
25519	124321	21824
25520	124326	21819
25521	124332	21814
25522	124336	21809
25523	124343	21805
25524	124349	21800
25525	124354	21795
25526	124361	21791
25527	124366	21786
25528	124372	21781
25529	124377	21777
25530	124384	21772
25531	124389	21767
25532	124395	21762
25533	124400	21758
25534	124406	21753
25535	124412	21748
25536	124418	21744
25537	124423	21739
25538	124429	21734
25539	124435	21729
25540	124441	21725
25541	124448	21720
25542	124454	21716
25543	124461	21711
25544	124467	21706
25545	124474	21702
25546	124480	21697
25547	124485	21692
25548	124490	21688
25549	124496	21683
25550	124502	21678
25551	124509	21674
25552	124514	21669
25553	124519	21664
25554	124525	21659
25555	124531	21655
25556	124536	21650
25557	124542	21645
25558	124548	21640
25559	124554	21636
25560	124559	21631
25561	124564	21626
25562	124569	21621
25563	124574	21616
25564	124580	21612
25565	124585	21607
25566	124590	21602
25567	124595	21597
25568	124601	21592
25569	124606	21588
25570	124614	21583
25571	124619	21578
25572	124625	21574
25573	124631	21569
25574	124636	21564
25575	124642	21560
25576	124648	21555
25577	124654	21550
25578	124659	21545
25579	124665	21541
25580	124671	21536
25581	124677	21531
25582	124682	21526
25583	124688	21522
25584	124694	21517
25585	124701	21512
25586	124707	21508
25587	124713	21503
25588	124719	21499
25589	124724	21494
25590	124730	21489
25591	124737	21484
25592	124744	21480
25593	124750	21475
25594	124757	21471
25595	124763	21466
25596	124770	21462
25597	124775	21457
25598	124781	21452
25599	124787	21447
25600	124794	21443
25601	124800	21438
25602	124807	21434
25603	124813	21429
25604	124819	21424
25605	124826	21420
25606	124832	21415
25607	124837	21410
25608	124842	21405
25609	124847	21401
25610	124852	21396
25611	124858	21391
25612	124863	21386
25613	124868	21381
25614	124874	21377
25615	124879	21372
25616	124884	21367
25617	124890	21362
25618	124896	21358
25619	124902	21353
25620	124906	21348
25621	124912	21343
25622	124917	21338
25623	124923	21334
25624	124928	21329
25625	124933	21324
25626	124937	21319
25627	124942	21314
25628	124947	21309
25629	124952	21304
25630	124956	21299
25631	124961	21294
25632	124967	21290
25633	124972	21285
25634	124977	21280
25635	124982	21275
25636	124987	21270
25637	124992	21266
25638	124998	21261
25639	125002	21256
25640	125007	21251
25641	125013	21246
25642	125018	21241
25643	125024	21237
25644	125028	21232
25645	125033	21227
25646	125038	21222
25647	125045	21217
25648	125050	21213
25649	125056	21208
25650	125061	21203
25651	125066	21198
25652	125071	21193
25653	125076	21188
25654	125081	21184
25655	125087	21179
25656	125091	21174
25657	125096	21169
25658	125101	21164
25659	125106	21159
25660	125112	21155
25661	125118	21150
25662	125122	21145
25663	125127	21140
25664	125132	21135
25665	125137	21130
25666	125142	21126
25667	125147	21121
25668	125153	21116
25669	125158	21111
25670	125163	21106
25671	125167	21101
25672	125172	21096
25673	125177	21092
25674	125182	21087
25675	125188	21082
25676	125194	21077
25677	125198	21072
25678	125202	21067
25679	125207	21062
25680	125213	21058
25681	125220	21053
25682	125226	21049
25683	125231	21044
25684	125237	21039
25685	125242	21034
25686	125249	21030
25687	125257	21025
25688	125263	21021
25689	125269	21016
25690	125275	21011
25691	125281	21007
25692	125287	21002
25693	125291	20997
25694	125296	20992
25695	125301	20987
25696	125306	20982
25697	125312	20978
25698	125316	20973
25699	125321	20968
25700	125326	20963
25701	125331	20958
25702	125336	20953
25703	125341	20948
25704	125347	20944
25705	125351	20939
25706	125356	20934
25707	125360	20929
25708	125365	20924
25709	125370	20919
25710	125376	20914
25711	125393	20911
25712	125398	20907
25713	125404	20902
25714	125410	20897
25715	125414	20892
25716	125420	20887
25717	125425	20883
25718	125430	20878
25719	125436	20873
25720	125441	20868
25721	125446	20863
25722	125450	20858
25723	125455	20853
25724	125460	20849
25725	125467	20844
25726	125473	20839
25727	125478	20835
25728	125482	20830
25729	125487	20825
25730	125491	20820
25731	125497	20815
25732	125502	20810
25733	125507	20805
25734	125511	20800
25735	125517	20796
25736	125523	20791
25737	125530	20786
25738	125535	20781
25739	125540	20777
25740	125545	20772
25741	125550	20767
25742	125556	20762
25743	125563	20758
25744	125568	20753
25745	125573	20748
25746	125578	20743
25747	125584	20738
25748	125590	20734
25749	125595	20729
25750	125600	20724
25751	125605	20719
25752	125610	20714
25753	125616	20710
25754	125621	20705
25755	125627	20700
25756	125633	20695
25757	125638	20691
25758	125643	20686
25759	125649	20681
25760	125654	20676
25761	125660	20671
25762	125665	20667
25763	125671	20662
25764	125677	20657
25765	125684	20653
25766	125689	20648
25767	125695	20643
25768	125700	20638
25769	125704	20633
25770	125710	20629
25771	125715	20624
25772	125720	20619
25773	125726	20614
25774	125731	20609
25775	125738	20605
25776	125744	20600
25777	125751	20595
25778	125757	20591
25779	125762	20586
25780	125768	20581
25781	125773	20576
25782	125778	20572
25783	125784	20567
25784	125790	20562
25785	125795	20557
25786	125801	20553
25787	125806	20548
25788	125812	20543
25789	125817	20538
25790	125823	20533
25791	125829	20529
25792	125836	20524
25793	125842	20520
25794	125848	20515
25795	125855	20510
25796	125860	20506
25797	125866	20501
25798	125873	20496
25799	125879	20492
25800	125886	20487
25801	125891	20482
25802	125897	20477
25803	125902	20472
25804	125907	20468
25805	125912	20463
25806	125918	20458
25807	125924	20453
25808	125930	20449
25809	125936	20444
25810	125942	20439
25811	125949	20435
25812	125955	20430
25813	125962	20426
25814	125967	20421
25815	125973	20416
25816	125979	20411
25817	125985	20407
25818	125991	20402
25819	125997	20397
25820	126002	20392
25821	126008	20388
25822	126014	20383
25823	126019	20378
25824	126026	20374
25825	126031	20369
25826	126037	20364
25827	126043	20359
25828	126049	20355
25829	126054	20350
25830	126060	20345
25831	126066	20340
25832	126071	20336
25833	126078	20331
25834	126084	20326
25835	126090	20322
25836	126095	20317
25837	126103	20312
25838	126109	20308
25839	126114	20303
25840	126120	20298
25841	126126	20293
25842	126132	20289
25843	126139	20284
25844	126144	20279
25845	126149	20274
25846	126155	20270
25847	126160	20265
25848	126166	20260
25849	126171	20255
25850	126176	20250
25851	126181	20246
25852	126186	20241
25853	126192	20236
25854	126198	20231
25855	126204	20227
25856	126210	20222
25857	126215	20217
25858	126221	20212
25859	126227	20208
25860	126233	20203
25861	126240	20198
25862	126245	20194
25863	126250	20189
25864	126258	20184
25865	126263	20179
25866	126270	20175
25867	126275	20170
25868	126282	20165
25869	126289	20161
25870	126296	20156
25871	126302	20152
25872	126308	20147
25873	126315	20142
25874	126323	20138
25875	126330	20134
25876	126337	20129
25877	126343	20124
25878	126349	20120
25879	126356	20115
25880	126362	20110
25881	126367	20105
25882	126372	20100
25883	126377	20096
25884	126383	20091
25885	126389	20086
25886	126394	20081
25887	126399	20077
25888	126405	20072
25889	126410	20067
25890	126415	20062
25891	126420	20057
25892	126427	20053
25893	126432	20048
25894	126438	20043
25895	126444	20038
25896	126450	20034
25897	126456	20029
25898	126461	20024
25899	126468	20020
25900	126474	20015
25901	126480	20010
25902	126485	20005
25903	126491	20001
25904	126498	19996
25905	126503	19991
25906	126507	19986
25907	126512	19981
25908	126518	19977
25909	126524	19972
25910	126529	19967
25911	126534	19962
25912	126539	19957
25913	126544	19952
25914	126549	19948
25915	126554	19943
25916	126559	19938
25917	126564	19933
25918	126569	19928
25919	126574	19923
25920	126579	19918
25921	126584	19914
25922	126590	19909
25923	126595	19904
25924	126599	19899
25925	126603	19894
25926	126609	19889
25927	126613	19884
25928	126620	19880
25929	126624	19875
25930	126629	19870
25931	126633	19865
25932	126639	19860
25933	126644	19855
25934	126650	19850
25935	126656	19846
25936	126661	19841
25937	126665	19836
25938	126671	19831
25939	126676	19826
25940	126681	19821
25941	126687	19817
25942	126691	19812
25943	126697	19807
25944	126702	19802
25945	126707	19797
25946	126713	19792
25947	126718	19788
25948	126724	19783
25949	126730	19778
25950	126736	19774
25951	126742	19769
25952	126748	19764
25953	126753	19759
25954	126759	19754
25955	126763	19750
25956	126769	19745
25957	126774	19740
25958	126780	19735
25959	126785	19730
25960	126791	19726
25961	126795	19721
25962	126802	19716
25963	126807	19711
25964	126813	19706
25965	126818	19702
25966	126823	19697
25967	126829	19692
25968	126835	19687
25969	126840	19682
25970	126846	19678
25971	126850	19673
25972	126855	19668
25973	126861	19663
25974	126866	19658
25975	126872	19654
25976	126878	19649
25977	126884	19644
25978	126889	19639
25979	126894	19634
25980	126900	19630
25981	126906	19625
25982	126911	19620
25983	126915	19615
25984	126922	19611
25985	126928	19606
25986	126932	19601
25987	126937	19596
25988	126943	19591
25989	126948	19586
25990	126955	19582
25991	126961	19577
25992	126968	19573
25993	126972	19568
25994	126977	19563
25995	126981	19558
25996	126987	19553
25997	126993	19548
25998	126998	19543
25999	127002	19538
26000	127007	19534
26001	127012	19529
26002	127017	19524
26003	127022	19519
26004	127028	19514
26005	127033	19509
26006	127038	19504
26007	127044	19500
26008	127049	19495
26009	127053	19490
26010	127057	19485
26011	127063	19480
26012	127067	19475
26013	127074	19470
26014	127078	19466
26015	127084	19461
26016	127088	19456
26017	127095	19451
26018	127100	19446
26019	127106	19442
26020	127111	19437
26021	127116	19432
26022	127122	19427
26023	127127	19422
26024	127132	19417
26025	127138	19413
26026	127142	19408
26027	127148	19403
26028	127153	19398
26029	127160	19393
26030	127166	19389
26031	127171	19384
26032	127175	19379
26033	127181	19374
26034	127186	19369
26035	127192	19365
26036	127198	19360
26037	127203	19355
26038	127208	19350
26039	127213	19345
26040	127219	19341
26041	127224	19336
26042	127229	19331
26043	127235	19326
26044	127239	19321
26045	127244	19316
26046	127249	19311
26047	127253	19306
26048	127260	19302
26049	127265	19297
26050	127269	19292
26051	127274	19287
26052	127278	19282
26053	127283	19277
26054	127288	19272
26055	127293	19267
26056	127297	19262
26057	127302	19258
26058	127307	19253
26059	127312	19248
26060	127319	19243
26061	127324	19238
26062	127330	19234
26063	127335	19229
26064	127342	19224
26065	127349	19220
26066	127355	19215
26067	127361	19210
26068	127366	19205
26069	127372	19201
26070	127381	19196
26071	127387	19192
26072	127392	19187
26073	127397	19182
26074	127402	19177
26075	127407	19172
26076	127413	19167
26077	127418	19163
26078	127423	19158
26079	127428	19153
26080	127433	19148
26081	127438	19143
26082	127444	19138
26083	127449	19133
26084	127453	19129
26085	127458	19124
26086	127463	19119
26087	127469	19114
26088	127474	19109
26089	127478	19104
26090	127483	19099
26091	127488	19094
26092	127492	19089
26093	127497	19085
26094	127503	19080
26095	127508	19075
26096	127514	19070
26097	127518	19065
26098	127523	19060
26099	127530	19056
26100	127534	19051
26101	127539	19046
26102	127544	19041
26103	127549	19036
26104	127554	19031
26105	127559	19026
26106	127565	19022
26107	127571	19017
26108	127575	19012
26109	127580	19007
26110	127585	19002
26111	127590	18997
26112	127596	18993
26113	127601	18988
26114	127606	18983
26115	127611	18978
26116	127616	18973
26117	127621	18968
26118	127627	18964
26119	127632	18959
26120	127638	18954
26121	127643	18949
26122	127647	18944
26123	127652	18939
26124	127657	18934
26125	127662	18930
26126	127668	18925
26127	127674	18920
26128	127680	18915
26129	127685	18910
26130	127690	18906
26131	127694	18901
26132	127700	18896
26133	127705	18891
26134	127711	18886
26135	127717	18882
26136	127722	18877
26137	127727	18872
26138	127733	18867
26139	127738	18862
26140	127743	18857
26141	127747	18852
26142	127752	18847
26143	127758	18843
26144	127763	18838
26145	127768	18833
26146	127773	18828
26147	127778	18823
26148	127783	18818
26149	127787	18813
26150	127793	18809
26151	127799	18804
26152	127805	18799
26153	127810	18794
26154	127814	18789
26155	127819	18784
26156	127824	18780
26157	127829	18775
26158	127834	18770
26159	127839	18765
26160	127843	18760
26161	127848	18755
26162	127853	18750
26163	127858	18745
26164	127863	18740
26165	127868	18736
26166	127874	18731
26167	127879	18726
26168	127883	18721
26169	127888	18716
26170	127894	18711
26171	127899	18706
26172	127903	18702
26173	127907	18697
26174	127912	18692
26175	127917	18687
26176	127922	18682
26177	127927	18677
26178	127932	18672
26179	127936	18667
26180	127941	18662
26181	127946	18657
26182	127951	18653
26183	127957	18648
26184	127962	18643
26185	127967	18638
26186	127972	18633
26187	127976	18628
26188	127981	18623
26189	127987	18618
26190	127992	18614
26191	127996	18609
26192	128002	18604
26193	128007	18599
26194	128012	18594
26195	128018	18589
26196	128024	18585
26197	128029	18580
26198	128034	18575
26199	128038	18570
26200	128043	18565
26201	128049	18560
26202	128054	18555
26203	128058	18551
26204	128063	18546
26205	128068	18541
26206	128072	18536
26207	128078	18531
26208	128082	18526
26209	128087	18521
26210	128091	18516
26211	128097	18511
26212	128101	18506
26213	128106	18502
26214	128112	18497
26215	128117	18492
26216	128121	18487
26217	128125	18482
26218	128130	18477
26219	128135	18472
26220	128141	18467
26221	128146	18463
26222	128151	18458
26223	128155	18453
26224	128160	18448
26225	128164	18443
26226	128169	18438
26227	128175	18433
26228	128179	18428
26229	128184	18423
26230	128188	18418
26231	128193	18413
26232	128200	18409
26233	128205	18404
26234	128210	18399
26235	128215	18394
26236	128220	18389
26237	128224	18384
26238	128231	18380
26239	128237	18375
26240	128243	18370
26241	128248	18365
26242	128252	18360
26243	128257	18356
26244	128261	18351
26245	128266	18346
26246	128270	18341
26247	128275	18336
26248	128281	18331
26249	128286	18326
26250	128291	18321
26251	128295	18316
26252	128301	18311
26253	128306	18307
26254	128312	18302
26255	128316	18297
26256	128321	18292
26257	128326	18287
26258	128331	18282
26259	128337	18278
26260	128342	18273
26261	128347	18268
26262	128352	18263
26263	128357	18258
26264	128361	18253
26265	128366	18248
26266	128372	18243
26267	128377	18239
26268	128383	18234
26269	128389	18229
26270	128395	18224
26271	128401	18220
26272	128407	18215
26273	128412	18210
26274	128417	18205
26275	128423	18201
26276	128429	18196
26277	128438	18191
26278	128444	18187
26279	128449	18182
26280	128454	18177
26281	128459	18172
26282	128465	18167
26283	128470	18163
26284	128476	18158
26285	128480	18153
26286	128485	18148
26287	128490	18143
26288	128496	18138
26289	128501	18133
26290	128506	18129
26291	128510	18124
26292	128515	18119
26293	128520	18114
26294	128525	18109
26295	128531	18104
26296	128536	18099
26297	128542	18095
26298	128546	18090
26299	128551	18085
26300	128556	18080
26301	128562	18075
26302	128567	18070
26303	128572	18065
26304	128577	18060
26305	128582	18056
26306	128588	18051
26307	128593	18046
26308	128598	18041
26309	128603	18036
26310	128608	18031
26311	128612	18026
26312	128618	18022
26313	128623	18017
26314	128628	18012
26315	128633	18007
26316	128638	18002
26317	128642	17997
26318	128648	17992
26319	128656	17988
26320	128661	17983
26321	128665	17978
26322	128670	17973
26323	128675	17968
26324	128680	17963
26325	128686	17959
26326	128691	17954
26327	128696	17949
26328	128701	17944
26329	128707	17939
26330	128712	17934
26331	128718	17930
26332	128723	17925
26333	128728	17920
26334	128733	17915
26335	128738	17910
26336	128742	17905
26337	128748	17901
26338	128752	17896
26339	128757	17891
26340	128762	17886
26341	128767	17881
26342	128772	17876
26343	128778	17871
26344	128783	17866
26345	128788	17861
26346	128793	17857
26347	128797	17852
26348	128802	17847
26349	128807	17842
26350	128812	17837
26351	128817	17832
26352	128821	17827
26353	128826	17822
26354	128830	17817
26355	128835	17812
26356	128840	17807
26357	128845	17803
26358	128850	17798
26359	128855	17793
26360	128859	17788
26361	128864	17783
26362	128871	17778
26363	128876	17774
26364	128881	17769
26365	128886	17764
26366	128892	17759
26367	128899	17754
26368	128904	17750
26369	128911	17745
26370	128917	17740
26371	128924	17736
26372	128930	17731
26373	128934	17726
26374	128938	17721
26375	128943	17716
26376	128949	17711
26377	128955	17707
26378	128961	17702
26379	128966	17697
26380	128972	17692
26381	128980	17688
26382	128993	17684
26383	129004	17680
26384	129015	17676
26385	129024	17672
26386	129030	17667
26387	129037	17662
26388	129043	17657
26389	129051	17653
26390	129057	17648
26391	129061	17643
26392	129066	17638
26393	129071	17634
26394	129078	17629
26395	129082	17624
26396	129087	17619
26397	129092	17614
26398	129096	17609
26399	129101	17604
26400	129106	17599
26401	129111	17595
26402	129115	17590
26403	129119	17585
26404	129124	17580
26405	129129	17575
26406	129134	17570
26407	129139	17565
26408	129144	17560
26409	129148	17555
26410	129152	17550
26411	129157	17545
26412	129161	17540
26413	129166	17535
26414	129171	17530
26415	129176	17526
26416	129180	17520
26417	129184	17516
26418	129189	17511
26419	129194	17506
26420	129198	17501
26421	129203	17496
26422	129207	17491
26423	129211	17486
26424	129215	17481
26425	129220	17476
26426	129225	17471
26427	129230	17466
26428	129235	17461
26429	129240	17456
26430	129244	17451
26431	129249	17447
26432	129253	17442
26433	129257	17437
26434	129263	17432
26435	129267	17427
26436	129272	17422
26437	129277	17417
26438	129282	17412
26439	129289	17408
26440	129298	17403
26441	129304	17399
26442	129309	17394
26443	129316	17389
26444	129323	17384
26445	129331	17380
26446	129338	17375
26447	129344	17371
26448	129349	17366
26449	129355	17361
26450	129361	17356
26451	129366	17351
26452	129373	17347
26453	129380	17342
26454	129389	17338
26455	129395	17333
26456	129400	17328
26457	129407	17324
26458	129413	17319
26459	129418	17314
26460	129425	17309
26461	129431	17305
26462	129439	17300
26463	129445	17295
26464	129452	17291
26465	129458	17286
26466	129465	17282
26467	129473	17277
26468	129481	17273
26469	129489	17268
26470	129497	17264
26471	129502	17259
26472	129508	17254
26473	129513	17249
26474	129519	17244
26475	129527	17240
26476	129532	17235
26477	129538	17230
26478	129544	17225
26479	129549	17221
26480	129556	17216
26481	129561	17211
26482	129567	17206
26483	129575	17202
26484	129581	17197
26485	129587	17192
26486	129594	17188
26487	129600	17183
26488	129605	17178
26489	129610	17173
26490	129637	17171
26491	129647	17167
26492	129653	17162
26493	129663	17158
26494	129669	17153
26495	129677	17149
26496	129684	17144
26497	129693	17140
26498	129699	17135
26499	129707	17131
26500	129715	17126
26501	129722	17122
26502	129729	17117
26503	129735	17112
26504	129743	17108
26505	129749	17103
26506	129755	17098
26507	129761	17093
26508	129768	17089
26509	129774	17084
26510	129781	17080
26511	129788	17075
26512	129795	17070
26513	129804	17066
26514	129810	17061
26515	129817	17057
26516	129824	17052
26517	129831	17047
26518	129837	17043
26519	129846	17038
26520	129852	17033
26521	129860	17029
26522	129867	17024
26523	129875	17020
26524	129881	17015
26525	129886	17010
26526	129894	17006
26527	129901	17001
26528	129908	16996
26529	129913	16992
26530	129919	16987
26531	129926	16982
26532	129933	16978
26533	129939	16973
26534	129945	16968
26535	129951	16963
26536	129957	16959
26537	129963	16954
26538	129971	16949
26539	129978	16945
26540	129984	16940
26541	129990	16935
26542	129996	16930
26543	130002	16926
26544	130007	16921
26545	130013	16916
26546	130018	16911
26547	130025	16907
26548	130030	16902
26549	130037	16897
26550	130044	16892
26551	130050	16888
26552	130057	16883
26553	130062	16878
26554	130067	16873
26555	130073	16868
26556	130077	16864
26557	130083	16859
26558	130089	16854
26559	130094	16849
26560	130100	16844
26561	130104	16839
26562	130110	16835
26563	130115	16830
26564	130120	16825
26565	130125	16820
26566	130130	16815
26567	130135	16810
26568	130140	16805
26569	130145	16800
26570	130151	16796
26571	130155	16791
26572	130161	16786
26573	130169	16781
26574	130174	16776
26575	130180	16772
26576	130184	16767
26577	130189	16762
26578	130195	16757
26579	130200	16752
26580	130206	16747
26581	130211	16742
26582	130215	16738
26583	130221	16733
26584	130227	16728
26585	130231	16723
26586	130237	16718
26587	130242	16713
26588	130247	16708
26589	130253	16704
26590	130258	16699
26591	130263	16694
26592	130269	16689
26593	130274	16684
26594	130279	16679
26595	130285	16675
26596	130290	16670
26597	130295	16665
26598	130300	16660
26599	130305	16655
26600	130309	16650
26601	130316	16645
26602	130322	16641
26603	130328	16636
26604	130333	16631
26605	130338	16626
26606	130344	16621
26607	130350	16617
26608	130356	16612
26609	130361	16607
26610	130366	16602
26611	130371	16597
26612	130376	16592
26613	130382	16588
26614	130388	16583
26615	130393	16578
26616	130398	16573
26617	130403	16568
26618	130408	16563
26619	130413	16558
26620	130418	16554
26621	130423	16549
26622	130429	16544
26623	130435	16539
26624	130441	16534
26625	130446	16529
26626	130452	16525
26627	130457	16520
26628	130461	16515
26629	130474	16511
26630	130484	16507
26631	130499	16503
26632	130512	16499
26633	130527	16496
26634	130537	16491
26635	130545	16487
26636	130557	16483
26637	130570	16479
26638	130580	16475
26639	130598	16471
26640	130617	16468
26641	130657	16468
26642	130687	16466
26643	130722	16465
26644	130732	16461
26645	130742	16456
26646	130751	16452
26647	130759	16448
26648	130769	16443
26649	130776	16439
26650	130784	16434
26651	130790	16429
26652	130797	16425
26653	130807	16420
26654	130814	16416
26655	130821	16411
26656	130830	16407
26657	130840	16402
26658	130847	16398
26659	130852	16393
26660	130858	16388
26661	130866	16384
26662	130873	16379
26663	130879	16374
26664	130885	16369
26665	130891	16365
26666	130898	16360
26667	130904	16355
26668	130910	16350
26669	130916	16346
26670	130922	16341
26671	130929	16336
26672	130935	16331
26673	130941	16327
26674	130947	16322
26675	130953	16317
26676	130959	16312
26677	130965	16308
26678	130972	16303
26679	130978	16298
26680	130983	16293
26681	130990	16289
26682	130998	16284
26683	131007	16280
26684	131015	16275
26685	131024	16271
26686	131034	16266
26687	131043	16262
26688	131051	16258
26689	131062	16253
26690	131069	16249
26691	131076	16244
26692	131083	16239
26693	131088	16235
26694	131096	16230
26695	131102	16225
26696	131108	16220
26697	131114	16216
26698	131121	16211
26699	131127	16206
26700	131133	16201
26701	131139	16197
26702	131145	16192
26703	131152	16187
26704	131158	16183
26705	131164	16178
26706	131171	16173
26707	131177	16168
26708	131184	16164
26709	131190	16159
26710	131196	16154
26711	131200	16149
26712	131205	16144
26713	131209	16139
26714	131215	16134
26715	131219	16129
26716	131223	16124
26717	131227	16119
26718	131231	16114
26719	131235	16109
26720	131240	16104
26721	131246	16100
26722	131251	16095
26723	131255	16090
26724	131260	16085
26725	131264	16080
26726	131269	16075
26727	131274	16070
26728	131278	16065
26729	131283	16060
26730	131287	16055
26731	131291	16050
26732	131295	16045
26733	131301	16040
26734	131305	16035
26735	131310	16030
26736	131314	16025
26737	131319	16020
26738	131324	16015
26739	131328	16010
26740	131332	16005
26741	131337	16000
26742	131342	15996
26743	131346	15991
26744	131350	15986
26745	131355	15981
26746	131359	15976
26747	131364	15971
26748	131369	15966
26749	131373	15961
26750	131378	15956
26751	131383	15951
26752	131387	15946
26753	131391	15941
26754	131396	15936
26755	131400	15931
26756	131404	15926
26757	131409	15921
26758	131414	15916
26759	131419	15911
26760	131423	15906
26761	131428	15901
26762	131432	15896
26763	131437	15891
26764	131442	15887
26765	131448	15882
26766	131452	15877
26767	131457	15872
26768	131461	15867
26769	131467	15862
26770	131472	15857
26771	131476	15852
26772	131481	15847
26773	131486	15842
26774	131490	15837
26775	131495	15832
26776	131499	15827
26777	131504	15822
26778	131509	15818
26779	131515	15813
26780	131519	15808
26781	131524	15803
26782	131528	15798
26783	131533	15793
26784	131537	15788
26785	131542	15783
26786	131546	15778
26787	131550	15773
26788	131555	15768
26789	131559	15763
26790	131564	15758
26791	131569	15753
26792	131575	15748
26793	131580	15744
26794	131585	15739
26795	131590	15734
26796	131595	15729
26797	131601	15724
26798	131606	15719
26799	131613	15715
26800	131619	15710
26801	131625	15705
26802	131630	15700
26803	131635	15695
26804	131641	15690
26805	131646	15686
26806	131651	15681
26807	131656	15676
26808	131661	15671
26809	131668	15666
26810	131673	15661
26811	131677	15656
26812	131681	15651
26813	131685	15646
26814	131690	15641
26815	131695	15636
26816	131700	15631
26817	131704	15626
26818	131708	15621
26819	131712	15616
26820	131717	15611
26821	131721	15607
26822	131727	15602
26823	131732	15597
26824	131736	15592
26825	131741	15587
26826	131746	15582
26827	131750	15577
26828	131755	15572
26829	131760	15567
26830	131765	15562
26831	131770	15557
26832	131774	15552
26833	131779	15548
26834	131784	15543
26835	131788	15538
26836	131793	15533
26837	131798	15528
26838	131802	15523
26839	131807	15518
26840	131811	15513
26841	131816	15508
26842	131821	15503
26843	131825	15498
26844	131829	15493
26845	131834	15488
26846	131838	15483
26847	131843	15478
26848	131848	15473
26849	131852	15468
26850	131858	15463
26851	131862	15458
26852	131866	15453
26853	131871	15448
26854	131875	15444
26855	131881	15439
26856	131887	15434
26857	131891	15429
26858	131895	15424
26859	131900	15419
26860	131905	15414
26861	131909	15409
26862	131914	15404
26863	131920	15399
26864	131925	15394
26865	131929	15389
26866	131934	15385
26867	131938	15380
26868	131943	15375
26869	131948	15370
26870	131952	15365
26871	131956	15360
26872	131961	15355
26873	131966	15350
26874	131972	15345
26875	131977	15340
26876	131982	15335
26877	131986	15330
26878	131990	15325
26879	131994	15320
26880	131998	15315
26881	132003	15310
26882	132008	15306
26883	132013	15301
26884	132018	15296
26885	132023	15291
26886	132027	15286
26887	132031	15281
26888	132036	15276
26889	132040	15271
26890	132045	15266
26891	132051	15261
26892	132056	15256
26893	132060	15251
26894	132065	15246
26895	132069	15241
26896	132074	15236
26897	132077	15231
26898	132083	15227
26899	132089	15222
26900	132093	15217
26901	132098	15212
26902	132102	15207
26903	132106	15202
26904	132111	15197
26905	132116	15192
26906	132121	15187
26907	132125	15182
26908	132129	15177
26909	132133	15172
26910	132138	15167
26911	132143	15162
26912	132148	15157
26913	132152	15152
26914	132156	15147
26915	132160	15142
26916	132165	15137
26917	132169	15132
26918	132174	15127
26919	132179	15123
26920	132184	15118
26921	132188	15113
26922	132193	15108
26923	132197	15103
26924	132201	15098
26925	132206	15093
26926	132210	15088
26927	132215	15083
26928	132219	15078
26929	132223	15073
26930	132228	15068
26931	132233	15063
26932	132237	15058
26933	132242	15053
26934	132247	15048
26935	132252	15043
26936	132256	15038
26937	132260	15033
26938	132264	15028
26939	132269	15023
26940	132274	15019
26941	132278	15014
26942	132282	15009
26943	132286	15004
26944	132290	14999
26945	132295	14994
26946	132301	14989
26947	132306	14984
26948	132311	14979
26949	132316	14974
26950	132320	14969
26951	132325	14964
26952	132329	14959
26953	132333	14954
26954	132338	14949
26955	132342	14944
26956	132347	14939
26957	132351	14934
26958	132356	14929
26959	132361	14925
26960	132366	14920
26961	132370	14915
26962	132375	14910
26963	132379	14905
26964	132384	14900
26965	132389	14895
26966	132395	14890
26967	132399	14885
26968	132404	14880
26969	132409	14875
26970	132413	14870
26971	132417	14865
26972	132422	14860
26973	132427	14855
26974	132433	14851
26975	132436	14846
26976	132441	14841
26977	132446	14836
26978	132450	14831
26979	132455	14826
26980	132460	14821
26981	132465	14816
26982	132469	14811
26983	132474	14806
26984	132478	14801
26985	132483	14796
26986	132487	14791
26987	132492	14786
26988	132497	14781
26989	132501	14776
26990	132506	14771
26991	132510	14767
26992	132515	14762
26993	132520	14757
26994	132526	14752
26995	132530	14747
26996	132535	14742
26997	132539	14737
26998	132544	14732
26999	132549	14727
27000	132554	14722
27001	132559	14717
27002	132563	14712
27003	132568	14707
27004	132573	14703
27005	132578	14698
27006	132583	14693
27007	132588	14688
27008	132593	14683
27009	132599	14678
27010	132603	14673
27011	132608	14668
27012	132614	14664
27013	132620	14659
27014	132625	14654
27015	132631	14649
27016	132636	14644
27017	132641	14639
27018	132646	14634
27019	132651	14629
27020	132655	14625
27021	132661	14620
27022	132667	14615
27023	132671	14610
27024	132676	14605
27025	132681	14600
27026	132686	14595
27027	132691	14590
27028	132697	14585
27029	132701	14581
27030	132707	14576
27031	132712	14571
27032	132716	14566
27033	132721	14561
27034	132727	14556
27035	132733	14551
27036	132737	14546
27037	132741	14541
27038	132746	14536
27039	132750	14531
27040	132755	14526
27041	132760	14522
27042	132764	14517
27043	132769	14512
27044	132773	14507
27045	132777	14502
27046	132782	14497
27047	132787	14492
27048	132792	14487
27049	132796	14482
27050	132800	14477
27051	132805	14472
27052	132809	14467
27053	132814	14462
27054	132819	14457
27055	132823	14452
27056	132828	14447
27057	132832	14442
27058	132836	14437
27059	132841	14432
27060	132846	14427
27061	132851	14423
27062	132856	14418
27063	132860	14413
27064	132865	14408
27065	132869	14403
27066	132874	14398
27067	132878	14393
27068	132884	14388
27069	132889	14383
27070	132894	14378
27071	132898	14373
27072	132903	14368
27073	132909	14364
27074	132914	14359
27075	132918	14354
27076	132922	14349
27077	132927	14344
27078	132931	14339
27079	132935	14334
27080	132941	14329
27081	132946	14324
27082	132952	14319
27083	132956	14314
27084	132960	14309
27085	132964	14304
27086	132969	14299
27087	132973	14294
27088	132978	14289
27089	132982	14284
27090	132987	14279
27091	132991	14275
27092	132996	14270
27093	133001	14265
27094	133005	14260
27095	133010	14255
27096	133015	14250
27097	133019	14245
27098	133023	14240
27099	133028	14235
27100	133032	14230
27101	133036	14225
27102	133041	14220
27103	133046	14215
27104	133050	14210
27105	133054	14205
27106	133059	14200
27107	133063	14195
27108	133068	14190
27109	133073	14186
27110	133078	14181
27111	133082	14176
27112	133086	14171
27113	133091	14166
27114	133095	14161
27115	133100	14156
27116	133105	14151
27117	133109	14146
27118	133114	14141
27119	133118	14136
27120	133123	14131
27121	133128	14126
27122	133132	14121
27123	133137	14116
27124	133141	14111
27125	133145	14106
27126	133150	14101
27127	133154	14096
27128	133159	14092
27129	133165	14087
27130	133170	14082
27131	133174	14077
27132	133178	14072
27133	133183	14067
27134	133187	14062
27135	133191	14057
27136	133196	14052
27137	133200	14047
27138	133204	14042
27139	133208	14037
27140	133213	14032
27141	133217	14027
27142	133223	14022
27143	133227	14017
27144	133232	14012
27145	133236	14007
27146	133241	14002
27147	133245	13997
27148	133249	13992
27149	133254	13988
27150	133260	13983
27151	133264	13978
27152	133270	13973
27153	133274	13968
27154	133279	13963
27155	133283	13958
27156	133287	13953
27157	133293	13948
27158	133297	13943
27159	133301	13938
27160	133307	13933
27161	133311	13928
27162	133315	13923
27163	133319	13918
27164	133324	13914
27165	133329	13909
27166	133334	13904
27167	133338	13899
27168	133343	13894
27169	133347	13889
27170	133351	13884
27171	133355	13879
27172	133361	13874
27173	133367	13869
27174	133372	13864
27175	133376	13859
27176	133380	13854
27177	133384	13849
27178	133389	13844
27179	133394	13840
27180	133399	13835
27181	133404	13830
27182	133409	13825
27183	133413	13820
27184	133417	13815
27185	133422	13810
27186	133427	13805
27187	133432	13800
27188	133437	13795
27189	133441	13790
27190	133446	13785
27191	133450	13780
27192	133455	13775
27193	133460	13771
27194	133464	13766
27195	133469	13761
27196	133473	13756
27197	133476	13751
27198	133481	13746
27199	133486	13741
27200	133491	13736
27201	133496	13731
27202	133500	13726
27203	133505	13721
27204	133509	13716
27205	133514	13711
27206	133519	13706
27207	133525	13701
27208	133530	13697
27209	133535	13692
27210	133539	13687
27211	133544	13682
27212	133549	13677
27213	133554	13672
27214	133560	13667
27215	133564	13662
27216	133568	13657
27217	133572	13652
27218	133578	13647
27219	133584	13643
27220	133590	13638
27221	133594	13633
27222	133599	13628
27223	133604	13623
27224	133608	13618
27225	133613	13613
27226	133619	13608
27227	133623	13603
27228	133627	13598
27229	133632	13593
27230	133636	13588
27231	133640	13583
27232	133645	13579
27233	133651	13574
27234	133655	13569
27235	133660	13564
27236	133665	13559
27237	133671	13554
27238	133676	13549
27239	133682	13544
27240	133687	13540
27241	133693	13535
27242	133699	13530
27243	133705	13525
27244	133709	13520
27245	133715	13515
27246	133721	13511
27247	133726	13506
27248	133731	13501
27249	133736	13496
27250	133743	13491
27251	133748	13486
27252	133752	13481
27253	133757	13476
27254	133761	13471
27255	133766	13466
27256	133770	13461
27257	133776	13457
27258	133779	13452
27259	133783	13447
27260	133788	13442
27261	133792	13437
27262	133797	13432
27263	133803	13427
27264	133808	13422
27265	133813	13417
27266	133818	13412
27267	133822	13407
27268	133827	13402
27269	133832	13397
27270	133837	13393
27271	133841	13388
27272	133846	13383
27273	133850	13378
27274	133855	13373
27275	133860	13368
27276	133864	13363
27277	133869	13358
27278	133873	13353
27279	133878	13348
27280	133883	13343
27281	133887	13338
27282	133892	13333
27283	133896	13328
27284	133901	13323
27285	133906	13319
27286	133911	13314
27287	133917	13309
27288	133921	13304
27289	133926	13299
27290	133930	13294
27291	133934	13289
27292	133939	13284
27293	133945	13279
27294	133949	13274
27295	133953	13269
27296	133958	13264
27297	133962	13259
27298	133967	13254
27299	133971	13249
27300	133976	13245
27301	133981	13240
27302	133985	13235
27303	133989	13230
27304	133994	13225
27305	133998	13220
27306	134003	13215
27307	134009	13210
27308	134013	13205
27309	134017	13200
27310	134022	13195
27311	134026	13190
27312	134031	13185
27313	134035	13180
27314	134039	13175
27315	134043	13170
27316	134048	13165
27317	134052	13160
27318	134057	13155
27319	134061	13151
27320	134066	13146
27321	134071	13141
27322	134075	13136
27323	134079	13131
27324	134083	13126
27325	134088	13121
27326	134092	13116
27327	134096	13111
27328	134101	13106
27329	134106	13101
27330	134110	13096
27331	134115	13091
27332	134119	13086
27333	134123	13081
27334	134128	13076
27335	134132	13071
27336	134138	13066
27337	134142	13061
27338	134146	13056
27339	134150	13051
27340	134155	13047
27341	134160	13042
27342	134165	13037
27343	134169	13032
27344	134173	13027
27345	134178	13022
27346	134182	13017
27347	134187	13012
27348	134191	13007
27349	134196	13002
27350	134199	12997
27351	134204	12992
27352	134208	12987
27353	134212	12982
27354	134217	12977
27355	134222	12972
27356	134228	12968
27357	134232	12963
27358	134236	12958
27359	134241	12953
27360	134245	12948
27361	134249	12943
27362	134253	12938
27363	134259	12933
27364	134263	12928
27365	134267	12923
27366	134271	12918
27367	134276	12913
27368	134280	12908
27369	134284	12903
27370	134290	12898
27371	134294	12893
27372	134298	12888
27373	134302	12883
27374	134307	12878
27375	134312	12873
27376	134316	12868
27377	134321	12863
27378	134325	12859
27379	134329	12854
27380	134333	12849
27381	134337	12844
27382	134341	12839
27383	134345	12834
27384	134351	12829
27385	134355	12824
27386	134359	12819
27387	134364	12814
27388	134369	12809
27389	134373	12804
27390	134378	12799
27391	134383	12794
27392	134388	12789
27393	134392	12784
27394	134397	12779
27395	134402	12774
27396	134407	12770
27397	134413	12765
27398	134417	12760
27399	134422	12755
27400	134426	12750
27401	134431	12745
27402	134437	12740
27403	134442	12735
27404	134447	12730
27405	134452	12726
27406	134456	12721
27407	134461	12716
27408	134465	12711
27409	134470	12706
27410	134475	12701
27411	134480	12696
27412	134484	12691
27413	134489	12686
27414	134493	12681
27415	134499	12676
27416	134504	12671
27417	134510	12667
27418	134515	12662
27419	134520	12657
27420	134525	12652
27421	134530	12647
27422	134535	12642
27423	134540	12637
27424	134545	12632
27425	134550	12627
27426	134556	12623
27427	134561	12618
27428	134565	12613
27429	134570	12608
27430	134575	12603
27431	134580	12598
27432	134584	12593
27433	134589	12588
27434	134593	12583
27435	134598	12578
27436	134602	12573
27437	134606	12568
27438	134611	12563
27439	134616	12558
27440	134620	12554
27441	134625	12549
27442	134630	12544
27443	134635	12539
27444	134640	12534
27445	134646	12529
27446	134651	12524
27447	134655	12519
27448	134660	12514
27449	134664	12509
27450	134668	12504
27451	134673	12499
27452	134678	12495
27453	134683	12490
27454	134688	12485
27455	134693	12480
27456	134698	12475
27457	134703	12470
27458	134709	12465
27459	134714	12460
27460	134719	12455
27461	134724	12451
27462	134729	12446
27463	134736	12441
27464	134743	12436
27465	134748	12431
27466	134754	12426
27467	134758	12422
27468	134763	12417
27469	134768	12412
27470	134773	12407
27471	134778	12402
27472	134784	12397
27473	134789	12392
27474	134795	12387
27475	134799	12382
27476	134804	12378
27477	134808	12373
27478	134813	12368
27479	134817	12363
27480	134822	12358
27481	134826	12353
27482	134831	12348
27483	134836	12343
27484	134840	12338
27485	134844	12333
27486	134849	12328
27487	134853	12323
27488	134859	12318
27489	134865	12314
27490	134870	12309
27491	134874	12304
27492	134879	12299
27493	134883	12294
27494	134888	12289
27495	134892	12284
27496	134896	12279
27497	134902	12274
27498	134907	12269
27499	134911	12264
27500	134916	12259
27501	134921	12254
27502	134926	12249
27503	134930	12245
27504	134937	12240
27505	134944	12235
27506	134949	12230
27507	134957	12226
27508	134964	12221
27509	134970	12216
27510	134976	12211
27511	134980	12206
27512	134986	12201
27513	134993	12197
27514	134999	12192
27515	135004	12187
27516	135009	12182
27517	135015	12177
27518	135022	12173
27519	135033	12168
27520	135040	12163
27521	135047	12159
27522	135055	12154
27523	135062	12149
27524	135068	12145
27525	135074	12140
27526	135082	12135
27527	135089	12130
27528	135095	12126
27529	135101	12121
27530	135106	12116
27531	135112	12111
27532	135118	12106
27533	135125	12102
27534	135130	12097
27535	135134	12092
27536	135140	12087
27537	135145	12082
27538	135149	12077
27539	135156	12072
27540	135163	12068
27541	135167	12063
27542	135173	12058
27543	135177	12053
27544	135182	12048
27545	135190	12043
27546	135197	12039
27547	135202	12034
27548	135206	12029
27549	135211	12024
27550	135218	12019
27551	135224	12014
27552	135229	12009
27553	135235	12004
27554	135240	12000
27555	135245	11995
27556	135251	11990
27557	135257	11985
27558	135262	11980
27559	135267	11975
27560	135272	11970
27561	135278	11966
27562	135284	11961
27563	135289	11956
27564	135294	11951
27565	135299	11946
27566	135304	11941
27567	135309	11936
27568	135315	11931
27569	135321	11927
27570	135326	11922
27571	135331	11917
27572	135336	11912
27573	135341	11907
27574	135347	11902
27575	135351	11897
27576	135357	11892
27577	135361	11887
27578	135367	11883
27579	135372	11878
27580	135378	11873
27581	135383	11868
27582	135389	11863
27583	135393	11858
27584	135399	11853
27585	135404	11848
27586	135410	11844
27587	135416	11839
27588	135421	11834
27589	135425	11829
27590	135430	11824
27591	135434	11819
27592	135440	11814
27593	135445	11809
27594	135449	11804
27595	135453	11799
27596	135458	11795
27597	135463	11790
27598	135468	11785
27599	135473	11780
27600	135478	11775
27601	135483	11770
27602	135489	11765
27603	135494	11760
27604	135499	11755
27605	135506	11751
27606	135511	11746
27607	135516	11741
27608	135522	11736
27609	135526	11731
27610	135532	11726
27611	135538	11721
27612	135543	11717
27613	135548	11712
27614	135552	11707
27615	135557	11702
27616	135562	11697
27617	135567	11692
27618	135572	11687
27619	135576	11682
27620	135582	11677
27621	135586	11672
27622	135591	11667
27623	135596	11662
27624	135600	11657
27625	135605	11653
27626	135609	11648
27627	135613	11643
27628	135618	11638
27629	135623	11633
27630	135628	11628
27631	135633	11623
27632	135637	11618
27633	135641	11613
27634	135646	11608
27635	135650	11603
27636	135655	11598
27637	135660	11593
27638	135664	11588
27639	135669	11583
27640	135673	11578
27641	135678	11574
27642	135683	11569
27643	135688	11564
27644	135693	11559
27645	135697	11554
27646	135702	11549
27647	135706	11544
27648	135710	11539
27649	135714	11534
27650	135720	11529
27651	135726	11524
27652	135730	11519
27653	135734	11514
27654	135739	11509
27655	135744	11505
27656	135749	11500
27657	135755	11495
27658	135759	11490
27659	135764	11485
27660	135769	11480
27661	135773	11475
27662	135778	11470
27663	135783	11465
27664	135789	11460
27665	135794	11456
27666	135800	11451
27667	135804	11446
27668	135809	11441
27669	135814	11436
27670	135819	11431
27671	135824	11426
27672	135830	11421
27673	135836	11417
27674	135841	11412
27675	135845	11407
27676	135850	11402
27677	135854	11397
27678	135859	11392
27679	135864	11387
27680	135869	11382
27681	135873	11377
27682	135877	11372
27683	135881	11367
27684	135886	11362
27685	135890	11357
27686	135895	11352
27687	135899	11347
27688	135904	11342
27689	135908	11337
27690	135912	11333
27691	135917	11328
27692	135923	11323
27693	135928	11318
27694	135933	11313
27695	135937	11308
27696	135941	11303
27697	135946	11298
27698	135952	11293
27699	135956	11288
27700	135961	11283
27701	135965	11278
27702	135969	11273
27703	135973	11268
27704	135978	11264
27705	135982	11259
27706	135987	11254
27707	135992	11249
27708	135997	11244
27709	136001	11239
27710	136006	11234
27711	136011	11229
27712	136016	11224
27713	136021	11219
27714	136026	11214
27715	136031	11209
27716	136035	11205
27717	136040	11200
27718	136045	11195
27719	136050	11190
27720	136054	11185
27721	136059	11180
27722	136063	11175
27723	136067	11170
27724	136072	11165
27725	136076	11160
27726	136082	11155
27727	136086	11150
27728	136091	11145
27729	136096	11140
27730	136100	11135
27731	136104	11131
27732	136108	11126
27733	136114	11121
27734	136118	11116
27735	136122	11111
27736	136126	11106
27737	136131	11101
27738	136135	11096
27739	136141	11091
27740	136146	11086
27741	136150	11081
27742	136155	11076
27743	136160	11071
27744	136164	11066
27745	136169	11061
27746	136173	11057
27747	136178	11052
27748	136183	11047
27749	136187	11042
27750	136191	11037
27751	136195	11032
27752	136200	11027
27753	136205	11022
27754	136210	11017
27755	136214	11012
27756	136218	11007
27757	136222	11002
27758	136226	10997
27759	136230	10992
27760	136235	10987
27761	136239	10982
27762	136244	10977
27763	136248	10972
27764	136253	10967
27765	136257	10963
27766	136261	10958
27767	136266	10953
27768	136271	10948
27769	136275	10943
27770	136279	10938
27771	136284	10933
27772	136288	10928
27773	136292	10923
27774	136297	10918
27775	136301	10913
27776	136306	10908
27777	136310	10903
27778	136314	10898
27779	136319	10893
27780	136323	10888
27781	136327	10883
27782	136332	10878
27783	136336	10873
27784	136340	10868
27785	136345	10864
27786	136349	10859
27787	136353	10854
27788	136359	10849
27789	136364	10844
27790	136369	10839
27791	136373	10834
27792	136378	10829
27793	136382	10824
27794	136386	10819
27795	136391	10814
27796	136395	10809
27797	136399	10804
27798	136404	10799
27799	136409	10794
27800	136414	10790
27801	136418	10785
27802	136423	10780
27803	136428	10775
27804	136432	10770
27805	136436	10765
27806	136441	10760
27807	136446	10755
27808	136451	10750
27809	136455	10745
27810	136460	10740
27811	136464	10735
27812	136469	10730
27813	136474	10725
27814	136479	10721
27815	136484	10716
27816	136489	10711
27817	136493	10706
27818	136499	10701
27819	136504	10696
27820	136509	10691
27821	136514	10686
27822	136518	10681
27823	136523	10676
27824	136528	10672
27825	136533	10667
27826	136538	10662
27827	136543	10657
27828	136548	10652
27829	136552	10647
27830	136557	10642
27831	136562	10637
27832	136568	10632
27833	136573	10627
27834	136577	10622
27835	136581	10618
27836	136586	10613
27837	136590	10608
27838	136595	10603
27839	136600	10598
27840	136604	10593
27841	136609	10588
27842	136613	10583
27843	136616	10578
27844	136622	10573
27845	136626	10568
27846	136631	10563
27847	136635	10558
27848	136639	10553
27849	136645	10548
27850	136649	10543
27851	136654	10539
27852	136659	10534
27853	136664	10529
27854	136668	10524
27855	136673	10519
27856	136677	10514
27857	136681	10509
27858	136686	10504
27859	136691	10499
27860	136695	10494
27861	136699	10489
27862	136703	10484
27863	136708	10479
27864	136712	10474
27865	136717	10469
27866	136722	10465
27867	136727	10460
27868	136731	10455
27869	136736	10450
27870	136740	10445
27871	136745	10440
27872	136750	10435
27873	136755	10430
27874	136760	10425
27875	136763	10420
27876	136768	10415
27877	136773	10410
27878	136780	10406
27879	136786	10401
27880	136791	10396
27881	136796	10391
27882	136802	10386
27883	136808	10381
27884	136813	10376
27885	136819	10372
27886	136824	10367
27887	136830	10362
27888	136835	10357
27889	136840	10352
27890	136845	10347
27891	136851	10342
27892	136856	10337
27893	136862	10333
27894	136867	10328
27895	136872	10323
27896	136878	10318
27897	136882	10313
27898	136887	10308
27899	136891	10303
27900	136895	10298
27901	136900	10293
27902	136905	10288
27903	136909	10283
27904	136913	10278
27905	136918	10274
27906	136922	10269
27907	136928	10264
27908	136933	10259
27909	136937	10254
27910	136943	10249
27911	136948	10244
27912	136953	10239
27913	136957	10234
27914	136962	10229
27915	136967	10224
27916	136972	10220
27917	136976	10215
27918	136980	10210
27919	136984	10205
27920	136989	10200
27921	136993	10195
27922	136999	10190
27923	137004	10185
27924	137008	10180
27925	137013	10175
27926	137017	10170
27927	137021	10165
27928	137026	10160
27929	137030	10155
27930	137035	10150
27931	137039	10145
27932	137044	10141
27933	137049	10136
27934	137054	10131
27935	137058	10126
27936	137062	10121
27937	137067	10116
27938	137071	10111
27939	137075	10106
27940	137080	10101
27941	137085	10096
27942	137089	10091
27943	137093	10086
27944	137097	10081
27945	137101	10076
27946	137107	10071
27947	137112	10067
27948	137116	10062
27949	137121	10057
27950	137125	10052
27951	137129	10047
27952	137134	10042
27953	137138	10037
27954	137143	10032
27955	137147	10027
27956	137152	10022
27957	137156	10017
27958	137159	10012
27959	137164	10007
27960	137168	10002
27961	137173	9997
27962	137178	9992
27963	137183	9988
27964	137187	9983
27965	137191	9978
27966	137196	9973
27967	137202	9968
27968	137207	9963
27969	137211	9958
27970	137215	9953
27971	137219	9948
27972	137224	9943
27973	137229	9938
27974	137233	9933
27975	137238	9928
27976	137242	9923
27977	137247	9918
27978	137251	9914
27979	137255	9909
27980	137260	9904
27981	137264	9899
27982	137269	9894
27983	137273	9889
27984	137278	9884
27985	137282	9879
27986	137286	9874
27987	137291	9869
27988	137296	9864
27989	137301	9859
27990	137306	9854
27991	137310	9849
27992	137314	9845
27993	137319	9840
27994	137324	9835
27995	137328	9830
27996	137333	9825
27997	137338	9820
27998	137342	9815
27999	137346	9810
28000	137351	9805
28001	137355	9800
28002	137360	9795
28003	137365	9790
28004	137369	9785
28005	137373	9780
28006	137377	9775
28007	137381	9770
28008	137386	9766
28009	137391	9761
28010	137396	9756
28011	137400	9751
28012	137404	9746
28013	137409	9741
28014	137413	9736
28015	137419	9731
28016	137425	9726
28017	137429	9721
28018	137434	9716
28019	137438	9711
28020	137443	9707
28021	137448	9702
28022	137453	9697
28023	137458	9692
28024	137462	9687
28025	137467	9682
28026	137471	9677
28027	137476	9672
28028	137481	9667
28029	137486	9662
28030	137491	9657
28031	137495	9652
28032	137500	9648
28033	137504	9643
28034	137509	9638
28035	137513	9633
28036	137518	9628
28037	137522	9623
28038	137526	9618
28039	137531	9613
28040	137535	9608
28041	137539	9603
28042	137544	9598
28043	137548	9593
28044	137552	9588
28045	137556	9583
28046	137561	9578
28047	137565	9573
28048	137570	9568
28049	137575	9564
28050	137580	9559
28051	137585	9554
28052	137589	9549
28053	137593	9544
28054	137597	9539
28055	137601	9534
28056	137606	9529
28057	137611	9524
28058	137616	9519
28059	137620	9514
28060	137624	9509
28061	137628	9504
28062	137632	9499
28063	137637	9494
28064	137641	9490
28065	137645	9485
28066	137651	9480
28067	137656	9475
28068	137661	9470
28069	137666	9465
28070	137671	9460
28071	137675	9455
28072	137679	9450
28073	137684	9445
28074	137689	9440
28075	137693	9435
28076	137697	9430
28077	137701	9425
28078	137706	9421
28079	137710	9416
28080	137714	9411
28081	137720	9406
28082	137724	9401
28083	137729	9396
28084	137733	9391
28085	137737	9386
28086	137741	9381
28087	137746	9376
28088	137752	9371
28089	137756	9366
28090	137760	9361
28091	137764	9356
28092	137768	9351
28093	137773	9347
28094	137779	9342
28095	137784	9337
28096	137788	9332
28097	137793	9327
28098	137797	9322
28099	137801	9317
28100	137806	9312
28101	137811	9307
28102	137816	9302
28103	137821	9297
28104	137826	9293
28105	137831	9288
28106	137835	9283
28107	137840	9278
28108	137846	9273
28109	137851	9268
28110	137857	9263
28111	137862	9258
28112	137867	9253
28113	137872	9249
28114	137878	9244
28115	137882	9239
28116	137887	9234
28117	137891	9229
28118	137896	9224
28119	137902	9219
28120	137908	9214
28121	137912	9209
28122	137916	9204
28123	137921	9199
28124	137925	9195
28125	137930	9190
28126	137934	9185
28127	137939	9180
28128	137943	9175
28129	137948	9170
28130	137953	9165
28131	137957	9160
28132	137962	9155
28133	137967	9150
28134	137971	9145
28135	137975	9140
28136	137980	9135
28137	137984	9130
28138	137988	9126
28139	137992	9121
28140	137996	9116
28141	138001	9111
28142	138005	9106
28143	138009	9101
28144	138014	9096
28145	138018	9091
28146	138024	9086
28147	138029	9081
28148	138035	9076
28149	138041	9071
28150	138045	9067
28151	138051	9062
28152	138057	9057
28153	138065	9052
28154	138070	9047
28155	138076	9042
28156	138081	9038
28157	138086	9033
28158	138092	9028
28159	138098	9023
28160	138104	9018
28161	138109	9013
28162	138114	9008
28163	138120	9004
28164	138126	8999
28165	138131	8994
28166	138138	8989
28167	138143	8984
28168	138149	8979
28169	138154	8974
28170	138160	8970
28171	138164	8965
28172	138169	8960
28173	138174	8955
28174	138177	8950
28175	138183	8945
28176	138187	8940
28177	138192	8935
28178	138196	8930
28179	138200	8925
28180	138205	8920
28181	138209	8915
28182	138214	8910
28183	138218	8905
28184	138223	8901
28185	138228	8896
28186	138232	8891
28187	138237	8886
28188	138242	8881
28189	138247	8876
28190	138252	8871
28191	138257	8866
28192	138261	8861
28193	138266	8856
28194	138270	8851
28195	138274	8846
28196	138279	8841
28197	138283	8837
28198	138288	8832
28199	138294	8827
28200	138299	8822
28201	138303	8817
28202	138307	8812
28203	138312	8807
28204	138316	8802
28205	138321	8797
28206	138325	8792
28207	138330	8787
28208	138335	8782
28209	138339	8778
28210	138344	8773
28211	138347	8768
28212	138352	8763
28213	138356	8758
28214	138362	8753
28215	138366	8748
28216	138370	8743
28217	138374	8738
28218	138379	8733
28219	138383	8728
28220	138388	8723
28221	138393	8718
28222	138398	8713
28223	138402	8709
28224	138407	8704
28225	138411	8699
28226	138416	8694
28227	138421	8689
28228	138426	8684
28229	138431	8679
28230	138436	8674
28231	138440	8669
28232	138446	8664
28233	138450	8659
28234	138455	8654
28235	138459	8650
28236	138464	8645
28237	138468	8640
28238	138473	8635
28239	138478	8630
28240	138482	8625
28241	138488	8620
28242	138492	8615
28243	138496	8610
28244	138500	8605
28245	138504	8600
28246	138508	8595
28247	138513	8590
28248	138518	8585
28249	138522	8581
28250	138527	8576
28251	138531	8571
28252	138536	8566
28253	138541	8561
28254	138546	8556
28255	138550	8551
28256	138555	8546
28257	138559	8541
28258	138564	8536
28259	138568	8531
28260	138573	8526
28261	138577	8521
28262	138582	8517
28263	138587	8512
28264	138591	8507
28265	138595	8502
28266	138600	8497
28267	138604	8492
28268	138610	8487
28269	138614	8482
28270	138618	8477
28271	138622	8472
28272	138627	8467
28273	138632	8462
28274	138636	8457
28275	138641	8453
28276	138646	8448
28277	138651	8443
28278	138656	8438
28279	138661	8433
28280	138666	8428
28281	138671	8423
28282	138676	8418
28283	138680	8413
28284	138684	8408
28285	138688	8403
28286	138692	8398
28287	138697	8394
28288	138703	8389
28289	138708	8384
28290	138712	8379
28291	138716	8374
28292	138720	8369
28293	138725	8364
28294	138729	8359
28295	138734	8354
28296	138739	8349
28297	138743	8344
28298	138747	8339
28299	138752	8334
28300	138757	8330
28301	138762	8325
28302	138766	8320
28303	138770	8315
28304	138774	8310
28305	138778	8305
28306	138783	8300
28307	138786	8295
28308	138791	8290
28309	138795	8285
28310	138801	8280
28311	138805	8275
28312	138809	8270
28313	138813	8265
28314	138817	8260
28315	138822	8256
28316	138826	8251
28317	138831	8246
28318	138835	8241
28319	138839	8236
28320	138844	8231
28321	138848	8226
28322	138853	8221
28323	138859	8216
28324	138864	8211
28325	138869	8206
28326	138874	8201
28327	138880	8197
28328	138885	8192
28329	138890	8187
28330	138896	8182
28331	138902	8177
28332	138907	8172
28333	138911	8167
28334	138916	8162
28335	138921	8158
28336	138925	8153
28337	138931	8148
28338	138937	8143
28339	138943	8138
28340	138947	8133
28341	138952	8128
28342	138956	8123
28343	138960	8118
28344	138965	8113
28345	138970	8108
28346	138975	8104
28347	138979	8099
28348	138984	8094
28349	138988	8089
28350	138993	8084
28351	138998	8079
28352	139003	8074
28353	139007	8069
28354	139012	8064
28355	139016	8059
28356	139020	8054
28357	139024	8049
28358	139029	8044
28359	139033	8040
28360	139037	8035
28361	139042	8030
28362	139046	8025
28363	139051	8020
28364	139056	8015
28365	139061	8010
28366	139066	8005
28367	139070	8000
28368	139074	7995
28369	139078	7990
28370	139082	7985
28371	139087	7980
28372	139092	7975
28373	139097	7971
28374	139101	7966
28375	139105	7961
28376	139110	7956
28377	139114	7951
28378	139118	7946
28379	139123	7941
28380	139128	7936
28381	139133	7931
28382	139137	7926
28383	139141	7921
28384	139146	7916
28385	139152	7912
28386	139158	7907
28387	139162	7902
28388	139167	7897
28389	139171	7892
28390	139175	7887
28391	139180	7882
28392	139185	7877
28393	139190	7872
28394	139194	7867
28395	139199	7862
28396	139203	7857
28397	139207	7853
28398	139213	7848
28399	139218	7843
28400	139222	7838
28401	139227	7833
28402	139231	7828
28403	139236	7823
28404	139240	7818
28405	139245	7813
28406	139250	7808
28407	139254	7803
28408	139258	7798
28409	139263	7794
28410	139267	7789
28411	139272	7784
28412	139277	7779
28413	139282	7774
28414	139287	7769
28415	139292	7764
28416	139296	7759
28417	139301	7754
28418	139306	7749
28419	139310	7744
28420	139315	7739
28421	139319	7735
28422	139323	7730
28423	139327	7725
28424	139331	7720
28425	139335	7715
28426	139340	7710
28427	139345	7705
28428	139349	7700
28429	139354	7695
28430	139358	7690
28431	139362	7685
28432	139368	7680
28433	139374	7676
28434	139380	7671
28435	139385	7666
28436	139390	7661
28437	139394	7656
28438	139399	7651
28439	139403	7646
28440	139408	7641
28441	139413	7636
28442	139417	7631
28443	139422	7626
28444	139426	7622
28445	139431	7617
28446	139435	7612
28447	139440	7607
28448	139444	7602
28449	139449	7597
28450	139453	7592
28451	139457	7587
28452	139462	7582
28453	139467	7577
28454	139472	7572
28455	139476	7567
28456	139481	7562
28457	139485	7558
28458	139488	7553
28459	139493	7548
28460	139497	7543
28461	139502	7538
28462	139506	7533
28463	139511	7528
28464	139515	7523
28465	139519	7518
28466	139524	7513
28467	139528	7508
28468	139532	7503
28469	139536	7498
28470	139541	7493
28471	139546	7489
28472	139550	7484
28473	139555	7479
28474	139559	7474
28475	139563	7469
28476	139568	7464
28477	139574	7459
28478	139579	7454
28479	139583	7449
28480	139587	7444
28481	139591	7439
28482	139596	7434
28483	139600	7429
28484	139605	7425
28485	139610	7420
28486	139615	7415
28487	139619	7410
28488	139623	7405
28489	139628	7400
28490	139633	7395
28491	139637	7390
28492	139642	7385
28493	139646	7380
28494	139651	7375
28495	139655	7370
28496	139659	7365
28497	139664	7361
28498	139669	7356
28499	139673	7351
28500	139678	7346
28501	139682	7341
28502	139686	7336
28503	139690	7331
28504	139696	7326
28505	139700	7321
28506	139705	7316
28507	139709	7311
28508	139713	7306
28509	139717	7301
28510	139722	7297
28511	139727	7292
28512	139733	7287
28513	139738	7282
28514	139742	7277
28515	139747	7272
28516	139751	7267
28517	139755	7262
28518	139760	7257
28519	139766	7252
28520	139770	7248
28521	139774	7243
28522	139778	7238
28523	139782	7233
28524	139787	7228
28525	139792	7223
28526	139797	7218
28527	139802	7213
28528	139806	7208
28529	139811	7203
28530	139815	7198
28531	139819	7193
28532	139825	7188
28533	139829	7184
28534	139834	7179
28535	139839	7174
28536	139843	7169
28537	139848	7164
28538	139853	7159
28539	139858	7154
28540	139866	7149
28541	139870	7144
28542	139874	7139
28543	139878	7135
28544	139883	7130
28545	139888	7125
28546	139893	7120
28547	139898	7115
28548	139902	7110
28549	139907	7105
28550	139913	7100
28551	139917	7095
28552	139923	7090
28553	139929	7086
28554	139934	7081
28555	139939	7076
28556	139944	7071
28557	139949	7066
28558	139954	7061
28559	139959	7056
28560	139964	7051
28561	139969	7046
28562	139974	7042
28563	139980	7037
28564	139985	7032
28565	139989	7027
28566	139994	7022
28567	139999	7017
28568	140003	7012
28569	140009	7007
28570	140015	7002
28571	140020	6998
28572	140024	6993
28573	140029	6988
28574	140034	6983
28575	140039	6978
28576	140044	6973
28577	140049	6968
28578	140053	6963
28579	140058	6958
28580	140062	6953
28581	140067	6948
28582	140071	6944
28583	140076	6939
28584	140081	6934
28585	140085	6929
28586	140090	6924
28587	140094	6919
28588	140098	6914
28589	140103	6909
28590	140108	6904
28591	140113	6899
28592	140118	6894
28593	140122	6889
28594	140126	6885
28595	140129	6880
28596	140133	6875
28597	140138	6870
28598	140142	6865
28599	140147	6860
28600	140151	6855
28601	140156	6850
28602	140160	6845
28603	140164	6840
28604	140168	6835
28605	140173	6830
28606	140177	6825
28607	140181	6820
28608	140186	6816
28609	140191	6811
28610	140195	6806
28611	140199	6801
28612	140204	6796
28613	140208	6791
28614	140214	6786
28615	140220	6781
28616	140224	6776
28617	140228	6771
28618	140233	6766
28619	140237	6761
28620	140242	6757
28621	140246	6752
28622	140251	6747
28623	140255	6742
28624	140259	6737
28625	140264	6732
28626	140269	6727
28627	140273	6722
28628	140278	6717
28629	140283	6712
28630	140287	6707
28631	140291	6702
28632	140295	6698
28633	140300	6693
28634	140305	6688
28635	140310	6683
28636	140314	6678
28637	140319	6673
28638	140323	6668
28639	140327	6663
28640	140332	6658
28641	140337	6653
28642	140341	6648
28643	140347	6644
28644	140351	6639
28645	140356	6634
28646	140361	6629
28647	140366	6624
28648	140370	6619
28649	140375	6614
28650	140379	6609
28651	140384	6604
28652	140389	6599
28653	140394	6594
28654	140399	6590
28655	140405	6585
28656	140410	6580
28657	140414	6575
28658	140418	6570
28659	140423	6565
28660	140428	6560
28661	140434	6555
28662	140439	6550
28663	140444	6545
28664	140448	6541
28665	140452	6536
28666	140457	6531
28667	140461	6526
28668	140465	6521
28669	140470	6516
28670	140474	6511
28671	140478	6506
28672	140482	6501
28673	140487	6496
28674	140492	6491
28675	140497	6486
28676	140502	6481
28677	140506	6477
28678	140511	6472
28679	140515	6467
28680	140519	6462
28681	140524	6457
28682	140528	6452
28683	140533	6447
28684	140538	6442
28685	140542	6437
28686	140546	6432
28687	140551	6427
28688	140556	6422
28689	140560	6418
28690	140565	6413
28691	140569	6408
28692	140573	6403
28693	140577	6398
28694	140582	6393
28695	140586	6388
28696	140591	6383
28697	140596	6378
28698	140601	6373
28699	140605	6368
28700	140609	6363
28701	140613	6359
28702	140618	6354
28703	140623	6349
28704	140627	6344
28705	140632	6339
28706	140635	6334
28707	140639	6329
28708	140644	6324
28709	140649	6319
28710	140655	6314
28711	140676	6310
28712	140681	6305
28713	140686	6300
28714	140691	6295
28715	140695	6291
28716	140700	6286
28717	140704	6281
28718	140710	6276
28719	140714	6271
28720	140719	6266
28721	140724	6261
28722	140728	6256
28723	140732	6251
28724	140736	6246
28725	140741	6241
28726	140745	6236
28727	140751	6232
28728	140755	6227
28729	140759	6222
28730	140763	6217
28731	140767	6212
28732	140771	6207
28733	140775	6202
28734	140779	6197
28735	140784	6192
28736	140788	6187
28737	140793	6182
28738	140798	6177
28739	140803	6172
28740	140807	6168
28741	140811	6163
28742	140815	6158
28743	140819	6153
28744	140823	6148
28745	140829	6143
28746	140833	6138
28747	140838	6133
28748	140842	6128
28749	140846	6123
28750	140852	6118
28751	140857	6114
28752	140862	6109
28753	140867	6104
28754	140872	6099
28755	140876	6094
28756	140879	6089
28757	140884	6084
28758	140889	6079
28759	140894	6074
28760	140898	6069
28761	140902	6064
28762	140906	6059
28763	140911	6055
28764	140916	6050
28765	140920	6045
28766	140925	6040
28767	140930	6035
28768	140935	6030
28769	140940	6025
28770	140945	6020
28771	140949	6015
28772	140955	6010
28773	140960	6006
28774	140964	6001
28775	140970	5996
28776	140975	5991
28777	140980	5986
28778	140985	5981
28779	140990	5976
28780	140995	5971
28781	141000	5966
28782	141005	5961
28783	141011	5957
28784	141016	5952
28785	141021	5947
28786	141025	5942
28787	141030	5937
28788	141034	5932
28789	141039	5927
28790	141045	5922
28791	141050	5917
28792	141054	5912
28793	141058	5908
28794	141062	5903
28795	141067	5898
28796	141072	5893
28797	141078	5888
28798	141082	5883
28799	141086	5878
28800	141090	5873
28801	141095	5868
28802	141099	5863
28803	141103	5858
28804	141109	5854
28805	141113	5849
28806	141118	5844
28807	141122	5839
28808	141126	5834
28809	141131	5829
28810	141135	5824
28811	141140	5819
28812	141145	5814
28813	141149	5809
28814	141153	5804
28815	141157	5799
28816	141161	5794
28817	141166	5790
28818	141170	5785
28819	141175	5780
28820	141179	5775
28821	141183	5770
28822	141187	5765
28823	141192	5760
28824	141197	5755
28825	141200	5750
28826	141205	5745
28827	141210	5740
28828	141215	5736
28829	141219	5731
28830	141224	5726
28831	141229	5721
28832	141234	5716
28833	141238	5711
28834	141243	5706
28835	141247	5701
28836	141252	5696
28837	141257	5691
28838	141261	5686
28839	141266	5682
28840	141271	5677
28841	141275	5672
28842	141279	5667
28843	141284	5662
28844	141289	5657
28845	141294	5652
28846	141299	5647
28847	141304	5642
28848	141308	5637
28849	141312	5632
28850	141316	5627
28851	141321	5623
28852	141326	5618
28853	141331	5613
28854	141336	5608
28855	141339	5603
28856	141344	5598
28857	141349	5593
28858	141353	5588
28859	141359	5583
28860	141364	5578
28861	141369	5574
28862	141374	5569
28863	141379	5564
28864	141384	5559
28865	141389	5554
28866	141394	5549
28867	141398	5544
28868	141403	5539
28869	141408	5534
28870	141412	5529
28871	141416	5524
28872	141420	5520
28873	141424	5515
28874	141428	5510
28875	141433	5505
28876	141438	5500
28877	141443	5495
28878	141448	5490
28879	141451	5485
28880	141456	5480
28881	141460	5475
28882	141465	5470
28883	141470	5466
28884	141474	5461
28885	141478	5456
28886	141483	5451
28887	141487	5446
28888	141492	5441
28889	141497	5436
28890	141503	5431
28891	141507	5426
28892	141511	5421
28893	141515	5416
28894	141520	5412
28895	141525	5407
28896	141529	5402
28897	141534	5397
28898	141538	5392
28899	141542	5387
28900	141546	5382
28901	141550	5377
28902	141555	5372
28903	141560	5367
28904	141565	5362
28905	141569	5357
28906	141573	5353
28907	141578	5348
28908	141582	5343
28909	141586	5338
28910	141591	5333
28911	141596	5328
28912	141601	5323
28913	141606	5318
28914	141610	5313
28915	141615	5308
28916	141620	5303
28917	141624	5299
28918	141629	5294
28919	141633	5289
28920	141638	5284
28921	141642	5279
28922	141647	5274
28923	141652	5269
28924	141656	5264
28925	141660	5259
28926	141664	5254
28927	141668	5249
28928	141673	5244
28929	141677	5240
28930	141683	5235
28931	141688	5230
28932	141692	5225
28933	141697	5220
28934	141701	5215
28935	141705	5210
28936	141710	5205
28937	141715	5200
28938	141720	5195
28939	141724	5191
28940	141729	5186
28941	141733	5181
28942	141738	5176
28943	141742	5171
28944	141746	5166
28945	141752	5161
28946	141757	5156
28947	141760	5151
28948	141765	5146
28949	141769	5141
28950	141774	5136
28951	141779	5132
28952	141783	5127
28953	141787	5122
28954	141792	5117
28955	141796	5112
28956	141800	5107
28957	141807	5102
28958	141813	5097
28959	141819	5092
28960	141825	5088
28961	141830	5083
28962	141836	5078
28963	141842	5073
28964	141847	5068
28965	141853	5063
28966	141858	5058
28967	141863	5053
28968	141868	5049
28969	141874	5044
28970	141880	5039
28971	141884	5034
28972	141888	5029
28973	141892	5024
28974	141897	5019
28975	141901	5014
28976	141906	5009
28977	141911	5004
28978	141916	5000
28979	141921	4995
28980	141926	4990
28981	141932	4985
28982	141938	4980
28983	141942	4975
28984	141946	4970
28985	141950	4965
28986	141955	4960
28987	141960	4955
28988	141965	4951
28989	141970	4946
28990	141975	4941
28991	141980	4936
28992	141986	4931
28993	141991	4926
28994	141996	4921
28995	142002	4916
28996	142007	4912
28997	142012	4907
28998	142017	4902
28999	142022	4897
29000	142026	4892
29001	142031	4887
29002	142035	4882
29003	142041	4877
29004	142047	4872
29005	142052	4867
29006	142056	4863
29007	142061	4858
29008	142065	4853
29009	142069	4848
29010	142074	4843
29011	142079	4838
29012	142083	4833
29013	142087	4828
29014	142091	4823
29015	142095	4818
29016	142100	4813
29017	142105	4808
29018	142110	4804
29019	142114	4799
29020	142118	4794
29021	142122	4789
29022	142126	4784
29023	142131	4779
29024	142137	4774
29025	142143	4769
29026	142147	4764
29027	142152	4759
29028	142156	4755
29029	142160	4750
29030	142165	4745
29031	142170	4740
29032	142174	4735
29033	142178	4730
29034	142182	4725
29035	142187	4720
29036	142191	4715
29037	142197	4710
29038	142202	4705
29039	142207	4701
29040	142211	4696
29041	142215	4691
29042	142220	4686
29043	142224	4681
29044	142229	4676
29045	142234	4671
29046	142239	4666
29047	142243	4661
29048	142247	4656
29049	142252	4651
29050	142257	4647
29051	142261	4642
29052	142266	4637
29053	142271	4632
29054	142275	4627
29055	142279	4622
29056	142284	4617
29057	142289	4612
29058	142293	4607
29059	142298	4602
29060	142303	4598
29061	142308	4593
29062	142312	4588
29063	142316	4583
29064	142321	4578
29065	142326	4573
29066	142331	4568
29067	142336	4563
29068	142340	4558
29069	142345	4553
29070	142350	4548
29071	142355	4544
29072	142361	4539
29073	142380	4534
29074	142385	4529
29075	142389	4524
29076	142394	4520
29077	142398	4515
29078	142402	4510
29079	142406	4505
29080	142410	4500
29081	142415	4495
29082	142420	4490
29083	142425	4485
29084	142430	4480
29085	142434	4475
29086	142438	4470
29087	142444	4466
29088	142449	4461
29089	142454	4456
29090	142459	4451
29091	142463	4446
29092	142468	4441
29093	142472	4436
29094	142478	4431
29095	142482	4426
29096	142487	4421
29097	142491	4417
29098	142496	4412
29099	142500	4407
29100	142504	4402
29101	142508	4397
29102	142513	4392
29103	142518	4387
29104	142523	4382
29105	142527	4377
29106	142531	4372
29107	142535	4367
29108	142539	4363
29109	142544	4358
29110	142549	4353
29111	142553	4348
29112	142557	4343
29113	142561	4338
29114	142565	4333
29115	142571	4328
29116	142576	4323
29117	142581	4318
29118	142585	4313
29119	142590	4309
29120	142594	4304
29121	142598	4299
29122	142603	4294
29123	142608	4289
29124	142613	4284
29125	142617	4279
29126	142622	4274
29127	142626	4269
29128	142630	4264
29129	142635	4259
29130	142641	4255
29131	142646	4250
29132	142651	4245
29133	142656	4240
29134	142661	4235
29135	142665	4230
29136	142670	4225
29137	142674	4220
29138	142679	4215
29139	142684	4210
29140	142688	4206
29141	142693	4201
29142	142697	4196
29143	142701	4191
29144	142705	4186
29145	142710	4181
29146	142714	4176
29147	142719	4171
29148	142724	4166
29149	142728	4161
29150	142732	4156
29151	142736	4152
29152	142740	4147
29153	142746	4142
29154	142751	4137
29155	142755	4132
29156	142760	4127
29157	142763	4122
29158	142768	4117
29159	142773	4112
29160	142778	4107
29161	142783	4103
29162	142789	4098
29163	142793	4093
29164	142797	4088
29165	142802	4083
29166	142807	4078
29167	142811	4073
29168	142815	4068
29169	142820	4063
29170	142824	4058
29171	142828	4053
29172	142833	4049
29173	142838	4044
29174	142843	4039
29175	142847	4034
29176	142851	4029
29177	142856	4024
29178	142860	4019
29179	142864	4014
29180	142869	4009
29181	142873	4004
29182	142878	3999
29183	142882	3995
29184	142886	3990
29185	142891	3985
29186	142895	3980
29187	142900	3975
29188	142906	3970
29189	142910	3965
29190	142914	3960
29191	142918	3955
29192	142922	3950
29193	142927	3946
29194	142932	3941
29195	142936	3936
29196	142940	3931
29197	142945	3926
29198	142950	3921
29199	142954	3916
29200	142958	3911
29201	142963	3906
29202	142968	3901
29203	142973	3896
29204	142977	3892
29205	142981	3887
29206	142986	3882
29207	142991	3877
29208	143004	3872
29209	143008	3867
29210	143013	3862
29211	143018	3857
29212	143023	3853
29213	143029	3848
29214	143034	3843
29215	143039	3838
29216	143044	3833
29217	143049	3828
29218	143054	3823
29219	143059	3818
29220	143064	3813
29221	143069	3809
29222	143073	3804
29223	143078	3799
29224	143084	3794
29225	143089	3789
29226	143094	3784
29227	143098	3779
29228	143103	3774
29229	143107	3769
29230	143111	3764
29231	143116	3760
29232	143121	3755
29233	143126	3750
29234	143130	3745
29235	143134	3740
29236	143138	3735
29237	143142	3730
29238	143147	3725
29239	143152	3720
29240	143157	3715
29241	143162	3710
29242	143166	3706
29243	143170	3701
29244	143174	3696
29245	143179	3691
29246	143183	3686
29247	143188	3681
29248	143192	3676
29249	143197	3671
29250	143201	3666
29251	143205	3661
29252	143210	3656
29253	143216	3652
29254	143220	3647
29255	143225	3642
29256	143229	3637
29257	143234	3632
29258	143239	3627
29259	143243	3622
29260	143248	3617
29261	143252	3612
29262	143256	3607
29263	143260	3603
29264	143265	3598
29265	143269	3593
29266	143274	3588
29267	143278	3583
29268	143283	3578
29269	143288	3573
29270	143293	3568
29271	143298	3563
29272	143304	3558
29273	143309	3554
29274	143312	3549
29275	143317	3544
29276	143323	3539
29277	143329	3534
29278	143333	3529
29279	143338	3524
29280	143342	3519
29281	143347	3514
29282	143352	3510
29283	143357	3505
29284	143362	3500
29285	143366	3495
29286	143370	3490
29287	143374	3485
29288	143379	3480
29289	143384	3475
29290	143388	3470
29291	143393	3465
29292	143397	3460
29293	143401	3456
29294	143405	3451
29295	143410	3446
29296	143415	3441
29297	143420	3436
29298	143425	3431
29299	143429	3426
29300	143434	3421
29301	143438	3416
29302	143442	3411
29303	143447	3407
29304	143451	3402
29305	143455	3397
29306	143459	3392
29307	143463	3387
29308	143467	3382
29309	143472	3377
29310	143476	3372
29311	143482	3367
29312	143486	3362
29313	143490	3357
29314	143495	3353
29315	143499	3348
29316	143503	3343
29317	143509	3338
29318	143514	3333
29319	143518	3328
29320	143522	3323
29321	143527	3318
29322	143531	3313
29323	143536	3308
29324	143540	3304
29325	143545	3299
29326	143549	3294
29327	143554	3289
29328	143558	3284
29329	143562	3279
29330	143567	3274
29331	143572	3269
29332	143576	3264
29333	143581	3259
29334	143585	3254
29335	143590	3250
29336	143594	3245
29337	143599	3240
29338	143605	3235
29339	143609	3230
29340	143615	3225
29341	143619	3220
29342	143623	3215
29343	143628	3210
29344	143634	3206
29345	143639	3201
29346	143644	3196
29347	143648	3191
29348	143652	3186
29349	143656	3181
29350	143662	3176
29351	143666	3171
29352	143671	3166
29353	143676	3161
29354	143680	3157
29355	143684	3152
29356	143688	3147
29357	143693	3142
29358	143698	3137
29359	143703	3132
29360	143707	3127
29361	143711	3122
29362	143716	3117
29363	143720	3112
29364	143724	3107
29365	143729	3103
29366	143734	3098
29367	143738	3093
29368	143743	3088
29369	143747	3083
29370	143751	3078
29371	143756	3073
29372	143761	3068
29373	143767	3063
29374	143772	3058
29375	143776	3054
29376	143780	3049
29377	143785	3044
29378	143790	3039
29379	143795	3034
29380	143799	3029
29381	143803	3024
29382	143808	3019
29383	143812	3014
29384	143816	3009
29385	143821	3005
29386	143826	3000
29387	143830	2995
29388	143835	2990
29389	143839	2985
29390	143844	2980
29391	143849	2975
29392	143855	2970
29393	143861	2965
29394	143865	2960
29395	143868	2956
29396	143873	2951
29397	143877	2946
29398	143882	2941
29399	143887	2936
29400	143892	2931
29401	143896	2926
29402	143900	2921
29403	143904	2916
29404	143909	2911
29405	143913	2907
29406	143917	2902
29407	143921	2897
29408	143926	2892
29409	143930	2887
29410	143935	2882
29411	143940	2877
29412	143944	2872
29413	143949	2867
29414	143953	2862
29415	143958	2858
29416	143962	2853
29417	143967	2848
29418	143972	2843
29419	143977	2838
29420	143982	2833
29421	143986	2828
29422	143990	2823
29423	143995	2818
29424	144000	2813
29425	144004	2809
29426	144008	2804
29427	144012	2799
29428	144016	2794
29429	144020	2789
29430	144025	2784
29431	144030	2779
29432	144035	2774
29433	144040	2769
29434	144045	2764
29435	144050	2760
29436	144056	2755
29437	144062	2750
29438	144067	2745
29439	144072	2740
29440	144078	2735
29441	144083	2730
29442	144088	2725
29443	144093	2720
29444	144098	2716
29445	144103	2711
29446	144108	2706
29447	144113	2701
29448	144119	2696
29449	144125	2691
29450	144130	2686
29451	144134	2681
29452	144139	2676
29453	144143	2672
29454	144148	2667
29455	144152	2662
29456	144156	2657
29457	144160	2652
29458	144165	2647
29459	144169	2642
29460	144173	2637
29461	144177	2632
29462	144182	2627
29463	144187	2623
29464	144192	2618
29465	144196	2613
29466	144201	2608
29467	144205	2603
29468	144209	2598
29469	144214	2593
29470	144219	2588
29471	144223	2583
29472	144228	2578
29473	144232	2574
29474	144237	2569
29475	144241	2564
29476	144246	2559
29477	144251	2554
29478	144255	2549
29479	144260	2544
29480	144265	2539
29481	144269	2534
29482	144276	2529
29483	144281	2525
29484	144287	2520
29485	144291	2515
29486	144295	2510
29487	144300	2505
29488	144305	2500
29489	144310	2495
29490	144314	2490
29491	144319	2485
29492	144323	2480
29493	144328	2476
29494	144332	2471
29495	144337	2466
29496	144342	2461
29497	144346	2456
29498	144351	2451
29499	144355	2446
29500	144359	2441
29501	144364	2436
29502	144369	2432
29503	144373	2427
29504	144378	2422
29505	144382	2417
29506	144386	2412
29507	144390	2407
29508	144396	2402
29509	144400	2397
29510	144405	2392
29511	144410	2387
29512	144414	2383
29513	144419	2378
29514	144423	2373
29515	144428	2368
29516	144432	2363
29517	144436	2358
29518	144441	2353
29519	144445	2348
29520	144450	2343
29521	144454	2338
29522	144459	2334
29523	144463	2329
29524	144468	2324
29525	144473	2319
29526	144477	2314
29527	144482	2309
29528	144487	2304
29529	144493	2299
29530	144498	2294
29531	144503	2289
29532	144507	2285
29533	144511	2280
29534	144515	2275
29535	144519	2270
29536	144523	2265
29537	144527	2260
29538	144531	2255
29539	144536	2250
29540	144540	2245
29541	144545	2240
29542	144549	2236
29543	144554	2231
29544	144558	2226
29545	144562	2221
29546	144567	2216
29547	144572	2211
29548	144577	2206
29549	144582	2201
29550	144586	2196
29551	144590	2191
29552	144594	2187
29553	144599	2182
29554	144604	2177
29555	144609	2172
29556	144614	2167
29557	144618	2162
29558	144622	2157
29559	144627	2152
29560	144631	2147
29561	144636	2142
29562	144640	2138
29563	144644	2133
29564	144649	2128
29565	144653	2123
29566	144658	2118
29567	144662	2113
29568	144666	2108
29569	144671	2103
29570	144675	2098
29571	144679	2093
29572	144683	2089
29573	144687	2084
29574	144692	2079
29575	144697	2074
29576	144702	2069
29577	144707	2064
29578	144711	2059
29579	144715	2054
29580	144719	2049
29581	144724	2044
29582	144729	2040
29583	144733	2035
29584	144738	2030
29585	144743	2025
29586	144748	2020
29587	144753	2015
29588	144757	2010
29589	144762	2005
29590	144765	2000
29591	144770	1996
29592	144774	1991
29593	144778	1986
29594	144783	1981
29595	144788	1976
29596	144793	1971
29597	144798	1966
29598	144802	1961
29599	144807	1956
29600	144810	1951
29601	144815	1947
29602	144820	1942
29603	144824	1937
29604	144829	1932
29605	144833	1927
29606	144837	1922
29607	144842	1917
29608	144847	1912
29609	144851	1907
29610	144856	1902
29611	144861	1898
29612	144865	1893
29613	144869	1888
29614	144873	1883
29615	144878	1878
29616	144883	1873
29617	144887	1868
29618	144892	1863
29619	144896	1858
29620	144900	1854
29621	144904	1849
29622	144909	1844
29623	144915	1839
29624	144920	1834
29625	144924	1829
29626	144928	1824
29627	144932	1819
29628	144936	1814
29629	144941	1809
29630	144946	1805
29631	144951	1800
29632	144956	1795
29633	144961	1790
29634	144964	1785
29635	144969	1780
29636	144973	1775
29637	144979	1770
29638	144983	1765
29639	144987	1760
29640	144992	1756
29641	144996	1751
29642	145001	1746
29643	145006	1741
29644	145010	1736
29645	145015	1731
29646	145020	1726
29647	145024	1721
29648	145028	1716
29649	145032	1712
29650	145037	1707
29651	145042	1702
29652	145046	1697
29653	145050	1692
29654	145054	1687
29655	145058	1682
29656	145062	1677
29657	145068	1672
29658	145073	1667
29659	145079	1663
29660	145084	1658
29661	145089	1653
29662	145094	1648
29663	145099	1643
29664	145104	1638
29665	145110	1633
29666	145116	1628
29667	145121	1623
29668	145127	1619
29669	145133	1614
29670	145138	1609
29671	145143	1604
29672	145147	1599
29673	145152	1594
29674	145156	1589
29675	145161	1584
29676	145165	1579
29677	145170	1575
29678	145174	1570
29679	145178	1565
29680	145183	1560
29681	145188	1555
29682	145192	1550
29683	145196	1545
29684	145200	1540
29685	145205	1535
29686	145209	1530
29687	145214	1526
29688	145219	1521
29689	145224	1516
29690	145228	1511
29691	145233	1506
29692	145237	1501
29693	145243	1496
29694	145249	1491
29695	145253	1486
29696	145258	1482
29697	145263	1477
29698	145268	1472
29699	145273	1467
29700	145278	1462
29701	145283	1457
29702	145288	1452
29703	145292	1447
29704	145296	1442
29705	145301	1438
29706	145306	1433
29707	145311	1428
29708	145315	1423
29709	145320	1418
29710	145324	1413
29711	145328	1408
29712	145334	1403
29713	145339	1398
29714	145344	1394
29715	145348	1389
29716	145353	1384
29717	145357	1379
29718	145362	1374
29719	145366	1369
29720	145371	1364
29721	145376	1359
29722	145380	1354
29723	145384	1349
29724	145388	1345
29725	145392	1340
29726	145397	1335
29727	145402	1330
29728	145407	1325
29729	145412	1320
29730	145416	1315
29731	145420	1310
29732	145425	1305
29733	145428	1301
29734	145434	1296
29735	145439	1291
29736	145443	1286
29737	145447	1281
29738	145451	1276
29739	145456	1271
29740	145461	1266
29741	145465	1261
29742	145470	1256
29743	145474	1252
29744	145478	1247
29745	145483	1242
29746	145488	1237
29747	145493	1232
29748	145498	1227
29749	145502	1222
29750	145506	1217
29751	145510	1212
29752	145513	1208
29753	145519	1203
29754	145523	1198
29755	145528	1193
29756	145532	1188
29757	145536	1183
29758	145541	1178
29759	145545	1173
29760	145550	1168
29761	145555	1163
29762	145560	1159
29763	145565	1154
29764	145569	1149
29765	145574	1144
29766	145580	1139
29767	145584	1134
29768	145589	1129
29769	145593	1124
29770	145597	1119
29771	145601	1115
29772	145606	1110
29773	145610	1105
29774	145614	1100
29775	145619	1095
29776	145624	1090
29777	145629	1085
29778	145633	1080
29779	145638	1075
29780	145642	1071
29781	145647	1066
29782	145652	1061
29783	145657	1056
29784	145661	1051
29785	145665	1046
29786	145669	1041
29787	145674	1036
29788	145679	1031
29789	145684	1026
29790	145688	1022
29791	145692	1017
29792	145696	1012
29793	145701	1007
29794	145706	1002
29795	145710	997
29796	145715	992
29797	145719	987
29798	145723	982
29799	145727	978
29800	145732	973
29801	145736	968
29802	145740	963
29803	145745	958
29804	145750	953
29805	145754	948
29806	145759	943
29807	145763	938
29808	145767	933
29809	145771	929
29810	145775	924
29811	145780	919
29812	145785	914
29813	145791	909
29814	145796	904
29815	145801	899
29816	145805	894
29817	145809	889
29818	145814	885
29819	145819	880
29820	145824	875
29821	145828	870
29822	145832	865
29823	145836	860
29824	145840	855
29825	145844	850
29826	145849	845
29827	145854	841
29828	145859	836
29829	145863	831
29830	145867	826
29831	145872	821
29832	145876	816
29833	145881	811
29834	145885	806
29835	145890	801
29836	145894	797
29837	145898	792
29838	145902	787
29839	145907	782
29840	145912	777
29841	145917	772
29842	145922	767
29843	145925	762
29844	145929	757
29845	145934	752
29846	145939	748
29847	145943	743
29848	145948	738
29849	145953	733
29850	145958	728
29851	145962	723
29852	145966	718
29853	145971	713
29854	145977	708
29855	145982	704
29856	145986	699
29857	145991	694
29858	145995	689
29859	145999	684
29860	146004	679
29861	146009	674
29862	146014	669
29863	146018	664
29864	146023	660
29865	146027	655
29866	146032	650
29867	146037	645
29868	146042	640
29869	146046	635
29870	146050	630
29871	146055	625
29872	146059	620
29873	146065	616
29874	146069	611
29875	146074	606
29876	146078	601
29877	146082	596
29878	146087	591
29879	146091	586
29880	146096	581
29881	146100	576
29882	146106	572
29883	146111	567
29884	146116	562
29885	146121	557
29886	146126	552
29887	146132	547
29888	146137	542
29889	146142	537
29890	146147	532
29891	146153	528
29892	146159	523
29893	146165	518
29894	146170	513
29895	146175	508
29896	146180	503
29897	146185	498
29898	146190	493
29899	146197	488
29900	146202	484
29901	146207	479
29902	146211	474
29903	146216	469
29904	146222	464
29905	146226	459
29906	146232	454
29907	146237	449
29908	146242	444
29909	146246	440
29910	146251	435
29911	146256	430
29912	146261	425
29913	146267	420
29914	146271	415
29915	146276	410
29916	146281	405
29917	146286	400
29918	146291	396
29919	146296	391
29920	146300	386
29921	146304	381
29922	146308	376
29923	146313	371
29924	146318	366
29925	146323	361
29926	146328	356
29927	146332	352
29928	146336	347
29929	146340	342
29930	146345	337
29931	146349	332
29932	146354	327
29933	146359	322
29934	146363	317
29935	146368	312
29936	146372	308
29937	146376	303
29938	146381	298
29939	146385	293
29940	146390	288
29941	146394	283
29942	146398	278
29943	146403	273
29944	146407	268
29945	146411	264
29946	146416	259
29947	146420	254
29948	146424	249
29949	146430	244
29950	146436	239
29951	146441	234
29952	146445	229
29953	146450	224
29954	146455	220
29955	146459	215
29956	146464	210
29957	146469	205
29958	146474	200
29959	146478	195
29960	146482	190
29961	146486	185
29962	146491	180
29963	146496	176
29964	146501	171
29965	146505	166
29966	146509	161
29967	146513	156
29968	146518	151
29969	146522	146
29970	146527	141
29971	146532	136
29972	146536	132
29973	146540	127
29974	146544	122
29975	146548	117
29976	146552	112
29977	146558	107
29978	146563	102
29979	146568	97
29980	146572	92
29981	146577	87
29982	146582	83
29983	146587	78
29984	146591	73
29985	146596	68
29986	146600	63
29987	146605	58
29988	146609	53
29989	146614	48
29990	146620	43
29991	146625	39
29992	146629	34
29993	146633	29
29994	146637	24
29995	146642	19
29996	146646	14
29997	146652	9
29998	146656	4
29999	146660	0
