y,ID
-13.663328064907152,0
-28.083414584277765,1
-17.942882935345253,2
-18.05178266977528,3
-30.34873887978742,4
-27.909635969166985,5
2.8858637319214164,6
-11.819527028864155,7
-10.249729770080238,8
-13.9297960845201,9
-17.26349463750625,10
-19.37452562145696,11
-15.347451250646403,12
11.367253020400106,13
-2.7512972239855573,14
14.824309808134412,15
-4.894640543270951,16
-41.33986125394272,17
-13.318850331298883,18
-1.887615852152687,19
-2.6359906682543937,20
21.89693735472536,21
17.50826974249697,22
7.821493579503068,23
25.355405575858267,24
-13.005356959788418,25
17.97031218493707,26
-5.397188413301092,27
26.645660085311455,28
-7.863867401991839,29
-19.053255717012004,30
-0.8383904564354712,31
11.510044734678818,32
-21.222784433969295,33
5.564154383677266,34
16.94216068918363,35
13.770432153331363,36
0.3145885885363118,37
-0.006830541757626207,38
-19.15351695215445,39
26.21236754958871,40
0.8010032828822702,41
15.70015254306876,42
-10.691162717194011,43
-22.31855040739706,44
-9.352946790007891,45
5.30455528244133,46
-3.0408036087711654,47
-10.331061993739517,48
-16.575632663150188,49
-13.056618974098598,50
9.997028502703444,51
5.301079710105675,52
10.953315318582604,53
18.057389204474358,54
-13.751769542787544,55
-11.911663793443797,56
-8.326143759055224,57
-19.355782898494873,58
-35.99354534161504,59
-1.4656467673744187,60
-14.575389732640454,61
16.035326584557186,62
9.761446963423818,63
-13.794527696491466,64
-13.075147333911259,65
-5.181490926356704,66
12.102883485685584,67
6.955746263234847,68
-8.353457545023169,69
-15.087521438844636,70
2.1856700877420314,71
-13.993183181834675,72
8.243527067611964,73
13.483218922890828,74
-9.910647891266615,75
-3.21497640002408,76
3.6863827079394635,77
-18.014734891309306,78
13.364832335050501,79
-0.45470827927452184,80
19.033597323997107,81
6.825633494494879,82
11.166045667613663,83
27.512988359096532,84
-0.9102669757854747,85
-17.971556578027165,86
-22.623861788616452,87
-2.023801420238782,88
27.628629295290473,89
-7.76568993354609,90
-13.666357488571625,91
6.016497760417218,92
-12.275151194698438,93
15.989847858650048,94
-15.327973825038198,95
-4.248377695248481,96
-14.768014580211089,97
-22.249357412597064,98
19.26426654208175,99
-17.47664996898917,100
11.903891768096681,101
-19.228821641842174,102
-8.085224483247863,103
11.706231352381057,104
-4.256490139861259,105
-19.7247512028467,106
-14.649413864601025,107
-22.13749295758232,108
-24.089176521627962,109
10.561991042358024,110
-34.5255684715097,111
-13.659574724628417,112
-14.795707122110555,113
-35.580038324836735,114
-23.666545763506402,115
-42.25182933930454,116
7.95757381418165,117
-8.875392922290919,118
-27.021385400066215,119
-29.271722806945835,120
16.41597614754525,121
-13.446498966291326,122
-4.499060682369177,123
8.900562069426691,124
8.622929843390148,125
-27.562298712280334,126
-11.988086834130243,127
-16.881019010814903,128
1.2164713697961718,129
9.995121647439852,130
-19.381914355131496,131
1.323124335014061,132
-26.277103509783498,133
17.921582751581933,134
2.1284704426862024,135
14.25544984594561,136
15.286002365671248,137
-25.090796134529747,138
-0.8234175118876887,139
-13.18868281714932,140
-18.67143087768324,141
-15.588328797504964,142
-13.385940354153341,143
-17.76342318120627,144
5.288515958559916,145
11.80685156201876,146
-13.133348736964008,147
8.576791415651096,148
-5.479032292743973,149
-23.388982825920944,150
17.04415630597486,151
-29.032098520428626,152
0.07594164744156906,153
17.598335040681217,154
0.6858763291722259,155
-17.559176677112475,156
10.159160657390437,157
-1.5970394104226795,158
-3.202788467330831,159
18.407541340456373,160
-11.100619742724545,161
-17.95436759956635,162
-14.0942866614174,163
-10.911706223747672,164
-24.391822905007945,165
-19.37784929035885,166
-28.257387760418812,167
-16.62220582391753,168
15.48242973559788,169
-24.370556186347862,170
9.63456789347119,171
9.601998179796206,172
12.917592730785273,173
-24.728004607401303,174
10.548512314391875,175
12.971842363593584,176
14.30970854442985,177
-27.602557178105776,178
-8.987536975292215,179
-4.535267033723796,180
-22.33924181385881,181
23.765592687747162,182
-6.973639559677601,183
1.0366491847627755,184
16.74401598269599,185
-24.07330308003771,186
20.36591928320083,187
-50.5198048716107,188
18.57365155700925,189
-16.40839125282755,190
-35.513411341866856,191
17.738917807625462,192
17.51520854930036,193
0.21967950115413437,194
-14.36471103911138,195
13.189207276119244,196
6.079233106682318,197
-19.985283387150616,198
2.4351486376978233,199
-16.812771516180526,200
-11.430275635831492,201
17.47285102747612,202
9.380752706026612,203
18.518709941849476,204
14.469694010298976,205
-18.39308591440819,206
-29.197393846595737,207
-19.70036271121079,208
-5.849419576919614,209
-24.075720713615834,210
-13.245337974525984,211
-7.493821558304807,212
10.48933952116105,213
-9.618920072481446,214
-6.710830235680437,215
5.7383427867566414,216
-33.286862352572555,217
26.296107308916117,218
-25.351899519068006,219
-34.1065464151426,220
-19.140103232895154,221
-26.069195082351992,222
-19.625747168644928,223
-5.363109532566576,224
10.363194344358476,225
-5.693738852714802,226
-29.054696277305652,227
11.097260326922889,228
-16.087041076141244,229
-18.55962252528272,230
-5.830623404289106,231
7.904801569788951,232
10.352244636731566,233
-19.420174988268656,234
-8.45201541631841,235
-24.910892177670334,236
-32.70420917948152,237
14.136725893477998,238
7.592005238928085,239
-15.896235355126507,240
1.211820583283182,241
-13.712473646854916,242
-29.03271467214854,243
-41.87657104321368,244
-25.664436586266945,245
-21.36784093831649,246
-17.492147338068307,247
19.264070873857133,248
4.938028772917461,249
-8.715367830986752,250
-25.155176469853068,251
-26.32222352788264,252
-16.746524122535327,253
-4.116149774748933,254
-13.182626751076507,255
8.503241254304148,256
-24.09367979595219,257
-7.572297785731935,258
4.825762100571453,259
-6.36595164114385,260
15.679410758880131,261
-10.465170867758257,262
-36.35220860513104,263
-13.915350687229335,264
-33.22862852632031,265
-21.467961787336,266
-16.483655509492785,267
5.075280925930166,268
-1.836956467653617,269
-25.982253382933354,270
0.5063449210291138,271
-23.81792405192301,272
5.606433175856447,273
-27.56953552892458,274
-20.939235458630414,275
7.866939186323245,276
-16.6970631149633,277
-18.356659893720817,278
6.127841469530795,279
-24.330071306657732,280
-5.255512003057499,281
-8.069402960374198,282
3.3709312475322903,283
-15.19541346289305,284
23.573906057356492,285
1.903023975311692,286
14.326209501823005,287
14.484785107858883,288
-9.765219753977416,289
-25.01565988851644,290
13.993479233097666,291
-19.262717376424785,292
18.727859665042782,293
-0.2718165327521458,294
-16.226250757114755,295
3.968804933484888,296
5.097820338552971,297
24.57741048822386,298
10.130083070097417,299
-36.745634669888204,300
4.742025931376006,301
-12.568037023487594,302
-23.05862854475603,303
-9.859752846232315,304
-29.17815621688718,305
-37.0378297357242,306
3.982293889932306,307
-31.92437861404615,308
18.623189791314918,309
-10.80187630099827,310
21.25217565470101,311
-2.055465047542614,312
-4.0836371537351015,313
-12.759811849153431,314
-26.133801557408948,315
-19.00914269374946,316
7.231391205740151,317
8.850872614246276,318
10.431979360604021,319
-1.1772315267550617,320
8.13392520395662,321
16.243229665114104,322
-34.527014235319314,323
-19.853747990772103,324
23.109692450103147,325
-25.379724533810357,326
15.99369359416691,327
2.7565399200960634,328
9.160931888454572,329
-13.158034327092215,330
8.750855870940532,331
0.28619836484569205,332
3.5964264682391427,333
3.272969187968682,334
-7.695622355340986,335
-22.25230365880286,336
11.309570816993961,337
21.10669368107419,338
-41.718068787369944,339
-11.704263414406302,340
10.094954451770006,341
-14.040006778620295,342
-18.485507968880746,343
-17.92875570560644,344
-12.530439597112085,345
-7.201036208965875,346
-42.570586063940254,347
-17.730787468887204,348
21.082264022737345,349
8.024099490118138,350
-18.272042455225826,351
9.39246883935931,352
-13.815077439048272,353
-10.756143407011944,354
-25.54178027402007,355
-5.747868696964335,356
-1.8063956579013078,357
-16.647773766893028,358
16.253131243171158,359
-1.7524364141994284,360
-2.0420314744379424,361
14.790005053052486,362
-17.841604097199394,363
11.020312893204245,364
-5.726547881241056,365
-21.517997223584256,366
-27.620195717015953,367
-21.975637950782282,368
-13.738675784878444,369
8.876612781104475,370
4.550648760064112,371
6.356539372439883,372
6.0992157249208105,373
13.647939946563174,374
21.142857666566968,375
-19.789392370298465,376
6.989467105536194,377
-15.32721270889881,378
17.374808427613736,379
11.051522958331457,380
-11.865722852228586,381
8.193328690381234,382
-18.655238898825573,383
-28.303805303070142,384
-27.65382732717527,385
-21.74562813930658,386
-2.2266892531031046,387
10.655706578586646,388
-15.862855946664626,389
6.658050980574776,390
-3.7963483376404765,391
19.7249952555471,392
-5.289170907245561,393
-22.417083852483668,394
-7.480889713702735,395
-25.249116612207928,396
-1.0931130961082056,397
9.15963018499553,398
-7.453060174545013,399
-11.705464189471755,400
16.022759296749726,401
3.1174315784952817,402
-10.823371109201666,403
-7.7660941738440865,404
-27.79024273673529,405
12.82515093229545,406
-27.290905439608487,407
-44.20770481535389,408
-26.20398221241574,409
16.844773256435538,410
-10.723316052195358,411
12.099141800429628,412
-6.691520993585655,413
-7.320330976415272,414
13.399314118962604,415
29.911649229987503,416
-23.90776003591585,417
2.285527080782434,418
4.558602973328616,419
-1.1018977817082005,420
21.386296433739457,421
0.015573413119095214,422
0.26152368959364125,423
10.62647222825332,424
7.462366990547425,425
-26.240689000308365,426
-6.002937033868822,427
0.8603909863233783,428
25.716311635883326,429
-16.984861930184458,430
-20.53361245967239,431
-20.613781609416776,432
-15.411267638564139,433
-24.185530054108444,434
2.179866811448851,435
13.635185493399327,436
15.644056442959467,437
-17.25211358967283,438
-17.72865722271201,439
13.404582751204547,440
10.800094838760671,441
-25.55208588004771,442
-10.998990044843394,443
-11.580961927509566,444
-9.832857853359691,445
-37.653401970858596,446
-29.08269840725768,447
-5.7029750258998675,448
-36.73665305958494,449
4.2159792088544545,450
18.094975209052738,451
11.431122175577183,452
4.671419209926228,453
2.5068024015658086,454
-10.145492223445043,455
12.056997688686689,456
-9.530800314616657,457
-26.702353435516194,458
-29.0513267373852,459
-39.14570338293397,460
11.752565037208903,461
14.016657907175695,462
-27.0940156732232,463
-9.016464359415158,464
5.868851017356562,465
-9.758278785423993,466
-9.656872524454823,467
-17.922869517235018,468
9.106402549641688,469
-45.7430317203178,470
-2.754673309885419,471
10.242098604313263,472
-33.473428530071686,473
7.198312941553297,474
-31.379434222124612,475
15.721459663186803,476
-1.2773024380030913,477
-11.614598589305821,478
17.263417948434764,479
15.01932884634655,480
13.544367950109926,481
-15.92296141643583,482
-19.392250486769946,483
15.08471815967891,484
-15.88864416382359,485
18.667401726241966,486
-10.792855169289847,487
0.025737163753158043,488
22.87049619070807,489
10.636904012315796,490
9.612613130782469,491
-34.69220877300089,492
-24.555077997083945,493
-21.307108488554398,494
-14.503152109921288,495
-0.8578579398175856,496
-13.990002963687404,497
-40.6258411044178,498
-29.08489343485169,499
19.39471217466535,500
5.111303339586195,501
14.507771473084233,502
23.236918245177147,503
-23.787903998180123,504
10.661728912838239,505
10.330922163131973,506
3.044928758503273,507
-8.443139097152535,508
0.4054687122538061,509
-13.627105736568934,510
-15.479284732397451,511
-36.988438587527966,512
-4.004755680598277,513
-25.824489843450444,514
15.273563235810293,515
5.48062262682838,516
-8.457681799898177,517
-13.23080691732283,518
1.1526386523360328,519
-17.180618092530725,520
-32.173013142884365,521
13.968299378560847,522
14.951924897498802,523
10.019643378337092,524
-9.212164797659678,525
3.887791075130057,526
6.862778957119758,527
12.745836526749763,528
26.406361526919277,529
20.096103566591086,530
8.616698022053141,531
-35.320547868813634,532
8.178097975388877,533
-11.328872421362675,534
-18.673036050162217,535
14.274462170083705,536
-24.756492575263607,537
21.194341830789195,538
-4.491855729200756,539
-6.530486921303119,540
-28.586423457305397,541
16.23401820675435,542
-28.065258196133485,543
-21.54802451374573,544
-24.538314964019268,545
-16.006860878021612,546
-16.257633158480346,547
25.16275579672269,548
-11.762056688056957,549
5.221532049742846,550
-23.07646688999123,551
-0.18308584674143802,552
18.300165921909578,553
-26.944663547397063,554
21.79279785381179,555
-6.335242309501378,556
-0.657278365048195,557
10.308454114779096,558
-18.518065429979433,559
21.26730771105106,560
8.533652466342968,561
5.712328023131521,562
15.731685927403355,563
-15.585413049222621,564
-28.639562161165856,565
11.419570598387956,566
-1.8761534542142742,567
-10.278632345426955,568
-5.685907111016573,569
-4.321781707644532,570
-32.05981962403963,571
-26.4553437368645,572
-33.2635231244437,573
8.717535371465855,574
-11.388366017307325,575
15.164876796869333,576
-14.372150850459121,577
-13.84290776082433,578
13.125451172390836,579
-11.16877620997845,580
-4.811824666514084,581
18.05969278231358,582
-0.30369769248602996,583
-30.125155483842022,584
-11.65068221215953,585
-30.46084262005118,586
-12.367804978018256,587
-36.127231454731586,588
-44.36536041229674,589
-13.191010170479629,590
17.772070032285033,591
-20.43198760732127,592
0.21673059562449826,593
10.300193025669426,594
-9.592643444935225,595
-10.988731686681412,596
-5.918536807340879,597
-20.335332883046288,598
17.426133570561564,599
-22.125614740790372,600
4.305439513036843,601
-21.94382628104633,602
-7.623325955559201,603
10.738422106416774,604
-13.841667265435557,605
-14.066880377533536,606
-20.682880197004685,607
-13.447768604902887,608
7.481447924540587,609
-26.317668601192505,610
2.9296164161120366,611
8.673089545540321,612
9.511182938401907,613
8.395515626160895,614
-13.522529390952457,615
8.673811694987839,616
-21.824676395584024,617
-7.246835638355052,618
7.882995877286344,619
-37.920160580988494,620
8.132322934442064,621
-20.868178257480974,622
16.195871860429847,623
17.287666314396798,624
-32.63041710441179,625
13.919158842220256,626
-15.418828639066357,627
10.345660050335276,628
-18.606559168493344,629
22.476815276389782,630
25.04261463742485,631
-35.03059074041885,632
-0.1862752115252837,633
15.113043712770086,634
-12.511486950543265,635
-7.890132708079293,636
13.504583793479334,637
-34.668717530086425,638
25.68201602326848,639
9.354839298760055,640
6.387564913067166,641
-13.569932305302412,642
5.413546237298235,643
8.004982467672743,644
9.415299330648136,645
-47.22701089185502,646
11.752182048685807,647
5.571044591051116,648
14.759209757079848,649
-0.5643471075313755,650
16.085320098303068,651
21.315125177375368,652
23.900930438244192,653
-38.860294178709665,654
-35.20921089858404,655
-23.61453246488996,656
5.221422652694706,657
-15.140695008795518,658
18.088231749881952,659
-0.9451325631107546,660
1.2375003096900556,661
-15.271843966142924,662
31.118103436922993,663
-13.009639305291671,664
4.389502517084075,665
-18.321177651080543,666
-25.63259441181997,667
0.8831831858835253,668
-13.559658350465519,669
15.29546303376199,670
23.709388105968596,671
12.128372066540194,672
9.80437336562686,673
-16.745313068754108,674
7.28044379803031,675
-10.557700513669998,676
19.79294649663118,677
-4.3014743770388595,678
3.3264878292366102,679
-17.510895287307036,680
-8.153583333640565,681
-21.920867831433878,682
13.25641623417527,683
-7.191787435554968,684
-24.98567868867003,685
23.37696619056573,686
13.91757613922558,687
-12.549574032677466,688
22.364364997779973,689
19.445428599515207,690
-21.75087418044112,691
9.977444521538063,692
20.220938340039773,693
2.3228251932145874,694
-17.042106783708377,695
17.305918568998372,696
-16.86558529610076,697
-37.84409955393644,698
21.63756390910926,699
-15.276163844065087,700
-23.07733222516496,701
8.96227212912968,702
-27.44363111996127,703
10.337734148381099,704
7.858547956038633,705
11.262761235423334,706
-25.845889428112915,707
7.415539597437416,708
-25.025802423094557,709
-11.093079457771491,710
-14.556287255816704,711
-13.693529202867698,712
-19.899217758292792,713
14.131369857308734,714
16.506046712543302,715
12.76078493869278,716
1.2485000154197134,717
-34.277736978467956,718
-51.64589526791001,719
-7.98045123687412,720
15.796387994244526,721
-29.67907464065722,722
4.892482739932541,723
16.99486507310465,724
-18.31382950726575,725
-13.89323923642062,726
11.555930025209118,727
-28.874981608996176,728
19.047250717344646,729
-1.9291678392871798,730
1.9834348022170474,731
-29.946871970049422,732
21.96311659647885,733
7.526509284992885,734
-8.709253349087595,735
-19.505046672372565,736
3.3817726326331528,737
-14.443878245939466,738
21.12369817298649,739
-1.300130006212191,740
-10.04694579888604,741
-12.75866002331073,742
-23.29700714419214,743
-13.224253996500018,744
-13.377156035310124,745
-14.043542078491418,746
0.6779863993443431,747
-25.354627058774135,748
6.421561840028822,749
-29.819288971788932,750
-16.076545314548554,751
15.823046243034,752
18.461304280704365,753
-25.68799428280875,754
15.735939227173688,755
-24.638586141121113,756
-8.519375384905265,757
16.337849490481386,758
-27.640402162930165,759
8.96182903510754,760
4.866283518739532,761
-13.894412679287678,762
-4.599524941860739,763
-17.931651180689094,764
-13.157769498304253,765
-27.115767838854417,766
2.275032423334677,767
-28.22863529685362,768
13.922328654224657,769
9.91020763327923,770
-16.67693386250836,771
5.505312856362959,772
9.81475057570023,773
21.231508852370418,774
-24.591935995205354,775
16.89255066411795,776
-20.018547596910658,777
6.543201930517798,778
-20.4939542117681,779
-25.301386771844562,780
1.6450779947560488,781
-5.938471278525536,782
7.144411226524015,783
26.223243244862896,784
8.923315447013252,785
26.78176651006379,786
16.743428044953333,787
-25.83957623029263,788
19.16816490988036,789
-18.39639172174538,790
21.623515464815,791
-21.176863246810562,792
15.673639357098082,793
8.962325544458512,794
19.998206844588378,795
-9.22700750362102,796
-21.94564258490616,797
9.963706490787596,798
-17.444669480753923,799
25.49627810822453,800
-32.58174706090228,801
-36.99158189876863,802
-39.419259325851414,803
-18.887339837789035,804
-23.931078327407313,805
-21.37524387564108,806
-11.809649487591976,807
-18.713538678306612,808
-30.94847488147996,809
9.088010694376203,810
-6.533299821887068,811
-7.036153092763993,812
-19.118985137331983,813
-11.861733879603793,814
20.39711343767871,815
-9.28384248880215,816
-27.400062455085664,817
6.523147385999231,818
-3.5785083221616216,819
-20.839748478077524,820
-2.177630533438932,821
-6.441276720338491,822
-0.49654968018990786,823
-28.743022629298167,824
-23.043195901010314,825
-8.8571500845703,826
-13.90652282670267,827
-12.207402953039665,828
-22.414993339183585,829
-11.691926396547608,830
23.045088048599652,831
10.620666491120044,832
-9.831473583363824,833
9.713902271969578,834
-10.100438842984955,835
-17.918820725347366,836
-7.151459219847982,837
15.798358274606606,838
2.6027869824542886,839
5.160769920322265,840
20.584874932685864,841
-26.325357956854248,842
-13.608776411750876,843
-28.23476025888527,844
12.813499743688446,845
-32.878133782288714,846
22.133055090546105,847
-24.980151921849874,848
-8.242149331784383,849
-18.994208280982306,850
21.320560942863658,851
21.87711702110217,852
-10.76310201415982,853
-20.03172028188886,854
-12.403671276305182,855
-9.756861718944723,856
-37.204835230560434,857
-17.06489300813105,858
18.810736376471088,859
10.195908615734671,860
15.395940828220692,861
-23.13617179382614,862
-16.529753767893894,863
-25.797002280777257,864
-20.996552224932667,865
-9.595971908230718,866
15.25932373860758,867
-30.241671452796304,868
-4.727462582250479,869
-7.452756117349828,870
11.815756053050816,871
-10.383174522619996,872
-10.19808430529731,873
-16.983453344331856,874
10.810585034106293,875
-29.26901734240977,876
-12.152656915014962,877
-8.85951986176193,878
-27.473943181153466,879
21.683222423531205,880
8.005168267188301,881
2.269575544738463,882
7.195725357293584,883
-31.471736205014757,884
-12.264684640903152,885
9.534295944235916,886
-22.54879404344663,887
17.530705332067626,888
-14.693975234772843,889
14.238697926858901,890
6.442342424374113,891
-14.955565482171329,892
14.543301723149153,893
14.457831899254593,894
-21.897511954509962,895
5.53216589170208,896
-37.947145011111154,897
-30.55769255173565,898
-11.445415882911366,899
-7.325057960792184,900
-26.60584650268812,901
-5.751875631195887,902
5.641332658755312,903
-23.830054604204893,904
11.242070139626943,905
9.93012624317555,906
-30.624808071333263,907
-18.676782918185772,908
17.718924519287945,909
13.97823299575795,910
4.606594530797853,911
-9.075155857118764,912
-30.45819766660585,913
5.396866200089265,914
3.311603314143248,915
-12.30918023329897,916
-12.645984370649778,917
22.404217421393366,918
-25.74467684051065,919
21.592840884451356,920
-21.37598082630761,921
-0.00023060653329576297,922
-10.442063972287993,923
8.115566388913644,924
-13.56893312134385,925
-17.092506881696742,926
9.279034128041054,927
-2.243250881602306,928
9.501512621246711,929
-19.410612283304033,930
19.253554480403665,931
20.993727091409944,932
8.417819736901688,933
-26.1618844032721,934
14.32014768289304,935
-14.846682801385398,936
21.449237511580435,937
11.481547891693861,938
-21.58135705584424,939
-12.220058186957097,940
1.7577279234554535,941
9.923847135598697,942
-12.49483738623156,943
18.40945560710141,944
10.022035246954019,945
7.066083045498832,946
-23.922024502766078,947
-14.273685526333175,948
-9.744611735356518,949
-27.14177410450236,950
-27.841273139486944,951
-22.170244568235958,952
-10.884307363021161,953
-5.472957824629482,954
-19.30080710647335,955
-13.131185731778466,956
-28.18593834123558,957
17.669224706746462,958
-6.646875648414118,959
-38.86290080073244,960
3.500593305322278,961
-12.710120236902796,962
-39.02657337005463,963
2.954907156168588,964
1.011588926104361,965
19.0459526072799,966
-9.36818166729861,967
22.487931578875322,968
14.447048822679587,969
4.0670635489138665,970
-26.53557664459956,971
22.088552879269365,972
2.3250955510206612,973
9.367673226510293,974
-18.429410988573014,975
5.2599839560807915,976
-27.788038648237123,977
-4.501424639810183,978
-15.51655426334497,979
-23.700487209415208,980
-21.50329396998731,981
-0.883037334878928,982
-28.646553845764682,983
-21.966983417110978,984
-7.943351256231323,985
0.11303680280505635,986
18.57480337634964,987
3.827343212083358,988
9.618989029822945,989
-16.978921968622096,990
-18.977819431238032,991
15.493556253364993,992
-23.04992469862839,993
-30.494520202264468,994
-29.58049319521718,995
-27.486094161731117,996
-20.332484426041418,997
11.996256292313742,998
-5.19113136701206,999
-17.79120485172915,1000
-24.038662640360528,1001
8.718724703182165,1002
0.059725085873835404,1003
-20.38748235220949,1004
12.321945556133965,1005
-20.29175369590157,1006
-22.635663513675578,1007
-25.82386713759466,1008
-24.026186966223374,1009
1.7717914133395753,1010
3.4317020693977422,1011
-8.830696026222077,1012
6.175816613469154,1013
-8.002459358058536,1014
23.045062285405955,1015
-23.128240666202515,1016
-16.898424610332455,1017
6.536371649699429,1018
-9.585429604632752,1019
-7.1273093337585705,1020
-9.032583460454644,1021
13.727933073943198,1022
-21.731510283429607,1023
-1.9087768386797976,1024
7.117962172001102,1025
21.08939324463502,1026
-16.244589928435516,1027
-23.20448469595117,1028
-6.587107458930007,1029
14.301934238995148,1030
9.823135636038236,1031
6.943777523998879,1032
14.876072565599834,1033
5.7323249162936545,1034
17.213354502549105,1035
-5.425815977681625,1036
-24.413209384641316,1037
-30.438809695197723,1038
14.661829013408322,1039
14.871650740020971,1040
14.282936986233981,1041
-26.792225052114166,1042
-12.19680560726303,1043
4.23087262631538,1044
8.924843275344465,1045
18.137120844553525,1046
6.788214089849138,1047
2.739964967886346,1048
18.544729041026702,1049
-20.177473041316656,1050
-28.71332930862334,1051
1.808421604592242,1052
-30.44730123819542,1053
-3.809946735183073,1054
-15.323326192382707,1055
17.223649959408103,1056
6.656480236848507,1057
-14.39397112892595,1058
9.825767792985872,1059
0.6371023926025687,1060
-4.361706491181029,1061
-24.38533424055989,1062
-7.621798880915811,1063
3.8188998401939216,1064
21.910953596848675,1065
-12.402617955376936,1066
4.991517764906632,1067
-19.3185136957013,1068
-4.8331692149995655,1069
-15.648790167667435,1070
6.65099033893603,1071
14.018126450289014,1072
14.979143694323891,1073
14.963766176749168,1074
-20.879230767102563,1075
9.275928941261654,1076
-26.76680890944417,1077
-16.78000038008225,1078
-17.654116183956003,1079
19.654598000769283,1080
-7.240679339600595,1081
-4.10394535467105,1082
-23.134495064401687,1083
-34.336358977418485,1084
-14.727266177408033,1085
-20.26402441225781,1086
17.903240336566597,1087
15.989169289037886,1088
-15.466753888942138,1089
-22.820265718611335,1090
-20.33798244387707,1091
5.230161324649169,1092
6.938819908339399,1093
16.985903514149054,1094
-37.2645894055576,1095
3.4128955912706793,1096
-8.85741457147641,1097
12.884005311983234,1098
9.942566920969155,1099
-28.57390835180986,1100
-25.780951632288932,1101
-16.553999695932198,1102
4.479550569429415,1103
6.645100099086063,1104
-18.515639245251048,1105
-8.59893422679049,1106
-3.0323787702179597,1107
-8.075391008537709,1108
6.725037469622373,1109
-12.632791958750827,1110
-19.43407804196822,1111
8.104048720724842,1112
20.644886939404167,1113
-19.02644930244933,1114
6.704702307095285,1115
10.475269106642674,1116
7.840987698971256,1117
4.26534840518786,1118
6.438478959438015,1119
-6.539987182317496,1120
-22.898450983162313,1121
-7.2472365809286385,1122
-14.801758122423287,1123
-20.48399830911805,1124
14.751992751061014,1125
-22.457850966939443,1126
14.416597456388345,1127
9.50356204581921,1128
19.602534109908962,1129
-2.202441152250455,1130
-29.318284670491195,1131
-19.031010074961927,1132
6.932913181609409,1133
-10.884340503717866,1134
-35.80675919040189,1135
0.8417786345820932,1136
-21.799367016265016,1137
6.902168798767793,1138
-7.925226122818219,1139
-12.210393640308387,1140
-0.7743919262689918,1141
-16.898515363730564,1142
24.832039123206464,1143
20.789476153559733,1144
-6.2189490618407985,1145
3.301984786975135,1146
-30.578329784376546,1147
-38.35943908233259,1148
19.416118269042492,1149
-8.997607455268424,1150
-15.45365941569794,1151
9.98016331307607,1152
-3.8776717051471863,1153
1.4521971219765524,1154
-0.5346388518909846,1155
11.056113033179845,1156
-35.555698342730366,1157
-24.58522837886469,1158
-21.73939103878013,1159
17.84939022249,1160
-27.315044701415204,1161
-22.030160395757978,1162
-32.20472360860228,1163
-27.39950944876269,1164
-9.256231536024105,1165
14.603599689440713,1166
19.673360511471802,1167
10.686249413295084,1168
-24.92673310692429,1169
-16.250639635092114,1170
-26.297070214014315,1171
11.499684431290355,1172
-14.669136836834971,1173
16.312791046757958,1174
-13.181801633702278,1175
0.7545044503000522,1176
14.99621028164636,1177
-15.045458372589334,1178
-23.354448867302327,1179
-10.271142916494655,1180
-11.015935010439293,1181
-37.159569153867864,1182
-17.003158446139686,1183
-17.926419125990734,1184
23.023753687364607,1185
7.088856614555679,1186
-9.867875791296113,1187
-18.76002976005305,1188
-28.06930249195115,1189
-18.734833854918065,1190
-30.99213046541214,1191
16.21982774381226,1192
2.434692138976896,1193
-13.30530534084912,1194
-23.119945170988935,1195
8.402590476037176,1196
-21.104854923809334,1197
-13.283586104481351,1198
27.72926093148841,1199
13.436160119180805,1200
-21.39535535988336,1201
4.379328013755442,1202
17.64559320537298,1203
-5.32698520845622,1204
20.652907200072747,1205
6.133209263665005,1206
-16.543084860567035,1207
3.161946572331143,1208
-21.416461991271973,1209
-18.741463837922048,1210
11.48166678632456,1211
5.031004547199373,1212
-18.746668424655113,1213
-22.96119744255434,1214
-23.22728368561067,1215
-7.598564813369414,1216
-19.94478260836439,1217
-19.21284051237633,1218
-26.892553292578153,1219
-12.074343230083947,1220
7.464127908015621,1221
-22.82024043080786,1222
-1.8179775544960788,1223
13.492173468043507,1224
-22.871500187857297,1225
16.672989695608944,1226
-24.999311211361412,1227
11.76531927256098,1228
-22.896838649047503,1229
-19.008106150344076,1230
16.190018467715124,1231
-4.255678367432387,1232
2.2845802419391648,1233
22.94919438306284,1234
-25.65412406123978,1235
7.67243229195998,1236
-16.67924718883174,1237
17.111973380447182,1238
-28.630065769247338,1239
2.3995670343198565,1240
-33.356791255577335,1241
-14.546572289600807,1242
27.909148958969055,1243
-11.294710905188257,1244
-16.006495110329148,1245
-3.791859346797157,1246
-37.29106681447651,1247
19.834013326447387,1248
-27.20187751842182,1249
-24.154427414931543,1250
-18.009113264700648,1251
-17.97466882361327,1252
4.17155001185696,1253
20.960778621007663,1254
21.05332873651171,1255
28.242308780487996,1256
5.035627605250994,1257
-7.3476569026636085,1258
4.047184451917994,1259
-18.19364447349318,1260
-26.721595908445114,1261
15.635178983658953,1262
8.406357873882312,1263
-0.6119579497849337,1264
-35.125184255309726,1265
-20.602242669646472,1266
-19.265400855355935,1267
-11.89257479174744,1268
-26.70071934226173,1269
-20.754691961591767,1270
-25.494642601524358,1271
-10.9499819794768,1272
-21.4742229227041,1273
-21.020884034130738,1274
-18.181180398945642,1275
-20.442289005370178,1276
-12.410687732976623,1277
7.1265274285064155,1278
-25.796630359564684,1279
-20.837130548790334,1280
-23.8386719279712,1281
19.265361110504085,1282
-37.692929955406825,1283
15.507499965722381,1284
-27.0734711961151,1285
3.3189149424979085,1286
-40.252525934027794,1287
2.1054911790495128,1288
-39.110648361946616,1289
-17.453464234398762,1290
-14.259505949578458,1291
3.7826836594032773,1292
-31.31759509794808,1293
9.93888225190968,1294
7.693729401805474,1295
-43.868607597830966,1296
-18.281831243896058,1297
-42.395737469710014,1298
14.751719705463127,1299
-12.826652636769257,1300
-17.78258962925983,1301
-11.508564523851948,1302
-15.866898668627195,1303
-16.652824369116225,1304
-16.86694350172641,1305
0.6120084686114167,1306
-6.90401367907427,1307
10.482176636435753,1308
20.925334744702575,1309
-20.401456813625924,1310
-20.029506063222286,1311
-29.765337241446126,1312
-4.374707580185669,1313
19.42360759514161,1314
-26.664175216023043,1315
-21.05019056978496,1316
8.38403605078853,1317
-20.292564447197222,1318
-26.214849764521162,1319
-8.826956948423383,1320
-34.20904322101252,1321
-27.895883792976626,1322
-25.381763355659384,1323
-6.268261330469489,1324
-14.955102889055317,1325
10.150331347855742,1326
-16.255301736653898,1327
-23.9421670970357,1328
-24.491317829124025,1329
8.085693450369849,1330
-20.777984513036614,1331
5.2035327590513525,1332
-11.417350389325705,1333
7.052737993841745,1334
19.147688077270065,1335
6.008977311800372,1336
-23.08564437622579,1337
8.511736088387694,1338
-31.910593413415434,1339
-3.6821671591114074,1340
-13.321026595643268,1341
-17.325229832322915,1342
16.908444012940944,1343
4.1243809889372365,1344
10.726160909253554,1345
14.84242977446398,1346
15.163019617565286,1347
-2.179994829693452,1348
-32.11850401867873,1349
-3.7472127917679496,1350
16.935587955509977,1351
17.868086403766696,1352
-1.3099771355441305,1353
-31.214017716065726,1354
2.404006867285373,1355
3.9629236055400945,1356
14.02990263402528,1357
3.5617655114767093,1358
0.8991096043560542,1359
-13.50103043880857,1360
14.726924500115015,1361
-20.847809345404098,1362
-20.689871196214018,1363
-20.806087400724117,1364
-26.529744565449054,1365
12.299682221792882,1366
-24.10029199642537,1367
19.581178577123616,1368
14.206624587482022,1369
-36.06646809178513,1370
-10.089305784164274,1371
-9.273446953119375,1372
4.723482228637149,1373
9.986009953992337,1374
-23.55900643103673,1375
-35.94025201006744,1376
4.486735853386719,1377
7.857494493336274,1378
-42.2477532461144,1379
-38.44970259507097,1380
13.577766064413101,1381
11.417616564489034,1382
5.999408056515138,1383
-18.625708388944194,1384
-22.08313314194717,1385
16.94142273056697,1386
-33.606548677867586,1387
-18.464554433120313,1388
11.432826759801284,1389
-12.074383646098134,1390
22.746430180824216,1391
-19.469539896324683,1392
-7.495647321878569,1393
-17.895977403487258,1394
-27.27575984653309,1395
-25.620337002444263,1396
4.1596873994275345,1397
-41.91696578381283,1398
-29.381730513291743,1399
10.179107963383698,1400
19.510308624663043,1401
-22.032267888277865,1402
3.8637378385061503,1403
26.55395887125664,1404
-23.875450913555753,1405
-6.265290021474007,1406
-10.70256841531529,1407
19.559898811614747,1408
-2.4391199695675434,1409
-6.230571601363295,1410
-23.6160774751972,1411
-3.8604679770732475,1412
-10.676106877790378,1413
10.996687743378494,1414
-10.151979519868505,1415
16.534085283375983,1416
-32.71148472372826,1417
13.748187376547246,1418
-0.14589514442538842,1419
6.300869113372478,1420
-22.401741801924015,1421
2.9436131616886243,1422
-23.278837025930645,1423
10.213199874364689,1424
-12.345328813586834,1425
-25.862550284741936,1426
-22.963482036876343,1427
-14.002668553738706,1428
2.201751856547191,1429
-11.409209300530238,1430
-25.023266859698538,1431
-6.909300582479218,1432
-25.46798215658058,1433
-11.338207162334164,1434
-15.046534651208741,1435
-3.772648394148095,1436
-19.71608510083435,1437
18.018336856038744,1438
11.218996918343421,1439
14.112874253407671,1440
-21.67769852430007,1441
-19.379698637821967,1442
5.985457864881258,1443
-21.667907925244073,1444
6.401311940487654,1445
-32.30311066299515,1446
-7.160764465041773,1447
-26.70130775102752,1448
-17.989253461791037,1449
-1.2949065698168694,1450
-29.46958354355879,1451
-29.024919518283323,1452
9.42002327882328,1453
-40.39393843224184,1454
-18.204182128834546,1455
-23.716143194843475,1456
-22.690047885455307,1457
12.54514478007647,1458
12.08439952545633,1459
4.582319778243475,1460
-18.40446826925308,1461
-37.39388230370791,1462
-5.736311559125247,1463
11.105646731795357,1464
9.992819733036885,1465
4.425590345678259,1466
-22.17135473575559,1467
1.1382130845836596,1468
-23.419501071315967,1469
1.3177176139185898,1470
-12.782650166236351,1471
-19.402044359511223,1472
7.047055348523362,1473
0.6054407529080752,1474
-26.730250927739522,1475
-9.98079831179302,1476
18.47570802829473,1477
-4.5363384737465555,1478
-1.9184762277288274,1479
-11.780567163306387,1480
-22.735373024411864,1481
-10.304382304175572,1482
5.673811299098583,1483
-0.47910642775693457,1484
-20.27279206683442,1485
13.137858005151177,1486
3.493062851360323,1487
-14.509265879476407,1488
-21.405527086880266,1489
-33.35778155199925,1490
-33.84707888997691,1491
-17.312588464487302,1492
8.073521756680725,1493
1.272714092868382,1494
-6.488457856031783,1495
8.144321464222868,1496
-24.131234002382655,1497
-4.42194786965455,1498
-17.163269174974072,1499
10.682639057901032,1500
-15.420255374387919,1501
17.274572613653728,1502
-16.594633783542637,1503
14.24413381915388,1504
-12.60358225660508,1505
-19.175329010499137,1506
6.778608318594243,1507
-4.651718778550195,1508
12.152845768234211,1509
-22.819400489167432,1510
-18.908626683379445,1511
16.879436348143038,1512
-16.41138956674701,1513
-26.528525405371,1514
-14.023693917644092,1515
8.497036445201582,1516
-24.439793416568612,1517
-21.86041670793181,1518
2.5971212295407096,1519
-8.111593992896095,1520
-42.21576970465956,1521
-12.48552148337182,1522
8.130025023207583,1523
15.510454642239303,1524
-23.69398598472344,1525
-21.538383860609954,1526
-17.13701650223058,1527
15.11011194942083,1528
6.29391563189278,1529
-20.978568691960554,1530
-6.674562897220928,1531
-22.725953607165533,1532
19.97904534530628,1533
15.133289074115122,1534
-26.38909561791795,1535
14.846343770466536,1536
-15.301386071091496,1537
-18.425216479524437,1538
8.148520817467746,1539
5.34004318442927,1540
-13.214036937951683,1541
-9.483864791351042,1542
15.283397499021596,1543
-19.26903446337252,1544
28.497237706155957,1545
-23.50060528256022,1546
13.80691800703934,1547
9.75039865199917,1548
-23.691186232803513,1549
-5.0863082856312705,1550
14.899428891397644,1551
-27.17802448040124,1552
16.81371117673151,1553
-12.258326980757545,1554
-35.677252900614725,1555
-8.229570415537022,1556
19.966374495205354,1557
-12.660825924729867,1558
-13.173764428230852,1559
-31.22981953169053,1560
22.705126474262283,1561
-32.418849794584304,1562
5.980346721888983,1563
-22.144786548780377,1564
11.901266031711483,1565
18.298396048894805,1566
13.268542903893216,1567
12.089372270496042,1568
-27.7585961891544,1569
2.2373418566674586,1570
-8.915025240459872,1571
7.370966334358036,1572
-11.505149162979187,1573
-27.56289488176798,1574
7.238894226231869,1575
-37.0373196408597,1576
-25.566101516793402,1577
-18.651700965015895,1578
5.385997016307568,1579
-26.263081638104786,1580
4.92414187815327,1581
13.418403390088315,1582
10.031710896011,1583
9.275874477606209,1584
-6.471390197083046,1585
30.260976544787837,1586
23.324014168727476,1587
-25.786594690985595,1588
-12.497989300542669,1589
6.105884958257208,1590
8.98228470396003,1591
-26.02293441643325,1592
6.060474780912129,1593
-22.817978854994013,1594
-20.25396102904679,1595
5.439376439656762,1596
-11.19664458027034,1597
13.909415007971432,1598
-3.77439499582683,1599
-10.101217579091163,1600
-19.241803089566233,1601
-27.975737036707084,1602
28.017215343945686,1603
-33.53008181551273,1604
-12.64811586840672,1605
-15.9218186917305,1606
24.36585867114482,1607
26.98716612754282,1608
5.750999827112478,1609
-22.204670915485902,1610
-5.461225969625694,1611
14.807120565513397,1612
7.777635675321202,1613
-19.257433803405764,1614
16.620563052768315,1615
-8.593816779476722,1616
-20.44297312564122,1617
-4.968762298398411,1618
2.516283734240954,1619
8.541521240271257,1620
-9.105564769827657,1621
9.857924300891051,1622
13.685853355625728,1623
-26.93209174776455,1624
-28.980172766270684,1625
-3.0901659446521883,1626
18.574359199818424,1627
-7.500046597391996,1628
-8.351006004194286,1629
-3.3929872553252696,1630
7.6208532553902035,1631
10.92812051522587,1632
-8.023827823805613,1633
-13.026655378252919,1634
21.527127492428033,1635
13.397503240586389,1636
-25.284817689971902,1637
-17.552660739151957,1638
-39.30355730676762,1639
-11.857129869378038,1640
-34.19181739423767,1641
20.28052134004204,1642
1.6900962960153505,1643
-31.03992400300215,1644
-21.543649994014608,1645
22.41627857168769,1646
-8.67099534639237,1647
5.814666708257503,1648
7.17318418592501,1649
13.325366714947627,1650
-28.47431440409207,1651
7.890287015000354,1652
19.549512847381987,1653
-6.013204849760012,1654
-1.8083721489384246,1655
-9.28985579591285,1656
-31.466576067901034,1657
-12.961602239741643,1658
-7.130023967361404,1659
13.894689325784615,1660
13.091895821496237,1661
10.54641894072471,1662
7.50536585705354,1663
-18.49940349280451,1664
-28.578326088952817,1665
10.275353332202693,1666
-14.472176300879308,1667
-15.60832337125476,1668
10.082071897461894,1669
6.9421953583228575,1670
10.137895026231751,1671
-14.213527078316657,1672
-13.104160674836388,1673
-19.350066697641743,1674
2.7392649640721256,1675
-6.769845077093859,1676
-26.08556568750768,1677
22.696823554783176,1678
21.583089944150682,1679
2.9090262860438205,1680
9.889977765741813,1681
-30.609042133021692,1682
12.39092103628186,1683
7.545683306878269,1684
-21.684643020525943,1685
26.691135435618683,1686
11.47723352686026,1687
10.101161740011015,1688
11.9571681534918,1689
4.419700621295824,1690
21.290728991855403,1691
-7.491366156794561,1692
-7.175303492479194,1693
-28.705809299549667,1694
-35.2577644131683,1695
14.093026947593238,1696
-23.060790440541666,1697
6.888982032067775,1698
-25.905086296342695,1699
-12.38705076085077,1700
-38.70970053967308,1701
-27.41542371856288,1702
4.430004108116663,1703
-17.461628462305498,1704
16.330126372433377,1705
-14.051790473427276,1706
12.49542142612745,1707
-12.658150657475824,1708
26.48902791408424,1709
-25.79650159238151,1710
-5.211957281290716,1711
18.661362094521547,1712
-9.212170993781994,1713
-26.71905974559201,1714
-15.555109221825614,1715
20.459527793784694,1716
9.158692857784503,1717
11.287018392193659,1718
8.544218163163258,1719
7.7440454795129,1720
9.778501866644618,1721
4.274552189475424,1722
5.192279912766818,1723
-23.902871505323574,1724
13.304484451023725,1725
-18.416010441453444,1726
-8.951124457833451,1727
3.2964815662633242,1728
-33.51441511856908,1729
7.156990508070317,1730
26.81358166828248,1731
8.292253151969033,1732
12.445205908109461,1733
1.440127945996184,1734
-17.59113469271516,1735
-5.183886082793332,1736
-2.71938166839331,1737
-23.89639780019365,1738
-38.16261589157415,1739
-7.267596013377645,1740
-20.58663733093306,1741
3.382452430927696,1742
20.334838209325955,1743
-1.1894787332510672,1744
-12.523821959909915,1745
11.044429538891556,1746
4.998028577538323,1747
-26.483482173520144,1748
-16.812504600937064,1749
-34.041033547656355,1750
-23.457468692290167,1751
-25.502174192541936,1752
10.111625598327269,1753
13.471282871463394,1754
31.035033597850372,1755
15.375447857063211,1756
21.508229143372567,1757
-16.560973098396037,1758
13.003426705215134,1759
-11.680477995438018,1760
18.385966517104354,1761
-28.032243725724026,1762
-13.010564102175469,1763
-27.74773768548314,1764
5.950297293990376,1765
0.61354555625224,1766
-15.98767725690007,1767
12.960369114833732,1768
16.854091374233878,1769
8.801442205808883,1770
14.11616105021077,1771
-13.08538414016758,1772
1.7473040115314546,1773
-6.12677842480835,1774
-9.230614062870758,1775
20.34912971191289,1776
6.519563913752977,1777
-23.94645462749309,1778
4.146538941720907,1779
14.55920459767919,1780
-9.99365089278795,1781
-13.148414936379458,1782
4.315170294207203,1783
-28.970715771207956,1784
-10.92733561294422,1785
-19.8110416190901,1786
-2.5707694978501756,1787
-21.78134558003134,1788
-13.049582969544739,1789
1.094533417415974,1790
8.41196481205333,1791
15.85421707179648,1792
18.610802489758303,1793
-15.995496871004438,1794
-3.589543660847275,1795
-13.982566896663164,1796
14.547986311967957,1797
11.605600422995451,1798
-27.940555094914732,1799
5.968649502488464,1800
-8.027595045169157,1801
12.629412317357634,1802
-30.46472990710946,1803
-16.632516930736962,1804
-28.903071561516132,1805
-2.8442420714531216,1806
-12.102584464705554,1807
9.565778546873869,1808
-19.286085937774367,1809
1.2322612491224545,1810
-5.316630923642066,1811
-18.382689436198454,1812
4.969100648006313,1813
11.284511780207453,1814
-1.37822818324159,1815
31.01273095077923,1816
-16.924343751092255,1817
3.031990524124007,1818
-1.8472038318447361,1819
-17.64747140402696,1820
-0.6957099167865444,1821
-30.30113016731057,1822
6.848030838348377,1823
18.450412153480258,1824
-15.419037132228405,1825
-28.873374775967157,1826
-16.824076983783463,1827
-11.325163650568758,1828
-26.04270369571951,1829
-11.225829779330656,1830
-36.476638372197655,1831
6.719936993825458,1832
-42.06951367473382,1833
-16.86460102073135,1834
-2.718967553236227,1835
-4.139589248820141,1836
-17.82438966275008,1837
17.41413002806953,1838
-3.0386884599429203,1839
-20.94980006217395,1840
18.726976356119515,1841
-11.70879852316423,1842
-6.587453981647281,1843
-13.044374229610774,1844
-28.023709401598556,1845
2.976829580432513,1846
-12.11265539426769,1847
-4.165873902897131,1848
9.349080288416925,1849
-29.938322073843327,1850
22.340524840074753,1851
-11.957829475703043,1852
-18.96237829405201,1853
9.79703448045371,1854
-20.566875692730918,1855
-24.46675746731246,1856
-17.82771615949899,1857
7.537797320400488,1858
-15.50362502530897,1859
-5.589208775021633,1860
-6.925272311715686,1861
-11.782270543135589,1862
13.707266098549685,1863
7.517422085915943,1864
-18.438077893005058,1865
-11.208636991835851,1866
8.70374078875274,1867
-24.170540429683715,1868
-14.761016712205496,1869
-5.497708212514371,1870
1.3775251109789446,1871
26.637923199395047,1872
9.590801172664317,1873
-12.192695645326822,1874
-11.612236615421939,1875
-35.05407165124275,1876
17.505553173368735,1877
-11.891015121185685,1878
5.675483201675913,1879
23.527509334261556,1880
-18.99574078472024,1881
-31.596375406007873,1882
-13.139730518562992,1883
7.756175865766643,1884
17.43793967078587,1885
-16.98926205689344,1886
9.040690450682051,1887
-30.31320342287137,1888
-16.363426074848984,1889
18.978801989018063,1890
14.273609894695632,1891
5.898854448551045,1892
8.963614460182566,1893
-16.164078047193478,1894
17.000959788185543,1895
-3.9545430800893344,1896
-7.062228283345193,1897
-1.3662028913376547,1898
21.63990442458343,1899
10.152661137906348,1900
-12.966048856191428,1901
-7.28156359742448,1902
-0.3711480643593914,1903
22.33150973057697,1904
-7.23460630424235,1905
-18.699655291420378,1906
22.40427117928253,1907
12.08185372761779,1908
3.6237810731513598,1909
15.675062940505718,1910
-11.015114558173526,1911
17.52911350964583,1912
11.208695911019078,1913
-26.106545471021633,1914
-16.0573300923206,1915
6.525214241577148,1916
-23.949699570741505,1917
-35.75274179200601,1918
26.03145311160595,1919
10.339218440389303,1920
20.645997011449015,1921
-8.068661081065988,1922
-22.176215762320503,1923
14.077335925606135,1924
7.075406764798769,1925
-27.25746406379366,1926
-10.282416594909105,1927
-8.521670184892834,1928
-15.880409021987223,1929
-14.794209165661973,1930
15.793327385080186,1931
-17.87557044879499,1932
-20.548243143199564,1933
-34.74189742391354,1934
-12.567762817707642,1935
-25.86548481707948,1936
10.395232604790603,1937
5.837797327714561,1938
-30.508321275785857,1939
-19.108794928389162,1940
13.531495110678385,1941
-20.87981919685456,1942
-6.477642210418568,1943
6.61190527255574,1944
-12.226914739472168,1945
16.84834771602422,1946
30.228522416500205,1947
11.496361812263775,1948
-9.619085642996609,1949
-16.434518416291358,1950
-19.62158717167826,1951
11.50574011994173,1952
-31.630684476634187,1953
24.517586745282575,1954
7.591745113725647,1955
-30.566967101735585,1956
-5.884562132844871,1957
6.540828000707641,1958
15.192403664771817,1959
6.227039794440664,1960
6.0822061776372,1961
2.269253319892341,1962
-15.663782559744515,1963
-15.833155303007961,1964
0.59268203686067,1965
-13.010323775954838,1966
-26.104783740187024,1967
-18.23020938504508,1968
2.032063398959769,1969
-9.807932031073165,1970
18.40303003232216,1971
-21.252517123393204,1972
4.690497295470122,1973
13.088605928914909,1974
13.953211882405874,1975
-31.61032402301746,1976
-14.518789833437964,1977
18.89497542465106,1978
-14.343888569162873,1979
7.922237683247021,1980
2.6639801898673294,1981
-16.533862563801843,1982
12.409423409198695,1983
-21.015976089790215,1984
20.241487309860084,1985
-8.708245923671218,1986
-24.67288068986622,1987
11.749994222735637,1988
14.263571553164766,1989
-33.04384954089632,1990
-21.23818783047171,1991
3.3004045688440726,1992
-24.76768525230459,1993
10.00644235326366,1994
-8.916453292375008,1995
-19.98455728742131,1996
-24.05274123801864,1997
1.3163862569681282,1998
-26.476308249431174,1999
6.519822356963903,2000
-28.176031371082605,2001
-14.593034568426102,2002
-10.210208406513544,2003
11.305176270806893,2004
9.815092745878495,2005
12.113642236660112,2006
-25.8037004628309,2007
4.9740523740057245,2008
-35.47259530275653,2009
-0.33559466437716257,2010
6.423841377238142,2011
-22.714447411119497,2012
-12.417189975465504,2013
-2.3059220202968205,2014
11.487925740197657,2015
-3.0490114764397056,2016
-18.6992408864458,2017
-20.628431568086928,2018
12.141926382776518,2019
-25.383195129871453,2020
-27.240852943038526,2021
19.664843125818752,2022
-30.288409082305453,2023
-12.481904386388546,2024
-28.845976905811344,2025
22.266686953777597,2026
21.82861371130523,2027
-26.334017547732763,2028
-27.38530321048407,2029
19.027336991516343,2030
-20.320287584427817,2031
-34.22224840041295,2032
15.333130455303092,2033
-14.637261114189084,2034
9.635314374273225,2035
1.000902378877103,2036
9.466206996404587,2037
-7.816331408660186,2038
14.90221791980947,2039
-2.964188787395599,2040
-24.631311545316276,2041
-2.1218468729222257,2042
-1.9462246032406494,2043
9.967066381724544,2044
-34.23515155267262,2045
-13.339009767918434,2046
-24.253544930858258,2047
7.33857016025193,2048
14.179227949893171,2049
-32.18231573856069,2050
-28.57015889251572,2051
-19.84596180113607,2052
7.90947505541385,2053
-6.319805436096019,2054
8.844617942497088,2055
0.8684019605929079,2056
-5.494356686613274,2057
-8.758634880223244,2058
-17.12249414811544,2059
-6.75653520993974,2060
-14.388486585299141,2061
-16.641949672898242,2062
-10.123173290807141,2063
-36.255845955298405,2064
-25.153864330580777,2065
4.115782104331444,2066
10.731763819585947,2067
-24.36245854554242,2068
-29.027078284976607,2069
5.953014125363424,2070
-16.39920960493157,2071
11.858516461560185,2072
-10.604678742925426,2073
18.88040069766718,2074
5.002642025638707,2075
-23.601319541940775,2076
-24.990863663635455,2077
-0.2652411297182171,2078
3.8676301491161063,2079
-27.257264707981488,2080
-3.6107274466029913,2081
9.077142668996453,2082
13.218992128442757,2083
-26.759660055681216,2084
-12.93745488296209,2085
18.837095922102336,2086
16.499177173253358,2087
15.125350552360576,2088
6.995889538780361,2089
23.201605243326664,2090
-13.42466229383248,2091
-11.639890554400633,2092
-6.489453767254268,2093
17.623315761186152,2094
-27.35701433492106,2095
-19.932450827056698,2096
-12.160098544705765,2097
-3.576376685114689,2098
3.6475344806301226,2099
7.554819197761589,2100
7.9224100020703965,2101
9.548477702426425,2102
-22.81813950807268,2103
-19.033890900143632,2104
-8.757659606176588,2105
3.9118038596873284,2106
7.058188054585955,2107
2.036104923029547,2108
21.068404012142768,2109
-18.960823283376936,2110
7.3717115852117665,2111
0.2195486003719278,2112
-22.491028736654126,2113
15.6854189577042,2114
-34.38453249579449,2115
-17.276963683350267,2116
2.8237691499106923,2117
13.1385275697378,2118
3.8039451749969064,2119
-12.697149229614675,2120
24.122088329616474,2121
14.360856399487261,2122
5.752277621372613,2123
-7.880313912072299,2124
-18.45363106017425,2125
-14.570424058623763,2126
7.845216906087304,2127
-17.190298130330696,2128
-21.05837905424793,2129
15.842322990150493,2130
-13.375016253150724,2131
-24.614162199925037,2132
-27.065316555856008,2133
-22.849113343413197,2134
-33.14689803043699,2135
-1.332722108930092,2136
-0.31900189808993584,2137
-9.501429488496031,2138
-3.022224058684054,2139
-15.651492199529054,2140
16.92816886972376,2141
-32.38311348754868,2142
12.721649126191668,2143
1.8376502915776038,2144
-27.932498086946786,2145
-29.559066024730328,2146
-20.89374598714186,2147
1.6653143671222637,2148
-8.519466741036817,2149
-6.088337607361562,2150
9.92130048319996,2151
-11.674222661718002,2152
18.718305655415367,2153
-13.198743833626542,2154
-15.298180836852863,2155
25.25123016601652,2156
-31.81142294173569,2157
-27.12996659802944,2158
-8.833984949200156,2159
-11.8132718530822,2160
-21.51399413552357,2161
-21.56465369646083,2162
-15.192013891100938,2163
-12.328685056287505,2164
4.111462849934062,2165
9.57507616103957,2166
-6.416335306319807,2167
3.5664647276331127,2168
7.587610168632034,2169
-3.094635518363103,2170
-34.44146864651809,2171
-24.649063851101015,2172
8.970770576322355,2173
-6.587656641213434,2174
-20.89478199149807,2175
-0.4152713588974768,2176
-28.203313865708488,2177
5.112524217315869,2178
15.005463507552044,2179
-10.948574834514568,2180
-10.328233356869267,2181
-14.47719543186513,2182
4.210636395461767,2183
20.54049351216076,2184
1.515313046831512,2185
10.267860795721113,2186
-2.603308652129998,2187
32.582890856616,2188
-13.924364584777503,2189
18.858412040006797,2190
-19.806226307308183,2191
-31.846887293161164,2192
-10.073045826357685,2193
6.645671195081034,2194
-16.402340572510532,2195
-17.364480026752,2196
-21.67654197544243,2197
-35.44865744841761,2198
4.91787235109968,2199
4.2247717435297165,2200
-13.06477595909395,2201
-8.401231999367795,2202
0.3499938623201757,2203
4.832036342759251,2204
8.701316662795694,2205
-7.126924701471422,2206
0.7857701780541024,2207
-14.086344838228028,2208
5.1450516668294615,2209
-5.4226670723520645,2210
1.045268117376069,2211
10.720140535357427,2212
-22.807259486695475,2213
-25.478343787072195,2214
-13.515559388718597,2215
16.537964157847313,2216
0.03903156831007504,2217
-25.986031325347525,2218
-17.683934333807997,2219
-23.44755473258183,2220
-26.420462250822094,2221
3.3463496782794095,2222
-33.610174199299195,2223
-27.005824325996528,2224
5.191724645071163,2225
18.489255172464073,2226
-32.17192979281408,2227
6.3347890926463695,2228
-7.064056471747603,2229
1.1139469705071976,2230
-35.695947059426786,2231
-0.6660917191852089,2232
-10.122550188079295,2233
-21.8052072982689,2234
-18.642660136241787,2235
-13.155376606019576,2236
23.222125921037808,2237
9.00301591799085,2238
20.213184851437898,2239
0.8487638965768394,2240
-27.26065630563354,2241
-8.762983130665425,2242
-35.772576102041825,2243
-15.351027868057622,2244
6.500880267787741,2245
-21.832476380287495,2246
1.5988047876183922,2247
5.6139480926778855,2248
-9.472243161214319,2249
-8.397731751925143,2250
-14.478031785242253,2251
8.80826154818431,2252
-8.540047524764677,2253
4.611040917104665,2254
8.823567744128757,2255
-16.55180383528772,2256
0.7598007597190692,2257
0.038043199823955653,2258
9.268974203822859,2259
6.94677794840943,2260
9.493750354004712,2261
-6.663350281335829,2262
12.747552606471608,2263
-16.725905298010296,2264
19.75747396035457,2265
7.317057785356614,2266
-29.245059752254758,2267
-0.9536093519162971,2268
-29.210899644768272,2269
5.344737437260667,2270
-14.010638884435803,2271
-17.826361147716675,2272
-29.108402437409513,2273
-35.497116988097204,2274
15.002428755979683,2275
-27.441796835710765,2276
-21.967851358399773,2277
-1.4719866559896966,2278
-22.374107525873644,2279
-13.370600958860772,2280
14.717763236682995,2281
14.588241025692735,2282
-22.6650939354879,2283
-0.6063089511730233,2284
-14.312191612410912,2285
14.101940879120693,2286
-3.0579934961686925,2287
-11.447812211099679,2288
-28.82948210502854,2289
-32.042767571973904,2290
7.095476854020461,2291
-29.055825721078403,2292
-16.096173280557394,2293
6.341377917198779,2294
1.554511077556083,2295
10.550460321004227,2296
5.878103608201066,2297
8.212056537276121,2298
-14.90514189122927,2299
1.1358317931793476,2300
-31.816306761735408,2301
3.5426560920416694,2302
-13.75396534250083,2303
-25.942401377389903,2304
-32.84729726629307,2305
-24.755031643909447,2306
22.852571862332095,2307
-20.14636035723582,2308
-43.989054834229705,2309
-20.669120504175673,2310
11.136403229889694,2311
-11.870406070405487,2312
-20.451969626996743,2313
11.070023987852323,2314
10.481842650005362,2315
-23.502740823790003,2316
-25.015479573568165,2317
-17.220693604829847,2318
-20.08004791300256,2319
-2.346294999041212,2320
-26.172461568545152,2321
-31.978210733786305,2322
-18.51732046077381,2323
-20.56279159608257,2324
-15.670345767851114,2325
3.443377189483879,2326
-18.612012150664345,2327
15.998455690720572,2328
-18.998983624123078,2329
12.544819372708606,2330
-12.724964737472735,2331
-17.117001257932408,2332
15.32726650851199,2333
7.192549648970777,2334
3.2186491729101583,2335
-23.71261094853084,2336
-10.720537192953891,2337
-34.181967262160555,2338
10.13088681593054,2339
13.084931940717077,2340
4.260568050640732,2341
-30.265982168561376,2342
18.456443107182384,2343
7.879046767342734,2344
15.739621156432204,2345
3.5804669090174777,2346
12.738087001314888,2347
-22.271937681728126,2348
-17.033014284625576,2349
19.121661831311137,2350
22.6581271404327,2351
9.14288062211474,2352
-6.123027178300453,2353
-16.966990536157276,2354
2.1891242026496682,2355
-13.786235801701165,2356
14.734546182868563,2357
7.9793201308162836,2358
20.300011600802698,2359
-5.352604609400003,2360
18.246809122632833,2361
-23.847602428101933,2362
7.611379096626745,2363
22.632718850385732,2364
9.939130031523005,2365
-21.140869877116927,2366
-0.1759052864546895,2367
-10.28458040960513,2368
26.609983417679622,2369
10.47930328964939,2370
-5.6407943897987405,2371
-26.372962623322127,2372
-32.342973935198174,2373
-29.04900100484397,2374
9.345208240299039,2375
20.761509631098768,2376
2.9827579960472175,2377
-29.63933329164239,2378
-34.04061659419243,2379
-29.814626986424216,2380
17.80636055341131,2381
-27.133239374174213,2382
28.360117113429908,2383
5.865891518322464,2384
-36.855491834133105,2385
-22.174468049466622,2386
-37.40610262647953,2387
-37.5651078121773,2388
11.06637909373007,2389
-20.173583249315733,2390
-17.95508647205779,2391
4.414246717781058,2392
-22.60688272367148,2393
-20.487482709042084,2394
1.2053074212321375,2395
7.784746341095012,2396
-34.91161176885783,2397
8.523032470472026,2398
-12.763508413098727,2399
-10.877828264986952,2400
1.2731410202252071,2401
4.733051353611483,2402
17.472796647907828,2403
4.411672695184542,2404
-11.063869412377496,2405
-16.237961968694783,2406
18.64031366889279,2407
11.69906708278376,2408
12.24667959605403,2409
-15.64337832946845,2410
13.416845761323724,2411
-14.5710003613566,2412
-19.645351828503475,2413
-23.06367384141262,2414
-2.0041502856936817,2415
4.7143982556263015,2416
12.95832173792499,2417
15.673800385988212,2418
11.955432586029321,2419
-23.37128488222596,2420
10.628501398623847,2421
7.795741819110507,2422
-21.274136274430514,2423
-29.17457876932613,2424
23.127920480387417,2425
12.67895547843894,2426
-11.058671509636762,2427
18.928537461270025,2428
2.9126278650533486,2429
-19.45775576133254,2430
-14.83243731163817,2431
-24.222732020820022,2432
-6.9497778107663635,2433
-24.99290145780981,2434
-41.54480834768104,2435
-19.498462151407633,2436
8.838897133137818,2437
3.785559745641775,2438
-14.545560854905846,2439
-11.078409194806017,2440
-8.693773777795563,2441
-34.18233681027438,2442
26.308905968853566,2443
-23.99354124147018,2444
13.925227525088609,2445
4.512625727431285,2446
12.760402022192313,2447
22.854582725642896,2448
-23.750936303774704,2449
-18.317827955921878,2450
-5.761566442690053,2451
-0.4958956457024657,2452
-13.098420779640026,2453
2.7611218402410636,2454
-9.664073819273657,2455
18.69325491601543,2456
18.589862508617895,2457
-8.908307512798963,2458
13.884424083818868,2459
3.9437476765725954,2460
-8.332733507987557,2461
4.954852878251055,2462
-11.693687310347915,2463
7.865930138305453,2464
-0.4694053126625244,2465
-24.80419386231148,2466
-12.293135540544228,2467
10.515761658260406,2468
0.5458545470278988,2469
-19.288525758728518,2470
-11.035276577371347,2471
-5.239914014003414,2472
14.459118764780367,2473
-10.307574147063681,2474
-12.428501275205996,2475
24.046461385316533,2476
-22.589792132445936,2477
20.666503962674067,2478
-26.57109769929657,2479
2.459183083488563,2480
-41.762637665581714,2481
-15.187719920137127,2482
-17.972132558482183,2483
6.87373910905624,2484
-21.199470755952525,2485
0.06839980326823802,2486
24.290705617102162,2487
-40.408365964518076,2488
9.018398131626354,2489
5.306573369543544,2490
-8.229966021429078,2491
19.352914660554667,2492
-28.386773805594338,2493
-12.643884837914408,2494
-19.196932759495546,2495
-5.107671420030433,2496
-24.057482564236402,2497
-29.27783336910296,2498
4.997839113871345,2499
-12.931929319728726,2500
-5.769723853569587,2501
-4.785820185141613,2502
14.211831065237973,2503
14.608990561261358,2504
-0.09592884860254003,2505
9.65384651402285,2506
8.499090720945645,2507
-0.7620412968282331,2508
15.40774643268415,2509
20.46818391090461,2510
-26.293514821995178,2511
-26.53291709854347,2512
-14.806134916989988,2513
28.363591941620832,2514
0.049418453736952195,2515
-2.037048529078292,2516
7.008046344999219,2517
23.280370761389978,2518
20.254081101323646,2519
-24.539171280917575,2520
-15.636132122054285,2521
-13.691419087717726,2522
-12.950372127665865,2523
10.41037476939928,2524
-1.6941326344649008,2525
-19.826448950541916,2526
8.062994643474156,2527
16.31733852240003,2528
-12.199623828956483,2529
-33.21388493063925,2530
-13.938456691626268,2531
-14.351622094051542,2532
-12.416172823007962,2533
10.819722297143109,2534
-15.8404291617035,2535
-5.957695533383132,2536
-17.7037376775202,2537
10.427017453837866,2538
11.286397405971268,2539
14.43873455909754,2540
-13.368445244423363,2541
-25.66986584680656,2542
-19.73838686465303,2543
-11.79636264745178,2544
-12.992973874238658,2545
-13.66336074647947,2546
-23.153988930904983,2547
-24.360842245386117,2548
1.581114047495241,2549
6.520985372365514,2550
6.038071842060269,2551
-13.48534205223345,2552
-10.008680320360366,2553
11.158571678215349,2554
-29.82657745201198,2555
-9.059021728808638,2556
8.666580008173554,2557
-11.241250579392048,2558
-29.11447653249318,2559
17.135643552308768,2560
-15.545413402346682,2561
-20.149274973574574,2562
-15.398408314954967,2563
2.1824016359719582,2564
-9.952318674663204,2565
-8.540815478474247,2566
3.0710064299783664,2567
9.416511376848472,2568
16.01381510247146,2569
-11.576764064071067,2570
-1.198181159096336,2571
-20.142576889985563,2572
-22.21886387483543,2573
10.33633040474865,2574
-27.706495969171524,2575
-35.23273364305574,2576
8.360809718109884,2577
7.239262674669524,2578
-24.350232152972524,2579
24.11968339854091,2580
0.7971221982665293,2581
-1.6113865627812718,2582
-1.1425455133323341,2583
-5.690532260740625,2584
14.553532383971824,2585
-23.922676182878384,2586
12.196793690883375,2587
-20.511954835784564,2588
6.9369703988359905,2589
4.516812559877746,2590
16.88955930906301,2591
-21.970943309689172,2592
-1.8530366940142708,2593
-32.61084671509134,2594
-0.07034466145299678,2595
-3.7307819090747647,2596
3.7021749461569957,2597
-9.701658705962299,2598
25.38969338978109,2599
-23.789304379160434,2600
-14.392242889839,2601
-27.30277877007015,2602
-41.429323712454206,2603
-12.940019186604655,2604
-21.625777959112924,2605
-5.243638962278188,2606
8.878304675131687,2607
9.477363455144026,2608
-18.669682321767745,2609
-27.70389310031307,2610
-22.45754712580472,2611
6.179381107391512,2612
21.478151451999665,2613
1.2519823406421438,2614
-26.159404013274635,2615
-17.75109228895608,2616
-18.052662907865134,2617
-10.190100031090314,2618
-27.437588769074477,2619
-0.8626796682790774,2620
-2.6981854686149473,2621
-30.08737984547637,2622
-27.12043005442053,2623
14.592705295536884,2624
-23.283093449025422,2625
-17.18344479261554,2626
0.6791939007518852,2627
11.021248022965779,2628
-14.814164456578242,2629
-13.897859510171886,2630
-25.78944222198053,2631
-13.019455653881625,2632
-16.696653392686564,2633
5.644664695719948,2634
-15.034453118767177,2635
22.232328626943815,2636
-34.32292315920084,2637
11.601598637106893,2638
-23.494941246371408,2639
-8.88773113477837,2640
-23.143830994717558,2641
-16.428191604196574,2642
-17.705672807168288,2643
-16.274388693174767,2644
-19.092402926704466,2645
9.206383894485745,2646
23.44472719640127,2647
-20.95963758772514,2648
-16.818925789567306,2649
2.3274457844903527,2650
6.575713327274544,2651
3.7591888186045956,2652
-8.479708369085309,2653
21.23657504798729,2654
-20.019276769698127,2655
-41.093918685435646,2656
-14.270201579010555,2657
-18.157774998541818,2658
-7.448417217298643,2659
-17.170595112427876,2660
7.5689292135247594,2661
-28.97275699309854,2662
-10.4410071905685,2663
-22.720904294343445,2664
-17.3156464167781,2665
-19.888190549288325,2666
6.400337694279527,2667
-19.72831393529104,2668
-34.319925194959325,2669
17.852829484670167,2670
-36.26030526696526,2671
-18.900632684824835,2672
-16.470896780583775,2673
-11.808597238373222,2674
-8.498235780428985,2675
-44.27751448372261,2676
-5.676849920092852,2677
-21.21156884646793,2678
-22.653892739549512,2679
11.569381891919267,2680
-23.438901010845868,2681
2.5358409210479014,2682
12.788822940478195,2683
-16.28287778543804,2684
-21.163335142387595,2685
-6.296623786948856,2686
13.76787642737343,2687
3.027131168889417,2688
7.7900485143686655,2689
7.381816074167395,2690
-34.40593785787146,2691
-13.566981492678437,2692
7.685948561376016,2693
-40.93875664431471,2694
-12.454211788416787,2695
9.556247818503463,2696
-13.688588258712594,2697
5.6449399064227865,2698
-23.950507763396327,2699
-23.042626079824164,2700
-28.08513373109073,2701
-26.821921238603995,2702
3.0085526148823174,2703
-30.591249117354458,2704
11.326711760936593,2705
19.097159754972623,2706
-23.88805301010709,2707
-17.606978666380776,2708
-31.556768150511864,2709
-6.943215488150793,2710
15.87251784729072,2711
1.0757562799660887,2712
-10.961973377692914,2713
-32.80135567659552,2714
16.955965693181675,2715
-48.6417808720114,2716
-14.312043757746517,2717
-31.229187034202212,2718
23.397414760908312,2719
17.84115432572484,2720
-11.536661284234665,2721
-2.374285485125613,2722
13.366042017004386,2723
10.607275772410915,2724
-12.869167834382974,2725
-32.80581694024269,2726
-14.752559228134256,2727
4.250151401653854,2728
20.934929220545662,2729
16.05979403012348,2730
-29.882466332536143,2731
-17.294022217664022,2732
-33.210511556071665,2733
4.154542101596629,2734
-26.89159495037861,2735
16.444163142863367,2736
-12.515137840068455,2737
17.11240819097195,2738
-23.142528028592082,2739
16.325846548335445,2740
-3.494074481961756,2741
-22.075388476690364,2742
-15.64061969822904,2743
20.718567488605984,2744
7.965669877656252,2745
-8.354173539805107,2746
12.230598972438422,2747
10.80455940914812,2748
21.390252372565413,2749
-19.06825378904952,2750
-9.79049491305701,2751
-20.066925171795464,2752
7.112940324943555,2753
-25.70651820507438,2754
-23.20237084625969,2755
-23.400979108317937,2756
-5.886394987304396,2757
-23.142988330256234,2758
-5.6187244966945284,2759
-24.30618678059714,2760
-17.76471634411577,2761
0.28241093739667633,2762
-19.18921273413632,2763
13.477194801402177,2764
23.360010930518985,2765
26.61740377576409,2766
-6.856019136781278,2767
-4.055538362816729,2768
4.33134421921967,2769
-13.451765432235913,2770
7.17031533407312,2771
-21.616225675779162,2772
-24.88774093981017,2773
-22.896559703552064,2774
0.6869614511792284,2775
16.202005920479817,2776
-26.69668974389884,2777
-22.634241065578376,2778
22.98677065513872,2779
-15.944288658587144,2780
-5.996133465187781,2781
13.31907765044732,2782
20.703899207458388,2783
-18.047271914907384,2784
10.109846149349693,2785
-4.846882092379829,2786
-1.7063982021038737,2787
-19.01436330747645,2788
20.955369764107534,2789
12.86125540617859,2790
8.547927105936738,2791
12.899458237514601,2792
-19.19021865292285,2793
15.141337791141083,2794
8.137567124405892,2795
-25.22834076766612,2796
-20.191069066784376,2797
-18.819426623474428,2798
6.385870355855721,2799
5.548484760894999,2800
-14.962066410994245,2801
-12.189979953415618,2802
0.9927448004876815,2803
4.858880996800872,2804
15.748079768959855,2805
27.080948366366265,2806
-12.457632000301881,2807
-21.109406721225838,2808
-36.7864368437769,2809
-15.729069650606503,2810
11.27984443622119,2811
-15.883189373291959,2812
3.7372040555601576,2813
-22.808387999414613,2814
-30.526272744332687,2815
9.376256314659567,2816
9.590585749364882,2817
8.130267708916184,2818
2.428861250172286,2819
3.1544225574642297,2820
-8.87421271912948,2821
3.579157794346445,2822
-16.53520763445283,2823
-21.494048768172096,2824
-9.737994922801875,2825
-20.70446499368568,2826
1.6769092617387997,2827
-5.795583454415508,2828
-9.148685348939088,2829
0.3965397010567875,2830
3.268550675244258,2831
-5.65258127965767,2832
-8.06648962268759,2833
25.431873243135726,2834
-29.408297402920024,2835
24.146879278375156,2836
11.081774606393733,2837
16.847247643741216,2838
-14.604092265320656,2839
-9.91283447651369,2840
-3.9346261787593866,2841
-10.111299644916572,2842
-21.12900169142538,2843
-22.83633002779782,2844
-11.301415552525384,2845
13.833283111726178,2846
-14.113607171588189,2847
-13.919825986838095,2848
-25.100853917413904,2849
-21.163782283437953,2850
-1.0307440891324013,2851
0.8119929712565721,2852
18.199597138461446,2853
-23.578236513686402,2854
-9.977073979658599,2855
0.044052415902366526,2856
2.7607782035827793,2857
-26.272317044891835,2858
-5.37303915875433,2859
-6.721205060669888,2860
-30.591436730951855,2861
14.572576225780846,2862
-22.277441683724422,2863
11.961915991699875,2864
-1.450517227075757,2865
11.413917347157987,2866
-16.73846614432004,2867
9.120811437417029,2868
-35.48636685343313,2869
10.856524074422694,2870
-32.319705160371825,2871
-22.350325648358872,2872
-26.9014593692579,2873
11.186846858432027,2874
-20.6577064369747,2875
-15.076227712686057,2876
-19.645447260526744,2877
-19.667068061623088,2878
-16.281608556565782,2879
-24.515030215166806,2880
-2.610502612916531,2881
-11.574161711065578,2882
-9.833084374861329,2883
-25.857918405497543,2884
-15.396072608141317,2885
17.0502140824128,2886
-20.089803502658235,2887
-27.351372377525855,2888
11.498924096401634,2889
4.333877732753605,2890
3.7606992332935416,2891
16.590916619939886,2892
23.494693166921877,2893
-19.852194432147137,2894
8.37657595972778,2895
11.744604209191884,2896
-25.558629857681964,2897
11.25553188299629,2898
7.592220692043831,2899
-10.92239770264268,2900
-3.800750496659443,2901
-17.307345626655362,2902
-21.805143033728633,2903
1.6067060580470915,2904
15.943112781658726,2905
14.058112685916687,2906
-39.963770889648146,2907
-11.678936085242668,2908
-9.440534085636292,2909
-9.150193525215741,2910
5.927480896529765,2911
-19.302323534057404,2912
-13.933383789753032,2913
24.158102444163635,2914
14.856463812838012,2915
-15.586141781319421,2916
0.20747738992490738,2917
6.454394152026822,2918
-13.078106534279929,2919
22.401404448387158,2920
-9.322991040181982,2921
-24.4085112814567,2922
-16.84557985418002,2923
-16.340307518185426,2924
-25.05461651416199,2925
-22.796127876497696,2926
1.072114225098451,2927
0.7423774470747606,2928
21.87867630640987,2929
5.134912838591019,2930
-3.021082712125061,2931
-18.376526065096925,2932
7.855846000334898,2933
-10.655483892348837,2934
-14.914377698185223,2935
-17.584140487876752,2936
20.594613262357033,2937
-3.278710373165317,2938
17.79854866702854,2939
9.157241231689317,2940
-20.48286786234928,2941
2.1166063329806653,2942
-20.59091113018273,2943
23.705920367603344,2944
-21.891343803852706,2945
18.93656511327903,2946
-8.99916210427519,2947
-25.803533163090353,2948
-1.7067869750924811,2949
26.699370946936313,2950
-11.299473065465945,2951
24.01189039231512,2952
-34.290950463126606,2953
6.205809527724208,2954
-11.49282532112391,2955
-20.38747315589461,2956
-29.2296733943937,2957
-33.57803327297697,2958
-21.20565566042336,2959
-15.587203296370832,2960
29.12184669533348,2961
-7.705027568900019,2962
-20.310508616559158,2963
-5.389673960109924,2964
14.765892127999667,2965
-18.9865308442777,2966
-22.19229630260976,2967
2.0171936714056775,2968
-33.6382604099678,2969
-13.38821217519206,2970
-0.8652873933877041,2971
-31.003083299558238,2972
-23.742902458747558,2973
-15.407434817660672,2974
-24.072627208056613,2975
-16.967713719733233,2976
-14.217693790952104,2977
6.118180317446338,2978
-6.8125972839773565,2979
-0.23545394150356103,2980
-33.75376590210619,2981
-1.656292840798801,2982
-14.903485256968258,2983
4.564434913170901,2984
17.18323343949621,2985
-15.569872361116863,2986
-11.646055989178969,2987
19.308264908437682,2988
-43.97172266629003,2989
-25.601183285001962,2990
7.471791461715737,2991
-42.8236061241257,2992
1.7468770509141462,2993
-21.15024565049628,2994
4.865907644759494,2995
-5.810604067366985,2996
-8.711255930957599,2997
12.665318118454852,2998
-19.947623736536382,2999
13.442976627969962,3000
-19.791417591483984,3001
24.67230302499391,3002
-14.454364560316423,3003
3.513943211977857,3004
19.566868860436795,3005
-2.0399269669839124,3006
5.1727406556370426,3007
15.478298148785992,3008
3.07912190194531,3009
15.227576482957502,3010
-5.139281009472933,3011
-2.999453137408333,3012
3.2202529402333795,3013
-26.942061566666823,3014
-0.9771673414023727,3015
-25.61089963177664,3016
-36.0084998499167,3017
9.464280831395174,3018
-19.336904312211672,3019
-9.312456776487947,3020
-4.632729681999178,3021
-13.015957607250648,3022
-28.432107540267236,3023
-5.830947409167643,3024
-9.471733102753438,3025
8.61803419194958,3026
-30.87214911378688,3027
9.865259428798929,3028
7.621378441874855,3029
-26.38503873600708,3030
-10.6086079916794,3031
-9.632499732562634,3032
-32.99789706896915,3033
13.964443117708278,3034
25.949519832451067,3035
15.84820608709186,3036
-18.303671908721896,3037
3.544013815751617,3038
-29.29207818248647,3039
10.615617046204402,3040
-29.529288239394585,3041
15.825624882871896,3042
13.13339947505823,3043
-27.99074150595586,3044
-18.988516192016725,3045
-19.98408154712136,3046
-28.553789525646476,3047
-14.377034256264533,3048
-1.113542504847838,3049
21.767233724022933,3050
15.053744596334557,3051
-19.62562790432094,3052
11.417394248034821,3053
-14.799676541068742,3054
-28.83842732080128,3055
10.407202783723854,3056
1.6650322018083576,3057
11.347494088998761,3058
-12.596358480702843,3059
14.347797795820057,3060
-33.17286946347552,3061
-1.8885600212884555,3062
22.35720892299749,3063
4.817538955475193,3064
-12.26538352597008,3065
-18.457202400806523,3066
16.93039187744194,3067
-35.11211013628649,3068
-2.4576331854104945,3069
7.2735638641176035,3070
-26.732758035857714,3071
14.398559350241293,3072
13.749205485449906,3073
5.73181988320739,3074
-30.483622664059073,3075
-11.305676575567542,3076
-19.66790115672248,3077
11.813370028712438,3078
-19.569193038024952,3079
-22.75206966933321,3080
-25.97594561044746,3081
-12.766296492078036,3082
-18.072766431805945,3083
-8.638963399121641,3084
26.505889900801748,3085
-25.13668184648659,3086
-24.01866821724559,3087
2.9315797274122453,3088
-31.303287172600044,3089
-6.594982945465359,3090
-22.977983164170595,3091
-13.960221570097936,3092
6.738806680805153,3093
-34.48605376309519,3094
-15.6037455525425,3095
-12.444722665496542,3096
-17.488628230644476,3097
5.0958108343644195,3098
-6.568536171785401,3099
-13.34176337097958,3100
2.91113591497877,3101
-16.519087717100952,3102
-18.345531821822192,3103
-23.49789353270588,3104
0.7985374095570501,3105
9.619386903806102,3106
-24.490837366788874,3107
-16.744186231718068,3108
-33.37816340865177,3109
-22.779465207836495,3110
15.73847812709677,3111
-21.326504543477625,3112
12.547071042626627,3113
-27.99962521024627,3114
13.844504306735566,3115
26.096850920772248,3116
-20.360604789576882,3117
14.69503801876371,3118
12.153820380758024,3119
13.789530459587962,3120
-15.225638776129985,3121
-15.357253538577615,3122
-18.109733591212702,3123
-2.8191873441879145,3124
-10.35175971272693,3125
-12.655104832742044,3126
-23.881786471794758,3127
-16.589916379018785,3128
-0.2272886190271608,3129
10.977187942283297,3130
-17.756949701021256,3131
1.9742663387100103,3132
-29.93633440411394,3133
13.302876726223317,3134
-26.458880288924696,3135
8.54315733927003,3136
-5.604251401518925,3137
-10.653461781991018,3138
-23.32556379807358,3139
18.758344510084925,3140
-9.386605575518223,3141
-11.482727075828107,3142
7.245875751198843,3143
3.012191112970827,3144
-17.353604569345308,3145
1.7373312772089635,3146
22.688593891607752,3147
-11.672287226598847,3148
-14.608238301702364,3149
-10.117784281373549,3150
15.358063868201558,3151
-23.549952460181274,3152
3.831348979512816,3153
-9.54618855703356,3154
-17.827480744222974,3155
1.8968813360578922,3156
12.14276189949857,3157
-8.240588557858498,3158
-6.696978657580759,3159
-11.572471288015969,3160
-28.60281645606725,3161
5.876765632903819,3162
-34.28784889629459,3163
17.92213517096906,3164
-39.572174099669795,3165
-24.143631366238424,3166
-19.9152203426345,3167
-8.424373603119346,3168
-6.140206442839502,3169
-11.451047631600561,3170
-31.379916489394308,3171
-39.94936946730019,3172
-36.000971376805154,3173
6.683101252384258,3174
16.628464277518862,3175
-13.352316659143964,3176
-7.795060429224223,3177
15.821894533439416,3178
-24.70503811844812,3179
0.4026799060053161,3180
18.44351024895879,3181
-1.4653682286193739,3182
13.89998950207396,3183
-17.39330110066522,3184
-24.832881439100824,3185
-20.77568778619962,3186
-15.664242894590549,3187
-25.922818257428254,3188
20.45212789220609,3189
-22.170322872426112,3190
12.079246484921935,3191
5.903987279646065,3192
9.129298871928674,3193
8.05523117555343,3194
9.411039779669157,3195
15.899545211064485,3196
3.010071785741806,3197
7.117031374454431,3198
8.862930988100436,3199
2.9976641563572652,3200
13.800403065838566,3201
8.202240762310279,3202
-8.074767085917902,3203
10.803938441838298,3204
-19.346738946256202,3205
11.277086613811438,3206
17.132476311391397,3207
-14.440817597181129,3208
-13.428066676559666,3209
7.110555576581925,3210
18.36958142972122,3211
-13.890666875078274,3212
18.761619474101558,3213
16.282673573521997,3214
-14.422662516885609,3215
-13.936290957132497,3216
25.400450429232087,3217
-17.24272227459734,3218
-21.65729178515125,3219
-25.4489805280235,3220
7.064406044991989,3221
12.383760857365338,3222
7.58427451791901,3223
-0.29885234869117916,3224
-33.32588179187543,3225
6.774437128944477,3226
6.634208007732573,3227
19.35009504680117,3228
12.496007274827239,3229
-19.027720587585023,3230
-15.881476610542114,3231
-23.2781782171503,3232
10.458591448891244,3233
10.789137198163061,3234
-23.452262991070523,3235
-14.547763675868673,3236
-24.71853062681492,3237
-38.92396927314334,3238
-0.9692731371691181,3239
6.297581426093258,3240
-21.996787026414086,3241
-21.741156879249175,3242
-12.454996002088862,3243
0.08593476661530097,3244
-12.884343646289745,3245
-3.6360124685320168,3246
-41.03477813971002,3247
-24.401560616516846,3248
5.708014471984903,3249
-14.03698574698425,3250
17.25407866407484,3251
-22.7858586504141,3252
-21.51078610835406,3253
3.430812926994685,3254
-6.991272052493244,3255
1.573144861494967,3256
-0.30704638509367577,3257
-15.370856535117914,3258
-34.00102134623581,3259
5.390146250509222,3260
18.635427415275867,3261
14.806873247253556,3262
20.355354838883542,3263
-6.180587302481895,3264
-26.673089802035623,3265
-9.643544955952967,3266
14.224254359602686,3267
-19.53140830891971,3268
-2.629197399568527,3269
-26.487838206577877,3270
-12.71687398391903,3271
7.263175550010642,3272
9.39879038131021,3273
-26.216840419371074,3274
-18.83458795668396,3275
-19.841724225272095,3276
16.890380975513764,3277
-49.21732648827177,3278
-13.395136389408574,3279
22.224840028903184,3280
4.489929846803934,3281
-20.049958651820546,3282
13.513735022572398,3283
-12.687732181423883,3284
6.75787919946235,3285
27.585526097300324,3286
-9.944599355278442,3287
19.950432639550424,3288
12.038273075668592,3289
-28.629596140080054,3290
-23.934315903758577,3291
2.120818846633985,3292
8.371542292646362,3293
-34.78008850188331,3294
8.774770915785398,3295
-16.32488297285932,3296
-35.29175130291593,3297
-13.856162239528649,3298
22.478037975988684,3299
11.11873151930736,3300
-7.042248200948726,3301
24.73309243953513,3302
1.7521418776433215,3303
-25.34614277546127,3304
-13.118492888425664,3305
-20.225102952002974,3306
15.696758474224872,3307
-6.748405938271505,3308
1.5418620362540976,3309
7.75541140670655,3310
-5.9228485629625895,3311
-10.90645900170977,3312
-3.0886398804579795,3313
-14.054773337673309,3314
18.151978961879976,3315
3.4907384751394996,3316
-30.965617945019375,3317
-9.328423748227067,3318
14.048001015934044,3319
21.711815459656524,3320
3.1564174208365063,3321
-20.91284883612213,3322
11.58382211712793,3323
-12.355178791835826,3324
14.418174601836299,3325
-15.016708703035762,3326
3.5014041328051775,3327
15.270253303958512,3328
-25.17188634982736,3329
-21.779232426903306,3330
8.874252679198415,3331
-8.222799045656494,3332
-16.129729250886534,3333
-45.231551985384826,3334
-14.564067626893676,3335
-9.708914109755119,3336
-11.807259649519118,3337
-16.645757498134415,3338
-26.87869004902085,3339
-12.184088186198792,3340
15.046952546055046,3341
-7.297070959237471,3342
-12.544547377487445,3343
-20.691153030649005,3344
-16.61930432300686,3345
3.6034884798785605,3346
-7.358298363486435,3347
-17.25331393370479,3348
3.4782827213008503,3349
21.05867602810122,3350
5.483052154896075,3351
13.172642001431246,3352
13.149788913572007,3353
24.83316334058869,3354
-9.707712945008872,3355
5.444944413090644,3356
8.327944786957463,3357
-26.418055586941435,3358
11.55582340037829,3359
-21.028410996924283,3360
15.65396647070068,3361
-29.861912209445062,3362
-23.966792689393017,3363
-23.157241448270806,3364
-11.751774353623688,3365
-25.800216433608565,3366
-30.020017576494762,3367
13.156423377524796,3368
-17.58443996518918,3369
13.700575651565789,3370
-20.37858182420254,3371
-14.811953222529905,3372
13.49418745831834,3373
-11.24877785087373,3374
-7.849637443338322,3375
-23.81327166991812,3376
-15.179125192236963,3377
15.685932041513205,3378
3.3132944464625833,3379
-13.477161504872699,3380
-0.6953873339166607,3381
0.13490610726498176,3382
-11.04092961485961,3383
-1.417169900219072,3384
-11.066860512671143,3385
6.662105610673452,3386
-23.7948639126356,3387
-23.438339560944186,3388
10.234342909120416,3389
-13.665291422684462,3390
-40.07611564611209,3391
3.792441312123458,3392
-20.586769502235214,3393
20.429455462370974,3394
-13.52183325566946,3395
-27.10335222329789,3396
20.7022989317402,3397
-21.83195896743193,3398
-1.9319667079910117,3399
-18.589283465822334,3400
1.1171482854960066,3401
9.119533292932369,3402
-21.856014780005392,3403
-11.827651078068683,3404
-23.586022024400684,3405
-16.633632888494517,3406
-35.46092298708051,3407
2.110582175718468,3408
-11.728398721068725,3409
0.827679128808156,3410
-19.920601218286293,3411
-22.398231827691724,3412
23.407399679298575,3413
-19.643890131499724,3414
7.354421933229407,3415
-11.235126812008062,3416
-21.104958924341275,3417
8.606070320272801,3418
-11.10131519903861,3419
15.981114449993317,3420
2.0037533514524117,3421
-36.018152511606715,3422
15.006134776076841,3423
16.09477333517345,3424
-21.648417750140972,3425
-1.2194673397223212,3426
-23.31877628520539,3427
15.034210498852033,3428
13.938932704899074,3429
-2.4024890487440707,3430
14.107314985174703,3431
-14.05265784438862,3432
-30.072871287737748,3433
-26.064340689711877,3434
-37.75073548791578,3435
-17.964644836375065,3436
-17.43123079624403,3437
-21.221694660291757,3438
3.61012977767977,3439
13.201140592497776,3440
-0.6018216650800632,3441
12.173814884723914,3442
12.957224554383718,3443
-36.88636611166956,3444
-7.36460487189355,3445
-20.88723913598592,3446
-19.428506469111284,3447
-20.03652920618005,3448
-37.86908500791195,3449
-33.05058647346634,3450
16.148880460296017,3451
-48.96445238625355,3452
8.339518506716248,3453
2.748438929104216,3454
-23.053650445901408,3455
-13.565258173101036,3456
18.95881238274387,3457
-14.341406981649923,3458
16.3384851441644,3459
9.609367485540469,3460
-22.17909334725704,3461
-3.7231257017834527,3462
13.277087655846806,3463
-31.020447791023123,3464
-30.77007423987759,3465
-2.5035866602220915,3466
7.0523060391553845,3467
-15.673519460152834,3468
-18.838480574298828,3469
1.9562788064928824,3470
14.680119785566628,3471
22.052531641987496,3472
-1.31159200872417,3473
11.409651541901535,3474
-25.592598574079734,3475
12.018162500087964,3476
16.8473908433259,3477
-15.264658255389556,3478
-24.155282317732595,3479
-35.8442631987009,3480
-14.908978807073506,3481
-22.254442523248155,3482
-21.348889439089618,3483
-3.936664692128116,3484
11.006479601542132,3485
-18.34876986887752,3486
18.781251862619445,3487
-2.641452517639322,3488
4.54854139555799,3489
-18.922669268472152,3490
-6.434118878562198,3491
11.16001293991335,3492
-21.9883761211475,3493
5.442688716441754,3494
-18.510663745251332,3495
-6.210004524746663,3496
15.129264352210019,3497
-29.745136118728293,3498
-15.146809124466825,3499
3.0256129913914194,3500
13.858264577321364,3501
-32.81507944914138,3502
-22.263382956514473,3503
-2.4946483339010945,3504
11.590062560889173,3505
-6.991188033184012,3506
-17.67498671797052,3507
-25.828272871542797,3508
-19.716024239134416,3509
-24.193702551226597,3510
-45.5541311065162,3511
-1.6085762054653872,3512
-21.24745099340234,3513
-19.860579335895032,3514
21.51568700921825,3515
22.669016838819466,3516
22.917854686587976,3517
-4.678794700801463,3518
2.768105114897896,3519
26.843322559765284,3520
12.180342998835236,3521
-17.088984809001328,3522
12.601990447922592,3523
-26.50078002353417,3524
-5.3683319816651895,3525
3.56412893679777,3526
2.3688253194381197,3527
14.292107467323838,3528
-10.914798377318888,3529
-4.9647942932400575,3530
1.3804788446371106,3531
9.753549717155424,3532
-15.370104852172236,3533
-5.676946846559597,3534
11.606009790513916,3535
-27.685417202029697,3536
-22.645563295753362,3537
14.752035011260045,3538
-18.568736848035144,3539
16.98760511146682,3540
-30.618221809557205,3541
0.7091513506468594,3542
-10.57060945596233,3543
21.020793035878416,3544
-25.884745741177515,3545
-12.622628959985331,3546
-29.544370190585866,3547
-3.6959641421458542,3548
-20.774098666047884,3549
-5.852403776423567,3550
-33.46804281832296,3551
12.124421438124799,3552
18.34880405992273,3553
-18.659879582862224,3554
-13.321488162101279,3555
-10.24328045249134,3556
-10.506636871614532,3557
10.683069087031317,3558
7.367570717433681,3559
-33.86841993778462,3560
15.63067485931288,3561
5.701154495415404,3562
-26.940858015040888,3563
3.856133365958689,3564
-24.38794578823826,3565
2.1979914893903043,3566
-19.25363948398249,3567
19.58466629957287,3568
-12.716057051863492,3569
-15.07712468281129,3570
-22.401103592886336,3571
20.795709236453334,3572
17.319303249245365,3573
-15.06695795835126,3574
-11.126940636921017,3575
-13.904931703745541,3576
-11.506357589798494,3577
-20.881091614070936,3578
-27.390121453797118,3579
-22.509447931699146,3580
-19.04990493639357,3581
8.817397680370927,3582
13.76590784124473,3583
-14.734126967929607,3584
15.016114294606897,3585
10.362900333189259,3586
-8.620260117710139,3587
-24.015353798859966,3588
15.901788111316684,3589
-45.6253210897352,3590
-28.04587555108338,3591
6.659073640433267,3592
11.797460559057814,3593
9.489399381489426,3594
-26.570408346013313,3595
-21.285212262531306,3596
9.541074657168032,3597
11.215559139352415,3598
11.195699546694062,3599
-3.1481769708800966,3600
3.595167368309607,3601
-8.240925402469479,3602
-6.149153750979151,3603
-25.138872620136418,3604
-16.23546374254788,3605
8.39517598621354,3606
-30.151287437109232,3607
12.17776406738409,3608
-25.35308185436805,3609
-9.954492939706956,3610
-19.192398026411343,3611
-13.14800437630239,3612
-2.1526904942832967,3613
-9.957922056628156,3614
-33.41831208678532,3615
-17.156550941838518,3616
-13.595404034852777,3617
-19.075934094106067,3618
8.726196875149363,3619
-18.12229713381423,3620
-9.87398481607073,3621
11.640910000261698,3622
-15.744624277689242,3623
11.74641566296864,3624
20.91859734728007,3625
19.299609466041233,3626
-30.082871170764186,3627
8.83576424452006,3628
9.383259136507315,3629
-18.730809027624346,3630
-28.556066341511592,3631
-9.04280294252712,3632
12.296926137809358,3633
3.969980454980856,3634
17.142093012867008,3635
-16.930325647101025,3636
-20.083623685726906,3637
-15.276225432079702,3638
-43.918414432768266,3639
7.997529813524208,3640
-23.806360629835297,3641
-8.734290484505152,3642
-22.22694767925318,3643
11.425498879874016,3644
-17.516423976226474,3645
-18.109822750637605,3646
-14.477673430749315,3647
-11.782014528119566,3648
7.061985026018501,3649
9.518825897855722,3650
1.6110608865487261,3651
10.3141097231238,3652
16.19381429659485,3653
21.606780743791536,3654
-16.362431144089545,3655
2.8735709422143056,3656
10.73857001308565,3657
-19.13954631426254,3658
7.973776275295448,3659
-12.762050051027659,3660
5.384601611333833,3661
-27.31368916949905,3662
20.884920427430647,3663
-20.512018150862232,3664
-18.530661035682094,3665
-5.720757790547833,3666
-21.10668560935211,3667
16.17853692276371,3668
10.62736307476883,3669
-30.09478081613433,3670
-23.825240671657017,3671
4.819182612871666,3672
5.217614161281773,3673
7.4026268175834335,3674
-25.326929899667686,3675
9.2852619820222,3676
-29.51706458370618,3677
-14.6273016841742,3678
-23.345221218055112,3679
0.25922731704936997,3680
2.383244208760898,3681
-16.04266981232737,3682
10.040313501834945,3683
4.367712434921451,3684
22.546182836955456,3685
-21.818931869569802,3686
7.339628095564109,3687
-28.843646563313182,3688
-9.536248093445831,3689
11.555939455582628,3690
-9.926399018464034,3691
-20.554293495131468,3692
13.340634067674301,3693
-22.852434883270565,3694
-22.710523843392075,3695
-13.153864695368405,3696
10.74404778646295,3697
23.561591945301746,3698
-8.053599621365606,3699
2.7422864873662114,3700
-32.402250523204856,3701
0.29016666131712565,3702
10.93553653956602,3703
0.5619684397261411,3704
32.93457022901192,3705
21.6108037337021,3706
-17.689493188136908,3707
-6.357663099958104,3708
-14.00931666469277,3709
9.004073660046478,3710
-12.765398502829157,3711
-20.153427102862693,3712
9.56811472437715,3713
-37.59999281147191,3714
-16.654112936972766,3715
-32.57944297214537,3716
-23.769190682997298,3717
-18.890338468519367,3718
5.274108282745987,3719
7.660931288487117,3720
-13.479882737104592,3721
25.090635784332246,3722
15.267546530461107,3723
18.510092754157963,3724
-27.078865940335838,3725
-20.586183520050692,3726
-3.2197899251004363,3727
-5.7159182581270125,3728
14.525682004331973,3729
-28.363220286665186,3730
-27.08054231156563,3731
-6.326848734483731,3732
-7.788864280854112,3733
-41.786467199950025,3734
15.299817977346766,3735
-10.97568288925012,3736
11.010454132099895,3737
-30.739791301307147,3738
14.393411791028768,3739
16.291587100335303,3740
5.454547069300402,3741
12.082754336724342,3742
-18.002583214837472,3743
-18.737614622458736,3744
-17.65536770674017,3745
-6.9112427252750495,3746
-16.398866130101666,3747
13.77328733084368,3748
9.441677739713597,3749
-23.150234965270965,3750
15.4323267536165,3751
-36.15071478354426,3752
-23.467435695111188,3753
-16.474282472838127,3754
7.530053514183432,3755
-14.795597592345345,3756
19.274566619666196,3757
-3.696737827886098,3758
-14.420718917621592,3759
-33.43057932670497,3760
9.08681750517172,3761
-15.885347476629839,3762
-16.15138610207148,3763
3.8108279659904465,3764
-13.583679112051499,3765
1.7218911591312551,3766
-14.283808022671643,3767
-12.031716341719456,3768
21.65753865198843,3769
-10.880424891555606,3770
-19.116461869535243,3771
3.009860246075675,3772
-11.322669586497973,3773
10.626967486919035,3774
0.8792179290511175,3775
-25.768501057610315,3776
-24.412393627447514,3777
-3.9551897356500705,3778
4.042913727761874,3779
-24.70632652483338,3780
-5.891121810187671,3781
-22.29354160940218,3782
-8.07319810299392,3783
-23.8240659225843,3784
-16.483797780342986,3785
-21.878694748518203,3786
-3.619715904294632,3787
4.233667482514802,3788
-15.774145977053212,3789
-11.128095652620459,3790
19.52412526744148,3791
-6.893127725618715,3792
-36.576073531551685,3793
5.080725704860853,3794
-19.24606905981497,3795
-5.005071700989433,3796
-8.865387179647103,3797
-41.56644230662741,3798
-2.016902772099941,3799
8.136851855246594,3800
-0.051782421511160415,3801
14.59468024399326,3802
23.845054179516872,3803
20.245828546074037,3804
-15.128031144106522,3805
17.966575875272124,3806
-34.91428848244314,3807
0.8406873096065652,3808
-46.40958283335725,3809
-0.8359373501399272,3810
14.477601394476412,3811
9.866120021899004,3812
8.731378142278391,3813
-17.319252195208595,3814
18.375921353010977,3815
8.261822754353846,3816
-36.87534688410358,3817
-21.082864672874642,3818
-9.77400861318572,3819
13.194573649607019,3820
0.35913841961857784,3821
-31.958726282478807,3822
9.649255812740291,3823
-14.784542366606765,3824
13.501879260477462,3825
-20.36163833647376,3826
1.4495280830457133,3827
-25.526076532769636,3828
-12.384499100743156,3829
-9.621687258144243,3830
7.5176147805251805,3831
-32.4997426275604,3832
-27.860089689204795,3833
-22.177196503553652,3834
-14.680109600813815,3835
-8.795494243831648,3836
-8.41660991682353,3837
-27.89476086683158,3838
19.96732507302373,3839
18.62375929363278,3840
-22.469268729327446,3841
-28.14704035332227,3842
-13.504390699241547,3843
-12.258895310990285,3844
-31.949563262183073,3845
-17.859886531910234,3846
15.861766019910196,3847
5.117888241483184,3848
0.03622841468491789,3849
-23.082734613425313,3850
-5.824381292250755,3851
9.618172695305367,3852
-30.85551173032364,3853
6.761875358913231,3854
8.199202346529201,3855
12.286845977819151,3856
1.197388017541587,3857
-15.827292438954087,3858
-2.3051031716287924,3859
12.755637914702433,3860
-17.420533370382138,3861
32.672932827255934,3862
16.47024239711366,3863
-6.137526002154216,3864
-1.9543241954459045,3865
9.08944438290721,3866
-8.897109703931235,3867
-14.946431630570011,3868
-22.972811940219827,3869
-10.278030379224631,3870
-7.752593747455803,3871
22.371195066619908,3872
3.1624519414884773,3873
-30.724691003524036,3874
-6.22416876251572,3875
-25.321321067726114,3876
-11.526069342472042,3877
7.024462929988475,3878
-14.528182740858652,3879
-23.44178363791924,3880
-6.181116068318842,3881
9.045889117598366,3882
13.640728169984207,3883
11.275410961599437,3884
8.511176994465647,3885
7.733566873626396,3886
-20.94740621286477,3887
-23.268709356001715,3888
-6.375571683531252,3889
-21.17116091486513,3890
-19.742065454069625,3891
-12.211286573022718,3892
-8.915495979219289,3893
-8.748654551565924,3894
0.9561282870823504,3895
-15.299128365700403,3896
-14.745688011659645,3897
-34.44144981302511,3898
3.53814436542752,3899
-17.879590543744698,3900
5.828915451627061,3901
1.5961534842081218,3902
6.501858116622369,3903
1.8915402749036616,3904
13.965464768723084,3905
-23.96569289492429,3906
-17.627353744039397,3907
14.587427406508127,3908
-2.068825007672307,3909
-39.21779670292908,3910
-22.289298929583495,3911
-33.61750857101076,3912
10.374480308837619,3913
-9.596404721652899,3914
-11.30749089602439,3915
-19.99266757694192,3916
-9.69380808240102,3917
-2.59222182204255,3918
4.656463900493328,3919
15.98712456388725,3920
-12.123268438078888,3921
-5.916152260916975,3922
17.825780783373474,3923
-40.49070849850377,3924
17.01553812607715,3925
-18.95876058773471,3926
14.060891425190185,3927
-19.58002891393474,3928
-5.281795807384121,3929
-31.81987024370553,3930
-18.232302741956886,3931
-23.979709756409004,3932
-40.07215754995427,3933
7.644318146135296,3934
20.899049341722563,3935
-15.25804135800077,3936
15.366202625545395,3937
-21.246521341154313,3938
21.329183784823034,3939
24.369586188739394,3940
-19.965314811452217,3941
-16.804500647186615,3942
18.3872824969821,3943
8.843143812605154,3944
-14.686943495266911,3945
7.435813877519966,3946
4.426791793355605,3947
-14.68644130597907,3948
13.114247412543492,3949
29.509542708013818,3950
-41.99244057363263,3951
14.35673386424316,3952
-5.454984467916788,3953
-30.528449886990416,3954
3.8987040553308923,3955
-13.611934135496458,3956
9.828446454862952,3957
-16.064537063095997,3958
-24.016343738440792,3959
-23.519303191305617,3960
-16.465221372685455,3961
-15.799908203154784,3962
-40.772479013843785,3963
1.152721337293447,3964
17.70994241590825,3965
12.488387205014583,3966
-25.836570891253647,3967
-21.398721366377842,3968
-32.12783572356854,3969
-7.615277226847582,3970
-7.422495732255496,3971
15.591119954827334,3972
-37.934005604215145,3973
-16.43512185089139,3974
-33.54410049728433,3975
-26.995270546104315,3976
5.33466859689241,3977
15.180229520572698,3978
-18.31104003171756,3979
3.3752861430203698,3980
14.1356978474866,3981
-39.72337270828457,3982
-10.379316964125985,3983
13.526053523540533,3984
-26.960990863210252,3985
-36.44174365507402,3986
21.253482744902268,3987
-41.590017396721514,3988
-26.095704986195177,3989
-22.962479094886476,3990
-36.579104497906265,3991
-14.027510704031647,3992
-12.821825105714403,3993
-19.99849324759274,3994
-1.047264164938091,3995
9.38869771945329,3996
-35.4126536864446,3997
-31.156443928251605,3998
17.83450093842869,3999
-29.998176478925703,4000
12.94104203667932,4001
-4.318091476047453,4002
-6.5783898531569625,4003
4.203328311530239,4004
7.299586800323402,4005
14.446784758947938,4006
-0.9072771191468583,4007
11.740672198064416,4008
13.3922915893442,4009
-9.489924344565287,4010
24.56397548390575,4011
-21.356296502603726,4012
12.566854397021892,4013
-21.604852721125564,4014
-42.95792190023058,4015
-18.070421296100072,4016
-9.481890474406658,4017
17.38809610790239,4018
20.813581528552522,4019
-21.169087243949622,4020
-21.193268760817226,4021
13.991241386618018,4022
-3.046559530547652,4023
-5.02808517257203,4024
-25.001269261768304,4025
-32.05361107158683,4026
-20.171216952490305,4027
30.05351306373514,4028
-10.713012679322976,4029
4.514482107623127,4030
-20.59447956273461,4031
-38.202334688448325,4032
-29.900582440793503,4033
-12.660289863380816,4034
-17.853220013169306,4035
-14.992593105294237,4036
-44.408992294206875,4037
23.4417232559787,4038
16.500862765487593,4039
9.260928537646588,4040
-37.13343180395704,4041
13.174339603713385,4042
14.522475098893047,4043
-14.97323740728092,4044
-8.330559181067567,4045
-24.698035306932514,4046
-14.13555777311464,4047
-12.847402150486761,4048
6.1117689966395545,4049
6.362881480167729,4050
-19.716320742986774,4051
4.416884423071284,4052
-2.1566119696752013,4053
-22.470031936763153,4054
-21.14290530448822,4055
-27.222987033588627,4056
-9.062889554448702,4057
-3.122653900296206,4058
-27.12313208376421,4059
-35.00752801127849,4060
28.785160920220072,4061
16.743610354529824,4062
-12.649260622361552,4063
14.253014761767698,4064
17.11645067697104,4065
-28.4223814468249,4066
-22.073778521200488,4067
-22.081775407669138,4068
-11.972624122509668,4069
14.124586199660964,4070
-34.48696268193726,4071
7.564048511650505,4072
19.720656606977684,4073
-6.862277609047625,4074
15.380540076490956,4075
-8.790961653307916,4076
-18.09435909842697,4077
-9.748151844120372,4078
-7.416476364066518,4079
6.526142192083295,4080
4.170990506305035,4081
16.127303570232876,4082
6.885038972071534,4083
7.848994329900739,4084
-22.553821636156787,4085
-27.17329888388802,4086
25.429459286220414,4087
-6.833967201943342,4088
25.88367655511954,4089
3.768506782682252,4090
-28.2911935866734,4091
13.139052538234651,4092
29.838948918538165,4093
-10.107802964483103,4094
12.923859463990382,4095
-15.114278993951777,4096
-37.3043588831681,4097
8.31466931790836,4098
-35.26105974619026,4099
-14.96664295046154,4100
19.678800041005086,4101
4.770650192656024,4102
9.250999461636136,4103
-15.085340371334167,4104
12.20832258857834,4105
20.733176364048802,4106
-17.418056248939873,4107
2.914540392417903,4108
-13.473984242656723,4109
15.559962803772475,4110
-22.605110571859154,4111
16.556728923463236,4112
-20.772165245843894,4113
15.243501447903672,4114
-10.79003484515059,4115
-15.007588580358371,4116
4.92088835719443,4117
-13.910258325191842,4118
-14.260049065226163,4119
19.869020935517824,4120
3.578668964614229,4121
-21.884243653964027,4122
-31.052308975779955,4123
-19.220134117130385,4124
-44.32276403178037,4125
-17.574839735471897,4126
-7.502123876784113,4127
5.371140946736418,4128
-11.23936914819869,4129
-7.865608426362333,4130
-25.33088984345416,4131
7.864241359184399,4132
7.81429571542969,4133
3.4177604974615363,4134
-19.17887563266281,4135
-22.626653868801302,4136
18.666187077848488,4137
27.508088281715025,4138
-10.4204104769533,4139
17.436443200708496,4140
-14.979488183370767,4141
-13.927997300106604,4142
6.350069980598592,4143
11.720662561674605,4144
-20.097639425675688,4145
-18.13081327268754,4146
1.4676337611837207,4147
-12.332866911422148,4148
-22.3275980889658,4149
-1.5129989375297042,4150
26.41738096738655,4151
3.8313883591923172,4152
19.77196531234793,4153
-27.790014355591435,4154
-23.504356506981058,4155
6.782309733080737,4156
1.932518996329974,4157
4.9256085900025575,4158
13.902679775019582,4159
-36.18233469860668,4160
-9.171812082743038,4161
-23.38435009357916,4162
7.809389254652967,4163
9.68378055018835,4164
15.565295210449083,4165
10.3318222566424,4166
-13.240993716510282,4167
-38.920777124593286,4168
-12.630302756501436,4169
12.221809832177488,4170
17.370907575663733,4171
-1.2250459303831995,4172
-30.332804036832364,4173
8.967660720896433,4174
2.177184685671472,4175
-9.514904259477762,4176
17.106036975476044,4177
-28.44316678105412,4178
-3.922652117769686,4179
-23.434467673264958,4180
-18.260670771464675,4181
-23.7174548918275,4182
-16.580604955773097,4183
-14.07005998665242,4184
-15.108777707561245,4185
9.795246288323144,4186
-27.006128492313024,4187
1.6368339329242927,4188
-2.932968133407785,4189
-25.466987534690205,4190
6.040000083448524,4191
-8.225855159191426,4192
0.9959631958352109,4193
-12.843188280583227,4194
14.186738863977958,4195
-3.6851145364067013,4196
-25.34312943075037,4197
-23.438838317562116,4198
2.8291281808456112,4199
9.402794653090085,4200
-15.456394257942934,4201
0.7549627549792186,4202
-16.83147705344367,4203
1.8108248519406374,4204
-11.702358905059931,4205
5.645698810727589,4206
10.05587807355759,4207
-14.621449533855763,4208
14.201909361640173,4209
-23.9688468322565,4210
-18.936547667164696,4211
17.281237758388883,4212
-1.5668611111710211,4213
23.629588108393353,4214
19.570500899057524,4215
-3.4662494996013273,4216
9.080206725307782,4217
-14.025366030222868,4218
13.305021419870567,4219
-11.29568521211064,4220
-15.619924573325358,4221
15.414781965741323,4222
-10.196337848526818,4223
-11.205334748002496,4224
14.963473822008375,4225
-23.6825047684654,4226
17.678219038250507,4227
-2.0006733075401377,4228
8.511975246057943,4229
7.896169330484668,4230
6.7172417202385954,4231
-10.271932351547743,4232
11.751219381301397,4233
-1.1198574063036402,4234
7.024554485033647,4235
8.936268515820357,4236
-28.939526221096106,4237
-6.659313590719489,4238
-20.596932965938887,4239
11.192272790812861,4240
-21.816246786509303,4241
-34.59623266683283,4242
8.162482427518707,4243
-28.972925314273407,4244
9.209363239608383,4245
-13.824784371998579,4246
-23.576163149316404,4247
-12.350061077972299,4248
-18.21544872190337,4249
-32.769337613049466,4250
11.356499022035408,4251
-28.720414143000287,4252
-22.998900432203765,4253
-16.79332432412157,4254
-21.062987068178835,4255
16.592744371465127,4256
23.933375286819647,4257
-22.977933157651712,4258
6.990813552637629,4259
7.403352757679915,4260
14.448004264302135,4261
-0.15742138517359106,4262
-4.902804860052504,4263
8.210347979267368,4264
-16.710302963011152,4265
5.631598356657513,4266
-23.803283489295314,4267
9.98675472981349,4268
-23.697970646657343,4269
-27.249849372171703,4270
-8.832996785317054,4271
-43.549750017625975,4272
-18.951037310784535,4273
5.059522687103874,4274
5.021122287174727,4275
24.974239538597015,4276
-17.23966263645974,4277
-15.420918657268151,4278
25.543658759846522,4279
-18.96837224037349,4280
5.833727824675703,4281
20.94751458303969,4282
5.524968970596529,4283
-21.537816543927725,4284
-31.884575329182105,4285
15.012370889113456,4286
-9.049220877766558,4287
-20.89590865017539,4288
7.769150790725815,4289
-15.488601422285184,4290
-39.00135371195475,4291
-25.004272815421448,4292
-7.2239792699535466,4293
-12.006487584325424,4294
-13.682886940603215,4295
5.834782872944157,4296
-16.775483783179276,4297
-3.5839477081061624,4298
8.44104071880113,4299
-7.543299046444421,4300
8.760723982098739,4301
1.1118556467387917,4302
4.568973350323603,4303
-21.425551170294664,4304
-20.485634983347882,4305
10.520007305923578,4306
16.673503184275326,4307
-8.230651250690164,4308
8.232802859026773,4309
6.395360149753049,4310
24.5556910215184,4311
28.752719013568623,4312
-23.9228087933333,4313
6.307135624922033,4314
-15.221872551351527,4315
-25.26858944417571,4316
-34.1791390722604,4317
5.696095826840859,4318
-23.019269425503676,4319
-5.052978121442088,4320
-25.179039453420643,4321
7.45311179813239,4322
-19.03824050628861,4323
18.02640326367526,4324
3.000578275067948,4325
1.629519443263912,4326
18.01174734045012,4327
-28.203952904067965,4328
31.15485670713241,4329
-44.46748995177804,4330
-17.082603531984294,4331
-21.053816790823213,4332
-5.654216280138101,4333
14.849945579347,4334
-14.141909169362387,4335
-27.573242622149042,4336
8.422066483953637,4337
-4.8455928081543,4338
11.192217148136265,4339
-7.519759260068477,4340
0.015071664734603196,4341
-18.92904413770367,4342
7.296201038206451,4343
11.894707920029237,4344
19.651791053389818,4345
-13.41735722615767,4346
17.727408028346904,4347
11.255552893201536,4348
18.40832123231136,4349
19.2057627015321,4350
5.012724062830321,4351
-33.1053163956704,4352
4.262597057398825,4353
9.718503116667229,4354
24.03963564781412,4355
-10.543244837967553,4356
-27.449639865947812,4357
22.57843821016898,4358
-19.766663457707786,4359
-24.635724647875072,4360
15.710232357552346,4361
-23.311604267874223,4362
-0.8445096891108612,4363
14.332155954463254,4364
-23.151714332513276,4365
-4.258071059408199,4366
-26.045058343230057,4367
5.767930892763971,4368
-6.083384680866375,4369
10.178040116683059,4370
-30.244559909378008,4371
-23.908283173146682,4372
13.420703694030554,4373
-18.164394742813943,4374
-21.56048637841412,4375
-27.633348409597744,4376
-0.3784064027062959,4377
-23.969949995199762,4378
-19.1033497084877,4379
15.616568550884722,4380
-12.345295928042805,4381
18.024096709929115,4382
5.496794927218232,4383
-29.527150314775007,4384
24.37849031833144,4385
20.174337829017514,4386
-3.287480691359242,4387
18.642525895074495,4388
-10.537563132848415,4389
-6.189663949783786,4390
3.0011598193329707,4391
3.8841473191464786,4392
-2.324828227608704,4393
-1.1751193274824328,4394
10.276354648719755,4395
8.750269312655659,4396
-9.155768810118573,4397
-23.537906715389607,4398
14.215165327306913,4399
-19.247687902148726,4400
-11.658414831202185,4401
14.917496790508025,4402
-1.1785323545357684,4403
16.569780763082754,4404
-1.136047223717644,4405
-25.9250428386185,4406
18.971113064623612,4407
6.053712134320589,4408
-14.706656538846081,4409
10.093675329956678,4410
-25.695309045218856,4411
8.296666814042377,4412
10.109889234231245,4413
-30.810881846493036,4414
-20.759362504472275,4415
7.094923592417386,4416
18.80309756340719,4417
16.055347653213623,4418
-5.024052360492915,4419
-35.41004345162857,4420
-18.96205930481098,4421
-11.294669227167883,4422
3.4658461831919833,4423
19.72426951839828,4424
-16.179023204237104,4425
21.44829548185278,4426
4.370073585620139,4427
10.464735104239292,4428
-2.3280542406886826,4429
13.036314497982449,4430
-11.665621999828652,4431
-26.079261450503978,4432
-25.553011795599797,4433
9.12025302814491,4434
-34.76699114609136,4435
-36.17735515992022,4436
-21.428945097465274,4437
20.44941891996979,4438
23.75728040530568,4439
26.431443201793407,4440
-13.689644364127846,4441
12.721166076098328,4442
-14.106218124281948,4443
-16.99772168872616,4444
3.238240740591488,4445
31.422996754079293,4446
-12.141570753195397,4447
16.99505168210587,4448
-23.315192695305697,4449
18.986047995220517,4450
1.0021109161796558,4451
21.8296612492788,4452
13.3251151635679,4453
6.101166547250347,4454
27.237174563748475,4455
-14.839517342702825,4456
-13.856230431040066,4457
2.460821159888864,4458
16.306310146660028,4459
0.49677380342899635,4460
16.97992247198884,4461
14.740930615894325,4462
12.080253077691093,4463
17.574581796655355,4464
3.4245910134916393,4465
-23.969988932913978,4466
-9.698539935582492,4467
-11.112908030743638,4468
10.546572545036696,4469
8.380563936442048,4470
7.815559999561435,4471
-14.059949013770762,4472
2.0667641019356626,4473
18.627355888952177,4474
13.221222692657328,4475
18.39478252008862,4476
2.7236846149034974,4477
-27.2232662597008,4478
9.364011558163648,4479
12.233380462829764,4480
-17.56811003133037,4481
7.39966237377854,4482
11.580974438168209,4483
-11.624771337433902,4484
-0.6868945929452606,4485
1.1457102077380021,4486
-4.487491770214665,4487
-12.255745228928404,4488
-28.323267315954833,4489
-13.826418335939413,4490
-23.618490218988228,4491
16.44404246220042,4492
-18.01556638360128,4493
-18.809895371487436,4494
-8.217743675510105,4495
-28.37756985327193,4496
9.769917482721848,4497
16.21787854569357,4498
-30.13217195132092,4499
2.304744384724467,4500
5.102065091021627,4501
17.793483534431218,4502
-10.301488713926792,4503
-22.605394943122384,4504
8.253228840876671,4505
-25.47427284565556,4506
5.422675684631782,4507
-29.307205159490092,4508
-31.780478979995756,4509
-4.944041402857912,4510
-10.30973985948219,4511
0.3544675869179379,4512
-33.12166479847433,4513
4.09640732010377,4514
13.503203048972704,4515
22.32534141558096,4516
10.64382702168929,4517
25.95762240560641,4518
-25.75935393766569,4519
21.790365013907394,4520
-9.324809067060455,4521
-7.354727284884636,4522
10.268455774656834,4523
-27.623969639248074,4524
16.24094381903186,4525
24.693292173907718,4526
-1.4502004488102953,4527
9.236368774532103,4528
-21.007728037207766,4529
19.746581437568814,4530
8.565615564865862,4531
7.80621747050504,4532
2.33115887339504,4533
-14.950920670040336,4534
-28.648972242592595,4535
-20.896174670049476,4536
9.83185873047852,4537
4.815901768349246,4538
-39.53777099976021,4539
-32.19564142789535,4540
-18.484278212847997,4541
-22.56642078821744,4542
-12.825709635451545,4543
3.551600767642558,4544
-20.20910184301058,4545
-18.762260241367557,4546
3.0367101950859734,4547
-0.33364053008095773,4548
18.364035342537814,4549
-0.546908690247558,4550
8.632782523697733,4551
-28.47224872337992,4552
-6.476330501398235,4553
4.074682845424094,4554
-14.736694860043743,4555
-35.43455342843347,4556
-43.944960305322624,4557
-15.661207809944324,4558
18.079179888607502,4559
-24.707475740626954,4560
-18.429491820297308,4561
-25.822990201750613,4562
-2.6733821875460935,4563
-11.60945901867368,4564
14.701539985394163,4565
1.6092054985886506,4566
18.590345539600467,4567
-15.772356784586451,4568
19.049089823042387,4569
-15.254400909350382,4570
-22.898710364530192,4571
-3.293817178565587,4572
2.745728488611352,4573
6.940094796181704,4574
-25.731223527649266,4575
16.411529265949948,4576
18.831678373924902,4577
8.18974178644898,4578
-20.436511491620983,4579
12.260828303327852,4580
-11.062406077824146,4581
-28.17394764595545,4582
14.420326726025948,4583
-17.662363653821707,4584
16.804790882213425,4585
-23.896131835763807,4586
-18.346408714885037,4587
14.764905884405387,4588
-21.932499683655607,4589
-8.038868380544292,4590
-19.953596960204777,4591
-27.838707818188347,4592
-20.871888888668366,4593
1.9083631698920005,4594
1.6591385938542347,4595
5.079910992237073,4596
3.264296480855503,4597
-26.322590518995675,4598
7.920912824667198,4599
9.645558679929646,4600
-9.126949238733312,4601
-18.370116603050775,4602
-9.681634831071309,4603
-16.90151830935734,4604
-14.577483139623142,4605
-10.414358942117431,4606
-18.31676790486207,4607
8.891921811467505,4608
-29.116127247317156,4609
5.138629979697711,4610
1.7255368206506496,4611
19.338903131226036,4612
7.88827738573341,4613
2.180729290549408,4614
-27.803062349284403,4615
-26.94172227281147,4616
4.4254976565742385,4617
-0.5315011881730953,4618
-0.7704521931482375,4619
3.7087491943393793,4620
-33.58758280280493,4621
-12.492938488639908,4622
-16.71867060796301,4623
10.306189685053482,4624
-12.48105234687244,4625
16.87436327641643,4626
-30.446883856362625,4627
14.62578927835785,4628
12.09243609054323,4629
17.773400358454655,4630
3.9176605528828734,4631
10.770439924009668,4632
18.06558252605003,4633
-0.8278711548460658,4634
-10.06673605931071,4635
11.09963100035744,4636
6.309474528973569,4637
-0.2942163798377866,4638
-25.395152740498794,4639
-34.195189578237354,4640
11.944718862637774,4641
-25.003168575122547,4642
-6.107526510173739,4643
-27.194091121571272,4644
-5.347472323721548,4645
-29.541062258899878,4646
-30.120713191964352,4647
-10.426791551036718,4648
10.351425890197348,4649
-16.171076334572597,4650
-40.01801418346084,4651
-26.785190001546482,4652
-4.980711396132265,4653
18.679178689699594,4654
4.098826645182367,4655
-16.02216017011891,4656
-29.844702920045577,4657
-11.753871615224432,4658
-29.234663646607896,4659
-25.830690678960746,4660
-15.04264336399705,4661
-35.27023507363792,4662
5.63076768084305,4663
-7.606188548772802,4664
2.2089218247320526,4665
0.8231483378596902,4666
-37.93756189456525,4667
-33.21393363191103,4668
-14.298444394917384,4669
-24.49630930974508,4670
8.523416743572218,4671
-14.89573347219446,4672
8.544595665088895,4673
0.5585449065194457,4674
11.624607054243167,4675
18.47410116842304,4676
-25.994292052130394,4677
8.097492273025694,4678
-33.67813092374382,4679
-19.357915909787643,4680
-32.66330738506281,4681
-35.84275240179298,4682
-5.122690252528225,4683
-29.84415070238002,4684
10.50768398438396,4685
-5.723256655326657,4686
14.59951271905642,4687
-29.58941324829347,4688
-26.156919584076483,4689
11.010787977171322,4690
6.838560027562949,4691
-5.674898088644264,4692
5.562038683426907,4693
17.845252258807598,4694
-11.887916336779613,4695
-22.336007716621047,4696
-15.066552045667688,4697
8.434955233778656,4698
4.84453616174066,4699
10.12240782090002,4700
5.036356073814243,4701
18.12281655332517,4702
3.489655675477467,4703
-25.140785395639615,4704
-37.845623907063555,4705
6.448091480423468,4706
-32.418308213235484,4707
-0.7597273877282191,4708
-11.744765472485962,4709
3.7270643934269696,4710
-33.180234569667235,4711
-18.29676941889739,4712
-21.55570970759196,4713
5.5923886215503575,4714
-25.05950845877529,4715
5.711700039339592,4716
-0.7130656622294298,4717
-39.23493787049268,4718
9.026017901509842,4719
-24.80968067428419,4720
-13.623309088443795,4721
3.845707596932341,4722
3.3032119365889585,4723
-24.74427754283764,4724
10.576663170376964,4725
-33.40246816645393,4726
-19.87247391424618,4727
-30.84123287644409,4728
26.382004103791317,4729
7.1532563736592785,4730
-13.982418109584222,4731
26.42502044191174,4732
9.390686752078707,4733
17.210008679979133,4734
6.686462042436492,4735
3.4926487888536055,4736
-9.717367491492308,4737
-27.818035760572293,4738
6.253304576769008,4739
-25.668406997431727,4740
-37.11139346444728,4741
17.672090696511027,4742
-18.450184748744014,4743
29.450072797274323,4744
1.1326270825929923,4745
-4.689413797910021,4746
-6.13321581554603,4747
-7.543637001039238,4748
-27.106299615014397,4749
-4.721977103279517,4750
8.382707117083365,4751
-21.466127554983974,4752
16.487686973757015,4753
18.79767862760182,4754
-20.738255013601556,4755
11.994778680999048,4756
12.7223468059452,4757
9.56074055008598,4758
-27.43598716737557,4759
24.782408209259472,4760
-7.99740181197925,4761
6.041132425723264,4762
-9.235739122383013,4763
26.434450242203205,4764
-26.48705255445049,4765
13.719911195293456,4766
6.405578170604715,4767
12.32751045846473,4768
13.94645355978815,4769
11.001067347168107,4770
-26.41676204015753,4771
-21.363050572560077,4772
-38.56195375985502,4773
-17.405000352522134,4774
-4.880735563152685,4775
-24.834296875390717,4776
4.888134825778341,4777
18.681349000789986,4778
10.533714953300017,4779
-34.4782617044705,4780
-11.996156049760572,4781
-15.309769980528321,4782
-1.8360590152787943,4783
-43.86089132442193,4784
-23.36422200772962,4785
-11.078804233501879,4786
-3.022910200716874,4787
-13.198591946603454,4788
-37.2217773928806,4789
-0.5970341212355335,4790
-3.389394947044311,4791
-19.47487040114974,4792
0.9956899912859649,4793
-5.727512483211205,4794
19.237587047076516,4795
16.358909763854854,4796
21.679868686302893,4797
7.591852037586049,4798
6.694107108073631,4799
21.71096574465648,4800
-26.420124431300685,4801
10.514200267807944,4802
-27.29770272923462,4803
-26.32178276671163,4804
27.673150097331202,4805
14.77414053305013,4806
17.114166596773515,4807
6.236307127225617,4808
0.20179079612586293,4809
4.327339431672419,4810
-0.005179427403523285,4811
5.3923727652161695,4812
11.854428501326751,4813
7.311783975850673,4814
-5.585896583565948,4815
-17.259994535330243,4816
-20.360772133156132,4817
-25.685095032172104,4818
7.74285194937409,4819
15.635342354328898,4820
-10.949742755528954,4821
-20.236599041100376,4822
-5.828623943168026,4823
-6.521501202401263,4824
20.301789905060684,4825
13.332286250806682,4826
6.115030406971687,4827
-25.45243841537915,4828
25.13141016957348,4829
-3.748965771061835,4830
20.037739636512452,4831
-19.867552768921936,4832
10.436310167556037,4833
-24.111224578684027,4834
-18.316137590582528,4835
-11.952940272074063,4836
-32.03111346303561,4837
-19.775197216458828,4838
-19.324038109260098,4839
-19.180162957102677,4840
-27.93486884758424,4841
9.330855056614046,4842
-13.73998266821437,4843
-39.37052038583063,4844
5.433431656805416,4845
-26.13712491545945,4846
-17.83298292461238,4847
4.515322777264435,4848
-21.880926494068706,4849
-16.84818103955722,4850
-9.771037001751846,4851
17.08929013675917,4852
16.36398327061595,4853
-1.0757760101193439,4854
8.634634191103814,4855
-21.05200609768852,4856
-16.12243581303551,4857
-26.802461201114554,4858
-26.04356367880126,4859
-23.02913059420703,4860
2.316662035139842,4861
-13.473561630808902,4862
-31.39520760852138,4863
-1.2001552533478348,4864
-8.729027111355016,4865
-19.876844812806922,4866
-19.50607647042661,4867
-14.40041724313235,4868
-6.078370662572702,4869
11.839230189496003,4870
10.22094103606486,4871
15.92206148591426,4872
-20.909290074877845,4873
12.282539971494895,4874
-25.909293808794693,4875
6.666167387874381,4876
7.714505469531659,4877
-5.421243787320988,4878
-19.059420157228864,4879
-18.288997350305706,4880
-21.714412125085097,4881
3.9391781221808113,4882
-5.223289580843457,4883
-33.38177365150254,4884
-28.8623709184641,4885
-2.9999446463967816,4886
21.59913784737726,4887
-11.116058765334213,4888
-19.046189206729565,4889
5.91279383313298,4890
-21.10846716004011,4891
-38.16474915251877,4892
-22.08983752486994,4893
-8.255091255829262,4894
-21.13894923200455,4895
-9.03220478840037,4896
-12.435246120620297,4897
-11.56877533327981,4898
8.291415518340125,4899
14.02501817025179,4900
-30.489369958915702,4901
-21.395658918436467,4902
19.10332438379514,4903
-13.246238416393222,4904
-34.34500983715286,4905
4.775526294722901,4906
-23.023806102956957,4907
-24.72156537771884,4908
14.706743472488998,4909
-15.705597924553759,4910
11.842119330980225,4911
-16.843723128269502,4912
-25.91318151320909,4913
3.6936214813092754,4914
7.151048013355055,4915
15.538777601799186,4916
-28.654915370886343,4917
-15.181633726469402,4918
-30.40755647439124,4919
-26.588162509668432,4920
-18.203199239947107,4921
-22.19179555825329,4922
-2.635374944691352,4923
-36.62454935993074,4924
-14.038145265482926,4925
7.070872089711452,4926
-4.97771355273945,4927
15.866428747658798,4928
-15.921953184886327,4929
15.078034675926347,4930
11.992484214347076,4931
12.833102127362611,4932
-12.28532783202899,4933
-0.006328240093861126,4934
-20.375724837161556,4935
-14.513290053272515,4936
21.774601864507737,4937
-17.820396996369986,4938
-35.68790277265886,4939
-7.246053865323615,4940
-19.368758066259083,4941
2.263040860794635,4942
10.415548743284283,4943
-4.817774332965483,4944
-1.7707187183965711,4945
16.831863879048655,4946
-9.774872705000496,4947
12.419120228026848,4948
5.329948968429356,4949
-1.2182321463457777,4950
-1.7254295670135704,4951
7.412734818341713,4952
14.021305043795383,4953
2.172944375640803,4954
8.708747174058521,4955
10.443581344261343,4956
21.31714137591703,4957
4.649530188501551,4958
16.453045767739685,4959
17.179836302853055,4960
-15.246484499772544,4961
-11.316927871628401,4962
1.9088506861541896,4963
-31.45767132450384,4964
-19.677111496002382,4965
22.71411586847474,4966
-19.88455745722712,4967
24.8084321210039,4968
-10.484649187413154,4969
-14.727017732564528,4970
-16.658073051685435,4971
13.047644431421343,4972
-12.869395431830096,4973
10.286677719602183,4974
-20.833028543103275,4975
-0.3706544643734082,4976
14.70256910060015,4977
-2.474373545441092,4978
14.23159850279185,4979
16.094083577257983,4980
9.186789880331913,4981
-13.691346746773391,4982
-15.30126636515036,4983
8.251151531702286,4984
-19.966912603248254,4985
2.391701995891559,4986
-8.844441833524769,4987
13.450472360263095,4988
-8.53217431742481,4989
-10.961847619943736,4990
-14.515493761717,4991
-17.695672280349747,4992
-26.552054870161392,4993
-1.9876787470156576,4994
-18.734650155856855,4995
16.69263508762566,4996
3.5729668783331636,4997
-12.59069971713379,4998
-20.751703341622214,4999
16.10012565092939,5000
-9.780219256668548,5001
-23.194009602881064,5002
-19.88894495874972,5003
5.630400261592822,5004
-19.534383429169544,5005
-9.0719901363953,5006
-21.010928392259707,5007
-9.367691537217025,5008
16.911326930254354,5009
-9.818683304018677,5010
10.476535934990398,5011
-23.685362924118834,5012
-32.63222560007631,5013
-8.592416762933777,5014
-4.748001312785153,5015
22.164404542382794,5016
-16.88163116585259,5017
12.493621826886642,5018
-23.826728601582637,5019
5.046317512176968,5020
4.510479461378294,5021
13.915451898171924,5022
19.141674979372407,5023
-15.18840460684558,5024
-8.196754070166106,5025
-14.266236599807762,5026
-22.277048615549997,5027
-19.831047266783155,5028
18.389805058279073,5029
2.5113401238702284,5030
-23.76769686715647,5031
16.707119994649233,5032
-36.16260197442273,5033
-20.410387798131623,5034
12.047048826951347,5035
-7.447536683848582,5036
-27.70239371601875,5037
-16.809758641151276,5038
-14.088735176092733,5039
-2.6214680841973,5040
-31.92084620716552,5041
8.772453273855316,5042
-18.701260086859797,5043
16.36186246057913,5044
7.065686703057514,5045
-2.4317500550035698,5046
9.12047103267501,5047
14.910364153769109,5048
-18.33200859768803,5049
-14.56180237683837,5050
10.911687622806237,5051
-25.249430102917714,5052
12.629433851232456,5053
-24.34443867860955,5054
-38.527032873254385,5055
9.302802856886755,5056
-26.921043594795787,5057
15.099516246213778,5058
-25.55823039622247,5059
7.683165055517215,5060
-6.341293102758334,5061
-13.361411752512478,5062
8.734152408471326,5063
-29.865417125790106,5064
20.470246796407277,5065
-19.892715473438578,5066
-16.502159365740475,5067
-29.5455875314261,5068
0.19228225795083986,5069
15.854607438501077,5070
8.289073828330459,5071
-12.933053399808784,5072
-8.169973398499703,5073
10.751504157715196,5074
16.35431811669021,5075
-14.461054919548042,5076
16.096720289297327,5077
-2.6713658261677242,5078
-14.712853736025737,5079
15.720642335390952,5080
17.18905790522311,5081
-3.5236891902356224,5082
-36.90173471106181,5083
-20.470612521650335,5084
13.135755384609745,5085
-33.92353006471538,5086
4.097082038204546,5087
16.10664012080458,5088
17.68409010588914,5089
7.711738296056005,5090
6.624430460908641,5091
-14.381965038804697,5092
8.452792329579932,5093
-22.783885860984,5094
-19.943507883990833,5095
15.549987776630747,5096
-6.672805200640329,5097
5.3174256160166955,5098
-28.59198890470572,5099
-33.42422310086477,5100
-31.80378207964296,5101
-15.057581247272676,5102
10.71736934828673,5103
10.732597795143953,5104
13.1281112110576,5105
-15.891570421440251,5106
-5.082573743256264,5107
-9.838004217771205,5108
-35.451827249657235,5109
15.193945737890406,5110
5.7438582231484965,5111
0.482429621961475,5112
-0.841808757609738,5113
7.012606193588351,5114
-24.146130220647606,5115
15.742482608251859,5116
-12.2357074319583,5117
7.014608766892511,5118
-2.858155528724072,5119
20.759327114295274,5120
-28.31131490745644,5121
-14.412257521755397,5122
-37.79936616793337,5123
17.326842624157013,5124
-18.298938660061538,5125
-25.98204920843565,5126
-14.310740956705274,5127
9.094934127966244,5128
-25.564180527759344,5129
-29.54393876038733,5130
-42.28611798598799,5131
-33.46830136583279,5132
-21.977788292447748,5133
18.50354825151258,5134
-22.689369227882977,5135
-15.837084531499189,5136
9.273005789522648,5137
6.47339717221397,5138
-29.065562508198212,5139
-28.400763286402412,5140
-11.760573781185677,5141
14.28721359542656,5142
21.008058348192204,5143
-4.9628843907502596,5144
6.065373547489564,5145
2.2117184466016138,5146
-20.700342434529162,5147
-27.174390762395376,5148
-18.65607784436645,5149
-10.050532275826217,5150
-19.921908442444668,5151
18.850918324704907,5152
-17.034930956290705,5153
-27.697955179258198,5154
-15.691170233268787,5155
-9.119994520738071,5156
-4.287024783445515,5157
-28.059188323257587,5158
8.342825398061974,5159
-20.08810351693934,5160
11.139622361229936,5161
-25.45031895281052,5162
2.1788802622391774,5163
-21.975997344158998,5164
-15.074709694365442,5165
10.249842346613647,5166
-10.312388531617035,5167
-30.58467411483198,5168
4.6855460343351965,5169
-9.406178292201258,5170
6.1554852303264305,5171
8.631279790362452,5172
-17.293918550636555,5173
-30.247030920596305,5174
16.896093708131044,5175
-32.16513896601229,5176
18.21964189869277,5177
2.247891917398616,5178
-36.91838718999084,5179
11.253671491750058,5180
-26.05202763052034,5181
8.953346261331669,5182
-9.735928785204317,5183
5.526546305727246,5184
6.2242293664781005,5185
15.725101132191735,5186
2.678216210734984,5187
-2.9365357952715967,5188
23.465512870777772,5189
11.542576342771426,5190
-20.75003388176297,5191
6.247865816838601,5192
-15.57963305740011,5193
-40.37645000542824,5194
-17.548987300782468,5195
-13.62755621905868,5196
7.945981757194751,5197
0.8802739647672491,5198
-20.609652498118358,5199
-16.013754381289445,5200
12.444114762645373,5201
16.089878426752822,5202
-18.76572864745843,5203
-21.91848900113876,5204
9.023033132003263,5205
-22.934152681270373,5206
-23.64375129634799,5207
4.936990067521977,5208
-12.441126950057267,5209
-15.437998812645526,5210
-10.179585516529684,5211
4.310279800978481,5212
16.435066111536923,5213
7.960199373552587,5214
8.645456191483401,5215
-20.472720813019983,5216
10.04182191026189,5217
-3.0614324225572185,5218
-6.8106001054986605,5219
-35.838473897430035,5220
-31.142678103615573,5221
-31.09095736456086,5222
-29.96531891580988,5223
-3.571529412781729,5224
-21.769986319281987,5225
2.468667955885806,5226
4.376894423815141,5227
-12.835226756066229,5228
14.414634335304086,5229
-32.48611507541225,5230
-12.104190460415516,5231
-17.899525832931417,5232
-25.13818116153025,5233
-29.507956601218318,5234
-17.725781231816164,5235
6.598784800397745,5236
-7.729957902354892,5237
7.7633247636546105,5238
13.951170852799933,5239
1.4964675782982564,5240
5.763700910668142,5241
9.66687816898211,5242
-10.717137491629433,5243
7.87568893537315,5244
-12.472067786377485,5245
-28.23627310137114,5246
-18.168561874383233,5247
-14.268463145684345,5248
-13.270299484388364,5249
20.27362182464602,5250
-28.100361038313263,5251
-21.221204451332163,5252
28.469050310845063,5253
9.35487072505797,5254
10.80723520770903,5255
-19.913119242831996,5256
24.76734549583776,5257
-20.7467009477621,5258
16.933538755249877,5259
-23.758722887614702,5260
20.608139931788912,5261
-7.65758575334398,5262
-11.800612923628808,5263
16.077783747316257,5264
21.76019202207776,5265
-12.340267964277055,5266
-23.442341773995565,5267
4.367869160672701,5268
-6.5569550710266915,5269
-43.600554474730984,5270
10.391354672123011,5271
15.823320330825677,5272
17.292820275358313,5273
12.421811980299676,5274
3.0838043177054058,5275
-14.3843496303008,5276
-25.767656648402838,5277
-29.09930989695368,5278
-17.748185842355102,5279
-21.51353605057661,5280
-19.225720376147045,5281
8.727222501373571,5282
5.345717117825634,5283
-1.5059379952913927,5284
0.08287779838489051,5285
21.841396883269383,5286
-7.127557628408104,5287
11.688775787257555,5288
12.425596652255031,5289
9.954405268510886,5290
-31.975530901219447,5291
-12.893456494375643,5292
-7.576492507045154,5293
-26.29938994338167,5294
-24.210038194689417,5295
10.790164796590783,5296
13.842788025383943,5297
-11.752622002130888,5298
-25.972541591558382,5299
-26.38766047265795,5300
-4.284607592672819,5301
-29.182340951325468,5302
18.026439602497863,5303
-13.007838613874911,5304
-21.272502642675892,5305
-17.132000534924963,5306
20.80563397425885,5307
0.8704987674275584,5308
-19.764372476070506,5309
-19.22439853327539,5310
17.97780617370573,5311
13.406320701673891,5312
-26.04062369571833,5313
16.281098633181895,5314
14.372224402221534,5315
-12.085491048683386,5316
-3.9840096829414504,5317
4.092048710666912,5318
4.290426140099607,5319
-20.341130066672164,5320
18.79882391859932,5321
-9.317973254195902,5322
6.670146869124478,5323
-17.2893200336516,5324
12.144746285564967,5325
17.30162063888911,5326
-10.289130818670014,5327
9.267829370343117,5328
-22.84446705306956,5329
13.996956950499818,5330
6.4374121378963345,5331
-9.884906162421473,5332
-13.948934884043897,5333
-26.57202746506506,5334
-15.137159737773672,5335
-16.608371032549044,5336
5.448043060914852,5337
2.1776790604878666,5338
-16.875071164343634,5339
-17.457034179439926,5340
-7.212826431993328,5341
-12.84613558531705,5342
-2.4844834176159183,5343
8.934329293711256,5344
-14.780124069170414,5345
-17.00776326015813,5346
-16.169212630729923,5347
12.571054457788136,5348
-29.074198932309013,5349
9.713325713376175,5350
-21.037850057212918,5351
-29.56698792635275,5352
12.021237279803977,5353
-13.958951629873102,5354
-2.95621137009837,5355
28.220903049890417,5356
7.374441692598946,5357
18.14356116764309,5358
1.6204706103521538,5359
-15.846482920810283,5360
-1.9730855649426648,5361
-25.77569343300731,5362
-29.096291913543904,5363
18.563737702392686,5364
20.625885935670645,5365
5.375766979692186,5366
9.965761132691256,5367
6.4517970749390265,5368
-17.974266818508397,5369
-15.681343555819584,5370
-25.73069037366135,5371
-19.038259052242253,5372
-11.917088857332054,5373
-49.0517338584206,5374
-18.762462375120837,5375
-16.08681130400055,5376
-11.317368977406321,5377
-27.211758838709077,5378
1.806234466903775,5379
2.21146277077479,5380
7.4153417128204,5381
-20.123135695421844,5382
12.343416222724208,5383
-3.165134508687484,5384
-19.690081704932357,5385
-18.51914419996934,5386
10.493508471438329,5387
-19.267796069057717,5388
-21.681886984771058,5389
-36.43935994911969,5390
22.477193408574212,5391
18.126070554322904,5392
-8.063033982664368,5393
-19.700624998520986,5394
15.744138327942576,5395
9.971705741514738,5396
17.87760047082006,5397
18.81616785245105,5398
-8.85574742740482,5399
-1.3788813268046622,5400
-9.702732991308608,5401
16.06545703173249,5402
-32.06802244081328,5403
6.644450206942208,5404
-17.202414915801533,5405
11.780266105049858,5406
-16.642897070862773,5407
6.443251020381352,5408
-19.862333051926647,5409
-14.309810792940093,5410
-27.81058347841492,5411
-17.426498496896613,5412
5.590042392572212,5413
-17.693172038830962,5414
7.002263671618916,5415
-26.619769127213914,5416
11.071218762902223,5417
16.898614005024893,5418
10.167843856758598,5419
-32.0805837401884,5420
13.971559946640532,5421
10.703507999130505,5422
-0.5010888450358184,5423
28.948638876739487,5424
-2.0117953657923238,5425
29.36123221451126,5426
-0.23818993149554935,5427
-28.737639687589535,5428
-25.285767264418197,5429
5.0576075510267255,5430
3.6250939578528723,5431
-23.61541590680653,5432
-32.42997043081388,5433
-7.696137026974817,5434
-35.33626762623889,5435
2.3555665751417667,5436
-36.331167122744745,5437
-11.528463497661514,5438
19.999825025616598,5439
-32.70141068666298,5440
7.382091825342286,5441
-21.24734290594248,5442
-19.545849536589223,5443
-22.14836134430866,5444
-15.07550843619665,5445
22.734941834592494,5446
-8.535616641834205,5447
-23.312672823043087,5448
21.835815130968868,5449
26.22263467939447,5450
-8.550561628748893,5451
7.255025536379769,5452
2.9453152639960045,5453
14.131586595179822,5454
4.508813648366758,5455
-21.709201896226514,5456
-2.356876012917821,5457
12.687400440861435,5458
3.652698816345886,5459
2.342662945167694,5460
-23.257149084481984,5461
-29.377947943054934,5462
13.296915755509406,5463
6.238923430853065,5464
10.067390829473299,5465
-19.073863449052894,5466
-29.97937712712088,5467
5.200775123090422,5468
-23.448487974774988,5469
11.288815297238596,5470
16.734196510257174,5471
-24.011845407061386,5472
8.413121990989552,5473
-15.013361944716031,5474
-12.658574205133053,5475
18.37872021862113,5476
6.8451505354272655,5477
-16.308576760535747,5478
1.6402681625651088,5479
-6.894888118516281,5480
-10.900609523300844,5481
-14.127479088008709,5482
-34.361159449538206,5483
-26.367480638632163,5484
22.46409012134279,5485
-9.855823286740934,5486
-22.02151949468597,5487
-15.974368542055517,5488
32.19228899866739,5489
-16.653036563313883,5490
9.062704156865973,5491
-23.968440205133334,5492
13.39510028656932,5493
2.1568508325492433,5494
-15.921576594582989,5495
-8.44301781081224,5496
-22.699308139083833,5497
-11.956528268658165,5498
17.339982577960395,5499
-23.06094536611133,5500
-24.833024953481285,5501
9.726500255157534,5502
-29.6553004469686,5503
2.205789804216159,5504
-16.376688743734032,5505
20.97287278177488,5506
-7.143907351088893,5507
-23.47945412989583,5508
1.720973844299822,5509
-23.466344923929455,5510
-20.626474662764654,5511
-23.351911028263334,5512
9.488307684919457,5513
2.8497122363267557,5514
10.881194625138548,5515
-16.877028701486694,5516
12.714857397914788,5517
0.8669682582693676,5518
23.54556314928804,5519
1.4181062710867245,5520
-13.204140648580658,5521
3.5039376956721906,5522
-9.406167806005257,5523
16.745077014474703,5524
15.887772205254528,5525
-15.79632276518445,5526
-13.953766079240998,5527
-15.053988818198249,5528
0.3842075202104436,5529
-15.598461312671889,5530
9.423498424195952,5531
-40.030327232971615,5532
-2.7553623654060733,5533
-13.166939415894294,5534
-24.124159040318805,5535
-33.63513653193483,5536
-3.5656176778760056,5537
5.101492695577528,5538
13.777873608722501,5539
-8.842638732983858,5540
21.251630079409285,5541
28.09983335017079,5542
12.586748667439291,5543
10.014196201212744,5544
13.234458909837208,5545
4.71017508513653,5546
2.14779989291843,5547
7.526996305077741,5548
-28.46309000786234,5549
-21.964678102211405,5550
-3.3009098100169476,5551
-11.775287363959295,5552
8.288742256135324,5553
21.469298238492332,5554
-14.978875084782686,5555
18.408598661943596,5556
14.042271807744275,5557
20.966863033437892,5558
-19.129482681876972,5559
-19.47418377592834,5560
-11.877011528255991,5561
19.852059698758136,5562
14.32149098723422,5563
-13.350587617965868,5564
-23.517383436304332,5565
-28.612365535245313,5566
-11.545569718518673,5567
17.336047178177214,5568
18.980149766580777,5569
-3.0964577535625195,5570
-19.964317816218,5571
-28.739985725720473,5572
6.105528121274512,5573
-9.786844778096661,5574
12.947342985455492,5575
6.174959370263666,5576
3.1480326080674583,5577
10.118245297433644,5578
-45.84680342577982,5579
8.067401839893119,5580
3.020206215962588,5581
8.420233615317391,5582
17.855411139435255,5583
10.677042655864224,5584
-6.183591308534665,5585
-37.76247784916118,5586
-19.04534515007881,5587
-25.440122025504003,5588
8.282073345486925,5589
-19.374701691788438,5590
-26.939391605971483,5591
-21.4111766434504,5592
0.7954692504374128,5593
11.287378383075293,5594
30.149140192223086,5595
-4.48909123049142,5596
-22.122335941316475,5597
-16.41882328368754,5598
-8.880889921585334,5599
-27.25121199929217,5600
-14.405258856102506,5601
-24.73656435306583,5602
3.5150437385364857,5603
-15.681774310663199,5604
-25.477256622158936,5605
-16.790043537514553,5606
-27.770236099039497,5607
12.194086994849844,5608
-14.676039190093842,5609
9.811190317293631,5610
5.449929362938416,5611
-2.8212408183875612,5612
-32.782766415884474,5613
21.83254353884008,5614
12.716188636659972,5615
13.797826049712068,5616
-23.113090390614513,5617
-17.822809200701503,5618
9.410604375906967,5619
-8.839230756998223,5620
-28.431306927727707,5621
-34.673145282496435,5622
-22.450018066450756,5623
-17.39564032679,5624
13.832253020240444,5625
-0.3434043507265292,5626
-12.406041469006567,5627
4.612172686633906,5628
3.5878001815763305,5629
-9.567713883500545,5630
-10.870774883714514,5631
-29.18376526679173,5632
-30.15346873535901,5633
2.7901007620765306,5634
-18.4602692037158,5635
-23.261645308885043,5636
6.2882426619950476,5637
-35.16614126383993,5638
-11.34779783270037,5639
-22.97444193693319,5640
3.572736529378858,5641
-23.11667863492934,5642
21.18038983036035,5643
19.342009527147937,5644
-22.219633199576904,5645
7.6884133346401615,5646
5.245187466983506,5647
4.939455813494501,5648
-20.954089513222648,5649
-14.831917700480044,5650
-27.671613898481223,5651
-30.155347792308852,5652
-27.380822804586032,5653
19.534860944049903,5654
-6.922084171712166,5655
-30.611317109058003,5656
16.433425358710608,5657
11.964068174117848,5658
16.960799206679923,5659
15.155438758375297,5660
9.476902867027444,5661
-17.770138423719864,5662
-3.2477514409128547,5663
-13.675180084843749,5664
-14.885411881183943,5665
16.686194947329227,5666
-26.027520418618185,5667
22.178465701981168,5668
-26.502285444910214,5669
-16.279373969584313,5670
8.835936391714805,5671
5.037325246148333,5672
4.226595154398494,5673
-31.11869030201601,5674
-10.098128741572314,5675
-26.08737031906639,5676
-16.04274644978824,5677
-13.522444222488808,5678
-23.656600938005315,5679
-4.174594144802686,5680
-16.750793581940705,5681
-34.62591351535485,5682
2.9315860058691676,5683
-42.18900670119531,5684
-18.144889843058703,5685
-19.003463655861488,5686
0.6153371532765508,5687
22.708429363081077,5688
-33.44988011246379,5689
13.7008851205951,5690
13.146139203400693,5691
20.194556239267367,5692
-21.164067044401587,5693
-16.279664092658102,5694
13.510270842246346,5695
9.640930087263106,5696
12.468323733066494,5697
13.157836307677911,5698
-7.2678128641347435,5699
-45.61038257404635,5700
-25.677948620068825,5701
-15.728646885481004,5702
5.539109295196406,5703
23.27152316093437,5704
-2.3527876820678926,5705
-21.749626511372025,5706
-4.283327134507676,5707
14.416373758613911,5708
-21.66986635387589,5709
-21.8382034082914,5710
16.146597798579336,5711
-5.789320771987233,5712
3.2604917302643948,5713
-40.31332247422363,5714
6.657081707378811,5715
-8.769822679060061,5716
6.303308882933322,5717
-14.565941074214104,5718
-18.44491598650844,5719
-12.949031955307156,5720
6.850147698316347,5721
22.68214562866525,5722
-27.628298481836552,5723
13.218577533336987,5724
14.847864733850624,5725
-4.922835910311376,5726
6.87691113852655,5727
19.04353189205866,5728
-7.085659356599708,5729
-3.519696617428197,5730
-15.83712353707577,5731
2.182660530891342,5732
15.349741306049456,5733
5.62839366737793,5734
6.514726481345827,5735
-6.334144100794601,5736
18.741036371162547,5737
5.005592786709087,5738
12.280232850520811,5739
-7.76397697075841,5740
8.35180068191793,5741
9.695674643656474,5742
4.571926844048464,5743
0.7897132912876446,5744
7.820974151740943,5745
-24.223440951385715,5746
11.237854949628218,5747
-26.310365551497217,5748
13.845878335517803,5749
12.501791576762109,5750
1.6268347892898403,5751
-14.67671587751579,5752
-2.1132017752316434,5753
8.019981014284244,5754
-16.064859556959703,5755
17.01753852572096,5756
14.372467646861008,5757
-5.774432243113029,5758
-23.22574803753453,5759
12.83792013592397,5760
-29.53004244266391,5761
1.8277980484874847,5762
-4.811270852612804,5763
-28.753955164806534,5764
-14.689045709470829,5765
-36.65295042379892,5766
-14.97075267297969,5767
-10.822919370372656,5768
-13.154356250899273,5769
-23.213793009991214,5770
-35.000672196375575,5771
-30.617442889721136,5772
-1.701242444578987,5773
-5.776791768667575,5774
-33.77723425206277,5775
-10.509383016368826,5776
-24.074253006558415,5777
-10.737206249788162,5778
4.378842913405419,5779
-14.719289615383468,5780
19.56454102137257,5781
16.12893412800456,5782
-16.44134546183482,5783
3.5129946473882363,5784
-29.749025681227003,5785
-12.517444850033954,5786
-43.51186834103839,5787
14.615873296796785,5788
-18.941473442353853,5789
18.798361207778765,5790
19.054244742312143,5791
-24.96787368335035,5792
19.807819926516647,5793
-15.786336229481979,5794
-19.103456106719218,5795
18.633868272449167,5796
3.0533500067273884,5797
6.692197325043672,5798
8.924610709319419,5799
-16.49081175574419,5800
-19.953720957047075,5801
-8.343936122492678,5802
-21.941109244983853,5803
-40.581554315121934,5804
8.1147773707944,5805
13.119074656392709,5806
-21.500459422089968,5807
24.28511052014165,5808
15.344245529015609,5809
16.963819262812404,5810
-15.649424081123591,5811
-8.973816310397956,5812
-5.213599339527326,5813
-29.00595976872656,5814
-26.10861979913329,5815
-19.48910209886669,5816
-20.867138005090876,5817
21.847209987995708,5818
-28.331753869402572,5819
7.515217045493468,5820
17.423410143817264,5821
-26.750054856862366,5822
-28.301565681176122,5823
9.79058159529057,5824
-14.604247769165307,5825
0.20457788337167848,5826
18.45928002786291,5827
-33.88713086845536,5828
-19.827829162990252,5829
8.569076536101042,5830
11.160452392156273,5831
-25.643277578502374,5832
12.532117003630123,5833
-32.243050323881164,5834
-33.79130979437494,5835
-17.19102018216404,5836
7.9749081963083945,5837
-27.473903733963347,5838
-26.33706547572098,5839
6.466412521077832,5840
11.966051842145443,5841
11.786572230781584,5842
18.48436830592033,5843
-41.76297198177316,5844
0.2802098913021167,5845
-22.93523140091102,5846
12.691875494058461,5847
-35.750591674019944,5848
-10.229274685835108,5849
-15.82103498949604,5850
-24.592481841536063,5851
-21.680426213258983,5852
18.897414957749444,5853
-9.390010973608387,5854
-0.09377933267224581,5855
-31.10970326167777,5856
7.8654245532414215,5857
22.108786596152676,5858
-33.53507531294726,5859
-2.246434405920654,5860
11.721365275836938,5861
-0.8951772373747282,5862
6.167934488985283,5863
-15.154036012240661,5864
-16.79470387948465,5865
-15.300989419575686,5866
-20.23379588700314,5867
-20.722439522746065,5868
-23.215463320833834,5869
-23.4612314307549,5870
-18.714592811466655,5871
-26.630555194100083,5872
-24.420700771646217,5873
-25.046152249264743,5874
-31.258799312345058,5875
-15.344926800572988,5876
-11.279172022200516,5877
3.624931570212821,5878
23.511425334349536,5879
-24.517252520845847,5880
9.71110216653509,5881
5.915955425596014,5882
19.819965638180374,5883
-17.714407665269754,5884
-3.413576447011616,5885
-5.874400901662776,5886
-35.6138932443955,5887
17.816175702689165,5888
16.26395939507658,5889
17.437294951032644,5890
11.154984382516265,5891
1.8602018263979545,5892
-29.88401900056669,5893
10.894334395703847,5894
13.043360611598708,5895
1.5098365290202418,5896
-25.825161291635887,5897
-16.38682572710809,5898
12.142332633399562,5899
-14.467958117549275,5900
4.129924032372308,5901
18.72228062277207,5902
4.972117366676221,5903
-21.116750857289034,5904
4.211906550893383,5905
4.508283414772459,5906
6.611440626627958,5907
15.425040845498476,5908
16.763887831668015,5909
10.929780117452363,5910
23.460830976076434,5911
20.312612855414844,5912
8.643073261536328,5913
-22.877983705397757,5914
13.821166960567552,5915
-15.155840344066291,5916
-12.048110235591473,5917
27.35759328285085,5918
-8.999166892990491,5919
0.8218726537200061,5920
2.6916491682424457,5921
-30.54210667606116,5922
8.381946076428115,5923
-3.2498512195830496,5924
-17.615789757566766,5925
4.7830902807277305,5926
-19.061408361979467,5927
-7.404823202850182,5928
-21.187181162985475,5929
-12.654293571967138,5930
-17.602628921161187,5931
23.30436066296852,5932
-42.1459135604521,5933
-23.397957372284523,5934
-19.616823254529645,5935
20.41845980047697,5936
-21.45057354177834,5937
-9.519163441346528,5938
-9.412282284920746,5939
-23.446376411083886,5940
-1.0035950772834674,5941
15.319005358796854,5942
20.868553051986552,5943
7.754310789233042,5944
-23.518606004525374,5945
-7.350224211784741,5946
-17.198286820483123,5947
-5.7828151848617715,5948
-22.303897011253486,5949
4.106523307987702,5950
-6.267830096526029,5951
-4.050684235473459,5952
-14.405899499837398,5953
-18.357503730085256,5954
-8.040604743288753,5955
13.326744637750092,5956
-4.825194660103143,5957
-19.53250533499709,5958
14.925310926232985,5959
-32.41302524830568,5960
11.668560433054147,5961
-13.82919550928805,5962
4.726989950815417,5963
0.10093736372003637,5964
-22.728504847852346,5965
16.4871290336759,5966
-6.576761957016194,5967
-19.226630911789798,5968
-16.311641758586497,5969
-8.346851697520478,5970
-18.164208075900845,5971
8.002713405185219,5972
4.844916918151746,5973
1.7772306323177212,5974
-11.279847392126449,5975
6.4252583420294105,5976
-0.20969165881422214,5977
-13.259066336990589,5978
18.35634466738331,5979
7.6376102938367865,5980
13.695087409826264,5981
-14.637800908062466,5982
8.388105099208149,5983
8.470635424556942,5984
12.649874332317165,5985
19.420114755386123,5986
9.154684576017491,5987
9.24692204562648,5988
-17.35862219073097,5989
-18.339178052843415,5990
5.330094378929022,5991
-17.372736757192897,5992
8.649957459974035,5993
-12.02781847291834,5994
-15.393644143119573,5995
-26.004797503760447,5996
-3.7434051656028267,5997
-8.127420331319541,5998
15.34376889339213,5999
-8.316202724478545,6000
-7.3074622272557495,6001
-17.143794217233445,6002
-31.39076788079509,6003
-26.125657206871008,6004
-8.161215560023969,6005
-2.4647442876617105,6006
8.572767143145578,6007
31.335648523766487,6008
2.0435697344178436,6009
15.400955068356573,6010
-9.639477850894604,6011
-13.104619302628814,6012
-33.06262564416028,6013
-29.22056641088638,6014
-34.44262307052889,6015
-13.584293144364704,6016
11.737774784334963,6017
-34.66363413150571,6018
-13.997937016591877,6019
-41.80290244740923,6020
-7.763229231275892,6021
-29.05090431883547,6022
-8.315385631122222,6023
-29.631101943569494,6024
-24.846591843531396,6025
-32.89578652180562,6026
17.77000791672861,6027
18.279338487926186,6028
-8.565082648033219,6029
3.85643753091534,6030
11.10871651684554,6031
19.839341276041477,6032
-7.033056898725193,6033
-18.811734172406688,6034
23.376809197364242,6035
6.124001841143659,6036
-30.631624132321495,6037
16.493530738985548,6038
16.05163539564793,6039
-11.011593232816079,6040
-30.664326085704737,6041
2.8561911148279844,6042
-9.443262332204322,6043
-3.212369471705211,6044
-9.804723440732893,6045
6.0991677810343425,6046
10.490815775953987,6047
-10.655659851459422,6048
16.900306388897352,6049
4.095852049328249,6050
6.742699771433081,6051
-0.722690968135403,6052
-28.54967957188244,6053
14.998254831473016,6054
6.076720839059849,6055
-10.165438811997582,6056
2.7729032650170335,6057
-23.167109964608144,6058
-25.132785958618722,6059
-18.06843302443325,6060
-7.875415478824929,6061
2.4684229078780398,6062
4.351082356500013,6063
22.702255504106535,6064
-18.160408191352793,6065
15.335727357922124,6066
-8.868949188312884,6067
-16.536529202381345,6068
-20.965215097096838,6069
-25.873320093827093,6070
-29.948308335585317,6071
5.352192853149809,6072
20.317707486111782,6073
5.232044303292728,6074
-30.12361715577208,6075
-9.353132785720359,6076
-22.168087237267866,6077
15.691569092062021,6078
-2.743891220803156,6079
-1.0893070937995333,6080
4.992470403992808,6081
11.4761683970859,6082
-30.38281840224119,6083
-26.344944754470326,6084
11.341088767735744,6085
-0.1005638948151768,6086
-9.850997290504843,6087
25.411971642480275,6088
3.854679002988229,6089
-2.9986819653038768,6090
-13.984923131533437,6091
8.723907285000323,6092
-28.674580845468707,6093
20.305979170046484,6094
-13.100942286495961,6095
10.249203970755499,6096
5.767133411314788,6097
2.248044700844898,6098
17.227888228478044,6099
5.976348146891674,6100
19.317697650434962,6101
1.758657811607355,6102
-27.70997630940148,6103
-8.122959958123454,6104
-28.756276823390134,6105
-25.40568165818944,6106
21.019388792377097,6107
-2.6968332233603323,6108
5.798845960282803,6109
-7.938136088832897,6110
-18.62562850401018,6111
4.357390243934056,6112
-15.248295832768333,6113
14.464072746393072,6114
-8.780228089047434,6115
-2.26697163330879,6116
-11.853110048372299,6117
-21.264624929685496,6118
12.789785664257401,6119
15.759038178452084,6120
-15.984243548602992,6121
6.741483950446149,6122
-2.7961674386527133,6123
-24.39731668917538,6124
-20.77838307021626,6125
-6.263088553631478,6126
-22.028640026697285,6127
-16.57744305340956,6128
-24.99169933513784,6129
3.0435147181542774,6130
16.969585637347837,6131
-13.601459525579092,6132
-43.04610670236193,6133
5.21522541298857,6134
16.288211050315212,6135
-17.08627115346249,6136
-17.77105954678899,6137
-23.210773034276187,6138
-12.148855654417567,6139
4.320019729286926,6140
18.718775280700655,6141
14.280374746128938,6142
10.308001967536075,6143
-18.470459320846498,6144
18.79491492593085,6145
6.538031058799977,6146
-30.190128277689343,6147
-28.754848587239813,6148
0.901576857746412,6149
20.991167218747794,6150
-15.22847192845431,6151
-29.588401782926375,6152
5.858816930591484,6153
24.41161834266132,6154
-27.67143027289318,6155
-7.498446055528655,6156
-21.32695507407233,6157
-23.068263529796138,6158
-10.536685097471516,6159
-31.938344296498354,6160
-19.602636508206388,6161
-13.004965622672053,6162
-14.894951713111151,6163
13.732722614255756,6164
-11.519810873867264,6165
-18.27506245785615,6166
-19.066970355465706,6167
3.7623153175862853,6168
-11.19125038173052,6169
21.790724781640566,6170
11.118922780760503,6171
13.837484164855468,6172
10.884655662811294,6173
-1.6477342471251522,6174
-7.640347962975445,6175
2.0902553241893296,6176
22.254736623352695,6177
13.459193641365598,6178
-12.287639241684648,6179
12.310689373352837,6180
-34.39377032823588,6181
1.7022300586321215,6182
-23.792775681618142,6183
27.02795547480875,6184
21.40281794863126,6185
-14.516235858334447,6186
13.104776476911912,6187
-20.883114256503085,6188
-28.62016788551037,6189
-2.190071459247939,6190
4.545503327300221,6191
14.341956134946294,6192
13.80660248836675,6193
9.518277985536866,6194
6.2342401121743585,6195
-17.88969163840023,6196
28.118561288490426,6197
-16.969559339143707,6198
-10.171571446880936,6199
12.137447683447675,6200
-20.44746230639624,6201
9.897673774631151,6202
22.272759803411443,6203
-21.907547516634516,6204
-20.558732607935134,6205
16.651007479895014,6206
15.639769271944012,6207
10.595856521893918,6208
-13.952366635168994,6209
-19.69709046931407,6210
-19.23860713562507,6211
6.293137051424086,6212
2.6897312672607914,6213
11.647746216845988,6214
-29.600616268071846,6215
-6.8589049101684365,6216
-19.787962423878874,6217
-23.476189384549365,6218
-17.70859477813087,6219
-12.029205995815477,6220
5.00086999526177,6221
-12.808529717651142,6222
-13.873544369978383,6223
-15.433920468570793,6224
18.646283465789825,6225
12.00063318551475,6226
5.519439906544639,6227
-25.15653712414872,6228
-18.798206181443817,6229
-2.820696529585313,6230
7.803843011345974,6231
-10.373971845286643,6232
6.9954648752823285,6233
8.20343726458895,6234
-27.65069489052358,6235
6.395307876347507,6236
-18.691824943903253,6237
16.67303565738002,6238
-15.576136045176497,6239
-2.2987542718319234,6240
-1.7561733137077478,6241
-6.370482862494288,6242
5.11857978649703,6243
3.831137186851292,6244
21.308530303726332,6245
-18.43553720965629,6246
-26.17490854026691,6247
3.6691001764138864,6248
7.2551607290248725,6249
7.269083958004284,6250
-41.44950386057964,6251
-28.753652049671487,6252
-7.830076746307075,6253
-19.0319034660296,6254
-11.894336142280322,6255
14.990210123131131,6256
-17.189694600809858,6257
1.9347285685484712,6258
7.562547695976733,6259
22.07994949894071,6260
-29.619133432525285,6261
11.334400591011832,6262
12.920944490681453,6263
-14.109881329015748,6264
4.026710289446195,6265
3.73380126867181,6266
11.442437975333164,6267
-16.93977693206711,6268
-6.26671071421121,6269
7.229102741720993,6270
-18.757548726242447,6271
-4.265915330511852,6272
12.80650044722099,6273
-22.70840942981244,6274
-15.236520253705587,6275
4.374558514024438,6276
-21.44220073955662,6277
18.48482418832686,6278
2.8103960658871348,6279
-0.6620856503774011,6280
-19.669935899994144,6281
12.271020632994851,6282
-20.070218471762658,6283
16.391453210444713,6284
23.600426976720932,6285
18.463768087673827,6286
-29.049869567514477,6287
3.677694751722898,6288
-31.561119334411522,6289
-6.265755492387415,6290
15.290703453885225,6291
5.854280556351423,6292
13.953304505246809,6293
-11.701333812155333,6294
-18.94472539844902,6295
-19.901695143156125,6296
8.323166516282262,6297
-17.006947463178463,6298
-18.9994070209151,6299
-17.121597807402672,6300
13.618856835947739,6301
-14.228669661957566,6302
-16.627226404874442,6303
-9.246525851323495,6304
-24.600820817707813,6305
-17.71317324195227,6306
-12.731528479163696,6307
-22.51214097377893,6308
-5.6207671296945305,6309
-7.411420303486842,6310
7.389327136381354,6311
-27.65488156603142,6312
-8.822968795335257,6313
6.468674966455582,6314
-24.541294088516103,6315
-15.569478504119878,6316
-4.782390016038404,6317
-30.669544955052107,6318
-35.22188955362721,6319
14.045029847244109,6320
-7.948217170111782,6321
12.951896678146252,6322
-28.494285746102523,6323
-12.200570965784879,6324
-31.940888227919768,6325
-18.6401905694866,6326
4.0648771259451735,6327
9.469090623274605,6328
1.4572716946737287,6329
-21.159176129890035,6330
-22.246661481779494,6331
-2.8295414932871314,6332
-38.728659581309806,6333
-3.1545806323503047,6334
-36.24004140024551,6335
-10.67420506140964,6336
4.819145761097964,6337
10.319492102831589,6338
-18.536745364567892,6339
-25.344776497606052,6340
-19.216077425106228,6341
-8.004502439690787,6342
3.1537915107765304,6343
19.81722544052966,6344
-20.56149257279572,6345
-25.08792704755427,6346
18.539381507391457,6347
-32.76232819324104,6348
10.060658528407055,6349
-20.597623479291492,6350
-22.639445154689604,6351
-14.168489493833976,6352
-15.943481864452359,6353
-12.042595615453166,6354
23.48232658657403,6355
-23.097169067086135,6356
24.932995075954878,6357
1.6563328831840645,6358
23.275829476319633,6359
4.593015265815104,6360
5.315967471199951,6361
-27.609127153989316,6362
2.0948558345018924,6363
14.145148303378612,6364
-19.389817646692514,6365
-12.849675498161922,6366
-5.5870898884899045,6367
-13.34732596878068,6368
11.761203800180844,6369
-7.497988019194172,6370
-0.9905689289651018,6371
16.272875729643875,6372
1.956903629201932,6373
-4.229084405808916,6374
4.562596929904071,6375
-9.473421667562697,6376
-28.01384396254485,6377
13.727345962701243,6378
-8.977956719593315,6379
-12.68438805381701,6380
-11.170908740593376,6381
-3.9441700181061674,6382
-12.328623914600097,6383
24.97659269450627,6384
8.327819130457792,6385
19.49005343680208,6386
-20.881533009898757,6387
-14.152108151246738,6388
3.683248109548762,6389
-22.129064093997123,6390
6.343587070763951,6391
2.907785218881239,6392
-26.122057175737766,6393
-35.050665994814366,6394
14.961543269056246,6395
-12.192601930589234,6396
8.210515549723704,6397
-9.287176340578437,6398
0.3203723354426211,6399
-7.431747708883073,6400
14.326088878950433,6401
-0.6619886464891991,6402
13.118405234535228,6403
-21.473839685578096,6404
7.097066042134799,6405
-19.455362972966398,6406
-12.747480632447012,6407
20.0090094879495,6408
-28.749338389186555,6409
17.172991441421374,6410
-8.931580104997769,6411
5.7503933988656915,6412
19.272145665063835,6413
7.837841008472125,6414
12.4919797445291,6415
-10.618054973736566,6416
7.931378826698694,6417
15.016892938458511,6418
-14.03362473705782,6419
-20.811981268377195,6420
-5.3123702981977035,6421
-2.5831656895258206,6422
-6.519783146286864,6423
-12.631061473039153,6424
-11.138340306907232,6425
-17.15508225887659,6426
10.138161847991787,6427
-17.3670717512762,6428
-21.72395560938911,6429
19.553641741283567,6430
12.131872786127762,6431
-14.660625388455163,6432
-19.310047275889417,6433
-41.45363767645091,6434
-20.489931158533974,6435
7.017027530314332,6436
18.9013602386877,6437
8.311911353100617,6438
9.02021216956784,6439
-27.425447905246408,6440
10.546045130603083,6441
-10.51778931055332,6442
-33.064079284676325,6443
-8.14908603811354,6444
-11.544626222846166,6445
-14.73281210640952,6446
-15.690617543552762,6447
6.950252790444317,6448
-24.587515054669616,6449
-5.907595790930729,6450
23.412864665649696,6451
24.124807965541585,6452
11.943604190279444,6453
-30.547184588862446,6454
-17.799460227160427,6455
-10.405381884241852,6456
-25.286029017054474,6457
-25.238544617844436,6458
-33.299794493242054,6459
20.859608453693298,6460
-4.414946309616078,6461
-9.19955037790288,6462
-14.651600717141879,6463
-18.3641822238311,6464
-17.967890774236622,6465
-29.799687563119942,6466
7.268096554068562,6467
-5.4708268396134985,6468
-12.943133227307163,6469
-14.867924431090486,6470
13.665182155600931,6471
8.331905164550228,6472
-6.719000365563515,6473
15.571527376642276,6474
7.941515939549751,6475
9.922340974670181,6476
-38.45623181222811,6477
22.514217996589498,6478
-9.947831480031176,6479
-14.29853174617833,6480
-24.459338704138045,6481
-17.44663974355246,6482
9.78904790095125,6483
9.030578981693544,6484
-20.759786326747548,6485
-32.06270549157974,6486
-6.829977512105147,6487
8.171508271419432,6488
-20.942018945131437,6489
-17.10096240983965,6490
12.998102828019299,6491
-24.66388144785643,6492
0.8126063014313161,6493
-6.630287582107092,6494
18.670808164582812,6495
-27.208958565596127,6496
-20.263953761310162,6497
-21.328681606397417,6498
-38.34895254027711,6499
20.083050279531268,6500
5.646736596081157,6501
-0.21424282811825357,6502
13.409272869625802,6503
-24.319669592372936,6504
4.462361545496401,6505
-31.24688088786427,6506
6.187142354732266,6507
-24.82568799305588,6508
8.533778215487256,6509
-24.86840914766958,6510
-15.680330900140472,6511
-14.674734172081784,6512
-28.03556523380217,6513
14.922492057895766,6514
11.639059840837515,6515
-16.465548216834286,6516
10.824715230843669,6517
-1.1654060469498981,6518
-22.22107370676808,6519
-29.132658877853544,6520
-21.098322544423972,6521
-27.86070540424407,6522
-35.26387657701292,6523
-20.708583177534305,6524
-17.149783197164943,6525
15.476910060923721,6526
-24.69084902397684,6527
-7.914165795365781,6528
-26.209288739254482,6529
15.905968964723534,6530
11.743882988697063,6531
-15.25749421904697,6532
-7.709848808520455,6533
11.322551480164819,6534
12.774643020676649,6535
-37.83750406955539,6536
16.724993008395682,6537
-21.102226012683417,6538
-19.93577590505639,6539
16.840224592037224,6540
-9.310549496669102,6541
21.981110978444807,6542
-13.46292499726609,6543
-16.585177464535583,6544
-31.98072612050609,6545
-29.712667259597485,6546
-40.58092875761545,6547
-26.88106176790075,6548
8.974510278339647,6549
-10.764955453053048,6550
-18.224854478986476,6551
6.261373600257404,6552
-0.7549158369668421,6553
13.709879603308785,6554
-20.044820044452926,6555
3.503388235545037,6556
-8.794176708427845,6557
6.894811399501567,6558
-18.101527390286265,6559
21.665132332286273,6560
-7.784408981851582,6561
6.21600497711143,6562
3.48951341920397,6563
17.50877395633188,6564
7.479997436037619,6565
-24.581176493592654,6566
4.984914486175418,6567
-24.248887342600227,6568
2.8134672183142353,6569
-31.057819676545915,6570
-23.98013683057422,6571
15.430811739150446,6572
21.60521723699976,6573
-7.52176426316238,6574
-28.925651730793597,6575
-10.066540926928923,6576
14.766137065040592,6577
5.953899540847999,6578
2.753647012942002,6579
-20.93378072872166,6580
2.53598242965988,6581
-6.530771093770136,6582
-19.164619779107973,6583
-26.207688797675623,6584
8.930142055143332,6585
-10.554336186394153,6586
-24.38952894463187,6587
9.699209994947582,6588
8.68848930301396,6589
7.754219789731659,6590
-15.72509907777878,6591
-17.59359475961555,6592
-14.220584612112086,6593
-36.8511167761015,6594
4.608795026607236,6595
-7.88028035498334,6596
-11.369715853883791,6597
-0.033248556232682525,6598
-16.83642467404479,6599
5.943579520170363,6600
-3.065929359871646,6601
24.814252286652113,6602
8.605255255073468,6603
-21.597703759112214,6604
-3.167104294717327,6605
10.069611594796708,6606
-16.625612190025834,6607
6.03976292826917,6608
-21.995403296018466,6609
-22.254390648162023,6610
-14.132123404550065,6611
-2.486486335426253,6612
-22.94436327111959,6613
11.288319146300125,6614
2.6531824532013033,6615
-37.600025694336004,6616
-19.160395557569295,6617
-22.13059005073091,6618
-21.372290047035822,6619
22.41493386545266,6620
-4.879334122103543,6621
-38.47703128547166,6622
-28.03457249032488,6623
-12.776722488012673,6624
-14.939404246735892,6625
-29.83868342870893,6626
-10.20108397221528,6627
-25.237515678527988,6628
-2.093520325632615,6629
-29.09602596625593,6630
-15.034188407136474,6631
11.125769202279606,6632
10.791104310372067,6633
-23.999514382195535,6634
-24.688299817568698,6635
4.311100579275827,6636
5.406667609685613,6637
13.586273648044887,6638
11.11016607148386,6639
-2.5483089475239193,6640
18.541331746404126,6641
-32.69728294208643,6642
9.27056335351296,6643
-6.6404478842325645,6644
3.0188373588484154,6645
20.169687569419278,6646
1.4953489778967342,6647
-7.3639083633584,6648
6.997568787151867,6649
20.46892170537504,6650
-16.47152167938895,6651
-10.027558037376364,6652
-0.8104770483646098,6653
5.960534068356651,6654
12.29900059065504,6655
8.324870668663758,6656
-17.59332525143653,6657
11.899492715567536,6658
-12.613401484191417,6659
-20.220184493797404,6660
13.485614668776886,6661
-0.3829084185850844,6662
-0.3728006295099222,6663
12.405766883125217,6664
24.234791771952175,6665
-22.254629330323258,6666
7.103531286254011,6667
-18.898930699846005,6668
-11.299814359067565,6669
-19.65543507711251,6670
-8.69525027230823,6671
-0.694693783070897,6672
6.173165286658916,6673
-31.29236708106977,6674
18.136901203555123,6675
-14.371443583196873,6676
-12.702000894016848,6677
13.866759524965321,6678
-16.349131313283912,6679
-4.407161170425564,6680
-6.9797452754720455,6681
-26.55227879669694,6682
-9.388990579730368,6683
-26.014116876646792,6684
-13.131983562681615,6685
-28.264370732131255,6686
-0.5632586793886079,6687
-26.459597355768594,6688
23.979016102182342,6689
-23.00044065057279,6690
-25.280077449251824,6691
-29.97446333648301,6692
-11.875749287718994,6693
-17.410231759813858,6694
-14.481912863739696,6695
18.759391661251232,6696
-6.863629984446736,6697
24.736927971998586,6698
-26.913539314627002,6699
-12.006465939297406,6700
-15.740834022824785,6701
-17.073108713562057,6702
1.6033086165644166,6703
-24.3213341443564,6704
7.375938181397057,6705
-22.28545392093196,6706
9.37568767387974,6707
4.75992431820139,6708
9.41232162779288,6709
-25.49586371183619,6710
9.394848591543383,6711
1.6494853157203426,6712
-23.817565057226666,6713
12.770905494583381,6714
-12.026798022785265,6715
9.14634067352731,6716
-13.550524074917114,6717
5.489759999933728,6718
-23.862168636742567,6719
-37.12849465327864,6720
-11.040139632809113,6721
-13.575358079670721,6722
-26.026667469804355,6723
-29.213011943124613,6724
-16.88829353794718,6725
-23.51598755043414,6726
-17.709044609706755,6727
11.836012807431015,6728
-4.7188239824777005,6729
-8.398345800712754,6730
-16.75569167590219,6731
19.894943143573325,6732
-22.847928730176186,6733
0.5358171005795089,6734
-21.903616093794856,6735
6.957676052401538,6736
4.294105548560099,6737
2.8973268557812943,6738
-2.6729943024354745,6739
9.824770760647557,6740
-21.97172726897299,6741
16.14164930321552,6742
1.2431900446150044,6743
-24.771023982121513,6744
-29.2808144837524,6745
-27.168597729078353,6746
-14.815036255760164,6747
-29.63791494172085,6748
-23.973046911817026,6749
15.656068734222629,6750
14.462760492298592,6751
3.1787427768420713,6752
-31.281311672244748,6753
-18.668381208158884,6754
17.455525637258713,6755
9.575865469425183,6756
-13.050275357413,6757
-0.9450986310243472,6758
-51.006379165084326,6759
-24.70897452096335,6760
-15.194249372982977,6761
-35.21244390859625,6762
-7.154913617690369,6763
3.2139817635941856,6764
8.490831653490082,6765
29.051004124204347,6766
1.7561807978502841,6767
-31.04037583260974,6768
20.33175921723273,6769
-15.277419479891236,6770
1.9557144361049934,6771
-34.024910445131994,6772
17.27108689797505,6773
-8.017214099725742,6774
3.671527216748263,6775
15.366225405226789,6776
-23.07624132463044,6777
14.144408809825734,6778
-21.126360011222506,6779
-8.205917406404723,6780
3.6617178395308763,6781
-23.110384715401647,6782
10.493024682298731,6783
18.754447827275072,6784
23.772018026343954,6785
23.359149024431076,6786
-43.511816217305174,6787
-33.763743256019936,6788
-14.656088103091877,6789
-15.568872934902195,6790
-12.165516441570338,6791
6.642998573638211,6792
4.749286818641826,6793
14.327608350894138,6794
15.298863785977517,6795
-16.726314290320065,6796
-13.696027639529062,6797
-0.5803178068977788,6798
-2.893322373412518,6799
-17.750119150290736,6800
16.493960662077598,6801
13.562513590207796,6802
8.175136973775972,6803
11.87018125233644,6804
14.40109885513521,6805
-11.872140480348179,6806
-15.571145770997974,6807
-5.496875703490897,6808
-20.402709548459292,6809
9.093382359361643,6810
-3.448610283572712,6811
-18.675344627954246,6812
-15.594085942905869,6813
24.145674691263988,6814
-6.897707772851977,6815
-12.873280898971153,6816
7.428607481636634,6817
22.33519702787919,6818
1.007140972557158,6819
-15.687674827717757,6820
-15.935588745088639,6821
-18.474100644162682,6822
4.653802383267507,6823
4.212492326676575,6824
1.3208705243593304,6825
8.637282097145414,6826
2.9059488307974455,6827
18.701360288311097,6828
-12.147730527831815,6829
-28.819577206160137,6830
-12.120894929459887,6831
-29.69239353861269,6832
17.905634283286012,6833
11.58536369639658,6834
-28.499429527481144,6835
10.22565792602204,6836
7.883966973279195,6837
-49.26073398901934,6838
1.7091641264744002,6839
-18.32267547415953,6840
2.8278926560293094,6841
1.4801748047322985,6842
-15.417499318975818,6843
-19.260528390916356,6844
14.437694653811334,6845
-24.103710193101143,6846
-17.52122630393486,6847
-17.556509309240973,6848
10.322217397676564,6849
2.975102700915711,6850
-32.86631442910053,6851
-16.56285109522147,6852
-6.1001490627897486,6853
-14.939743608580658,6854
-26.311294242716322,6855
-23.94242194161102,6856
-8.017631575567126,6857
-21.76580372826823,6858
24.756387056579243,6859
-34.204490570760456,6860
11.645689914303766,6861
-16.63422379270022,6862
14.00750188901582,6863
-6.175795340500299,6864
20.394688457508945,6865
-16.364776831200285,6866
7.059394751586106,6867
-24.200366810762993,6868
3.551128187104661,6869
-15.656779863189593,6870
-38.8131287264444,6871
-13.958290761500859,6872
-17.218350316769072,6873
-23.774477817912985,6874
7.841922976717926,6875
-4.134818046821428,6876
17.69686804210963,6877
-30.084403699150936,6878
20.3043414440887,6879
21.43909414873775,6880
-7.984265607726347,6881
13.175840265037127,6882
-34.01664461876422,6883
14.98854548705684,6884
11.464063914912252,6885
-31.797992443725484,6886
-20.508492105536558,6887
-14.030833980421676,6888
-26.4807981572178,6889
3.658309842182625,6890
-16.90531875404689,6891
7.821325445661557,6892
-24.691769271109962,6893
7.614271146774078,6894
8.601108755938276,6895
13.910714027662042,6896
-5.626852157529241,6897
14.283369294701686,6898
-25.19632786731231,6899
4.8890659053694865,6900
3.8472499746343676,6901
-18.268210770507203,6902
-17.680864297900516,6903
-22.79017594630577,6904
-25.0730743388038,6905
-3.4850337053954297,6906
-35.86310034112837,6907
-13.03924243188954,6908
-19.371307867634776,6909
-21.97338826749153,6910
6.187684208150678,6911
4.20330495165345,6912
-12.03767875278934,6913
-18.726623811371297,6914
20.1127238216394,6915
-32.45843072706782,6916
15.784886461953189,6917
-17.834215093726296,6918
-32.21873784483123,6919
15.38111932259088,6920
17.21590842604218,6921
-8.649208536583,6922
-2.2907841861484615,6923
-11.372819959624746,6924
23.587350076939824,6925
-20.876158925852376,6926
2.9879450327040917,6927
20.97871201668831,6928
-30.355123670960065,6929
-1.8918070629748973,6930
-22.045752784289647,6931
20.07159739413032,6932
-24.64825463865603,6933
10.848514113495124,6934
20.59800145791459,6935
-14.812586588705427,6936
12.492263853879837,6937
8.663024891586703,6938
-1.1153107421265647,6939
-32.403879341120074,6940
-18.73241975676425,6941
12.79935887687127,6942
8.207656959472414,6943
16.103723043811087,6944
-16.423178944429033,6945
-0.08837975147154786,6946
9.61438576868029,6947
-13.78224234359347,6948
-2.6626508575340404,6949
5.513256766504664,6950
22.229868282783936,6951
10.364615904472576,6952
-33.23940801376688,6953
23.23044946641565,6954
-18.032550247885787,6955
-20.340076501915213,6956
-24.750926344014346,6957
-18.040471479123475,6958
-37.526601955052215,6959
-13.435466913967655,6960
21.400591840585115,6961
16.470903352188905,6962
4.640970090209887,6963
-14.296768923163755,6964
-40.47106165336805,6965
8.36649560382138,6966
1.6755911069553404,6967
11.973721733919373,6968
-10.073523622172189,6969
23.953492934197218,6970
-5.233926005586979,6971
22.03505325180791,6972
11.57663910292177,6973
-16.975590839330295,6974
2.805770329857646,6975
18.568812503114053,6976
22.685236324986043,6977
15.220404979612645,6978
-28.59013107015313,6979
8.652614951522489,6980
-30.036313353549104,6981
-17.750889921710783,6982
-23.209085904408596,6983
1.199200257530559,6984
10.85400739735277,6985
11.364764727551602,6986
4.9132386644015345,6987
-5.382605444599009,6988
10.54599872136101,6989
0.5659574866056891,6990
7.794071717650809,6991
2.454119419828606,6992
11.00853926957463,6993
-30.984157210959143,6994
-17.461588351168274,6995
-20.026612480296706,6996
5.723350165991002,6997
-21.55358514915695,6998
-9.721757484993795,6999
-45.60927101488815,7000
10.867355354273684,7001
29.24596462357311,7002
14.226384739159652,7003
-22.971847670110524,7004
6.218810296722905,7005
-19.27715990431362,7006
-13.555471308745767,7007
18.17193833735481,7008
15.746194619558782,7009
-10.794394849692136,7010
-10.674771273230228,7011
7.826823507873904,7012
18.37683251152731,7013
9.692217963529489,7014
9.344161548541798,7015
-14.683195536471908,7016
9.444589680992022,7017
15.507256520145273,7018
4.9704503186035005,7019
5.537164826662069,7020
-4.099812398804089,7021
-15.070943798574989,7022
19.52108991568521,7023
2.444779257401528,7024
-33.61914116758541,7025
5.7153502716822775,7026
-17.842161563923206,7027
-26.93389259027964,7028
24.619033437327065,7029
17.724822819690306,7030
3.7175445767004227,7031
-26.950545864823585,7032
-20.648046324447023,7033
3.8133728213865847,7034
-15.893818775138792,7035
-5.597886651598244,7036
-30.783998334915783,7037
-4.84871702141622,7038
9.745439760313726,7039
-12.078260411913227,7040
15.355996368163314,7041
-8.58404519627802,7042
-12.688502948767265,7043
24.57972247082174,7044
-11.721447545051905,7045
16.54270957862771,7046
-16.03769723690208,7047
-12.028497728036998,7048
13.950708007294338,7049
3.687581419259354,7050
-5.725251498744828,7051
-22.464393875191565,7052
6.421368001083335,7053
-19.402892829909774,7054
-13.367388554538813,7055
10.27468913511545,7056
-8.97564718558351,7057
9.077311367017042,7058
-2.654796033609309,7059
-13.986948557693221,7060
-12.763387448676884,7061
-30.473160001247585,7062
-21.868140606221704,7063
-9.09542392347828,7064
19.942759924683045,7065
-2.954326369393817,7066
-9.28243492275861,7067
16.712997061943312,7068
29.320893966916813,7069
-36.57157605202768,7070
13.22199058415669,7071
17.867794587597867,7072
15.808252580670118,7073
-13.979148165555452,7074
21.157021778419193,7075
-20.836493373504688,7076
-13.237070266607814,7077
1.736276929591683,7078
4.408510199178371,7079
-25.109641640400966,7080
17.523472821787742,7081
-12.758277868885006,7082
6.452210447390824,7083
-16.421790658007648,7084
-3.51884527986463,7085
9.983489805004336,7086
-13.304723906429063,7087
3.3997644853691558,7088
0.12041697474005808,7089
-29.03044407403832,7090
-13.325805225809841,7091
6.049541235010242,7092
-19.364771919556176,7093
8.681653486932278,7094
-16.656476435355348,7095
-24.386478012505012,7096
13.430328180215419,7097
8.64411094344625,7098
-13.310942327265838,7099
14.833701654792439,7100
-37.99907094580717,7101
13.531330395697175,7102
-21.817486676222323,7103
-24.399091134608415,7104
7.372371575353137,7105
15.49531962693511,7106
0.9958094115836271,7107
-14.07877216815461,7108
3.899456620041759,7109
-22.047383246097752,7110
-26.96584550949636,7111
7.039326018204536,7112
20.480847983129756,7113
-10.444352975986732,7114
-23.21869987313365,7115
17.177454212335967,7116
-5.309944842345133,7117
-18.382328609882098,7118
-2.624371416027243,7119
16.684793886457268,7120
-26.989734363210243,7121
-23.37421111979071,7122
5.725244554116951,7123
-27.950140716362547,7124
20.85960261036411,7125
-32.807759714137546,7126
14.950922750985278,7127
-31.83678374050513,7128
10.225293855550653,7129
-11.970481127003463,7130
-19.689026444432386,7131
-11.421371973208373,7132
0.6114949918851176,7133
4.785623240212868,7134
18.05202445195811,7135
15.356033573656497,7136
-14.481898258470467,7137
-24.870515918784154,7138
10.901371649549954,7139
-1.259211877696882,7140
-20.906865845210916,7141
9.933105714432267,7142
-19.163039173919188,7143
0.8647113141529461,7144
-26.767513584317875,7145
16.96745501121277,7146
-28.48582956129585,7147
-2.4410519418277734,7148
-26.300202535632803,7149
-5.011239234243501,7150
28.148043918183554,7151
4.054957890950151,7152
-33.287138672229005,7153
-43.0022443919079,7154
-25.076904888534987,7155
-46.03934597620032,7156
-15.158109324678602,7157
2.7290331156599787,7158
11.57495261620528,7159
-5.7447884491053625,7160
16.28011788590726,7161
-18.239975455205354,7162
-12.069107341958766,7163
-17.715047322551897,7164
14.976746524436777,7165
-4.7582392245528835,7166
-14.541669427798919,7167
-2.3245049217774447,7168
-12.209606665786348,7169
-24.34452756776754,7170
-17.543486337026167,7171
9.39091630479536,7172
-30.4537953314432,7173
-9.801794817412894,7174
23.921742760895082,7175
1.0403463001689026,7176
-10.435990538457784,7177
-10.37333414318304,7178
-27.858413056915566,7179
11.91049075006594,7180
18.37510482236491,7181
14.398263408533875,7182
-16.37430528330028,7183
16.942966971685653,7184
-41.46317057665707,7185
2.4883297034593372,7186
-16.38717556367597,7187
29.28041097917088,7188
12.577051181112207,7189
13.136999783092506,7190
-23.377978442763023,7191
11.656828973153956,7192
3.9224944884313047,7193
2.3419807451242622,7194
-14.25277560612332,7195
-4.852158442855283,7196
10.027445148046327,7197
0.0766189286461012,7198
-23.498072422607663,7199
1.2445124861736998,7200
-5.09927044081528,7201
18.93621274184557,7202
-25.294991586738277,7203
9.721352227678377,7204
-41.81413880021809,7205
8.722190457099705,7206
-30.655332593116203,7207
-1.361976419215436,7208
-16.748932813477538,7209
-37.96295135629189,7210
-30.953179870206903,7211
3.8453607954032876,7212
8.887876944025713,7213
-12.327788204359113,7214
21.123526210683398,7215
-4.984502528555965,7216
-4.712681940641968,7217
4.154214551708632,7218
2.121262802098852,7219
8.580692577510053,7220
1.2319022108830824,7221
1.4384703707339241,7222
-11.501143711086932,7223
-10.338688697765143,7224
-21.728579936701582,7225
20.35215174821598,7226
-23.10595456124779,7227
18.87384374640341,7228
-13.908913333743495,7229
13.307829096093535,7230
10.584561416830226,7231
-20.918357322166145,7232
9.20609878559323,7233
10.589632694454629,7234
10.740639270817859,7235
-10.058975693047081,7236
-0.5847440855754611,7237
14.841084607809165,7238
-17.96127272766598,7239
12.149205304070364,7240
-14.68795787745709,7241
-8.34933587993725,7242
-7.984331918810605,7243
-13.725432021827803,7244
-14.956037891547458,7245
4.674589082852576,7246
11.658035178658256,7247
13.988830221318718,7248
-0.6579607821040714,7249
-21.432701107204252,7250
-17.170566506149207,7251
-25.156393319472468,7252
-26.75920697776302,7253
-19.485617286401013,7254
-29.40600139657009,7255
-19.94368165026352,7256
20.291535662501285,7257
-28.468306007292224,7258
-30.746792413308068,7259
24.83240452889104,7260
8.334699898168616,7261
-27.69436055914139,7262
20.384541673469972,7263
-8.964389572506715,7264
14.301482129441531,7265
-10.971392801444534,7266
-20.852735033268864,7267
3.7244081278108574,7268
4.914034857196079,7269
-18.703991644260647,7270
-0.6962150518188084,7271
23.033452666782313,7272
18.77190461438229,7273
-7.5823913621670505,7274
-9.395932375032992,7275
11.661912633179995,7276
-20.695036920814097,7277
6.493599542136161,7278
-16.51299316554691,7279
-12.278120601846485,7280
2.191874962881072,7281
-5.130198657707533,7282
-20.1432221206218,7283
-14.376892337219424,7284
-36.6898789263207,7285
20.86904780373719,7286
-11.204399164710384,7287
8.165829819267065,7288
-6.701479641048898,7289
-20.329447868847314,7290
-12.644132535984236,7291
-12.272145177269906,7292
10.032426751158862,7293
-9.843602373024979,7294
20.648478242814353,7295
13.910437934410076,7296
15.826171008815848,7297
-18.489944531251915,7298
-6.265504454730282,7299
-10.469194018777815,7300
5.936253796943635,7301
-14.580234623977377,7302
4.11612231566553,7303
-27.051917620873784,7304
-28.56154644996826,7305
10.83062612528057,7306
11.666778439240364,7307
-12.916916947330101,7308
16.881772624176072,7309
-6.76546809255878,7310
17.941159087741596,7311
4.464432509442798,7312
-10.919626575889806,7313
-27.791612771488126,7314
21.16906308800337,7315
-16.88544141969742,7316
-16.69014177923727,7317
-12.382056096591771,7318
-21.19256660250634,7319
15.477845747868049,7320
16.440854987513138,7321
12.285129528291233,7322
4.500146588742551,7323
-27.650833234804523,7324
1.9573829405651058,7325
-14.920381217802388,7326
-24.05920608334772,7327
6.499496730368804,7328
-13.067210670023506,7329
11.307551686555897,7330
-15.106124680172819,7331
-28.96635441438119,7332
-40.30609627499713,7333
10.602409580918877,7334
9.042096874665923,7335
-14.681986186761327,7336
14.567076517332058,7337
2.6488978635241285,7338
-8.03222086983612,7339
-14.682901551535505,7340
-19.116002332061502,7341
-17.00473915590471,7342
-25.394525013224683,7343
-6.89596265845924,7344
-16.700034722721185,7345
-18.221381392704615,7346
-6.723507806672466,7347
19.25068889169321,7348
25.369652116630533,7349
18.327416624997454,7350
-13.49441743003829,7351
-19.661324789076346,7352
-21.28668167355349,7353
16.865757168460295,7354
20.29747590645532,7355
-28.74411899401953,7356
9.220221070413933,7357
7.338388194114307,7358
13.898603638135103,7359
-11.447523376589485,7360
6.55303001323418,7361
-12.646538894438521,7362
-26.911258028381923,7363
-36.87424365400606,7364
-20.56819711428865,7365
-23.873032367550735,7366
-4.866523428800485,7367
9.188251614937624,7368
-22.039098838641383,7369
-16.735226822682208,7370
2.4697531858299833,7371
6.859687685832441,7372
-29.542965449164615,7373
-32.41648916060402,7374
-19.3694881755875,7375
-17.480967451433287,7376
8.108857562329076,7377
-1.2890680747041046,7378
2.766929284865144,7379
20.38833593330857,7380
9.015738342395785,7381
-19.50453844067064,7382
-11.518418951316029,7383
13.651084370212232,7384
10.036550249231777,7385
-40.20988621617593,7386
7.7585152640880715,7387
23.03038583924247,7388
-32.059617235158434,7389
-11.790074575019284,7390
5.499399919015733,7391
20.127181689197766,7392
-25.244263704906107,7393
7.285795992233959,7394
11.205240888204678,7395
6.558624292236958,7396
-24.901298727487216,7397
-32.65484426935092,7398
-19.315938284135527,7399
-8.834605410038867,7400
6.918854619572903,7401
-13.675821274008488,7402
5.602806312773506,7403
-16.70183389993681,7404
16.64531856652026,7405
8.151864111114957,7406
-11.726249060180091,7407
-22.241618601404646,7408
15.044104292157119,7409
12.08576598630524,7410
-22.30909358529151,7411
-32.976785605282856,7412
-32.148105730483095,7413
19.622593311232855,7414
21.940798884622925,7415
-23.50580463556307,7416
17.218000822422344,7417
-32.11396289067064,7418
-34.22564551249807,7419
-26.319944637826783,7420
7.636017903898567,7421
-31.26892415157354,7422
-7.896751697469755,7423
18.051722905920172,7424
-15.776661949486659,7425
-28.990021317428873,7426
10.276437966033136,7427
-24.17548270356441,7428
10.131893397750538,7429
10.97060650208087,7430
-0.5553499100034864,7431
3.7441236292106,7432
-16.76739420117101,7433
-25.59445343648208,7434
-20.54149522797765,7435
13.480566831339694,7436
-23.934333919816694,7437
5.612637955983232,7438
-28.021748826782186,7439
18.916656523384834,7440
10.439982687541878,7441
-8.516828237357574,7442
-29.75101156061029,7443
-0.9189505619523377,7444
-15.643045267044393,7445
16.61824069003931,7446
-6.19335166392729,7447
-12.82049372530587,7448
-6.915594860149287,7449
-10.41692360244257,7450
5.483451256603621,7451
1.0807677093794252,7452
1.509914727277489,7453
5.202593981497827,7454
-27.271076892438675,7455
-12.178402929973796,7456
22.766947150109885,7457
-8.202241032327212,7458
-1.6650588860650677,7459
-19.32783774702819,7460
25.566010821404557,7461
-14.67430807784128,7462
9.104554457951272,7463
-7.134833802040763,7464
-12.555176542089072,7465
-25.611509821177858,7466
-9.081821133480908,7467
11.216118248308504,7468
12.613145948992432,7469
3.539994389562631,7470
-20.162350991431794,7471
-12.641348247535817,7472
-15.18669530490465,7473
-25.315751288219055,7474
-11.427527248340954,7475
9.473837799598957,7476
7.34553068858818,7477
20.23181146650801,7478
16.526334734087083,7479
7.558598981921431,7480
-14.387427417867208,7481
-18.72121948490974,7482
6.04173423835946,7483
-11.158156620242803,7484
14.409708875956113,7485
3.3535240231620875,7486
-14.675581944816562,7487
-1.5499075767366515,7488
10.019384932043218,7489
-37.001276059164084,7490
-13.440908319333968,7491
-16.761319492978345,7492
-35.12886321805641,7493
27.028746338048705,7494
31.134520951733393,7495
4.848481570929611,7496
-3.362894398568711,7497
4.560736717264032,7498
17.022195989647415,7499
-0.591878142032348,7500
1.0299856182989586,7501
-37.18829236107755,7502
8.495009943589569,7503
-29.854885925883817,7504
-8.574377905199608,7505
-7.15512951893608,7506
-24.1934612406042,7507
-9.227853018425817,7508
-11.87214402193769,7509
-13.406601064959409,7510
-15.284434352242204,7511
-30.66872324648117,7512
-19.8253195579988,7513
-13.708617073984273,7514
0.20108543759133912,7515
-11.893150188145778,7516
-11.422354690826857,7517
15.860796425680679,7518
17.965853331030328,7519
-7.3605366534363466,7520
3.0135347536502,7521
-4.5224666404129374,7522
-22.928309463843085,7523
-10.596659204117035,7524
5.241614319456092,7525
-19.714817199037064,7526
12.270441782801395,7527
-1.9620081286202904,7528
-31.79522627506583,7529
6.77464073115609,7530
-16.988077130292655,7531
14.376867103250074,7532
-18.985760283193905,7533
28.58967883188796,7534
15.468803194966714,7535
-16.35545567693509,7536
3.3797999032520245,7537
-11.472636050028669,7538
10.038686630812373,7539
18.47607561690462,7540
2.2412391151051807,7541
-11.015237825433541,7542
17.83754931707159,7543
13.043732204569672,7544
-3.00816047466545,7545
15.150210229600354,7546
14.682944688582623,7547
-15.833895821696792,7548
-2.3469817602303182,7549
7.845353458326674,7550
-21.502230627109057,7551
-26.939792157661525,7552
-25.608987344005538,7553
0.22426078317517728,7554
31.49101592550212,7555
4.714120761542864,7556
-27.700580051996585,7557
-29.891617522883575,7558
-10.91666959285494,7559
-15.173487310013872,7560
20.503894371576475,7561
8.196869086366627,7562
18.695569248799853,7563
-13.858015190889851,7564
0.20732737027487858,7565
-13.953152671216719,7566
15.22671578213988,7567
9.24226715443587,7568
11.597842500758247,7569
7.611571831759004,7570
-16.54151887460681,7571
10.666714425593753,7572
-31.488867387130327,7573
16.48221586361526,7574
-25.371393482173332,7575
-2.628666508825576,7576
-31.044121392608936,7577
2.7374271340089447,7578
7.802475201595582,7579
8.542394129819645,7580
13.97097853799125,7581
23.16259327405303,7582
3.8798595794899065,7583
18.01172859589541,7584
-21.5719315976254,7585
-0.0340578694095246,7586
11.735754308178617,7587
9.186077176647016,7588
-27.542374018091927,7589
6.257515258223094,7590
-22.59667642982579,7591
-2.8217062361820435,7592
3.253979615417366,7593
7.435135197286126,7594
-12.649415724848646,7595
0.2789713033851333,7596
-12.611672758999465,7597
21.876762497079156,7598
-7.793581119401015,7599
-31.977704858322067,7600
-3.716612828526637,7601
-15.22637651137949,7602
1.5737770271209657,7603
-2.233089386011784,7604
-42.521771698990726,7605
-23.2851438323447,7606
-27.131053612098896,7607
23.511831375340964,7608
-6.823730087878422,7609
12.370988393064152,7610
18.244668218678413,7611
21.27585195797957,7612
-0.4226039013950009,7613
-24.740691146389146,7614
19.47533299641486,7615
-8.10463708901431,7616
-41.07331286281595,7617
-10.093617762561415,7618
-12.147012134751929,7619
-1.00851694994003,7620
28.497463265705925,7621
-25.778138843103328,7622
16.771904753361692,7623
11.830058536943188,7624
-22.15804116307982,7625
13.389378541851677,7626
15.770385668562799,7627
-25.615165806747317,7628
1.3454388050078165,7629
-5.101088415069383,7630
-32.787235573544955,7631
-19.394244980846054,7632
13.12711326575145,7633
-13.931983294447285,7634
-31.957036186117826,7635
-37.84281392581347,7636
-34.60117696596111,7637
19.674524264275576,7638
3.146786314068402,7639
12.289889353859213,7640
-19.29513837701389,7641
11.281560142651067,7642
-16.90210214912014,7643
-37.425645443626266,7644
7.3014444181632445,7645
-3.2818668127211996,7646
20.2975872443842,7647
3.2380523409442947,7648
-12.221806917525367,7649
11.959789134195457,7650
-8.613453525420695,7651
-37.51151848216077,7652
15.874235062970044,7653
-18.490804608133054,7654
-13.538719768489596,7655
-8.321859103434855,7656
1.9896661338328618,7657
14.539629663062911,7658
23.085883038841725,7659
-15.475750378804234,7660
-17.64874124425318,7661
16.501343593827038,7662
-30.936939581582763,7663
-9.616873397508138,7664
-22.118048808101335,7665
-10.412026712295113,7666
8.785646651437762,7667
-16.987721795411886,7668
-6.761401047058435,7669
-9.32595003738538,7670
9.793271940789959,7671
22.022498727934952,7672
-20.745966238021115,7673
-28.002943354027327,7674
12.52234931310742,7675
4.190845112702165,7676
-22.709877899760848,7677
6.818735104305846,7678
8.957472693569668,7679
-11.755164336574875,7680
5.0688376786790545,7681
-13.244288726541198,7682
-24.861492168869738,7683
-26.154047362187697,7684
4.863574964586787,7685
-13.476968147325685,7686
-18.960818673345877,7687
-2.482774536638728,7688
-23.662248344417087,7689
6.528083756309165,7690
-6.146684006998602,7691
-31.803835270614073,7692
-23.46382978994406,7693
6.109617032426975,7694
-16.577026104611676,7695
11.268041665431138,7696
26.67910377835299,7697
5.363743817674221,7698
-27.326949777427725,7699
-26.588093201805997,7700
2.303228570769196,7701
-7.954151548549771,7702
-45.92335281677022,7703
5.649224136982692,7704
-22.63389779273492,7705
1.4222123809006089,7706
6.0105709310709745,7707
-17.701399982286624,7708
-39.44609746323989,7709
-18.628538820220136,7710
3.6490994240802035,7711
-24.901832960179647,7712
-22.462743758043057,7713
-19.98858544479385,7714
-27.959938695573538,7715
-33.01636561589943,7716
-16.275300606502718,7717
15.799144157336713,7718
-11.25639878917104,7719
-22.687571399021245,7720
16.280099227012624,7721
7.577138790781749,7722
-5.668941702972935,7723
14.34113886683609,7724
-8.21270927417,7725
-17.653056284483917,7726
12.542492255473494,7727
-29.254997931763242,7728
-28.76092127272458,7729
-11.021568468072644,7730
-20.244974151766634,7731
13.597044011687142,7732
-17.793136172468557,7733
21.397855245691808,7734
-18.60455299483018,7735
8.784091531765714,7736
-23.120457193679446,7737
-27.255446987665255,7738
-1.4002023968286474,7739
29.966600278050706,7740
-22.83424410850395,7741
-1.5844676091946477,7742
12.083416225132055,7743
-32.37527057786372,7744
-17.16679218950545,7745
19.272928313238914,7746
-18.48820532323657,7747
-24.773020332571615,7748
-24.132673764853525,7749
11.283778561041498,7750
-2.1963913959953363,7751
-26.958425910516098,7752
7.78373926872815,7753
-31.015830087791482,7754
14.207992975828304,7755
-5.7778246421994375,7756
-34.63501962431614,7757
3.4877895062901327,7758
18.07989877391356,7759
12.439448302924124,7760
-15.87787137881991,7761
-1.232947641135886,7762
16.442100516825064,7763
-14.627419481262601,7764
-20.884142561162257,7765
-2.5706179632379684,7766
-16.86570363524157,7767
-18.88656567731916,7768
-23.236869406324303,7769
5.315870939811397,7770
-15.150558039680199,7771
-17.331818619585356,7772
21.62956388148408,7773
19.664677064428577,7774
-25.763192264365024,7775
4.910349263490783,7776
-23.224295043788075,7777
-18.610656395933983,7778
-9.543522771019791,7779
-19.55742174957793,7780
-28.675024759068723,7781
7.450021749321431,7782
-14.889958937898976,7783
29.7096199576237,7784
15.172872964739383,7785
-10.623393470213134,7786
-24.20570970961817,7787
-21.18991074106445,7788
-8.368126543780944,7789
21.363945189982065,7790
16.110187139118217,7791
6.990773624459575,7792
7.878830908283481,7793
-1.9366355690952668,7794
-18.459681265217824,7795
-42.97681403022686,7796
-17.793075522060597,7797
18.119432458229028,7798
21.066961133312574,7799
4.315351212434274,7800
-24.729208134781533,7801
-12.575270985526512,7802
11.73726093673168,7803
6.918404098468249,7804
-18.772045894036978,7805
13.249611236468589,7806
-18.581232465606004,7807
7.423294855480581,7808
6.10654284360816,7809
6.339964090760613,7810
-17.255388858297763,7811
-0.709299933585239,7812
-41.5890515514809,7813
20.056323611599478,7814
-6.945776243741733,7815
-17.51980506631012,7816
14.611363998758346,7817
-14.251950218817864,7818
20.990255977038416,7819
17.156607766193865,7820
-13.229576246970716,7821
9.595085089058285,7822
4.097398932754864,7823
8.115718598045204,7824
18.217589114502612,7825
14.824404196070262,7826
-16.832876731262033,7827
16.037791262511885,7828
-12.262525181389897,7829
-9.265188279487987,7830
10.958289445927349,7831
-22.915369030542955,7832
10.441418151027978,7833
17.77062845571653,7834
-7.223605632218523,7835
-9.32460649726606,7836
-23.73516659065623,7837
-20.711080570447237,7838
-17.921755448673252,7839
-6.42138804815408,7840
-16.03874814749308,7841
8.002674889735326,7842
-6.517832326352469,7843
23.704214087443326,7844
-5.385266708752245,7845
-24.758982235307304,7846
-8.856588284321404,7847
0.6465154876108512,7848
-9.939639963036662,7849
0.342153374635922,7850
9.466323738118371,7851
-12.946864806482527,7852
-33.557839321072386,7853
-29.103724605091784,7854
-7.934063478406745,7855
-12.035210742143882,7856
17.04627772044211,7857
4.0710281281001155,7858
-25.51138098078523,7859
10.189713656045162,7860
-10.221465487335063,7861
10.138762542547756,7862
-0.18481939243951828,7863
7.508354456755681,7864
-33.95230112485949,7865
1.3559955102829848,7866
17.522813209865927,7867
-28.333905132924595,7868
-6.931177390148974,7869
-21.471455813628666,7870
-3.176929194782457,7871
-18.85391393286369,7872
11.656651580552914,7873
-21.98468995925856,7874
-13.575753041299889,7875
4.008376682682972,7876
-14.905616783048204,7877
6.506918559982921,7878
-17.10666586745551,7879
-14.108258141187973,7880
-1.4936266107188345,7881
-20.786963281460878,7882
-1.648845019891251,7883
18.865858258441808,7884
-17.19911317056097,7885
-14.311290500832161,7886
3.3975398236073264,7887
-15.248628959068261,7888
-1.0272335320438586,7889
-11.273851624493455,7890
-4.104434616337295,7891
-9.236999687206247,7892
16.566454700040964,7893
-10.884864427626336,7894
-39.98513858889926,7895
23.044449254677307,7896
-1.7031828582968487,7897
-24.245620749137704,7898
-23.107365921286867,7899
-23.63905203859486,7900
8.47729801364235,7901
-13.209718669053741,7902
-7.976069900706541,7903
-23.70942280488707,7904
-22.78016660160645,7905
14.992448417171989,7906
9.051478182568356,7907
-17.081049275810376,7908
-17.680833519350216,7909
0.4169557347791981,7910
15.719868458474867,7911
-9.125069097083365,7912
-24.196331067684763,7913
-6.475235469569024,7914
-19.210708086574172,7915
-18.002610692759944,7916
9.679586399119133,7917
8.249350782786829,7918
-11.381438250291954,7919
-32.289312720327054,7920
20.0110629167748,7921
13.870246603867585,7922
4.462956959954965,7923
-12.532914131988905,7924
5.162372944559603,7925
5.945709760039739,7926
-33.25887964425192,7927
-13.528313611876687,7928
8.684607309680443,7929
9.616234519153407,7930
20.079627270311523,7931
-16.712545511082297,7932
-40.89515402690292,7933
20.02943096900405,7934
-23.30012426813548,7935
-29.89853105232561,7936
-14.651941356581306,7937
0.6781081754494691,7938
11.044204670645215,7939
6.967201892272946,7940
7.687417120314656,7941
-17.050844333821203,7942
-13.169742064372697,7943
-21.197777058018975,7944
-34.44401930345207,7945
11.341222534806356,7946
-34.8452369763404,7947
-11.050900335319449,7948
9.02710014349642,7949
-10.71297020573267,7950
14.24784501102458,7951
22.996842434627283,7952
3.6826933765534005,7953
-7.137263175347843,7954
-26.01060479990853,7955
5.260595411106948,7956
18.675931588558054,7957
-29.028583643861918,7958
2.4644257938810163,7959
13.164570239380389,7960
8.163863344877019,7961
-14.958164174527624,7962
-30.415241434179404,7963
-19.462709669211755,7964
-19.680594832210133,7965
-33.79589305133868,7966
-23.440780551064172,7967
-17.27662927518648,7968
8.84671903028814,7969
4.51174812885821,7970
21.624383149389384,7971
-34.69669078888097,7972
-31.224397521584404,7973
3.5103380281068883,7974
5.89350753483733,7975
-36.957973337408816,7976
-16.562867662074144,7977
7.358324228989323,7978
-13.561046303765135,7979
-8.460421749460501,7980
-22.53450643578781,7981
-2.7778585751748524,7982
-17.985393331875,7983
1.2145823401404252,7984
-21.743711172759433,7985
-12.825659350044978,7986
-26.622720391150537,7987
-8.811923397416896,7988
2.237120890919381,7989
-20.534313398349433,7990
-14.713881710909561,7991
8.973747869306631,7992
4.849251157340744,7993
-3.554165404366303,7994
-14.525220833307788,7995
8.213664676359524,7996
5.354440237469266,7997
-17.026475559876943,7998
13.799657437154742,7999
4.548526453315009,8000
11.051861937359671,8001
-26.556329546013913,8002
5.384533062499523,8003
-10.982999017348863,8004
-18.510670074738744,8005
7.808862857341431,8006
15.440994181761148,8007
-10.010474886551442,8008
-16.004878641549148,8009
-10.574330050240043,8010
5.1567405530494845,8011
7.21405871181484,8012
8.931181285714407,8013
29.36965502122637,8014
-8.696229347285442,8015
-26.28396036986,8016
-2.3513228295809308,8017
11.700052433792631,8018
4.299575401719638,8019
-28.260848958659142,8020
-3.1789398143563528,8021
-30.83058164711796,8022
-6.005772417522307,8023
1.9549029620246108,8024
-30.362338669730807,8025
-15.473324401115727,8026
4.493867986199097,8027
11.028829515027716,8028
-8.168035350321844,8029
16.537780043838925,8030
9.484002848254846,8031
-22.927057645585695,8032
-22.678621864810264,8033
-30.43704520957152,8034
-24.691206630424002,8035
-36.03900058599116,8036
-17.526035418848807,8037
-16.188891504079784,8038
-16.124993849000838,8039
-11.88555345600036,8040
-28.867379616284833,8041
-32.84152393295821,8042
-4.24631511947784,8043
8.585188374747558,8044
-24.369503064880234,8045
-9.027779027491444,8046
-32.63284080788395,8047
-20.309811410095953,8048
9.337289974371684,8049
-26.535411980883254,8050
-14.119768407729815,8051
-32.09526623616958,8052
-31.297650858649302,8053
2.644834625532239,8054
8.668378674330429,8055
3.163283297698463,8056
-12.99043131539288,8057
-27.891021257600013,8058
-15.030115806853466,8059
-5.0145403073609485,8060
17.591574943807537,8061
-18.815107177341247,8062
-17.959689990536134,8063
-4.05617447872651,8064
10.99558404804688,8065
-25.632037188674257,8066
-10.8523470863984,8067
-13.515016552264662,8068
-8.993991571414735,8069
-33.396941474784526,8070
-17.232306350507184,8071
-5.721373832210407,8072
6.773297606792784,8073
-8.915060175145946,8074
24.653381820945434,8075
23.7875626895302,8076
9.363542521790395,8077
-0.5868468464493191,8078
-17.428980011564835,8079
16.525640373180668,8080
-8.973718454277378,8081
-28.137603303628616,8082
-23.803603353534697,8083
-31.87766583154339,8084
19.002141322865015,8085
16.95849148407606,8086
-11.036064748854962,8087
-11.535945876996234,8088
-17.883706733381626,8089
-37.82837494098376,8090
-28.068886337069333,8091
-4.235523821166726,8092
-8.374792490547332,8093
12.780435365450064,8094
13.119966107414566,8095
17.218911786961584,8096
7.090647556286999,8097
26.46937966216464,8098
-13.757915380165931,8099
-9.930230182074407,8100
-20.36197779566406,8101
-18.155183243304165,8102
-15.73345897906976,8103
-46.454327029073475,8104
-19.65877878282732,8105
27.031794631251998,8106
-37.47323980363593,8107
-10.633641732488528,8108
5.818731986195871,8109
11.549695264488353,8110
13.849559590544501,8111
-12.729153177257128,8112
9.517018901675112,8113
-22.817921606706406,8114
1.0123280869389166,8115
-28.49649940309588,8116
23.97290354232696,8117
-19.92829187260284,8118
18.45338368552581,8119
0.4469182023067573,8120
15.847498135727264,8121
-14.031718017063755,8122
-23.853093402513892,8123
16.597013597993495,8124
-17.81471098405649,8125
-24.210003206816893,8126
12.122034026299232,8127
-8.932898965077827,8128
-19.439954895168263,8129
-21.620740185995224,8130
6.866264558524421,8131
19.990646007660676,8132
5.347318096435023,8133
-28.4976074071039,8134
-20.163338223940542,8135
23.23130143987238,8136
-3.681540751617661,8137
20.983453283651023,8138
-13.664409179936328,8139
9.151812255973317,8140
10.508277477859977,8141
6.848849333818199,8142
-13.307054072261359,8143
1.8602380789858497,8144
-20.808870497335505,8145
5.715572844375815,8146
-27.644038399843033,8147
-23.135916174256675,8148
-20.044781001930513,8149
7.160316088882405,8150
-2.8397359094022088,8151
-13.048638303070174,8152
9.636687535351744,8153
-15.998295362541974,8154
3.1350262526999906,8155
12.760986167545799,8156
-1.482788810316765,8157
-24.141178200454476,8158
-8.336290511959003,8159
18.102462254433686,8160
-37.46154465966515,8161
1.9149856581158833,8162
8.905825281350984,8163
-4.436200899877123,8164
-21.805349457870676,8165
-8.05907011524476,8166
-23.706048752067062,8167
-24.578800731957823,8168
17.07006867711617,8169
-12.807663745667426,8170
-15.468133615104769,8171
-34.18554612585331,8172
-29.56886823903889,8173
13.443248201222339,8174
-9.27834935647432,8175
-16.48379048786797,8176
-38.242836371838735,8177
15.726947777047172,8178
10.141056642040928,8179
19.862248217862362,8180
-28.566966506108045,8181
-41.55195507349786,8182
-17.490493217502447,8183
-6.5935782918091705,8184
-31.895214051823167,8185
13.555349433656662,8186
-19.788634997371542,8187
-24.01520714967352,8188
-34.05648742820348,8189
-27.450833407558545,8190
-26.622274066597907,8191
7.470589780828654,8192
-29.373420609031072,8193
-23.55870789162687,8194
-19.48727164566281,8195
-42.60921976585587,8196
9.942479738560086,8197
-20.8527668468982,8198
-26.837274451197725,8199
11.954026504088347,8200
-35.345044029206534,8201
-18.616383562657848,8202
5.361912193108811,8203
-18.67408422635721,8204
23.308620789040138,8205
-2.903834895979347,8206
6.0504501437703695,8207
12.724621991503685,8208
5.005799630022807,8209
7.598028558828377,8210
3.823194470637583,8211
-12.216276814445948,8212
-20.20327188436172,8213
-23.3396797772978,8214
-29.021159176367366,8215
-20.820840253558238,8216
-2.4423561123969213,8217
4.261379371056531,8218
-11.362764813466647,8219
8.895792403215392,8220
-25.40616917826235,8221
2.1056790365915887,8222
-10.59897352497022,8223
8.920568540941623,8224
-12.291487672859448,8225
6.430367702882718,8226
-23.25927023556267,8227
-8.761368532977237,8228
-26.31732197824448,8229
-21.028609783794376,8230
-32.056222891711556,8231
-11.369762502300647,8232
16.18248884778855,8233
4.3956858501108975,8234
12.141077856766593,8235
15.657911783445236,8236
-23.45681613920076,8237
15.401548736498476,8238
-3.3972361145940875,8239
-8.297757546597605,8240
-38.930973955523065,8241
8.305928441659267,8242
-19.450669910725576,8243
11.874230794896935,8244
5.6685573134988765,8245
-32.44777796119038,8246
-28.337211636228957,8247
-13.394588050365723,8248
4.502986052290131,8249
10.343550691793762,8250
8.98193917821706,8251
-0.3597745278639062,8252
24.1807282424948,8253
13.307205302536325,8254
-40.74406747052908,8255
12.32396075118934,8256
-20.711792012955648,8257
-28.015644818633465,8258
-30.451271059867317,8259
7.741770335100059,8260
20.900525626971138,8261
-6.559796032895278,8262
15.123266793950432,8263
-15.897152421140387,8264
3.9238670110263776,8265
16.09743156764837,8266
3.123571399402209,8267
-25.09631166526138,8268
11.652831891670338,8269
16.911192126585405,8270
9.566632206998351,8271
8.485779545468835,8272
-25.05993725581328,8273
-4.314321274985587,8274
7.126122625869403,8275
16.302776043653864,8276
11.224822442829925,8277
14.726978912610157,8278
-36.014451637673105,8279
17.40469853785143,8280
10.872250425151904,8281
-19.34077203106454,8282
-19.027940866909603,8283
-16.92974809066785,8284
-6.396881078371186,8285
-22.71546937550706,8286
6.299770979446215,8287
-18.97866493262152,8288
5.763775681947372,8289
-16.621483794364266,8290
6.981006815115842,8291
-36.39743255444335,8292
10.571930728092024,8293
-9.93793558935807,8294
0.6665148556616076,8295
-13.390057917310354,8296
-30.347947550573956,8297
-6.727921812261189,8298
-21.740149413064895,8299
-16.54718518799751,8300
14.643832395877336,8301
-5.885172184223269,8302
-22.617124453233888,8303
7.702114524256672,8304
0.14981041640992387,8305
-31.30608542919155,8306
4.082708027760015,8307
11.368566010774668,8308
-7.951642437714041,8309
6.764917186732072,8310
6.056717789119057,8311
6.720882174314809,8312
-27.939026479414572,8313
-18.227370621681196,8314
-8.80155200943554,8315
6.599982838329423,8316
-24.14485871871149,8317
-22.093318856215745,8318
18.50068675119333,8319
8.459554196537368,8320
10.065488636316338,8321
-30.05228724309191,8322
-1.6495234583528813,8323
14.17703718928611,8324
0.812585298568635,8325
-11.376704994308351,8326
15.044167386962002,8327
-26.466331263653395,8328
-21.992877720965687,8329
-12.979240107285426,8330
-5.75138793967838,8331
9.687559861560867,8332
12.301563467536354,8333
-10.395163049660866,8334
17.58879892863368,8335
-14.244028419305188,8336
13.465360118463902,8337
-15.111209688818649,8338
6.937667374465853,8339
-18.164365485383463,8340
8.606877326214674,8341
-29.351776865147087,8342
-25.18096625911319,8343
-14.167589898891045,8344
11.942465653903923,8345
19.330187202488865,8346
1.4845930306905961,8347
19.575982651341562,8348
-18.06234582682587,8349
-16.15160421084402,8350
14.100509903972952,8351
3.700049529196356,8352
24.711501822468406,8353
-6.447355834803245,8354
-2.2826808245772705,8355
15.242492908252583,8356
1.1029913415652928,8357
-9.645325994318819,8358
-28.30742406263332,8359
6.282504166031133,8360
-18.78111719535394,8361
1.9502675987836975,8362
11.642969456675111,8363
17.639852947303226,8364
-17.865805162213803,8365
25.671173889291,8366
-23.143820788117598,8367
2.6256605116027742,8368
-9.260610072281224,8369
15.689546526170616,8370
-22.56054748728497,8371
-18.18576994861487,8372
-26.599604299971382,8373
-24.55128585883135,8374
31.224932092561346,8375
22.627546465453197,8376
-28.662001559597957,8377
-12.2565967074857,8378
-37.88793645613147,8379
7.0889072547959096,8380
-5.820843518944275,8381
22.74054166431593,8382
8.824773373886202,8383
0.3164072899741406,8384
-20.941503566711976,8385
7.782411151443073,8386
25.93243783385537,8387
-4.056844217269426,8388
-21.90932947573683,8389
9.441659142903074,8390
4.690506040170664,8391
2.6007893027982956,8392
-21.381663428908485,8393
-7.273119841261954,8394
10.284804172443062,8395
-24.325801864223997,8396
-13.350058323226344,8397
14.535238050497085,8398
-2.4160837807544655,8399
15.896848002539201,8400
-19.073237873201776,8401
3.536098115575008,8402
-0.23409667744332197,8403
-20.515926355199785,8404
-40.90107143296356,8405
-15.63066906949395,8406
-20.26308196207274,8407
9.660403905327032,8408
6.477958630997874,8409
-16.013751933007807,8410
-37.28420213023971,8411
-38.472940621640426,8412
-35.05632631673315,8413
-35.89150174275002,8414
-10.744488937883151,8415
-19.3244310768425,8416
-16.733609075612005,8417
21.689051503447402,8418
-10.45592492726561,8419
15.899819382061168,8420
9.818991274540057,8421
4.667140066587788,8422
-28.363976141433085,8423
6.309988731309302,8424
-9.334255472026856,8425
-15.98017972725309,8426
24.208463426800808,8427
7.827840491199934,8428
-22.82131958644894,8429
18.931878395161775,8430
-11.039632125543022,8431
8.291189771403708,8432
16.62233110127539,8433
11.147849678028908,8434
15.566274755770909,8435
23.44925003739886,8436
-17.268291905119202,8437
-19.801070217842103,8438
-12.691845542723057,8439
-21.957085460646272,8440
-7.582035526258564,8441
12.759703471942203,8442
2.6529079816129375,8443
-19.916205613908502,8444
15.201182059180766,8445
-12.23461628458757,8446
9.391955701904369,8447
11.98025285902477,8448
-9.774436449343893,8449
10.42827417131491,8450
8.043094610816441,8451
15.128415590837516,8452
-2.3933933746724807,8453
14.414578343002237,8454
-21.307661513769787,8455
12.782629004245116,8456
20.068451808194553,8457
12.431568700865036,8458
-10.344992451834873,8459
-26.665015479763174,8460
-16.796377893187277,8461
-17.44614208014138,8462
-19.716171585292976,8463
-7.389433812685767,8464
-5.422009122053834,8465
16.55057405781272,8466
0.5234442354171396,8467
-21.922839045511804,8468
-14.037219363394199,8469
10.68465211959461,8470
21.257389843375442,8471
0.31980699697548154,8472
-18.474232022589096,8473
13.736138021961597,8474
-9.907209335075505,8475
-15.153950399952663,8476
-8.550212437130188,8477
-18.895462183891695,8478
10.836530263595517,8479
19.217073076152854,8480
0.3528171345729536,8481
-9.066695035045573,8482
-17.506168658553655,8483
-10.976452099006544,8484
-23.710940378656115,8485
1.5758755175954375,8486
-22.122475041649242,8487
16.844636465782834,8488
17.152445526977953,8489
-24.33428764062009,8490
-21.58837234854076,8491
14.100099572229613,8492
-19.553632575107436,8493
6.764852014336919,8494
18.44940770551595,8495
-19.101942906077436,8496
7.156653445005144,8497
-8.03614573943118,8498
-21.38697719005775,8499
-6.832141664096244,8500
-20.9992597537978,8501
-11.722694819297432,8502
24.175629940160395,8503
-21.30736679189389,8504
-11.412852499974667,8505
2.2671708540142346,8506
19.101703354046315,8507
-17.55561165002245,8508
-25.90938286653162,8509
11.411319518672414,8510
-8.106491624025537,8511
2.2735462404789324,8512
-32.35235730810036,8513
-24.608782111484878,8514
-7.947566370791876,8515
8.419232331104695,8516
-7.064157737546304,8517
-5.989909801596246,8518
11.69236158781533,8519
2.2813675565360727,8520
-22.28063993002057,8521
-41.161250008362664,8522
15.92831325708486,8523
12.768670015398826,8524
16.36771785756011,8525
-24.423620729480405,8526
-26.491680276723322,8527
17.952478214061095,8528
-25.854080208795263,8529
16.994430588822844,8530
-18.91733285401006,8531
-8.982708241860148,8532
9.41076159354523,8533
10.348206794562088,8534
-24.737633454518782,8535
8.517531168795884,8536
-27.766807174820716,8537
-13.560157223182763,8538
-11.66911342044967,8539
-25.77903135174562,8540
-25.034847177094026,8541
-23.296458575957946,8542
14.885078638602032,8543
15.410349633907945,8544
-23.67642886541866,8545
-29.301924390982702,8546
-25.294211986194174,8547
-27.117419388179744,8548
-6.10960878196198,8549
-9.404999265856356,8550
-11.633741485532056,8551
20.48383504970457,8552
6.850406960279708,8553
-25.112689589476958,8554
7.147383875600392,8555
14.822111826701867,8556
1.5094092300071642,8557
16.819956792837928,8558
7.235999095629428,8559
-30.571655773220417,8560
-21.53904306507459,8561
7.42112225162751,8562
23.123092947060393,8563
12.474910001130787,8564
-22.905635539422953,8565
-40.27627959539268,8566
14.614834232878348,8567
23.64347615362199,8568
-15.042384414170934,8569
9.25053200564372,8570
-0.7135220322043505,8571
-30.372121819326388,8572
4.320813507328145,8573
-33.781314240228,8574
12.556795560672409,8575
-17.76210596046326,8576
-18.110184514860173,8577
-6.14894375877975,8578
-27.248137399589844,8579
-10.48649513097975,8580
23.684262179485263,8581
-29.20537141241391,8582
-16.614573990519837,8583
13.31200270836035,8584
11.860577472757065,8585
-23.914908771759812,8586
10.721367015246372,8587
-21.722109860608107,8588
-7.6181317373955055,8589
0.3836833765812937,8590
-8.93233675076412,8591
3.30393289630463,8592
-7.825839758232666,8593
-14.568371311753078,8594
-15.778470085406683,8595
6.62971858637245,8596
-29.748688852988703,8597
-26.304886643878643,8598
-23.4017486693151,8599
-30.227056628220403,8600
-21.464633954463636,8601
11.81414363392556,8602
10.96918153504005,8603
-29.23810494966036,8604
19.556822401412848,8605
6.866369024450009,8606
-25.472532689701936,8607
6.58664740666288,8608
3.5141365311812915,8609
-22.50345782219855,8610
-27.202589603336214,8611
15.853964135372806,8612
-36.92612985652118,8613
23.471970319545544,8614
2.516405186328898,8615
18.8251607015459,8616
3.686113752912462,8617
6.392564484404838,8618
6.914313850081456,8619
20.351274568114828,8620
-24.856791821161757,8621
-24.58987638596475,8622
6.009276901030988,8623
-37.15618915412446,8624
-20.335051052930183,8625
13.751019166198638,8626
3.8174395265068775,8627
-5.359806257925652,8628
-14.81431786501472,8629
-3.486263929019428,8630
3.5723436789947076,8631
-3.1379093083538794,8632
-6.2265532980785485,8633
12.113479599155784,8634
23.96474727109555,8635
6.412691664906456,8636
-10.917721188437996,8637
-26.407056918927267,8638
18.58835060759182,8639
-21.04932228969536,8640
-24.725662769807396,8641
-24.361812829084734,8642
-27.88651845384037,8643
11.242960942721353,8644
-12.495447860159508,8645
-32.17110404120932,8646
6.8986150756896,8647
13.31848824979333,8648
-15.534256088662117,8649
8.822617964574178,8650
12.081860227283261,8651
14.462522039324025,8652
-32.01706375604846,8653
10.525442539780801,8654
-24.435569206209006,8655
-29.642154962780904,8656
14.117484777915216,8657
12.74064969790986,8658
8.553624643906856,8659
11.491313991336707,8660
1.0365665246804125,8661
-3.3761727468708496,8662
17.233437186703707,8663
5.552425337790243,8664
-0.07252239428736917,8665
9.82565998779632,8666
-13.225437342264094,8667
13.202579539326734,8668
3.1988165487874234,8669
8.73119363796937,8670
-5.577879616797165,8671
-13.118025572935178,8672
-14.695691439688426,8673
-28.537465638092318,8674
20.4597276097552,8675
-13.198049926551311,8676
14.197099846988745,8677
6.529774645339327,8678
-9.425344152955002,8679
-15.661051503895413,8680
3.7774749229898763,8681
-10.595482689768023,8682
-10.76632079615139,8683
9.820581852617718,8684
14.882115567826336,8685
-19.88264497312945,8686
-16.947868853441996,8687
-19.43730937862381,8688
8.66111534552134,8689
7.500190249216292,8690
-32.92162148438361,8691
20.589061748115355,8692
5.0027987282310455,8693
13.562213031107568,8694
-18.84603376698566,8695
-20.66506460018924,8696
-7.250425065793959,8697
7.702306061965675,8698
12.022325716926161,8699
-6.605252890589699,8700
27.218799337796213,8701
18.434796916964526,8702
-12.73805353600369,8703
11.555092186767563,8704
3.101378521679255,8705
-5.933177108801806,8706
14.596198118856442,8707
-14.653943035561271,8708
-33.25148945322361,8709
-25.663455151144568,8710
12.927445992247776,8711
-25.768168922480523,8712
-25.060914696354907,8713
-17.170302546525548,8714
18.980927030170847,8715
-13.141099143005638,8716
5.030960678405631,8717
21.32203306798116,8718
-25.463960005278878,8719
-4.26808241698771,8720
-7.17685883676422,8721
-15.884584800297725,8722
14.662259360894744,8723
12.973865440168009,8724
-14.919976497092234,8725
14.618613060274487,8726
10.934505825480585,8727
5.710022119085982,8728
7.1799425153421,8729
-28.09817832186854,8730
-0.06554379382740372,8731
-19.77585131529539,8732
10.251107114653362,8733
3.804254214927507,8734
-18.30871203410092,8735
-9.656514854590657,8736
-14.29759197118009,8737
23.35868785492198,8738
-25.492686950841176,8739
10.72579023898767,8740
-28.873073314227604,8741
-10.51243671104942,8742
14.938513139717049,8743
-10.953582281037038,8744
-27.976110960038863,8745
-28.189854690139857,8746
-25.830438943023143,8747
20.414605210063947,8748
17.498508784743652,8749
-21.98838240735177,8750
19.41202820076429,8751
20.76892683030213,8752
-18.510826980711833,8753
-11.939020972644457,8754
-18.7816549059919,8755
-4.756460777111847,8756
-22.479835267318812,8757
-23.22463596566218,8758
-13.824023375984446,8759
12.303762602924593,8760
-1.5776233436035003,8761
16.21148949677318,8762
7.1456043247419405,8763
-15.016037425931623,8764
-19.64899833651709,8765
-24.97741936752011,8766
-0.9710623097146636,8767
18.458027974895028,8768
18.39989305133341,8769
-14.023895025404082,8770
7.198190243050659,8771
-15.579000892396106,8772
15.173316593997413,8773
-4.192723331152784,8774
8.843868813382102,8775
7.431109942495853,8776
-24.07780842773666,8777
-19.889790729881483,8778
-10.225630917206157,8779
-25.12434031352677,8780
-3.7070773335596567,8781
21.062023432611472,8782
-5.466647258616646,8783
-26.944553598351753,8784
13.841543843957588,8785
-22.23241887415146,8786
-4.946251636696306,8787
-30.649713936885163,8788
19.564290327991372,8789
5.747552124426807,8790
-37.363281423499316,8791
-32.37043451919375,8792
-28.051979610133085,8793
-17.008194284692088,8794
9.060487070065772,8795
-32.724163483647786,8796
-18.149750791941244,8797
2.015104676724846,8798
-12.341035003298858,8799
-32.3050258362027,8800
-17.937124746320222,8801
33.08601595978287,8802
-13.569780303362247,8803
-7.472931223201236,8804
-1.6282722597354216,8805
-23.185228973228227,8806
-1.6601243374829622,8807
-24.468642581710487,8808
16.511056901670806,8809
-33.10297489239925,8810
10.728215663150262,8811
6.8894574281276295,8812
-14.722629539139321,8813
-20.400529932452002,8814
-40.812141692882115,8815
1.6860973184620747,8816
-15.916374343418804,8817
23.681766965945783,8818
15.90307697703851,8819
-24.738990155728565,8820
-25.53189874842173,8821
-3.191339407073172,8822
22.00472974042827,8823
-5.091944764451621,8824
3.7159241937288847,8825
-6.404282290835604,8826
5.942977545763464,8827
-17.994891035043537,8828
4.934369582124125,8829
-19.8625779034828,8830
1.8599766064229337,8831
-37.595609813308066,8832
1.1537680008662683,8833
7.78987591361456,8834
-15.681800813419308,8835
7.165166468330483,8836
-10.05986140477308,8837
6.755571380647879,8838
3.6070454250965547,8839
10.958863895607546,8840
-19.33752063724863,8841
-24.66264771352723,8842
-34.51287297205853,8843
-16.058102029620443,8844
10.365614316329179,8845
0.6905138055698314,8846
16.41748858928583,8847
-7.337080273901349,8848
-28.589377860355665,8849
8.828633695714053,8850
19.054699227566566,8851
-15.406817113417265,8852
-9.19779436247126,8853
-15.166438353027319,8854
28.99928848778103,8855
-26.30039459371287,8856
13.468220764895495,8857
-17.800676593570934,8858
22.261671901638184,8859
7.947064315927706,8860
-8.217980185045661,8861
15.60859995736693,8862
-23.14946531956701,8863
19.1734532324697,8864
-11.823837673248704,8865
3.6702861275268397,8866
-2.844352185684927,8867
-22.732677217388705,8868
2.6024087314771567,8869
18.74968657734636,8870
-22.872683109051366,8871
11.270103185822716,8872
-30.88704261919019,8873
-22.790239656263168,8874
-16.98020576494981,8875
-33.10479981610779,8876
11.366777568265114,8877
12.592521509576883,8878
12.96909899401895,8879
14.962858701141133,8880
21.32680644769879,8881
10.557696980017692,8882
-13.998273491847605,8883
-7.15525902652878,8884
-7.359658200753804,8885
-27.478835877757824,8886
-3.8414439217709786,8887
-28.9577210228578,8888
3.1946031677156466,8889
-15.691587129836018,8890
21.916728405290375,8891
12.43636511389279,8892
-31.77622467387404,8893
23.348752756256335,8894
-33.90306262382562,8895
-30.69516775716557,8896
7.172432267140737,8897
0.5076778272048506,8898
12.229598032454682,8899
21.918216787561427,8900
14.991447269231543,8901
14.129400008088226,8902
-8.476904201136248,8903
18.215127195322825,8904
-12.292180206712429,8905
15.33895785880851,8906
-13.583142868801815,8907
8.506035400829193,8908
-14.948262867921244,8909
-27.58463589522461,8910
9.875717797241514,8911
26.97177202642775,8912
-18.239650979363986,8913
-45.79707448735968,8914
-14.98371439238228,8915
-21.141373902202815,8916
-16.393490465327012,8917
-37.23192240464151,8918
9.87501353857832,8919
-26.524536497700442,8920
-9.677819607736536,8921
0.435249168532275,8922
7.557916524726686,8923
-27.810193690945813,8924
-0.4986002390066693,8925
-14.041951264831063,8926
-0.7067129971446935,8927
-13.035484259885152,8928
13.379436329820521,8929
-3.316797227691811,8930
-28.654620358431863,8931
13.485207326856994,8932
-15.767947910706068,8933
-8.472087960090086,8934
8.818448719986934,8935
9.455388872023963,8936
-5.480508576713102,8937
11.07509881084114,8938
-23.78814515458463,8939
-12.225089893706821,8940
-23.895945512126346,8941
-24.83331007886039,8942
0.5117742417654796,8943
-31.9547328280081,8944
-31.773165098841936,8945
-10.275347404416586,8946
-18.298412738929855,8947
10.40363932753337,8948
-2.462253968463765,8949
24.144551192790647,8950
-29.62622351955052,8951
29.82011179334075,8952
-20.617032369956938,8953
-4.064248925102959,8954
-9.011614751800504,8955
-5.660595197532619,8956
-27.944230304039834,8957
0.41865682196619325,8958
-16.02131531494146,8959
-13.947050544886029,8960
13.42586345789558,8961
-34.030373325913374,8962
18.9108115127846,8963
-11.785156679288002,8964
-20.96896730321243,8965
-25.553741049640692,8966
-12.43579743183412,8967
18.79789354781269,8968
-17.412812059904212,8969
-15.376453594636853,8970
10.88075579401103,8971
-27.00058307963494,8972
-10.655770069988122,8973
-7.263078839380014,8974
3.609463768274077,8975
-27.76970980011574,8976
-4.28288890097121,8977
-16.81206343756373,8978
17.955571489358523,8979
13.16705045924115,8980
7.509014886151414,8981
-1.6356466522442465,8982
6.890082285205757,8983
-20.23038481119235,8984
-27.60635085399984,8985
-4.286214747720598,8986
-12.100059863026466,8987
-23.594800038421006,8988
-7.050872934686867,8989
6.027780909404099,8990
6.136199819346661,8991
-23.153272955226953,8992
15.926796872413462,8993
10.715393910465,8994
11.657515710223201,8995
9.2196641329688,8996
-28.87923504392163,8997
8.119447673218223,8998
-0.822620352752681,8999
-26.995509929775498,9000
-12.67047199220826,9001
-0.12664705559110967,9002
-22.256990549552366,9003
20.42601272877972,9004
-16.80815337229589,9005
14.45315290856783,9006
3.1626125039620625,9007
-21.90907286685816,9008
-21.1686160832541,9009
15.80844871037186,9010
5.916647273556986,9011
9.477278314348734,9012
-14.290437167316362,9013
-9.36288721386585,9014
16.569796221018024,9015
-22.75463879951394,9016
-8.964500692749139,9017
16.01716480625553,9018
3.84379653677502,9019
-25.88487995527846,9020
-0.5942591982619518,9021
-4.191454115683095,9022
-16.090975973447772,9023
15.589625863173374,9024
-12.6549479252696,9025
13.638455267438161,9026
4.5486282208100235,9027
-4.384383742002232,9028
5.73880161635142,9029
9.7290442822368,9030
-27.017697627846022,9031
10.821077739761698,9032
6.192969968661563,9033
18.674572996476268,9034
1.0245056341730834,9035
16.873948643274264,9036
-21.754870378848864,9037
16.93150169065443,9038
-2.359722546704819,9039
-23.995079395457914,9040
9.743866789881356,9041
14.340263383004498,9042
-20.39484640947899,9043
-13.422548201647064,9044
15.385799936504402,9045
-13.914599749845529,9046
-25.541428800184676,9047
19.029023490186805,9048
-18.66941637913824,9049
-7.896525576620116,9050
-17.98420828555752,9051
3.3484341978800884,9052
-2.5382406880001427,9053
-22.323274287403724,9054
-27.895833231910434,9055
30.09115475996868,9056
0.7849539097441669,9057
10.556867611729551,9058
14.522907243763036,9059
-25.859225884257167,9060
9.451446151418581,9061
-12.267848207510582,9062
-9.953366710488304,9063
-16.146028504072,9064
-16.162590686875525,9065
-25.5929405684961,9066
1.1861929564106246,9067
13.028535743673924,9068
4.595150906568936,9069
6.107595308229206,9070
18.86758683578251,9071
-25.50428184185639,9072
-26.557130986289565,9073
14.414480550912351,9074
19.591507218011415,9075
8.90845111932511,9076
-0.10443038373939562,9077
9.69365392423242,9078
7.386615828187029,9079
-19.304723924246353,9080
-10.111664948486615,9081
13.472965185755136,9082
-19.977660265522616,9083
-23.986617547597266,9084
5.886909584580346,9085
20.470536880992338,9086
13.261157774760452,9087
-22.404839026070483,9088
5.9571989152893075,9089
27.663525813610313,9090
11.183074260689853,9091
-24.749816299682855,9092
4.814869435059498,9093
-28.923429660722622,9094
8.181452773806647,9095
-20.42708791192844,9096
-30.465696484539517,9097
1.369531334862108,9098
21.591645015671208,9099
-2.334653862464181,9100
13.580168991519884,9101
-46.56021723061244,9102
-8.899645208860049,9103
6.414328339859816,9104
-23.80693436872818,9105
-12.139873175767278,9106
-8.477918442214488,9107
2.3413926545080024,9108
-13.629508111757858,9109
-5.6736213576938805,9110
-16.726185431001376,9111
-36.76677624796366,9112
13.043951962039806,9113
9.53160926226438,9114
-14.778638745478588,9115
12.269553497259757,9116
0.9002426807248769,9117
-14.017324496844282,9118
-13.771826214196052,9119
8.33554316211815,9120
-26.70417421099832,9121
-34.98541602393171,9122
4.711829682622259,9123
-23.654942220861273,9124
7.390195979526629,9125
-16.65087909124758,9126
17.17612337358841,9127
27.356855354552508,9128
8.134394594935266,9129
5.282766625708238,9130
4.790316871758137,9131
-15.654885841956496,9132
9.091554117873592,9133
13.929337546315939,9134
-23.534032975873156,9135
-11.931516949484466,9136
-8.337408285015748,9137
6.321802726558202,9138
10.415923982475007,9139
-9.283323377390316,9140
-20.32221937342338,9141
-35.23925793788758,9142
-14.89178055875551,9143
9.597080180183754,9144
0.29887953097054165,9145
-26.648106871666656,9146
-28.869785231246713,9147
1.2488505593989183,9148
8.734989098636708,9149
1.5614581415807027,9150
-16.358830279210558,9151
14.762649443622767,9152
22.8567282529329,9153
4.7528798429435355,9154
-19.019607498959147,9155
23.861775443048522,9156
-37.32585069495498,9157
5.472039300162072,9158
-14.125231533824184,9159
-8.372837210880462,9160
19.192173765276603,9161
15.202388964482012,9162
-32.47556731979566,9163
-23.76166035681878,9164
-19.553723393860952,9165
-28.311870182919105,9166
-3.607112366861009,9167
-3.367217089640082,9168
14.798582786913993,9169
1.765266288797367,9170
-31.195887794747495,9171
8.292870365024122,9172
-15.099754680611815,9173
22.442472939003775,9174
-11.302663629324085,9175
-8.129748561155019,9176
-22.695043646739247,9177
-5.7278978937959995,9178
-9.74370729857204,9179
-21.428617024544703,9180
25.56423143881986,9181
16.792185429914053,9182
-25.295908720941526,9183
-23.559404455303955,9184
-19.707033740754994,9185
-15.535541796100086,9186
8.967618972893998,9187
-26.958893493864615,9188
15.305428029868043,9189
-6.470273070211116,9190
9.166263291867635,9191
22.101983815299356,9192
-26.221991179324622,9193
-8.449304701427119,9194
9.622407840497733,9195
16.874401875416595,9196
20.811297531917337,9197
-22.620605657195366,9198
-15.937728192733639,9199
19.468312777735495,9200
8.164561145442484,9201
-9.09749341504328,9202
12.059725924174302,9203
-13.959079083671593,9204
-19.770393271284615,9205
22.575807711021465,9206
-10.850756741480293,9207
-15.489449350554144,9208
-31.74965490711921,9209
-18.761973263128688,9210
10.206080111005425,9211
7.395603319155338,9212
-0.4085961967068297,9213
-20.036425041458443,9214
-14.041717159425696,9215
-21.680734111129198,9216
13.262500255311064,9217
13.890069900237705,9218
-17.92875972761049,9219
2.930051458845927,9220
21.292901607711126,9221
-28.998104340574837,9222
-12.377932264155188,9223
-28.09363748361993,9224
1.855052669662622,9225
18.123268536771526,9226
-15.959779043792434,9227
-14.851592106096758,9228
-26.730014817364435,9229
8.220593330715575,9230
-0.6891895017160605,9231
-10.3952569599058,9232
19.30096996557287,9233
1.4655981902937487,9234
0.3692160647967597,9235
-27.37942396608509,9236
8.603295340744332,9237
-34.47078894961272,9238
4.0915954986300545,9239
0.9306371887896843,9240
-31.373172918161213,9241
-19.11703469135726,9242
-29.932574398801346,9243
-12.341258791314399,9244
15.846692840116788,9245
-0.510758188877416,9246
-25.240372896892083,9247
-9.873625574792259,9248
16.56325776222987,9249
17.066050280914762,9250
-10.389748888757316,9251
17.246139725243445,9252
-22.777560021517775,9253
14.16677476795875,9254
5.598786725020037,9255
-34.4394205004528,9256
-14.318216841028077,9257
9.747939369694201,9258
-29.07453707767586,9259
-23.375490523161055,9260
-9.693899344583649,9261
-0.05237690663074801,9262
4.411719287333764,9263
-16.35657067354698,9264
-29.28769999607092,9265
18.383295675126995,9266
7.631109171241524,9267
32.37917388487842,9268
-19.175404098496,9269
0.8653135430450005,9270
-13.842564497873818,9271
7.002612570020473,9272
5.417420279073449,9273
-19.10112482092127,9274
12.13208698682191,9275
-9.49664461212493,9276
9.428078293372513,9277
5.190659645017064,9278
18.16112267020504,9279
-30.36963557607556,9280
-7.9554902510273315,9281
-2.7768336718320468,9282
7.197032453864846,9283
-24.855596181302197,9284
-28.767799757632933,9285
-17.697457608160708,9286
-30.663698892307764,9287
21.595756457589044,9288
-15.107650315602154,9289
18.65813413734268,9290
1.3069560124372517,9291
-24.99360176793376,9292
-38.9334918830462,9293
-14.472726591448012,9294
-12.415510935267278,9295
6.836704648880282,9296
-38.06651352976802,9297
-32.46843184573771,9298
-3.625421143175214,9299
-8.279748692417165,9300
15.835523370806815,9301
7.251422577614385,9302
-19.87646349188261,9303
17.43216317653405,9304
9.584212635891035,9305
1.7010512873758428,9306
-21.325752019740413,9307
-18.661009701428753,9308
-18.46385072515717,9309
-17.187984241191124,9310
-13.82910094810431,9311
-19.04638303095677,9312
-31.4959290008705,9313
-6.510629337469608,9314
-19.322421115825527,9315
31.587688587000116,9316
-16.84515984571319,9317
9.144543680911628,9318
-22.86956098510996,9319
14.947546899898732,9320
5.0699557108869175,9321
14.76309455417708,9322
21.942690244827414,9323
6.076448859514976,9324
-20.446968993364365,9325
0.46857078543233666,9326
9.42824838844937,9327
-13.394960583169208,9328
-3.362227914413195,9329
-22.65604917691027,9330
-12.8188156031404,9331
-10.96103038715569,9332
24.77845593354305,9333
1.2660184458637058,9334
-25.14881857393127,9335
-7.944969237652808,9336
-16.204180517209384,9337
-12.380656795164338,9338
2.048381705909584,9339
-27.14705961749247,9340
-29.030681139688493,9341
15.835024107221265,9342
17.01257733683129,9343
-16.989686993404508,9344
-23.093684147347396,9345
6.7867359496450135,9346
-24.208120298028877,9347
-18.98204218917119,9348
7.29607172200866,9349
-20.288256210341203,9350
12.333105178904415,9351
27.396631961588447,9352
16.19359491175274,9353
2.700689051320941,9354
-0.07500914791503721,9355
-23.189943450835344,9356
-4.393642530828477,9357
-28.44522316051118,9358
-29.35626854910532,9359
-4.7329899889789475,9360
-27.206331783588666,9361
5.790052426491126,9362
-8.989492451834732,9363
9.405193057030397,9364
-23.53513989485824,9365
7.895508689654855,9366
-36.57999894758311,9367
7.653705412269556,9368
4.679721793507525,9369
16.741960300139876,9370
6.011196631709225,9371
11.17872124195781,9372
-20.83632011378776,9373
10.98792905670016,9374
-8.66106340013418,9375
-25.445467052801128,9376
-12.094224277874504,9377
-18.584694805553134,9378
-23.12814454756446,9379
-6.1736369396259905,9380
-10.78040890958641,9381
-34.903155936879045,9382
7.812956728296214,9383
-11.304334250245443,9384
15.527141206643925,9385
-38.7247307503035,9386
17.960679027135363,9387
-13.28396205653043,9388
-37.96934066767936,9389
11.21754933722498,9390
0.27998829736512754,9391
-24.786370397283562,9392
-17.386745362424087,9393
20.441866916984797,9394
-21.651630497047492,9395
-31.537000436528427,9396
-39.0085037499107,9397
-14.104494929330635,9398
-13.007884456853278,9399
-12.958844409083182,9400
-15.497916963084483,9401
-10.77392161312536,9402
-17.909707694806293,9403
18.557667362646804,9404
-28.48990916570019,9405
-1.2286003447767317,9406
-24.448062308927355,9407
27.21883236485249,9408
7.6716033533557795,9409
-39.223270120837306,9410
10.20417223657016,9411
-13.543406167699345,9412
-12.212613243797767,9413
9.10015785327316,9414
19.487483128425488,9415
-21.57663724516177,9416
-19.327132930659495,9417
7.057694979397626,9418
0.9637970617486493,9419
-22.22716238437204,9420
1.5938372614271383,9421
20.934938204918215,9422
11.165846894313304,9423
-28.611869487706063,9424
1.115048897367907,9425
-21.29139703784795,9426
-8.146085215159818,9427
8.71250737406858,9428
-12.945119833298977,9429
-41.627056203561075,9430
9.411969236003952,9431
-11.572247814172366,9432
6.667653733293582,9433
-20.656606574450322,9434
-29.930531857742913,9435
-29.667640436524355,9436
-23.532619991488538,9437
-29.039171815419632,9438
9.162702514752244,9439
-16.073740277010046,9440
-3.5924927698918996,9441
-7.453878187165662,9442
5.696854607517288,9443
17.098559082804805,9444
31.136907106803747,9445
-15.654998410444122,9446
-0.5253790000103926,9447
12.145742348930419,9448
-1.8267764059431535,9449
-25.34233755254193,9450
2.9803250685016334,9451
-17.470022912089686,9452
13.73301687731459,9453
-24.550908219346603,9454
-0.381575710708864,9455
-25.620765702922935,9456
4.612058635027708,9457
-1.9155162887921224,9458
-16.825670736537006,9459
-26.242675537958345,9460
-29.99726339717036,9461
-23.383385889844032,9462
-6.853577813818294,9463
-18.225693823056304,9464
-29.40093065279732,9465
-18.585811117940775,9466
22.739847459540957,9467
23.234636827014846,9468
10.787104164944797,9469
2.90006640523341,9470
16.60454939798947,9471
-11.713414680972681,9472
-19.783419451819746,9473
-2.574178329082672,9474
-8.065464149733714,9475
7.61790598168273,9476
-24.83029381761699,9477
-15.040095700813156,9478
-21.07340128433681,9479
-14.699236685946705,9480
23.391932921080716,9481
16.683905891649992,9482
7.242895555672847,9483
24.103259844751427,9484
0.26320900538292147,9485
1.2848044585837615,9486
-30.29867561061462,9487
-4.424791456639939,9488
-15.035017296383002,9489
12.189910878316638,9490
4.298999817275224,9491
2.3861811749123767,9492
-8.842826662839425,9493
13.787198743995237,9494
-4.692289782063382,9495
14.773294211824659,9496
-0.4551124033530609,9497
-16.400084068216238,9498
-3.028116353640435,9499
8.02716546307697,9500
5.645406822289473,9501
-9.105257415834236,9502
-16.413082987909036,9503
-19.319879232456525,9504
-20.391571025651817,9505
-20.58549648066156,9506
-13.90318900046686,9507
7.356325922182766,9508
-27.192570088209724,9509
-10.958734299100225,9510
-24.31699476962246,9511
10.92903681427616,9512
-10.44610282380518,9513
-21.01195485272752,9514
12.635902617850597,9515
-8.55953019177895,9516
-27.73311516628981,9517
16.388381459565437,9518
-17.184116042252057,9519
-1.6374133742287906,9520
-8.64669376982868,9521
8.850627413839556,9522
1.4411784228252902,9523
-13.694962475690428,9524
18.676749816398466,9525
-15.555419129566642,9526
14.338159158289187,9527
-0.205022704303369,9528
-39.13099289487443,9529
-16.992782997862776,9530
-20.990962849925886,9531
-24.573154340614664,9532
11.137698627017915,9533
6.027659027801002,9534
-45.3052349408286,9535
-44.3107842403099,9536
11.284139942233512,9537
-29.77533746289136,9538
7.449907213493615,9539
-29.295774320363183,9540
12.91764115585428,9541
9.975477182927015,9542
-21.718021072259475,9543
-9.973066138616833,9544
-21.794673412571715,9545
10.317891298417248,9546
9.50858428214281,9547
11.439653969829386,9548
14.690161845863145,9549
-15.482404928449059,9550
10.627472690545442,9551
14.725093998897393,9552
14.331055735046636,9553
-18.915982533196967,9554
-15.170376649330784,9555
-20.691328980005412,9556
22.696317786544334,9557
15.706258321193253,9558
-18.261573990451737,9559
15.648556867327724,9560
-30.531266483340794,9561
-20.99792003299381,9562
6.984963938506809,9563
15.887363877509003,9564
11.552122190342878,9565
3.793882064432662,9566
15.182722713362832,9567
-32.45511631088746,9568
-13.216573538137972,9569
24.45470417078134,9570
4.616413716143995,9571
9.057222691183917,9572
-15.576997984951044,9573
-2.1709649564803977,9574
4.254857209248753,9575
20.944456534785626,9576
4.697352784515264,9577
-21.675043640342974,9578
-16.764394590382857,9579
15.50385360508978,9580
-0.35134108620924653,9581
-15.550047241043501,9582
11.268735195609587,9583
-16.242024082299594,9584
8.307103910374572,9585
-18.658201770970447,9586
14.654479800402665,9587
11.345615133069344,9588
-25.444518710589076,9589
-1.4990563123154947,9590
5.849048784152453,9591
8.070942582811378,9592
-26.80201664356187,9593
14.196621456545401,9594
-2.671785331590532,9595
6.3000370815806,9596
-15.68594180491257,9597
-39.9276652963229,9598
-9.795739306816316,9599
-18.521640275910073,9600
9.15301964810761,9601
4.560518730858806,9602
-31.118473990090216,9603
-16.078237918374576,9604
2.922341786961992,9605
-26.135636662367272,9606
-8.081442050078904,9607
6.87457632175221,9608
15.000077941535913,9609
-14.475824575675652,9610
-7.291743519887818,9611
-8.84349450471294,9612
-23.581216254179026,9613
-12.555650377626822,9614
2.8228005126339806,9615
14.720400341378276,9616
-21.390033001099276,9617
-25.27239405541729,9618
25.50288809915873,9619
-26.579516456673623,9620
12.159328864885875,9621
-15.81923125814979,9622
-21.397836455050616,9623
-16.49547144654373,9624
4.143959820244897,9625
6.274107785724926,9626
-29.17025362026826,9627
-14.695713761493469,9628
-32.171463146658816,9629
-16.127340165764814,9630
-18.614104152013645,9631
7.443652925020658,9632
-42.67541480607176,9633
6.052996874574136,9634
-22.30230761274365,9635
-31.780178569284647,9636
23.91074002218279,9637
-17.03062495149411,9638
11.96683536359923,9639
11.571240052536265,9640
12.270973122811569,9641
-19.521523301333993,9642
18.82226059654429,9643
5.142411832939459,9644
-10.72777679063896,9645
0.4645624548787941,9646
-4.006788150011596,9647
7.036291287927732,9648
-16.742503634389646,9649
-0.5058769869896214,9650
-13.152789316815767,9651
-27.432108872309254,9652
19.606804026100853,9653
-2.1768410828590037,9654
17.383490083131257,9655
9.738972441376852,9656
-33.41335895202087,9657
-23.704085011024514,9658
-12.428221614679442,9659
-20.35289542638187,9660
11.528793958186316,9661
-13.248929260864779,9662
-31.184855958045553,9663
29.904049084283045,9664
-15.976682499987842,9665
-12.90490118350072,9666
-23.07906338560315,9667
6.64232111118416,9668
-15.878042722226775,9669
17.300214642786056,9670
-19.43895921197082,9671
-26.429868580963166,9672
-12.130605008993868,9673
-24.630485625572714,9674
4.839390704266583,9675
-33.67932320782953,9676
9.524699754209271,9677
17.50210293200929,9678
14.264604276409674,9679
-25.451854374953133,9680
19.423251876597618,9681
21.071059964342098,9682
-19.04077814382934,9683
-21.20129430723572,9684
4.412369381095518,9685
16.73926156917745,9686
21.607243473669254,9687
-26.51851338374678,9688
-16.83846790955016,9689
13.751182732729404,9690
4.129407661470358,9691
10.263616216316251,9692
0.24051962503412927,9693
-23.546371081817625,9694
-21.19121552530082,9695
-14.613784598229778,9696
20.734722450084465,9697
6.200115647717421,9698
-16.028817976985927,9699
-26.55924316095689,9700
8.672737752051972,9701
16.09838910954051,9702
-14.077691888553241,9703
8.83491435743966,9704
11.951221633108986,9705
-17.286472236328983,9706
-18.115956953018927,9707
3.008762681713897,9708
4.44096300199838,9709
-26.83142909160643,9710
-1.4580453972291396,9711
11.961809164515703,9712
-6.0036614875217715,9713
11.05283737687245,9714
-31.307956136541584,9715
3.277919013145164,9716
13.572405024486308,9717
-22.096452082914805,9718
15.742634808002872,9719
11.128653384925013,9720
-17.39566743036039,9721
-15.399596989088868,9722
-16.151222377085222,9723
5.785633650347993,9724
-25.525636878996366,9725
-24.61502112191,9726
21.402724465345532,9727
6.14961251843048,9728
-14.743494780633078,9729
-14.504635608718251,9730
-22.68193800760356,9731
-41.58669907056994,9732
12.931753855215067,9733
-9.06364406343974,9734
18.138305349447165,9735
12.471404370444745,9736
13.16214173664192,9737
-14.051328375703385,9738
9.274483518164727,9739
-18.198916311349013,9740
2.2455473502104724,9741
13.149491496942307,9742
16.412710454887073,9743
-29.42235111220094,9744
-40.09046881244254,9745
7.123557126351896,9746
-1.5650918485035543,9747
5.917997434060734,9748
12.742165166134246,9749
9.4534271327159,9750
-21.714941609913854,9751
-12.799585027841466,9752
10.461924437951751,9753
-26.5641101688957,9754
-5.092353358994989,9755
-18.800180838241097,9756
-14.755776726627355,9757
-27.859083290839433,9758
-14.169450126323195,9759
7.299151525661216,9760
1.059089299246181,9761
-30.174498487306835,9762
-25.2803415111647,9763
4.870116699627152,9764
-13.40286826646732,9765
-13.513696654740551,9766
-15.82906772967026,9767
-10.089891165344536,9768
-16.499390958519207,9769
28.00746946017039,9770
17.240176528232777,9771
-31.94530620968315,9772
-14.988007204255284,9773
14.477305403122063,9774
-23.8080365386185,9775
-7.212806879591593,9776
5.186087316569765,9777
-14.542014556694062,9778
8.606926131405654,9779
-23.4715550079722,9780
5.492907829218668,9781
-1.8821727728262854,9782
13.265364328010513,9783
-23.20282479910603,9784
-20.71930910824556,9785
-11.898488962699457,9786
14.296792981109562,9787
10.21990372415906,9788
-38.347523001193245,9789
-23.275831979670386,9790
-20.632159542880594,9791
-25.25636161011544,9792
-2.5295743729273203,9793
-31.554466746456328,9794
7.228533613699845,9795
-19.015001820458856,9796
-27.178843299354167,9797
-26.393384342627805,9798
-13.007696567182842,9799
5.770979518682777,9800
16.565689926926776,9801
-20.156540851720322,9802
5.938121186066491,9803
9.868405218806474,9804
24.401176281978287,9805
21.91969991595393,9806
9.372783476987767,9807
-21.856594020565677,9808
-36.364691937062645,9809
23.13832259486567,9810
-27.987342922046007,9811
-20.34087297729328,9812
-33.14527927766625,9813
6.060044561742039,9814
11.180750689001908,9815
-7.573125287054148,9816
4.279110500030942,9817
19.888472623447033,9818
-26.853201478631455,9819
14.013336471243317,9820
-20.408808023471416,9821
-31.536100473921874,9822
8.09776364115956,9823
6.417761441296454,9824
-13.350679897983749,9825
-6.8599915594630785,9826
-17.449283976813042,9827
-8.296864868457313,9828
8.119933357336455,9829
-8.882287121853015,9830
-4.852933755694628,9831
-16.51327268394135,9832
22.37657907389766,9833
-0.9825815799249176,9834
-2.8758315926198814,9835
-30.233380612070107,9836
-0.07890225461367084,9837
-20.463675916660343,9838
19.751174323615775,9839
-28.164873864749175,9840
-16.23664063888264,9841
2.961873477200305,9842
-8.49682386001228,9843
-16.000311847628105,9844
-22.319887874896917,9845
11.914020950006947,9846
-25.410565035948636,9847
-9.590382431135593,9848
8.990868334076703,9849
9.96039661873718,9850
-29.8698520976373,9851
-17.5180661934872,9852
9.261438501285934,9853
-27.099188838075193,9854
-22.840898506365985,9855
13.085581748198074,9856
-21.175475486930715,9857
-7.2518197887727505,9858
27.466519695697613,9859
10.587004327624545,9860
5.697391825546408,9861
-24.956424675062554,9862
-18.509505918920567,9863
9.624129469082854,9864
-26.18738547926463,9865
-0.390225450071525,9866
-21.67752269748855,9867
1.937038459185188,9868
8.073535365247485,9869
-8.92056071230531,9870
0.6983042150013574,9871
13.599304717701326,9872
-34.36368701481936,9873
-48.75542426841586,9874
13.187916300199227,9875
5.310284290547365,9876
4.352366359812603,9877
-32.88859304935377,9878
-29.550735551799942,9879
-24.471249685648065,9880
20.336280696472244,9881
-22.94078553748822,9882
-12.566467761829465,9883
-16.432239324090546,9884
16.581730906026365,9885
-28.413542260337028,9886
-14.018291702813451,9887
17.51316291133303,9888
-3.1797772331443044,9889
-12.389084274590799,9890
32.42446996102041,9891
-15.082231671897457,9892
-18.514160009914058,9893
-23.532301159615383,9894
-17.372507041886458,9895
5.9782847175958995,9896
-23.668705991317157,9897
-26.12605120485115,9898
-40.623513423369545,9899
8.01945079449172,9900
0.11951296514135645,9901
8.426610810107178,9902
-18.35984714682988,9903
-7.699649533312185,9904
10.970736647219663,9905
-19.306593030005708,9906
12.3256916176449,9907
-32.9850716183812,9908
-8.99661268840909,9909
-17.592564698192955,9910
-23.08589135186911,9911
-14.211497372586075,9912
6.192638446128489,9913
23.922714697726686,9914
-0.6149217101687965,9915
3.128767084030466,9916
-21.079153731876882,9917
-41.805416664465504,9918
-24.169862947471454,9919
10.262918808877695,9920
-13.18250238137772,9921
-5.772602634843826,9922
-20.543074421093266,9923
-19.181148863086634,9924
9.757068478564628,9925
-28.026890191298445,9926
-0.7592246773988682,9927
-11.038956574329553,9928
5.7851250636581,9929
-19.9949097058787,9930
-24.612007864340153,9931
-22.58755822540775,9932
4.475922868752598,9933
9.32439701493768,9934
10.506729097795176,9935
6.8886190231710405,9936
0.4458246523438021,9937
-11.32558100791006,9938
-11.122750384123204,9939
18.81970790497457,9940
-15.08601365819336,9941
-23.627412440958828,9942
22.04642619174506,9943
27.426625287249024,9944
16.977635592935435,9945
8.88283350467583,9946
6.998208299032228,9947
-16.143685091496813,9948
-4.527700857725055,9949
3.56663791431178,9950
-14.742263643143087,9951
-28.663917874581674,9952
-25.096881298407702,9953
-12.333227453793032,9954
-14.299801032123158,9955
5.9248309752959045,9956
-6.385035229506569,9957
-7.278196248509779,9958
-4.414178334087275,9959
16.493006637089948,9960
15.84216691627044,9961
-14.261576983808459,9962
-4.349488072925433,9963
4.935607897055066,9964
1.883462146343775,9965
-0.28716531673847356,9966
-2.8247569524237983,9967
-9.677413547499855,9968
9.392549329569142,9969
7.174672381922424,9970
26.99301306566801,9971
4.1554772641022275,9972
12.952188887066207,9973
-18.530694670921456,9974
-29.375365498557827,9975
0.48782221728493536,9976
-10.545289635957513,9977
20.03263349033473,9978
1.8162210832221621,9979
-11.029355966219214,9980
-22.901356718752854,9981
-17.41354488084865,9982
-23.189017912630376,9983
5.137260975872639,9984
11.72444428690618,9985
-31.95298973758662,9986
15.376169159816754,9987
15.96101728264269,9988
8.340735025638104,9989
-34.93494347582423,9990
4.370824121977101,9991
-23.800745990121413,9992
-11.493263350781199,9993
11.285984052679467,9994
13.389925150896005,9995
-12.055491408845121,9996
5.7085521469086355,9997
-32.87513544011369,9998
-44.24243453299992,9999
